bhk_type,carpet_area_sqft,super_built_up_area_sqft,floor_number,total_floors,building_age_years,lift_available,furnishing_status,modular_kitchen,bathrooms,balconies,ac_units,wardrobes,flooring_type,gated_community,security,clubhouse,gym,swimming_pool,parking_type,power_backup,water_supply,maintenance_charges,locality,pin_code,society_type,distance_to_metro_km,distance_to_it_park_km,distance_to_school_km,distance_to_hospital_km,rental_price,purchase_price,price_per_sqft,brokerage_type,days_since_listed,locality_tier,furnishing_status_encoded,bhk_number,bhk_type_encoded,locality_Aundh,locality_Baner,locality_Hadapsar,locality_Hinjewadi,locality_Kalyani Nagar,locality_Kharadi,locality_Koregaon Park,locality_Kothrud,locality_Magarpatta,locality_Nigdi,locality_Pimple Saudagar,locality_Pune Camp,locality_Shivajinagar,locality_Viman Nagar,locality_Wakad,norm_carpet_area_sqft,norm_super_built_up_area_sqft,norm_floor_number,norm_total_floors,norm_building_age_years,norm_lift_available,norm_modular_kitchen,norm_bathrooms,norm_balconies,norm_ac_units,norm_wardrobes,norm_gated_community,norm_security,norm_clubhouse,norm_gym,norm_swimming_pool,norm_power_backup,norm_maintenance_charges,norm_pin_code,norm_distance_to_metro_km,norm_distance_to_it_park_km,norm_distance_to_school_km,norm_distance_to_hospital_km,norm_price_per_sqft,norm_days_since_listed,norm_locality_tier,norm_locality_Aundh,norm_locality_Baner,norm_locality_Hadapsar,norm_locality_Hinjewadi,norm_locality_Kalyani Nagar,norm_locality_Kharadi,norm_locality_Koregaon Park,norm_locality_Kothrud,norm_locality_Magarpatta,norm_locality_Nigdi,norm_locality_Pimple Saudagar,norm_locality_Pune Camp,norm_locality_Shivajinagar,norm_locality_Viman Nagar,norm_locality_Wakad
2 BHK,710.05,865.89,5,9,10,1,Semi-Furnished,1,3,2,1,3,Marble,1,1,0,0,0,Covered,0,Tanker,1638.73,Wakad,411057,Society,4.62,3.17,2.11,2.3,18675.03,4857195.42,6840.6,Broker,31,3,1,2,2,0,0,0,0,0,0,0,0,0,0,0,0,0,0,1,0.21538439450208657,0.22090965538652596,0.23809523809523808,0.2631578947368421,0.5,1.0,1.0,0.4000000000000001,0.4,0.2,0.2222222222222222,1.0,1.0,0.0,0.0,0.0,0.0,0.09623274940222407,1.0,0.6138888888888889,0.2468827930174563,0.6895306859205776,0.6719999999999999,0.06397131586522486,0.2727272727272727,1.0,0.0,0.0,0.0,0.0,0.0,0.0,0.0,0.0,0.0,0.0,0.0,0.0,0.0,0.0,1.0
2 BHK,521.06,632.55,13,13,10,1,Fully Furnished,1,3,2,2,3,Marble,0,0,1,1,1,Covered,1,Corporation + Borewell,3130.48,Kalyani Nagar,411006,Standalone,1.16,4.57,1.35,1.55,26336.94,14679626.57,28172.5,Owner,37,1,2,2,2,0,0,0,0,1,0,0,0,0,0,0,0,0,0,0,0.12493778475439334,0.13035547966470043,0.6190476190476191,0.4736842105263157,0.5,1.0,1.0,0.4000000000000001,0.4,0.4,0.2222222222222222,0.0,0.0,1.0,1.0,1.0,1.0,0.26739057602195593,0.089285714286234,0.1333333333333333,0.36325852036575224,0.4151624548736462,0.3720000000000001,0.7228212325357007,0.32727272727272727,0.0,0.0,0.0,0.0,0.0,1.0,0.0,0.0,0.0,0.0,0.0,0.0,0.0,0.0,0.0,0.0
1 BHK,449.83,512.23,2,15,9,1,Semi-Furnished,1,1,1,0,2,Granite,1,1,1,1,0,Covered,1,Municipal,800.0,Kothrud,411038,Society,1.14,6.8,1.32,1.27,14373.3,4462131.72,9919.6,Owner,17,2,1,1,1,0,0,0,0,0,0,0,1,0,0,0,0,0,0,0,0.09084861595007467,0.08366190624029807,0.09523809523809523,0.5789473684210527,0.45,1.0,1.0,0.0,0.2,0.0,0.1111111111111111,1.0,1.0,1.0,1.0,0.0,1.0,0.0,0.6607142857146755,0.13055555555555554,0.5486284289276807,0.40433212996389895,0.26,0.15906827832184597,0.14545454545454545,0.5,0.0,0.0,0.0,0.0,0.0,0.0,0.0,1.0,0.0,0.0,0.0,0.0,0.0,0.0,0.0
2 BHK,412.72,470.99,8,15,7,1,Semi-Furnished,1,2,1,1,2,Granite,0,1,1,0,0,Covered,0,Corporation + Borewell,860.97,Hinjewadi,411057,Standalone,5.41,1.44,2.33,2.23,8032.0,4791774.16,11610.19,Broker,10,3,1,2,2,0,0,0,1,0,0,0,0,0,0,0,0,0,0,0,0.07308855622343889,0.06765755976404847,0.38095238095238093,0.5789473684210527,0.35000000000000003,1.0,1.0,0.2,0.2,0.2,0.1111111111111111,0.0,1.0,1.0,0.0,0.0,0.0,0.006995470212170313,1.0,0.7236111111111112,0.10307564422277637,0.7689530685920578,0.644,0.21128327467116034,0.08181818181818182,1.0,0.0,0.0,0.0,1.0,0.0,0.0,0.0,0.0,0.0,0.0,0.0,0.0,0.0,0.0,0.0
1 BHK,371.22,439.58,3,11,13,1,Fully Furnished,1,1,2,0,1,Wooden,1,1,0,1,0,Bike,0,Corporation + Borewell,800.0,Kharadi,411014,Society,4.67,1.77,2.05,1.99,23880.3,6013410.56,16198.89,Owner,14,2,2,1,1,0,0,0,0,0,1,0,0,0,0,0,0,0,0,0,0.05322753551054789,0.055468022353306445,0.14285714285714285,0.368421052631579,0.65,1.0,1.0,0.0,0.4,0.0,0.0,1.0,1.0,0.0,1.0,0.0,0.0,0.0,0.232142857143117,0.6208333333333333,0.13050706566916043,0.667870036101083,0.548,0.3530083255398505,0.11818181818181817,0.5,0.0,0.0,0.0,0.0,0.0,1.0,0.0,0.0,0.0,0.0,0.0,0.0,0.0,0.0,0.0
4 BHK,1482.88,1695.21,0,15,8,1,Unfurnished,0,5,5,2,5,Granite,0,1,0,0,0,Covered,0,Tanker,3897.54,Hinjewadi,411057,Society,6.27,1.99,2.43,2.76,27826.72,9355337.01,6308.89,Owner,3,3,0,4,4,0,0,0,1,0,0,0,0,0,0,0,0,0,0,0,0.585244458057353,0.5427506985408259,0.0,0.5789473684210527,0.4,1.0,0.0,0.8,1.0,0.4,0.4444444444444445,0.0,1.0,0.0,0.0,0.0,0.0,0.3554001771527966,1.0,0.8430555555555556,0.14879467996674978,0.8050541516245489,0.8559999999999999,0.04754909894161005,0.01818181818181818,1.0,0.0,0.0,0.0,1.0,0.0,0.0,0.0,0.0,0.0,0.0,0.0,0.0,0.0,0.0,0.0
1 BHK,390.95,873.45,9,18,15,1,Unfurnished,0,1,1,0,2,Vitrified,0,0,0,1,1,Covered,0,Corporation + Borewell,800.0,Pimple Saudagar,411027,Standalone,3.03,5.09,1.18,1.77,7500.0,2800000.0,7162.04,Owner,11,3,0,1,1,0,0,0,0,0,0,0,0,0,0,1,0,0,0,0,0.06266989547838737,0.22384352685501402,0.42857142857142855,0.7368421052631579,0.75,1.0,0.0,0.0,0.2,0.0,0.1111111111111111,0.0,0.0,0.0,1.0,1.0,0.0,0.0,0.464285714286234,0.39305555555555555,0.4064837905236907,0.35379061371841153,0.4600000000000001,0.07389920401464228,0.0909090909090909,1.0,0.0,0.0,0.0,0.0,0.0,0.0,0.0,0.0,0.0,0.0,1.0,0.0,0.0,0.0,0.0
1 BHK,349.71,419.26,11,16,16,1,Unfurnished,1,1,1,0,1,Ceramic,1,1,0,0,0,Covered,0,Municipal,2164.755,Wakad,411057,Society,4.96,2.73,2.63,2.59,7500.0,2800000.0,8006.73,Owner,30,3,0,1,1,0,0,0,0,0,0,0,0,0,0,0,0,0,0,1,0.04293330525670967,0.047582272586153385,0.5238095238095237,0.631578947368421,0.8,1.0,1.0,0.0,0.2,0.0,0.0,1.0,1.0,0.0,0.0,0.0,0.0,0.1565868943646135,1.0,0.6611111111111111,0.2103075644222776,0.8772563176895307,0.788,0.0999880163619899,0.2636363636363636,1.0,0.0,0.0,0.0,0.0,0.0,0.0,0.0,0.0,0.0,0.0,0.0,0.0,0.0,0.0,1.0
1 BHK,475.65,599.57,3,11,11,1,Semi-Furnished,1,1,1,0,1,Vitrified,0,0,0,0,0,Covered,1,Borewell,1244.38,Hinjewadi,411057,Standalone,5.57,0.77,2.79,2.75,12057.33,3883842.74,8165.4,Not Specified,66,3,1,1,1,0,0,0,1,0,0,0,0,0,0,0,0,0,0,0,0.10320552088517936,0.11755665942253962,0.14285714285714285,0.368421052631579,0.55,1.0,1.0,0.0,0.2,0.0,0.0,0.0,0.0,0.0,0.0,0.0,1.0,0.050986502425524716,1.0,0.7458333333333333,0.04738154613466333,0.9350180505415163,0.8520000000000001,0.10488864482350077,0.5909090909090909,1.0,0.0,0.0,0.0,1.0,0.0,0.0,0.0,0.0,0.0,0.0,0.0,0.0,0.0,0.0,0.0
2 BHK,738.75,827.76,14,17,9,1,Semi-Furnished,1,2,1,1,4,Granite,0,1,0,1,0,Bike,1,Tanker,2745.58,Hadapsar,411028,Society,5.8,0.6,2.39,2.12,17739.85,5711568.22,7731.39,Owner,31,3,1,2,2,0,0,1,0,0,0,0,0,0,0,0,0,0,0,0,0.2291196064167847,0.20611223222601682,0.6666666666666666,0.6842105263157894,0.45,1.0,1.0,0.2,0.2,0.2,0.3333333333333333,0.0,1.0,0.0,1.0,0.0,1.0,0.22322858677044943,0.482142857143117,0.7777777777777778,0.03325020781379884,0.7906137184115524,0.6000000000000001,0.09148395736789894,0.2727272727272727,1.0,0.0,0.0,1.0,0.0,0.0,0.0,0.0,0.0,0.0,0.0,0.0,0.0,0.0,0.0,0.0
2 BHK,551.49,669.64,14,18,10,1,Unfurnished,0,2,2,1,3,Vitrified,1,1,0,0,0,Bike,0,Municipal,1849.19,Hadapsar,411028,Society,6.66,2.06,1.7,2.5,9046.2,3462727.15,6278.89,Builder,16,3,0,2,2,0,0,1,0,0,0,0,0,0,0,0,0,0,0,0,0.13950093801447222,0.1447493014591742,0.6666666666666666,0.7368421052631579,0.5,1.0,0.0,0.2,0.4,0.2,0.2222222222222222,1.0,1.0,0.0,0.0,0.0,0.0,0.12038014420054066,0.482142857143117,0.8972222222222223,0.15461346633416456,0.5415162454873647,0.752,0.046622528992373735,0.13636363636363635,1.0,0.0,0.0,1.0,0.0,0.0,0.0,0.0,0.0,0.0,0.0,0.0,0.0,0.0,0.0,0.0
4 BHK,1480.78,1631.99,6,6,9,1,Semi-Furnished,1,5,4,1,5,Vitrified,0,1,0,0,1,Stilt,1,Not Specified,6018.07,Aundh,411007,Standalone,2.5,3.09,1.06,1.02,64816.62,15751724.75,10637.45,Broker,13,2,1,4,4,1,0,0,0,0,0,0,0,0,0,0,0,0,0,0,0.5842394425513994,0.518216392424713,0.2857142857142857,0.10526315789473684,0.45,1.0,1.0,0.8,0.8,0.2,0.4444444444444445,0.0,1.0,0.0,0.0,1.0,1.0,0.5987018738727161,0.107142857143117,0.3194444444444444,0.24023275145469652,0.3104693140794224,0.16000000000000003,0.1812395529238224,0.10909090909090909,0.5,1.0,0.0,0.0,0.0,0.0,0.0,0.0,0.0,0.0,0.0,0.0,0.0,0.0,0.0,0.0
2 BHK,782.43,943.61,4,8,2,1,Semi-Furnished,1,2,2,2,3,Granite,1,1,0,1,0,Stilt,1,Corporation + Borewell,3969.3,Kalyani Nagar,411006,Society,2.18,5.72,1.2,1.03,53008.65,9219249.35,11782.84,Owner,46,1,1,2,2,0,0,0,0,1,0,0,0,0,0,0,0,0,0,0,0.2500239289406179,0.25107109593294014,0.19047619047619047,0.21052631578947367,0.1,1.0,1.0,0.2,0.4,0.4,0.2222222222222222,1.0,1.0,0.0,1.0,0.0,1.0,0.3636336516882295,0.089285714286234,0.275,0.45885286783042384,0.3610108303249097,0.16400000000000003,0.2166156847290154,0.40909090909090906,0.0,0.0,0.0,0.0,0.0,1.0,0.0,0.0,0.0,0.0,0.0,0.0,0.0,0.0,0.0,0.0
1 BHK,429.61,490.16,1,8,9,1,Fully Furnished,1,1,1,1,1,Marble,1,1,1,1,1,Covered,1,Corporation + Borewell,2753.64,Kalyani Nagar,411006,Society,1.43,4.8,2.08,1.46,30564.79,6375895.85,14841.08,Not Specified,56,1,2,1,1,0,0,0,0,1,0,0,0,0,0,0,0,0,0,0,0.08117175236417935,0.07509701955914316,0.047619047619047616,0.21052631578947367,0.45,1.0,1.0,0.0,0.2,0.2,0.0,1.0,1.0,1.0,1.0,1.0,1.0,0.2241533610842118,0.089285714286234,0.1708333333333333,0.3823773898586866,0.6787003610108304,0.33599999999999997,0.311071460780765,0.49999999999999994,0.0,0.0,0.0,0.0,0.0,1.0,0.0,0.0,0.0,0.0,0.0,0.0,0.0,0.0,0.0,0.0
2 BHK,693.5,758.97,15,18,8,1,Unfurnished,1,2,3,1,3,Vitrified,1,0,0,0,0,Open,0,Municipal,857.82,Wakad,411057,Society,4.65,2.87,1.97,2.4,20270.17,7813221.02,11266.39,Broker,29,3,0,2,2,0,0,0,0,0,0,0,0,0,0,0,0,0,0,1,0.20746391515754814,0.179416330332195,0.7142857142857142,0.7368421052631579,0.4,1.0,1.0,0.2,0.6000000000000001,0.2,0.2222222222222222,1.0,0.0,0.0,0.0,0.0,0.0,0.006634050970439356,1.0,0.6180555555555556,0.2219451371571072,0.6389891696750902,0.712,0.2006647830529121,0.2545454545454545,1.0,0.0,0.0,0.0,0.0,0.0,0.0,0.0,0.0,0.0,0.0,0.0,0.0,0.0,0.0,1.0
1 BHK,504.23,584.16,1,19,10,1,Semi-Furnished,1,1,1,0,2,Vitrified,1,1,0,0,0,Covered,0,Tanker,1257.95,Pune Camp,411001,Society,2.3,5.69,1.61,1.97,10475.19,3757511.88,7451.99,Owner,30,3,1,1,1,0,0,0,0,0,0,0,0,0,0,0,1,0,0,0,0.11688330334239443,0.11157637379695748,0.047619047619047616,0.7894736842105263,0.5,1.0,1.0,0.0,0.2,0.0,0.1111111111111111,1.0,1.0,0.0,0.0,0.0,0.0,0.05254347357164821,0.0,0.29166666666666663,0.456359102244389,0.5090252707581228,0.54,0.08285450257401134,0.2636363636363636,1.0,0.0,0.0,0.0,0.0,0.0,0.0,0.0,0.0,0.0,0.0,0.0,1.0,0.0,0.0,0.0
2 BHK,513.34,595.33,10,16,6,1,Unfurnished,0,2,2,1,3,Vitrified,0,0,0,0,0,Stilt,0,Borewell,800.0,Hinjewadi,411057,Society,5.95,0.25,2.61,3.1,20975.46,4013125.04,7817.61,Owner,8,3,0,2,2,0,0,0,1,0,0,0,0,0,0,0,0,0,0,0,0.12124315632298328,0.11591120769947225,0.47619047619047616,0.631578947368421,0.30000000000000004,1.0,0.0,0.2,0.4,0.2,0.2222222222222222,0.0,0.0,0.0,0.0,0.0,0.0,0.0,1.0,0.7986111111111112,0.004156275976724855,0.8700361010830325,0.9920000000000002,0.09414691940200412,0.06363636363636363,1.0,0.0,0.0,0.0,1.0,0.0,0.0,0.0,0.0,0.0,0.0,0.0,0.0,0.0,0.0,0.0
2 BHK,421.79,458.99,8,13,7,1,Fully Furnished,1,2,1,1,4,Ceramic,1,1,1,0,0,Covered,0,Corporation + Borewell,800.0,Pimple Saudagar,411027,Society,3.46,5.7,1.57,1.75,12949.19,5767519.94,13673.95,Owner,57,3,2,2,2,0,0,0,0,0,0,0,0,0,0,1,0,0,0,0,0.07742926605153337,0.06300062092517855,0.38095238095238093,0.4736842105263157,0.35000000000000003,1.0,1.0,0.2,0.2,0.2,0.3333333333333333,1.0,1.0,1.0,0.0,0.0,0.0,0.0,0.464285714286234,0.4527777777777778,0.45719035743973396,0.4945848375451264,0.45200000000000007,0.27502387461902533,0.5090909090909091,1.0,0.0,0.0,0.0,0.0,0.0,0.0,0.0,0.0,0.0,0.0,1.0,0.0,0.0,0.0,0.0
3 BHK,792.69,991.31,15,19,8,1,Semi-Furnished,1,4,2,2,6,Vitrified,1,1,0,0,0,Stilt,0,Municipal,2247.13,Hinjewadi,411057,Society,5.9,2.29,2.35,3.02,21981.88,9348950.29,11793.89,Owner,9,3,1,3,3,0,0,0,1,0,0,0,0,0,0,0,0,0,0,0,0.25493414755541943,0.269582427817448,0.7142857142857142,0.7894736842105263,0.4,1.0,1.0,0.6000000000000001,0.4,0.4,0.5555555555555556,1.0,1.0,0.0,0.0,0.0,0.0,0.1660382943765461,1.0,0.7916666666666667,0.1737323358270989,0.776173285198556,0.9600000000000002,0.21695697132698408,0.07272727272727272,1.0,0.0,0.0,0.0,1.0,0.0,0.0,0.0,0.0,0.0,0.0,0.0,0.0,0.0,0.0,0.0
3 BHK,817.56,929.5,12,14,3,1,Unfurnished,0,3,2,1,3,Marble,0,0,0,0,0,Open,0,Corporation + Borewell,3021.04,Magarpatta,411013,Standalone,4.74,1.5,1.76,2.3,13626.39,5987643.93,7323.76,Broker,58,3,0,3,3,0,0,0,0,0,0,0,0,1,0,0,0,0,0,0,0.2668364026187832,0.24559531201490226,0.5714285714285714,0.5263157894736842,0.15000000000000002,1.0,0.0,0.4000000000000001,0.4,0.2,0.2222222222222222,0.0,0.0,0.0,0.0,0.0,0.0,0.2548338389378175,0.214285714286234,0.6305555555555556,0.1080631753948462,0.5631768953068592,0.6719999999999999,0.07889403375432555,0.5181818181818182,1.0,0.0,0.0,0.0,0.0,0.0,0.0,0.0,0.0,1.0,0.0,0.0,0.0,0.0,0.0,0.0
1 RK,280.78,306.92,2,8,12,1,Unfurnished,1,2,1,1,1,Marble,1,1,1,1,1,Bike,1,Corporation + Borewell,1119.62,Kalyani Nagar,411006,Society,1.49,4.73,1.64,0.83,15974.18,5617884.96,20008.23,Owner,6,1,0,1,1,0,0,0,0,1,0,0,0,0,0,0,0,0,0,0,0.00994486772081625,0.003985563489599525,0.09523809523809523,0.21052631578947367,0.6000000000000001,1.0,1.0,0.2,0.2,0.2,0.0,1.0,1.0,1.0,1.0,1.0,1.0,0.03667200572763446,0.089285714286234,0.17916666666666667,0.3765586034912718,0.51985559566787,0.08400000000000002,0.47066232455398016,0.045454545454545456,0.0,0.0,0.0,0.0,0.0,1.0,0.0,0.0,0.0,0.0,0.0,0.0,0.0,0.0,0.0,0.0
1 BHK,452.92,501.68,8,15,10,1,Unfurnished,0,1,0,0,2,Not Specified,1,1,0,1,0,Covered,0,Municipal,2554.59,Pimple Saudagar,411027,Society,4.99,6.0,1.22,2.11,10378.52,3139406.27,6931.41,Broker,36,3,0,1,1,0,0,0,0,0,0,0,0,0,0,1,0,0,0,0,0.09232742448026342,0.07956768084445826,0.38095238095238093,0.5789473684210527,0.5,1.0,0.0,0.0,0.0,0.0,0.1111111111111111,1.0,1.0,0.0,1.0,0.0,0.0,0.20131510709483186,0.464285714286234,0.6652777777777779,0.48212801330008304,0.36823104693140796,0.596,0.06677604310156321,0.3181818181818182,1.0,0.0,0.0,0.0,0.0,0.0,0.0,0.0,0.0,0.0,0.0,1.0,0.0,0.0,0.0,0.0
1 RK,386.63,473.63,5,18,14,1,Fully Furnished,0,1,0,0,1,Vitrified,1,1,0,0,0,Bike,1,Corporation + Borewell,1332.34,Aundh,411007,Society,3.13,3.12,1.65,1.7,17334.11,3510242.68,9079.11,Owner,4,2,2,1,1,1,0,0,0,0,0,0,0,0,0,0,0,0,0,0,0.06060243500899727,0.06868208630859984,0.23809523809523808,0.7368421052631579,0.7000000000000001,1.0,0.0,0.0,0.0,0.0,0.0,1.0,1.0,0.0,0.0,0.0,1.0,0.06107870448985961,0.107142857143117,0.40694444444444444,0.2427265170407315,0.5234657039711191,0.43200000000000005,0.13310918576739147,0.02727272727272727,0.5,1.0,0.0,0.0,0.0,0.0,0.0,0.0,0.0,0.0,0.0,0.0,0.0,0.0,0.0,0.0
2 BHK,665.51,815.36,12,16,8,1,Fully Furnished,1,2,1,1,3,Marble,1,0,1,1,0,Not Specified,0,Corporation + Borewell,1707.05,Shivajinagar,411005,Society,0.2,5.7,1.01,1.31,30817.61,7735710.76,11623.67,Broker,21,2,2,2,2,0,0,0,0,0,0,0,0,0,0,0,0,1,0,0,0.1940684941996248,0.20130006209251788,0.5714285714285714,0.631578947368421,0.4,1.0,1.0,0.2,0.2,0.2,0.2222222222222222,1.0,0.0,1.0,1.0,0.0,0.0,0.10407153117843326,0.071428571429351,0.0,0.45719035743973396,0.2924187725631769,0.276,0.21169961343501723,0.1818181818181818,0.5,0.0,0.0,0.0,0.0,0.0,0.0,0.0,0.0,0.0,0.0,0.0,0.0,1.0,0.0,0.0
3 BHK,921.27,1032.64,9,20,17,1,Unfurnished,0,4,2,2,6,Ceramic,1,1,0,1,0,Covered,0,Municipal,1228.41,Hinjewadi,411057,Society,6.43,0.31,1.97,2.59,20598.27,4812288.36,5223.52,Broker,25,3,0,3,3,0,0,0,1,0,0,0,0,0,0,0,0,0,0,0,0.3164698112485164,0.2856217013349892,0.42857142857142855,0.8421052631578947,0.8500000000000001,1.0,0.0,0.6000000000000001,0.4,0.4,0.5555555555555556,1.0,1.0,0.0,1.0,0.0,0.0,0.04915416423808236,1.0,0.8652777777777778,0.009143807148794678,0.6389891696750902,0.788,0.014026724748189195,0.21818181818181817,1.0,0.0,0.0,0.0,1.0,0.0,0.0,0.0,0.0,0.0,0.0,0.0,0.0,0.0,0.0,0.0
2 BHK,706.91,855.72,0,5,0,1,Semi-Furnished,1,2,1,1,2,Granite,1,1,0,1,1,Open,1,Tanker,3418.26,Koregaon Park,411001,Society,2.34,5.73,1.3,0.98,49840.17,21441521.52,30331.16,Builder,32,1,1,2,2,0,0,0,0,0,0,1,0,0,0,0,0,0,0,0,0.21388165703127987,0.21696289972058375,0.0,0.05263157894736842,0.0,1.0,1.0,0.2,0.2,0.2,0.1111111111111111,1.0,1.0,0.0,1.0,1.0,1.0,0.30040937900142733,0.0,0.2972222222222222,0.4596841230257689,0.39711191335740076,0.14400000000000002,0.78949288208965,0.2818181818181818,0.0,0.0,0.0,0.0,0.0,0.0,0.0,1.0,0.0,0.0,0.0,0.0,0.0,0.0,0.0,0.0
2 BHK,678.89,796.34,2,15,8,1,Unfurnished,0,3,1,0,3,Granite,0,0,0,1,0,Open,0,Borewell,1761.69,Hinjewadi,411057,Standalone,6.08,0.2,2.32,2.41,11750.74,7334545.56,10803.7,Owner,42,3,0,2,2,0,0,0,1,0,0,0,0,0,0,0,0,0,0,0,0.2004718787089858,0.19391881403290911,0.09523809523809523,0.5789473684210527,0.4,1.0,0.0,0.4000000000000001,0.2,0.0,0.2222222222222222,0.0,0.0,0.0,1.0,0.0,0.0,0.11034072081912516,1.0,0.8166666666666667,0.0,0.7653429602888087,0.7160000000000001,0.18637429472584036,0.3727272727272727,1.0,0.0,0.0,0.0,1.0,0.0,0.0,0.0,0.0,0.0,0.0,0.0,0.0,0.0,0.0,0.0
2 BHK,570.52,684.59,10,16,3,1,Unfurnished,1,2,1,1,4,Granite,1,1,0,0,0,Not Specified,0,Borewell,2075.84,Pimple Saudagar,411027,Society,4.07,4.69,1.38,2.06,13310.15,4412496.29,7734.17,Broker,23,3,0,2,2,0,0,0,0,0,0,0,0,0,0,1,0,0,0,0,0.14860829281366056,0.15055107109593296,0.47619047619047616,0.631578947368421,0.15000000000000002,1.0,1.0,0.2,0.2,0.2,0.3333333333333333,1.0,1.0,0.0,0.0,0.0,0.0,0.14638511916508715,0.464285714286234,0.5375000000000001,0.37323358270989193,0.42599277978339345,0.5760000000000001,0.09156981951652818,0.19999999999999998,1.0,0.0,0.0,0.0,0.0,0.0,0.0,0.0,0.0,0.0,0.0,1.0,0.0,0.0,0.0,0.0
3 BHK,682.08,770.3,7,7,8,1,Semi-Furnished,1,4,1,3,5,Vitrified,1,1,0,1,0,Covered,1,Tanker,2930.85,Baner,411045,Society,3.1,3.69,1.63,2.4,40644.48,16693803.78,24474.75,Owner,36,1,1,3,3,0,1,0,0,0,0,0,0,0,0,0,0,0,0,0,0.20199854512041043,0.18381325675256133,0.3333333333333333,0.15789473684210525,0.4,1.0,1.0,0.6000000000000001,0.2,0.6000000000000001,0.4444444444444445,1.0,1.0,0.0,1.0,0.0,1.0,0.24448577499759055,0.7857142857146755,0.4027777777777778,0.2901080631753948,0.516245487364621,0.712,0.6086137648760805,0.3181818181818182,0.0,0.0,1.0,0.0,0.0,0.0,0.0,0.0,0.0,0.0,0.0,0.0,0.0,0.0,0.0,0.0
4 BHK,1209.76,1543.22,11,11,10,1,Semi-Furnished,1,5,4,2,7,Vitrified,1,1,0,0,0,Covered,1,Municipal,3138.38,Hinjewadi,411057,Society,5.54,0.84,1.92,2.37,42789.29,10271364.16,8490.4,Owner,27,3,1,4,4,0,0,0,1,0,0,0,0,0,0,0,0,0,0,0,0.4545350128259122,0.48376668736417267,0.5238095238095237,0.368421052631579,0.5,1.0,1.0,0.8,0.8,0.4,0.6666666666666665,1.0,1.0,0.0,0.0,0.0,1.0,0.26829699253296374,1.0,0.7416666666666667,0.05320033250207813,0.6209386281588447,0.7000000000000001,0.11492648594022761,0.23636363636363636,1.0,0.0,0.0,0.0,1.0,0.0,0.0,0.0,0.0,0.0,0.0,0.0,0.0,0.0,0.0,0.0
2 BHK,633.25,767.93,8,10,3,1,Unfurnished,0,2,3,0,3,Wooden,1,1,0,1,0,Covered,1,Corporation + Borewell,2165.24,Wakad,411057,Society,4.12,2.24,2.39,2.41,15021.79,5283050.86,8342.79,Broker,58,3,0,2,2,0,0,0,0,0,0,0,0,0,0,0,0,0,0,1,0.17862954171292927,0.18289351133188453,0.38095238095238093,0.3157894736842105,0.15000000000000002,1.0,0.0,0.2,0.6000000000000001,0.0,0.2222222222222222,1.0,1.0,0.0,1.0,0.0,1.0,0.15664254145421333,1.0,0.5444444444444445,0.16957605985037405,0.7906137184115524,0.7160000000000001,0.11036745293333519,0.5181818181818182,1.0,0.0,0.0,0.0,0.0,0.0,0.0,0.0,0.0,0.0,0.0,0.0,0.0,0.0,0.0,1.0
2 BHK,501.36,546.77,1,11,7,1,Unfurnished,1,2,2,2,2,Granite,1,1,0,1,0,Covered,1,Municipal,898.8,Baner,411045,Society,2.1,2.62,1.8,2.37,26666.98,13757190.76,27439.49,Broker,32,1,0,2,2,0,1,0,0,0,0,0,0,0,0,0,0,0,0,0,0.11550978215092463,0.09706612853151197,0.047619047619047616,0.368421052631579,0.35000000000000003,1.0,1.0,0.2,0.4,0.4,0.1111111111111111,1.0,1.0,0.0,1.0,0.0,1.0,0.011335943200958279,0.7857142857146755,0.2638888888888889,0.20116375727348293,0.5776173285198556,0.7000000000000001,0.7001817312527103,0.2818181818181818,0.0,0.0,1.0,0.0,0.0,0.0,0.0,0.0,0.0,0.0,0.0,0.0,0.0,0.0,0.0,0.0
2 BHK,707.45,898.26,0,12,10,1,Semi-Furnished,1,2,1,2,3,Marble,1,1,1,1,1,Covered,1,Tanker,3439.93,Koregaon Park,411001,Standalone,2.29,3.73,1.45,0.81,44764.74,18611407.54,26307.9,Owner,43,1,1,2,2,0,0,0,0,0,0,1,0,0,0,0,0,0,0,0,0.21414008958995367,0.23347174790437758,0.0,0.42105263157894735,0.5,1.0,1.0,0.2,0.2,0.4,0.2222222222222222,1.0,1.0,1.0,1.0,1.0,1.0,0.3028957139120019,0.0,0.2902777777777778,0.2934330839567747,0.45126353790613716,0.07600000000000007,0.665231821624166,0.3818181818181818,0.0,0.0,0.0,0.0,0.0,0.0,0.0,1.0,0.0,0.0,0.0,0.0,0.0,0.0,0.0,0.0
1 BHK,391.07,478.91,12,13,7,1,Semi-Furnished,1,2,2,0,2,Granite,1,1,0,0,1,Stilt,0,Corporation + Borewell,800.0,Viman Nagar,411014,Society,1.39,6.06,1.72,1.56,12302.08,3715956.81,9502.12,Broker,7,2,1,1,1,0,0,0,0,0,0,0,0,0,0,0,0,0,1,0,0.06272732493587045,0.07073113939770262,0.5714285714285714,0.4736842105263157,0.35000000000000003,1.0,1.0,0.2,0.4,0.0,0.1111111111111111,1.0,1.0,0.0,0.0,1.0,0.0,0.0,0.232142857143117,0.16527777777777777,0.4871155444721529,0.5487364620938628,0.3760000000000001,0.14617413090827333,0.054545454545454536,0.5,0.0,0.0,0.0,0.0,0.0,0.0,0.0,0.0,0.0,0.0,0.0,0.0,0.0,1.0,0.0
2 BHK,721.46,918.21,2,11,4,1,Semi-Furnished,1,2,0,1,3,Vitrified,0,1,0,0,1,Bike,1,Corporation + Borewell,3862.94,Kharadi,411014,Standalone,4.1,1.76,1.65,2.3,21873.22,7690000.44,10658.97,Broker,12,2,1,2,2,0,0,0,0,0,1,0,0,0,0,0,0,0,0,0,0.22084497875110076,0.24121390872399884,0.09523809523809523,0.368421052631579,0.2,1.0,1.0,0.2,0.0,0.2,0.2222222222222222,0.0,1.0,0.0,0.0,1.0,1.0,0.35143030230711686,0.232142857143117,0.5416666666666666,0.12967581047381543,0.5234657039711191,0.6719999999999999,0.18190421243407454,0.09999999999999999,0.5,0.0,0.0,0.0,0.0,0.0,1.0,0.0,0.0,0.0,0.0,0.0,0.0,0.0,0.0,0.0
1 BHK,464.52,533.66,5,9,10,1,Fully Furnished,0,1,1,0,2,Vitrified,0,1,0,1,0,Covered,1,Not Specified,2084.21,Kothrud,411038,Standalone,1.15,7.75,1.77,1.62,14516.08,4879303.5,10503.93,Broker,17,2,2,1,1,0,0,0,0,0,0,0,1,0,0,0,0,0,0,0,0.0978789387036257,0.09197842285004659,0.23809523809523808,0.2631578947368421,0.5,1.0,0.0,0.0,0.2,0.0,0.1111111111111111,0.0,1.0,0.0,1.0,0.0,1.0,0.14734546172168655,0.6607142857146755,0.13194444444444442,0.627597672485453,0.5667870036101084,0.40000000000000013,0.1771156989364213,0.14545454545454545,0.5,0.0,0.0,0.0,0.0,0.0,0.0,0.0,1.0,0.0,0.0,0.0,0.0,0.0,0.0,0.0
1 BHK,442.62,563.4,16,16,13,1,Semi-Furnished,0,2,1,0,2,Ceramic,0,0,1,1,0,Open,1,Tanker,2449.37,Aundh,411007,Standalone,2.96,4.24,1.23,1.43,20737.7,5952042.12,13447.39,Owner,58,2,1,1,1,1,0,0,0,0,0,0,0,0,0,0,0,0,0,0,0.08739806271296759,0.10351986960571252,0.7619047619047619,0.631578947368421,0.65,1.0,0.0,0.2,0.2,0.0,0.1111111111111111,0.0,0.0,1.0,1.0,0.0,1.0,0.1892425570583457,0.107142857143117,0.38333333333333336,0.33582709891936824,0.37184115523465705,0.32399999999999995,0.2680264183623926,0.5181818181818182,0.5,1.0,0.0,0.0,0.0,0.0,0.0,0.0,0.0,0.0,0.0,0.0,0.0,0.0,0.0,0.0
4 BHK,1680.16,1831.07,13,14,7,1,Semi-Furnished,1,5,3,3,5,Marble,0,0,0,0,0,Covered,0,Municipal,4790.27,Magarpatta,411013,Standalone,5.7,1.93,1.63,2.31,28430.74,21281854.24,12666.59,Broker,42,3,1,4,4,0,0,0,0,0,0,0,0,1,0,0,0,0,0,0,0.6796584861595009,0.5954750077615647,0.6190476190476191,0.5263157894736842,0.35000000000000003,1.0,1.0,0.8,0.6000000000000001,0.6000000000000001,0.4444444444444445,0.0,0.0,0.0,0.0,0.0,0.0,0.45782868498469426,0.214285714286234,0.763888888888889,0.14380714879467993,0.516245487364621,0.676,0.24391089115026868,0.3727272727272727,1.0,0.0,0.0,0.0,0.0,0.0,0.0,0.0,0.0,1.0,0.0,0.0,0.0,0.0,0.0,0.0
2 BHK,567.2,725.43,0,9,13,1,Semi-Furnished,1,3,3,1,3,Wooden,1,1,0,1,0,Covered,0,Corporation + Borewell,2468.0649999999996,Kharadi,411014,Society,5.09,1.75,2.39,1.82,19705.51,4450508.79,7846.43,Owner,11,2,1,2,2,0,0,0,0,0,1,0,0,0,0,0,0,0,0,0,0.1470194111566293,0.1664001862775536,0.0,0.2631578947368421,0.65,1.0,1.0,0.4000000000000001,0.6000000000000001,0.2,0.2222222222222222,1.0,1.0,0.0,1.0,0.0,0.0,0.1913875515739521,0.232142857143117,0.6791666666666667,0.12884455527847047,0.7906137184115524,0.4800000000000001,0.0950370442665705,0.0909090909090909,0.5,0.0,0.0,0.0,0.0,0.0,1.0,0.0,0.0,0.0,0.0,0.0,0.0,0.0,0.0,0.0
1 BHK,417.41,477.01,12,13,9,1,Semi-Furnished,1,2,1,0,2,Vitrified,0,0,0,1,1,Covered,1,Corporation + Borewell,800.0,Viman Nagar,411014,Society,2.71,5.89,1.79,1.75,23388.35,6820712.4,16340.48,Builder,8,2,1,1,1,0,0,0,0,0,0,0,0,0,0,0,0,0,1,0,0.07533309085340174,0.06999379074821485,0.5714285714285714,0.4736842105263157,0.45,1.0,1.0,0.2,0.2,0.0,0.1111111111111111,0.0,0.0,0.0,1.0,1.0,1.0,0.0,0.232142857143117,0.3486111111111111,0.47298420615128833,0.5740072202166066,0.45200000000000007,0.3573814268435962,0.06363636363636363,0.5,0.0,0.0,0.0,0.0,0.0,0.0,0.0,0.0,0.0,0.0,0.0,0.0,0.0,1.0,0.0
2 BHK,648.43,735.08,12,19,2,1,Semi-Furnished,1,2,1,1,2,Vitrified,1,1,0,1,0,Covered,0,Municipal,1139.63,Hinjewadi,411057,Society,5.78,0.2,2.45,2.78,13638.48,5205733.18,8028.15,Builder,5,3,1,2,2,0,0,0,1,0,0,0,0,0,0,0,0,0,0,0,0.18589436808453613,0.17014514126047814,0.5714285714285714,0.7894736842105263,0.1,1.0,1.0,0.2,0.2,0.2,0.1111111111111111,1.0,1.0,0.0,1.0,0.0,0.0,0.03896787843463018,1.0,0.775,0.0,0.812274368231047,0.8639999999999999,0.10064958730574461,0.03636363636363636,1.0,0.0,0.0,0.0,1.0,0.0,0.0,0.0,0.0,0.0,0.0,0.0,0.0,0.0,0.0,0.0
2 BHK,354.3,385.38,14,14,7,1,Fully Furnished,1,2,1,2,4,Marble,1,0,1,1,0,Open,1,Municipal,1006.69,Koregaon Park,411001,Society,2.47,5.79,1.88,0.84,30531.3,11419607.79,32231.69,Owner,18,1,2,2,2,0,0,0,0,0,0,1,0,0,0,0,0,0,0,0,0.04512998200543665,0.03443418193107731,0.6666666666666666,0.5263157894736842,0.35000000000000003,1.0,1.0,0.2,0.2,0.4,0.3333333333333333,1.0,0.0,1.0,1.0,0.0,1.0,0.02371483907091161,0.0,0.3152777777777778,0.4646716541978387,0.6064981949458483,0.08800000000000002,0.8481920149437201,0.15454545454545454,0.0,0.0,0.0,0.0,0.0,0.0,0.0,1.0,0.0,0.0,0.0,0.0,0.0,0.0,0.0,0.0
1 BHK,424.72,538.86,13,14,1,1,Semi-Furnished,1,1,2,0,1,Vitrified,1,1,0,0,1,Covered,0,Corporation + Borewell,2276.38,Kothrud,411038,Society,0.92,8.18,1.2,1.45,14134.43,3572694.72,8411.96,Owner,6,2,1,1,1,0,0,0,0,0,0,0,1,0,0,0,0,0,0,0,0.07883150197174472,0.09399642968022356,0.6190476190476191,0.5263157894736842,0.05,1.0,1.0,0.0,0.4,0.0,0.0,1.0,1.0,0.0,0.0,1.0,0.0,0.1693943301926193,0.6607142857146755,0.10000000000000002,0.6633416458852867,0.3610108303249097,0.33199999999999996,0.11250381437962434,0.045454545454545456,0.5,0.0,0.0,0.0,0.0,0.0,0.0,0.0,1.0,0.0,0.0,0.0,0.0,0.0,0.0,0.0
2 BHK,598.56,740.65,2,11,14,1,Semi-Furnished,1,3,2,1,3,Marble,1,0,1,1,0,Covered,1,Corporation + Borewell,1760.53,Kharadi,411014,Society,4.16,0.38,2.14,2.11,23567.87,5711389.35,9541.86,Builder,19,2,1,2,2,0,0,0,0,0,1,0,0,0,0,0,0,0,0,0,0.16202764271220182,0.17230673703818694,0.09523809523809523,0.368421052631579,0.7000000000000001,1.0,1.0,0.4000000000000001,0.4,0.2,0.2222222222222222,1.0,0.0,1.0,1.0,0.0,1.0,0.11020762674915441,0.232142857143117,0.55,0.014962593516209478,0.700361010830325,0.596,0.1474015272343617,0.16363636363636364,0.5,0.0,0.0,0.0,0.0,0.0,1.0,0.0,0.0,0.0,0.0,0.0,0.0,0.0,0.0,0.0
2 BHK,692.75,777.52,16,18,4,1,Unfurnished,0,2,2,1,3,Vitrified,0,0,0,0,0,Bike,0,Corporation + Borewell,1942.82,Hinjewadi,411057,Standalone,5.91,2.03,2.55,2.27,12263.82,8281831.3,11954.92,Broker,36,3,0,2,2,0,0,0,1,0,0,0,0,0,0,0,0,0,0,0,0.207104981048279,0.18661518162061475,0.7619047619047619,0.7368421052631579,0.2,1.0,0.0,0.2,0.4,0.2,0.2222222222222222,0.0,0.0,0.0,0.0,0.0,0.0,0.1311229008999913,1.0,0.7930555555555556,0.15211970074812964,0.8483754512635379,0.66,0.2219304899578349,0.3181818181818182,1.0,0.0,0.0,0.0,1.0,0.0,0.0,0.0,0.0,0.0,0.0,0.0,0.0,0.0,0.0,0.0
4 BHK,1069.76,1194.04,10,16,2,1,Unfurnished,1,4,3,2,7,Granite,1,1,0,1,0,Open,1,Municipal,3983.9,Kharadi,411014,Society,4.68,0.2,1.51,2.07,56648.93,12592571.83,11771.43,Broker,23,2,0,4,4,0,0,0,0,0,1,0,0,0,0,0,0,0,0,0,0.3875339790956775,0.34825752871778953,0.47619047619047616,0.631578947368421,0.1,1.0,1.0,0.6000000000000001,0.6000000000000001,0.4,0.6666666666666665,1.0,1.0,0.0,1.0,0.0,1.0,0.36530880118958564,0.232142857143117,0.6222222222222222,0.0,0.47292418772563183,0.58,0.2162632792916558,0.19999999999999998,0.5,0.0,0.0,0.0,0.0,0.0,1.0,0.0,0.0,0.0,0.0,0.0,0.0,0.0,0.0,0.0
4 BHK,1688.78,2002.4,2,12,13,1,Fully Furnished,1,5,4,2,7,Ceramic,0,1,0,1,0,Open,0,Municipal,3708.01,Hinjewadi,411057,Standalone,5.08,1.02,2.06,2.5,28910.14,12056874.67,7139.4,Owner,36,3,2,4,4,0,0,0,1,0,0,0,0,0,0,0,0,0,0,0,0.6837838355220338,0.6619644520335302,0.09523809523809523,0.42105263157894735,0.65,1.0,1.0,0.8,0.8,0.4,0.6666666666666665,0.0,1.0,0.0,1.0,0.0,0.0,0.33365421242731463,1.0,0.6777777777777778,0.0681629260182876,0.6714801444043321,0.752,0.07319995255961861,0.3181818181818182,1.0,0.0,0.0,0.0,1.0,0.0,0.0,0.0,0.0,0.0,0.0,0.0,0.0,0.0,0.0,0.0
2 BHK,361.28,393.25,6,11,10,1,Unfurnished,0,3,1,0,4,Ceramic,0,0,0,1,0,Covered,1,Tanker,800.0,Kharadi,411014,Standalone,3.89,2.22,2.0,1.63,10953.41,2800000.0,7750.28,Not Specified,9,2,0,2,2,0,0,0,0,0,1,0,0,0,0,0,0,0,0,0,0.048470462115701204,0.03748835765290284,0.2857142857142857,0.368421052631579,0.5,1.0,0.0,0.4000000000000001,0.2,0.0,0.3333333333333333,0.0,0.0,0.0,1.0,0.0,1.0,0.0,0.232142857143117,0.5125000000000001,0.16791354945968412,0.6498194945848376,0.404,0.09206738757926808,0.07272727272727272,0.5,0.0,0.0,0.0,0.0,0.0,1.0,0.0,0.0,0.0,0.0,0.0,0.0,0.0,0.0,0.0
2 BHK,707.89,795.61,6,13,6,1,Semi-Furnished,0,2,1,1,3,Ceramic,1,1,0,0,1,Covered,0,Tanker,1947.97,Pimple Saudagar,411027,Society,4.22,3.96,1.3,1.95,11603.37,5535276.73,7819.39,Owner,10,3,1,2,2,0,0,0,0,0,0,0,0,0,0,1,0,0,0,0,0.21435066426739152,0.19363551692021114,0.2857142857142857,0.4736842105263157,0.30000000000000004,1.0,0.0,0.2,0.2,0.2,0.2222222222222222,1.0,1.0,0.0,0.0,1.0,0.0,0.1317137926761546,0.464285714286234,0.5583333333333333,0.31255195344970904,0.39711191335740076,0.532,0.09420189588565883,0.08181818181818182,1.0,0.0,0.0,0.0,0.0,0.0,0.0,0.0,0.0,0.0,0.0,1.0,0.0,0.0,0.0,0.0
1 BHK,375.94,409.57,5,11,6,1,Semi-Furnished,1,2,0,1,1,Vitrified,1,1,1,1,1,Not Specified,1,Corporation + Borewell,1933.44,Baner,411045,Society,2.72,2.44,1.39,2.3,20681.83,11359687.13,30217.02,Owner,34,1,1,1,1,0,1,0,0,0,0,0,0,0,0,0,0,0,0,0,0.055486427504881516,0.04382179447376591,0.23809523809523808,0.368421052631579,0.30000000000000004,1.0,1.0,0.2,0.0,0.2,0.0,1.0,1.0,1.0,1.0,1.0,1.0,0.13004667471350356,0.7857142857146755,0.35000000000000003,0.18620116375727344,0.4296028880866426,0.6719999999999999,0.7859675922894556,0.3,0.0,0.0,1.0,0.0,0.0,0.0,0.0,0.0,0.0,0.0,0.0,0.0,0.0,0.0,0.0,0.0
5 BHK,1723.45,2014.7,2,16,11,1,Unfurnished,1,5,5,3,6,Vitrified,0,1,0,1,0,Covered,0,Corporation + Borewell,4662.87,Hinjewadi,411057,Standalone,5.71,1.09,2.38,2.27,38501.52,10898875.23,6323.86,Owner,6,3,0,5,5,0,0,0,1,0,0,0,0,0,0,0,0,0,0,0,0.7003761629465142,0.6667378143433718,0.09523809523809523,0.631578947368421,0.55,1.0,1.0,0.8,1.0,0.6000000000000001,0.5555555555555556,0.0,1.0,0.0,1.0,0.0,0.0,0.4432112845413532,1.0,0.7652777777777778,0.0739817123857024,0.7870036101083032,0.66,0.04801145734627896,0.045454545454545456,1.0,0.0,0.0,0.0,1.0,0.0,0.0,0.0,0.0,0.0,0.0,0.0,0.0,0.0,0.0,0.0
1 RK,426.82,478.06,5,11,5,1,Semi-Furnished,1,1,1,0,2,Vitrified,1,1,1,1,0,Open,1,Borewell,1958.27,Aundh,411007,Society,3.25,2.73,1.32,1.33,20748.69,7089665.23,16610.24,Owner,6,2,1,1,1,1,0,0,0,0,0,0,0,0,0,0,0,0,0,0,0.07983651747769822,0.07040127289661599,0.23809523809523808,0.368421052631579,0.25,1.0,1.0,0.0,0.2,0.0,0.1111111111111111,1.0,1.0,1.0,1.0,0.0,1.0,0.13289557622848122,0.107142857143117,0.4236111111111111,0.2103075644222776,0.40433212996389895,0.28400000000000003,0.3657131438271293,0.045454545454545456,0.5,1.0,0.0,0.0,0.0,0.0,0.0,0.0,0.0,0.0,0.0,0.0,0.0,0.0,0.0,0.0
3 BHK,1206.64,1366.75,6,10,18,1,Fully Furnished,0,3,3,3,3,Vitrified,0,1,1,1,0,Covered,1,Corporation + Borewell,3619.82,Baner,411045,Society,2.63,3.91,1.99,2.35,61983.04,19094441.46,15824.46,Owner,51,1,2,3,3,0,1,0,0,0,0,0,0,0,0,0,0,0,0,0,0.4530418469313527,0.4152825209562248,0.2857142857142857,0.3157894736842105,0.9,1.0,0.0,0.4000000000000001,0.6000000000000001,0.6000000000000001,0.2222222222222222,0.0,1.0,1.0,1.0,0.0,1.0,0.32353562102151995,0.7857142857146755,0.33749999999999997,0.3083956774729842,0.6462093862815884,0.6920000000000001,0.34144380600343205,0.45454545454545453,0.0,0.0,1.0,0.0,0.0,0.0,0.0,0.0,0.0,0.0,0.0,0.0,0.0,0.0,0.0,0.0
1 BHK,440.1,497.61,9,14,11,1,Semi-Furnished,1,1,1,0,1,Wooden,1,1,1,1,0,Bike,1,Tanker,1511.18,Viman Nagar,411014,Society,2.41,5.35,1.46,1.37,18515.73,4656875.91,10581.34,Broker,20,2,1,1,1,0,0,0,0,0,0,0,0,0,0,0,0,0,1,0,0.08619204410582336,0.07798820242160823,0.42857142857142855,0.5263157894736842,0.55,1.0,1.0,0.0,0.2,0.0,0.0,1.0,1.0,1.0,1.0,0.0,1.0,0.08159813851880068,0.232142857143117,0.30694444444444446,0.4280964256026599,0.4548736462093863,0.30000000000000004,0.17950655826210074,0.17272727272727273,0.5,0.0,0.0,0.0,0.0,0.0,0.0,0.0,0.0,0.0,0.0,0.0,0.0,0.0,1.0,0.0
2 BHK,545.54,668.66,9,10,13,1,Fully Furnished,0,2,2,1,4,Marble,1,1,1,1,1,Covered,1,Borewell,1879.21,Aundh,411007,Standalone,2.58,3.68,1.62,1.33,18517.53,12042500.93,22074.55,Owner,35,2,2,2,2,1,0,0,0,0,0,0,0,0,0,0,0,0,0,0,0.13665339408093724,0.14436898478733312,0.42857142857142855,0.3157894736842105,0.65,1.0,0.0,0.2,0.4,0.2,0.3333333333333333,1.0,1.0,1.0,1.0,1.0,1.0,0.12382452694237028,0.107142857143117,0.33055555555555555,0.28927680798004984,0.5126353790613719,0.28400000000000003,0.5344819918041799,0.3090909090909091,0.5,1.0,0.0,0.0,0.0,0.0,0.0,0.0,0.0,0.0,0.0,0.0,0.0,0.0,0.0,0.0
2 BHK,621.6,774.11,0,13,10,1,Semi-Furnished,1,3,3,1,3,Vitrified,0,0,1,1,1,Covered,0,Municipal,800.0,Kharadi,411014,Standalone,3.98,1.76,1.95,2.48,16787.64,10898924.4,17533.59,Owner,23,2,1,2,2,0,0,0,0,0,1,0,0,0,0,0,0,0,0,0,0.17305409854894904,0.18529183483390255,0.0,0.4736842105263157,0.5,1.0,1.0,0.4000000000000001,0.6000000000000001,0.2,0.2222222222222222,0.0,0.0,1.0,1.0,1.0,0.0,0.0,0.232142857143117,0.525,0.12967581047381543,0.631768953068592,0.744,0.39423142258137445,0.19999999999999998,0.5,0.0,0.0,0.0,0.0,0.0,1.0,0.0,0.0,0.0,0.0,0.0,0.0,0.0,0.0,0.0
3 BHK,928.11,1080.05,7,21,11,1,Unfurnished,1,4,3,2,6,Vitrified,1,1,1,0,0,Covered,1,Municipal,3188.07,Nigdi,411044,Society,4.02,11.54,1.64,1.89,19048.65,6234527.69,6717.45,Broker,20,3,0,3,3,0,0,0,0,0,0,0,0,0,1,0,0,0,0,0,0.3197432903250507,0.3040204905308911,0.3333333333333333,0.894736842105263,0.55,1.0,1.0,0.6000000000000001,0.6000000000000001,0.4,0.5555555555555556,1.0,1.0,1.0,0.0,0.0,1.0,0.2739982376509356,0.7678571428577925,0.5305555555555556,0.9426433915211968,0.51985559566787,0.508,0.060167746223609764,0.17272727272727273,1.0,0.0,0.0,0.0,0.0,0.0,0.0,0.0,0.0,0.0,1.0,0.0,0.0,0.0,0.0,0.0
3 BHK,973.3,1224.9,6,11,1,1,Semi-Furnished,1,3,3,2,3,Vitrified,1,1,0,1,0,Stilt,0,Corporation + Borewell,3663.29,Hadapsar,411028,Society,5.32,0.49,2.45,1.93,31534.48,8206763.68,8431.94,Builder,24,3,1,3,3,0,0,1,0,0,0,0,0,0,0,0,0,0,0,0,0.3413702668555458,0.3602336230984167,0.2857142857142857,0.368421052631579,0.05,1.0,1.0,0.4000000000000001,0.6000000000000001,0.4,0.2222222222222222,1.0,1.0,0.0,1.0,0.0,0.0,0.32852320655740713,0.482142857143117,0.7111111111111111,0.024106400665004152,0.812274368231047,0.524,0.11312090996581578,0.20909090909090908,1.0,0.0,0.0,1.0,0.0,0.0,0.0,0.0,0.0,0.0,0.0,0.0,0.0,0.0,0.0,0.0
2 BHK,700.23,817.46,5,14,12,1,Unfurnished,0,2,2,1,3,Marble,1,1,0,0,1,Covered,1,Municipal,1660.13,Magarpatta,411013,Society,3.81,1.42,1.63,2.49,19498.3,4639191.97,6625.27,Owner,4,3,0,2,2,0,0,0,0,0,0,0,0,1,0,0,0,0,0,0,0.21068475056472302,0.20211502638932016,0.23809523809523808,0.5263157894736842,0.6000000000000001,1.0,0.0,0.2,0.4,0.2,0.2222222222222222,1.0,1.0,0.0,0.0,1.0,1.0,0.09868810552065024,0.214285714286234,0.5013888888888889,0.10141313383208643,0.516245487364621,0.7480000000000001,0.057320705626256296,0.02727272727272727,1.0,0.0,0.0,0.0,0.0,0.0,0.0,0.0,0.0,1.0,0.0,0.0,0.0,0.0,0.0,0.0
3 BHK,929.47,1072.28,13,13,10,1,Unfurnished,0,4,2,1,5,Ceramic,1,1,0,0,1,Not Specified,0,Municipal,2555.14,Hinjewadi,411057,Society,6.39,0.32,2.62,2.8,26996.25,7049511.44,7584.46,Owner,100,3,0,3,3,0,0,0,1,0,0,0,0,0,0,0,0,0,0,0,0.3203941575098587,0.3010051226327228,0.6190476190476191,0.4736842105263157,0.5,1.0,0.0,0.6000000000000001,0.4,0.2,0.4444444444444445,1.0,1.0,0.0,0.0,1.0,0.0,0.20137821204180073,1.0,0.8597222222222222,0.00997506234413965,0.8736462093862817,0.8719999999999999,0.08694592661318917,0.9,1.0,0.0,0.0,0.0,1.0,0.0,0.0,0.0,0.0,0.0,0.0,0.0,0.0,0.0,0.0,0.0
4 BHK,1329.68,1606.87,12,17,2,1,Unfurnished,0,4,3,3,5,Granite,0,1,0,0,0,Bike,0,Municipal,2269.59,Magarpatta,411013,Society,5.11,2.33,1.82,2.55,34978.77,7704495.12,5794.24,Broker,11,3,0,4,4,0,0,0,0,0,0,0,0,1,0,0,0,0,0,0,0.5119261840039818,0.5084678671220118,0.5714285714285714,0.6842105263157894,0.1,1.0,0.0,0.6000000000000001,0.6000000000000001,0.6000000000000001,0.4444444444444445,0.0,1.0,0.0,0.0,0.0,0.0,0.16861527093822143,0.214285714286234,0.6819444444444445,0.1770573566084788,0.5848375451263538,0.772,0.031653791462460945,0.0909090909090909,1.0,0.0,0.0,0.0,0.0,0.0,0.0,0.0,0.0,1.0,0.0,0.0,0.0,0.0,0.0,0.0
1 BHK,433.79,501.05,6,15,6,1,Semi-Furnished,1,1,2,0,1,Marble,1,1,0,0,0,Covered,1,Corporation + Borewell,1405.38,Aundh,411007,Society,3.2,5.19,1.56,1.8,16976.91,3989424.85,9196.72,Not Specified,25,2,1,1,1,1,0,0,0,0,0,0,0,0,0,0,0,0,0,0,0.0831722117998392,0.07932319155541759,0.2857142857142857,0.5789473684210527,0.30000000000000004,1.0,1.0,0.0,0.4,0.0,0.0,1.0,1.0,0.0,0.0,0.0,1.0,0.06945904144732917,0.107142857143117,0.4166666666666667,0.4147963424771405,0.49097472924187724,0.4720000000000001,0.13674164882504755,0.21818181818181817,0.5,1.0,0.0,0.0,0.0,0.0,0.0,0.0,0.0,0.0,0.0,0.0,0.0,0.0,0.0,0.0
1 BHK,452.61,491.17,3,9,12,1,Unfurnished,1,1,1,0,1,Vitrified,0,1,0,0,0,Covered,0,Borewell,1013.7,Hinjewadi,411057,Society,6.49,0.97,2.25,2.52,7515.99,2800000.0,6186.34,Owner,76,3,0,1,1,0,0,0,1,0,0,0,0,0,0,0,0,0,0,0,0.0921790650484322,0.07548897857808137,0.14285714285714285,0.2631578947368421,0.6000000000000001,1.0,1.0,0.0,0.2,0.0,0.0,0.0,1.0,0.0,0.0,0.0,0.0,0.024519140304097006,1.0,0.8736111111111111,0.06400665004156275,0.740072202166065,0.76,0.04376406069897967,0.6818181818181819,1.0,0.0,0.0,0.0,1.0,0.0,0.0,0.0,0.0,0.0,0.0,0.0,0.0,0.0,0.0,0.0
2 BHK,368.1,412.08,1,19,15,1,Fully Furnished,1,2,2,1,3,Ceramic,1,1,0,0,0,Covered,0,Tanker,800.0,Wakad,411057,Standalone,5.43,3.76,1.7,2.44,13196.59,3009688.05,8176.38,Broker,22,3,2,2,2,0,0,0,0,0,0,0,0,0,0,0,0,0,0,1,0.05173436961598839,0.04479587084756287,0.047619047619047616,0.7894736842105263,0.75,1.0,1.0,0.2,0.4,0.2,0.2222222222222222,1.0,1.0,0.0,0.0,0.0,0.0,0.0,1.0,0.7263888888888889,0.29592684954280957,0.5415162454873647,0.728,0.10522776942492132,0.1909090909090909,1.0,0.0,0.0,0.0,0.0,0.0,0.0,0.0,0.0,0.0,0.0,0.0,0.0,0.0,0.0,1.0
3 BHK,1368.56,1593.05,7,17,6,1,Fully Furnished,1,3,3,1,4,Wooden,0,1,0,0,0,Bike,0,Municipal,3440.16,Nigdi,411044,Society,2.67,10.02,1.7,2.63,48664.62,12300615.03,8988.01,Broker,12,3,2,3,3,0,0,0,0,0,0,0,0,0,1,0,0,0,0,0,0.5305333282284928,0.50310462589258,0.3333333333333333,0.6842105263157894,0.30000000000000004,1.0,1.0,0.4000000000000001,0.6000000000000001,0.2,0.3333333333333333,0.0,1.0,0.0,0.0,0.0,0.0,0.3029221032534616,0.7678571428577925,0.34305555555555556,0.8162926018287613,0.5415162454873647,0.804,0.1302955016882105,0.09999999999999999,1.0,0.0,0.0,0.0,0.0,0.0,0.0,0.0,0.0,0.0,1.0,0.0,0.0,0.0,0.0,0.0
3 BHK,1243.92,1510.46,9,12,9,1,Fully Furnished,1,4,3,1,6,Ceramic,1,1,0,0,0,Stilt,0,Tanker,5668.72,Kothrud,411038,Society,1.54,7.7,1.92,1.24,67722.9,21419156.26,17219.13,Owner,3,2,2,3,3,0,0,0,0,0,0,0,1,0,0,0,0,0,0,0,0.4708832650560895,0.4710532443340579,0.42857142857142855,0.42105263157894735,0.45,1.0,1.0,0.6000000000000001,0.6000000000000001,0.2,0.5555555555555556,1.0,1.0,0.0,0.0,0.0,0.0,0.5586187589207448,0.6607142857146755,0.18611111111111112,0.6234413965087281,0.6209386281588447,0.248,0.38451911637347935,0.01818181818181818,0.5,0.0,0.0,0.0,0.0,0.0,0.0,0.0,1.0,0.0,0.0,0.0,0.0,0.0,0.0,0.0
3 BHK,798.5,927.92,3,11,7,1,Unfurnished,0,4,2,2,4,Ceramic,1,1,1,0,1,Not Specified,0,Municipal,2468.0649999999996,Kharadi,411014,Society,3.85,0.46,2.14,1.56,21842.44,8190269.51,10257.01,Broker,19,2,0,3,3,0,0,0,0,0,1,0,0,0,0,0,0,0,0,0,0.25771469045522416,0.2449821484011177,0.14285714285714285,0.368421052631579,0.35000000000000003,1.0,0.0,0.6000000000000001,0.4,0.4,0.3333333333333333,1.0,1.0,1.0,0.0,1.0,0.0,0.1913875515739521,0.232142857143117,0.5069444444444444,0.021612635078969242,0.700361010830325,0.3760000000000001,0.16948941054090685,0.16363636363636364,0.5,0.0,0.0,0.0,0.0,0.0,1.0,0.0,0.0,0.0,0.0,0.0,0.0,0.0,0.0,0.0
3 BHK,1069.15,1266.96,12,16,6,1,Unfurnished,0,4,1,1,5,Vitrified,1,1,0,0,0,Stilt,1,Borewell,2092.91,Hinjewadi,411057,Society,6.62,0.24,2.45,2.92,40108.96,7520171.6,7033.79,Not Specified,4,3,0,3,3,0,0,0,1,0,0,0,0,0,0,0,0,0,0,0,0.3872420460201386,0.3765561937286558,0.5714285714285714,0.631578947368421,0.30000000000000004,1.0,0.0,0.6000000000000001,0.2,0.2,0.4444444444444445,1.0,1.0,0.0,0.0,0.0,1.0,0.14834366724646725,1.0,0.8916666666666667,0.0033250207813798824,0.812274368231047,0.9199999999999999,0.06993811748165701,0.02727272727272727,1.0,0.0,0.0,0.0,1.0,0.0,0.0,0.0,0.0,0.0,0.0,0.0,0.0,0.0,0.0,0.0
3 BHK,652.16,733.28,10,15,12,1,Fully Furnished,1,4,2,1,4,Wooden,1,1,1,1,0,Covered,1,Municipal,2376.29,Kothrud,411038,Society,1.51,7.19,1.64,1.47,27390.27,7763394.65,11904.18,Owner,12,2,2,3,3,0,0,0,0,0,0,0,1,0,0,0,0,0,0,0,0.18767946705463456,0.16944660043464765,0.47619047619047616,0.5789473684210527,0.6000000000000001,1.0,1.0,0.6000000000000001,0.4,0.2,0.3333333333333333,1.0,1.0,1.0,1.0,0.0,1.0,0.1808576306501875,0.6607142857146755,0.18194444444444444,0.5810473815461347,0.51985559566787,0.33999999999999997,0.22036335131702658,0.09999999999999999,0.5,0.0,0.0,0.0,0.0,0.0,0.0,0.0,1.0,0.0,0.0,0.0,0.0,0.0,0.0,0.0
1 BHK,404.42,446.8,10,15,5,1,Unfurnished,1,1,1,0,2,Marble,1,1,0,1,0,Not Specified,1,Municipal,2363.11,Aundh,411007,Society,3.84,3.28,1.5,1.57,14050.06,4707642.45,11640.39,Owner,70,2,0,1,1,1,0,0,0,0,0,0,0,0,0,0,0,0,0,0,0.06911635208086069,0.058269947221359863,0.47619047619047616,0.5789473684210527,0.25,1.0,1.0,0.0,0.2,0.0,0.1111111111111111,1.0,1.0,0.0,1.0,0.0,1.0,0.1793454066482783,0.107142857143117,0.5055555555555555,0.256026600166251,0.4693140794223827,0.3800000000000001,0.21221602175339158,0.6272727272727273,0.5,1.0,0.0,0.0,0.0,0.0,0.0,0.0,0.0,0.0,0.0,0.0,0.0,0.0,0.0,0.0
1 BHK,495.91,962.365,4,14,10,1,Semi-Furnished,1,1,0,0,2,Granite,1,1,0,0,0,Stilt,0,Municipal,860.38,Hadapsar,411028,Society,5.51,1.08,2.72,1.93,11429.76,3410915.52,6878.1,Owner,76,3,1,1,1,0,0,1,0,0,0,0,0,0,0,0,0,0,0,0,0.11290152762356907,0.2583495032598572,0.19047619047619047,0.5263157894736842,0.5,1.0,1.0,0.0,0.0,0.0,0.1111111111111111,1.0,1.0,0.0,0.0,0.0,0.0,0.00692777581451276,0.482142857143117,0.7375,0.07315045719035744,0.9097472924187727,0.524,0.06512952830177027,0.6818181818181819,1.0,0.0,0.0,1.0,0.0,0.0,0.0,0.0,0.0,0.0,0.0,0.0,0.0,0.0,0.0,0.0
3 BHK,737.98,865.05,11,12,6,1,Semi-Furnished,1,3,3,1,4,Vitrified,0,1,0,1,0,Covered,1,Corporation + Borewell,1943.98,Kharadi,411014,Standalone,5.37,2.07,2.0,2.31,28880.76,7375210.72,9993.81,Broker,37,2,1,3,3,0,0,0,0,0,1,0,0,0,0,0,0,0,0,0,0.22875110073126842,0.22058366966780507,0.5238095238095237,0.42105263157894735,0.30000000000000004,1.0,1.0,0.4000000000000001,0.6000000000000001,0.2,0.3333333333333333,0.0,1.0,0.0,1.0,0.0,1.0,0.13125599496996204,0.232142857143117,0.7180555555555556,0.15544472152950953,0.6498194945848376,0.676,0.16136030351960687,0.32727272727272727,0.5,0.0,0.0,0.0,0.0,0.0,1.0,0.0,0.0,0.0,0.0,0.0,0.0,0.0,0.0,0.0
1 BHK,390.47,442.84,10,13,11,1,Unfurnished,0,1,0,0,1,Marble,1,1,0,0,0,Covered,1,Municipal,865.71,Hadapsar,411028,Society,5.5,2.38,2.43,2.62,8427.34,3205089.4,8208.39,Broker,12,3,0,1,1,0,0,1,0,0,0,0,0,0,0,0,0,0,0,0,0.06244017764845515,0.056733157404532775,0.47619047619047616,0.4736842105263157,0.55,1.0,0.0,0.0,0.0,0.0,0.0,1.0,1.0,0.0,0.0,0.0,1.0,0.007539320118774992,0.482142857143117,0.7361111111111112,0.18121363258520362,0.8050541516245489,0.8,0.10621641956075642,0.09999999999999999,1.0,0.0,0.0,1.0,0.0,0.0,0.0,0.0,0.0,0.0,0.0,0.0,0.0,0.0,0.0,0.0
2 BHK,468.94,518.07,4,9,8,1,Unfurnished,1,3,3,2,2,Vitrified,1,1,0,1,0,Stilt,0,Tanker,1590.52,Koregaon Park,411001,Standalone,2.24,5.55,1.82,1.18,22880.77,10566615.07,22532.82,Owner,24,1,0,2,2,0,0,0,0,0,0,1,0,0,0,0,0,0,0,0,0.0999942570542517,0.08592828314188145,0.19047619047619047,0.2631578947368421,0.4,1.0,1.0,0.4000000000000001,0.6000000000000001,0.4,0.1111111111111111,1.0,1.0,0.0,1.0,0.0,0.0,0.09070131395973216,0.0,0.2833333333333334,0.44472152950955934,0.5848375451263538,0.22399999999999998,0.5486359654920643,0.20909090909090908,0.0,0.0,0.0,0.0,0.0,0.0,0.0,1.0,0.0,0.0,0.0,0.0,0.0,0.0,0.0,0.0
3 BHK,1031.71,1173.74,4,12,9,1,Semi-Furnished,1,3,3,2,6,Wooden,1,0,0,1,1,Covered,1,Borewell,1946.8200000000002,Pimple Saudagar,411027,Society,4.73,5.95,1.66,2.39,23262.12,6155288.06,5966.09,Owner,20,3,1,3,3,0,0,0,0,0,0,0,0,0,0,1,0,0,0,0,0.36932405528542445,0.34037954051536795,0.19047619047619047,0.42105263157894735,0.45,1.0,1.0,0.4000000000000001,0.6000000000000001,0.4,0.5555555555555556,1.0,0.0,0.0,1.0,1.0,1.0,0.13158184596885603,0.464285714286234,0.6291666666666668,0.47797173732335824,0.5270758122743682,0.7080000000000001,0.03696149298833637,0.17272727272727273,1.0,0.0,0.0,0.0,0.0,0.0,0.0,0.0,0.0,0.0,0.0,1.0,0.0,0.0,0.0,0.0
3 BHK,1299.81,1439.93,15,15,11,1,Semi-Furnished,1,3,3,2,4,Not Specified,1,1,0,0,0,Bike,1,Borewell,4201.22,Wakad,411057,Society,5.14,3.48,2.01,2.39,18159.27,8987754.84,6914.67,Owner,4,3,1,3,3,0,0,0,0,0,0,0,0,0,0,0,0,0,0,1,0.4976310348788238,0.4436820863085999,0.7142857142857142,0.5789473684210527,0.55,1.0,1.0,0.4000000000000001,0.6000000000000001,0.4,0.3333333333333333,1.0,1.0,0.0,0.0,0.0,1.0,0.3902432867810052,1.0,0.6861111111111111,0.2726517040731504,0.6534296028880866,0.7080000000000001,0.06625901706988935,0.02727272727272727,1.0,0.0,0.0,0.0,0.0,0.0,0.0,0.0,0.0,0.0,0.0,0.0,0.0,0.0,0.0,1.0
2 BHK,702.81,770.18,7,10,6,1,Semi-Furnished,1,2,3,1,3,Vitrified,1,1,0,1,1,Covered,1,Corporation + Borewell,2377.55,Aundh,411007,Society,3.74,4.22,1.81,1.46,24374.69,6222099.36,8853.16,Builder,24,2,1,2,2,1,0,0,0,0,0,0,0,0,0,0,0,0,0,0,0.21191948390060872,0.18376668736417262,0.3333333333333333,0.3157894736842105,0.30000000000000004,1.0,1.0,0.2,0.6000000000000001,0.2,0.2222222222222222,1.0,1.0,0.0,1.0,1.0,1.0,0.18100219834687992,0.107142857143117,0.4916666666666667,0.33416458852867825,0.5812274368231047,0.33599999999999997,0.12613056976639322,0.20909090909090908,0.5,1.0,0.0,0.0,0.0,0.0,0.0,0.0,0.0,0.0,0.0,0.0,0.0,0.0,0.0,0.0
2 BHK,740.22,942.49,13,13,1,1,Unfurnished,1,3,1,0,3,Vitrified,0,0,0,0,1,Covered,1,Tanker,1990.28,Shivajinagar,411005,Standalone,1.56,6.4,1.08,1.36,37521.35,7251339.13,9796.19,Broker,32,2,0,2,2,0,0,0,0,0,0,0,0,0,0,0,0,1,0,0,0.22982311727095217,0.25063644830797893,0.6190476190476191,0.4736842105263157,0.05,1.0,1.0,0.4000000000000001,0.2,0.0,0.2222222222222222,0.0,0.0,0.0,0.0,1.0,1.0,0.13656828414207103,0.071428571429351,0.18888888888888888,0.5153782211138819,0.3176895306859206,0.29600000000000004,0.1552566784073375,0.2818181818181818,0.5,0.0,0.0,0.0,0.0,0.0,0.0,0.0,0.0,0.0,0.0,0.0,0.0,1.0,0.0,0.0
1 BHK,477.97,542.49,7,14,6,1,Semi-Furnished,1,2,0,0,1,Marble,1,1,0,0,0,Stilt,1,Municipal,2468.0649999999996,Kharadi,411014,Society,3.63,2.17,1.47,1.81,19456.25,4674939.03,9780.87,Broker,17,2,1,1,1,0,0,0,0,0,1,0,0,0,0,0,0,0,0,0,0.10431582372985186,0.09540515367898172,0.3333333333333333,0.5263157894736842,0.30000000000000004,1.0,1.0,0.2,0.0,0.0,0.0,1.0,1.0,0.0,0.0,0.0,1.0,0.1913875515739521,0.232142857143117,0.47638888888888886,0.16375727348295924,0.45848375451263534,0.4760000000000001,0.1547835100199275,0.14545454545454545,0.5,0.0,0.0,0.0,0.0,0.0,1.0,0.0,0.0,0.0,0.0,0.0,0.0,0.0,0.0,0.0
1 BHK,474.61,562.26,2,16,10,1,Semi-Furnished,1,1,1,0,1,Vitrified,1,1,1,0,0,Covered,1,Municipal,1130.4,Hadapsar,411028,Society,5.63,2.32,2.46,1.87,11016.22,2800000.0,5899.63,Broker,24,3,1,1,1,0,0,1,0,0,0,0,0,0,0,0,0,0,0,0,0.10270779892032621,0.1030774604160199,0.09523809523809523,0.631578947368421,0.5,1.0,1.0,0.0,0.2,0.0,0.0,1.0,1.0,1.0,0.0,0.0,1.0,0.037908862688224854,0.482142857143117,0.7541666666666667,0.1762261014131338,0.8158844765342961,0.5000000000000001,0.03490883169412817,0.20909090909090908,1.0,0.0,0.0,1.0,0.0,0.0,0.0,0.0,0.0,0.0,0.0,0.0,0.0,0.0,0.0,0.0
2 BHK,692.13,824.01,3,12,1,1,Fully Furnished,1,2,2,1,3,Wooden,1,1,0,1,0,Covered,1,Corporation + Borewell,2645.0,Kharadi,411014,Standalone,4.02,0.73,2.12,2.03,34906.1,7330448.81,10591.13,Broker,43,2,2,2,2,0,0,0,0,0,1,0,0,0,0,0,0,0,0,0,0.20680826218461656,0.20465693883886993,0.14285714285714285,0.42105263157894735,0.05,1.0,1.0,0.2,0.4,0.2,0.2222222222222222,1.0,1.0,0.0,1.0,0.0,1.0,0.2116884130138464,0.232142857143117,0.5305555555555556,0.04405652535328346,0.6931407942238268,0.564,0.1798089289222015,0.3818181818181818,0.5,0.0,0.0,0.0,0.0,0.0,1.0,0.0,0.0,0.0,0.0,0.0,0.0,0.0,0.0,0.0
3 BHK,1048.55,1190.75,11,18,2,1,Fully Furnished,1,3,3,2,3,Granite,0,0,1,1,0,Covered,1,Municipal,3529.74,Kharadi,411014,Standalone,4.18,0.39,2.31,2.49,47515.57,11114369.59,10599.76,Broker,37,2,2,3,3,0,0,0,0,0,1,0,0,0,0,0,0,0,0,0,0.3773833224855469,0.34698075131946604,0.5238095238095237,0.7368421052631579,0.1,1.0,1.0,0.4000000000000001,0.6000000000000001,0.4,0.2222222222222222,0.0,0.0,1.0,1.0,0.0,1.0,0.31320017807068673,0.232142857143117,0.5527777777777777,0.01579384871155445,0.7617328519855596,0.7480000000000001,0.18007547221093181,0.32727272727272727,0.5,0.0,0.0,0.0,0.0,0.0,1.0,0.0,0.0,0.0,0.0,0.0,0.0,0.0,0.0,0.0
2 BHK,597.59,689.08,6,16,11,1,Fully Furnished,1,3,2,1,3,Vitrified,1,0,0,0,0,Covered,1,Corporation + Borewell,2285.47,Hinjewadi,411057,Society,5.25,1.65,2.32,2.55,19875.36,5788027.86,9685.63,Broker,31,3,2,2,2,0,0,0,1,0,0,0,0,0,0,0,0,0,0,0,0.1615634212642138,0.15229354237814346,0.2857142857142857,0.631578947368421,0.55,1.0,1.0,0.4000000000000001,0.4,0.2,0.2222222222222222,1.0,0.0,0.0,0.0,0.0,1.0,0.1704372828616143,1.0,0.701388888888889,0.12053200332502076,0.7653429602888087,0.772,0.15184195928775188,0.2727272727272727,1.0,0.0,0.0,0.0,1.0,0.0,0.0,0.0,0.0,0.0,0.0,0.0,0.0,0.0,0.0,0.0
3 BHK,1109.12,752.61,8,14,11,1,Unfurnished,1,4,3,2,4,Marble,1,1,1,0,0,Open,1,Municipal,4235.84,Kothrud,411038,Society,1.4,7.12,1.19,1.84,27185.01,16839414.52,15182.64,Not Specified,68,2,0,3,3,0,0,0,0,0,0,0,1,0,0,0,0,0,0,0,0.4063708411501205,0.17694815274759396,0.38095238095238093,0.5263157894736842,0.55,1.0,1.0,0.6000000000000001,0.6000000000000001,0.4,0.3333333333333333,1.0,1.0,1.0,0.0,0.0,1.0,0.39421545635202926,0.6607142857146755,0.16666666666666666,0.5752285951787198,0.3574007220216606,0.4880000000000001,0.3216207685094702,0.6090909090909091,0.5,0.0,0.0,0.0,0.0,0.0,0.0,0.0,1.0,0.0,0.0,0.0,0.0,0.0,0.0,0.0
1 BHK,565.07,717.9,3,15,8,1,Unfurnished,0,1,0,1,1,Vitrified,1,1,1,1,1,Covered,1,Corporation + Borewell,3619.82,Baner,411045,Society,2.79,2.38,2.12,2.18,39347.53,8724535.97,15439.79,Owner,76,1,0,1,1,0,1,0,0,0,0,0,0,0,0,0,0,0,0,0,0.14600003828630498,0.1634779571561627,0.14285714285714285,0.5789473684210527,0.4,1.0,0.0,0.0,0.0,0.2,0.0,1.0,1.0,1.0,1.0,1.0,1.0,0.32353562102151995,0.7857142857146755,0.3597222222222222,0.18121363258520362,0.6931407942238268,0.6240000000000001,0.32956301725767423,0.6818181818181819,0.0,0.0,1.0,0.0,0.0,0.0,0.0,0.0,0.0,0.0,0.0,0.0,0.0,0.0,0.0,0.0
2 BHK,599.43,749.41,9,12,9,1,Fully Furnished,1,2,3,1,4,Granite,1,1,1,1,1,Open,0,Tanker,2066.52,Kharadi,411014,Society,5.16,0.87,2.1,2.0,24247.15,11132474.4,18571.89,Builder,31,2,2,2,2,0,0,0,0,0,1,0,0,0,0,0,0,0,0,0,0.162444006278954,0.17570630239056195,0.42857142857142855,0.42105263157894735,0.45,1.0,1.0,0.2,0.6000000000000001,0.2,0.3333333333333333,1.0,1.0,1.0,1.0,1.0,0.0,0.14531577715463237,0.232142857143117,0.6888888888888889,0.05569409808811304,0.6859205776173286,0.552,0.4263000085244435,0.2727272727272727,0.5,0.0,0.0,0.0,0.0,0.0,1.0,0.0,0.0,0.0,0.0,0.0,0.0,0.0,0.0,0.0
1 BHK,449.27,568.59,12,14,1,1,Semi-Furnished,0,1,1,0,2,Vitrified,1,1,0,1,0,Not Specified,1,Corporation + Borewell,1606.67,Aundh,411007,Society,2.53,3.07,1.88,1.4,13275.52,5188000.04,11547.54,Broker,13,2,1,1,1,1,0,0,0,0,0,0,0,0,0,0,0,0,0,0,0.09058061181515371,0.10553399565352378,0.5714285714285714,0.5263157894736842,0.05,1.0,0.0,0.0,0.2,0.0,0.1111111111111111,1.0,1.0,0.0,1.0,0.0,1.0,0.09255430467527342,0.107142857143117,0.32361111111111107,0.2385702410640066,0.6064981949458483,0.31199999999999994,0.2093482877605052,0.10909090909090909,0.5,1.0,0.0,0.0,0.0,0.0,0.0,0.0,0.0,0.0,0.0,0.0,0.0,0.0,0.0,0.0
2 BHK,592.14,657.7,1,14,7,1,Fully Furnished,1,3,2,1,3,Vitrified,0,0,0,1,0,Not Specified,1,Municipal,2601.98,Kothrud,411038,Society,1.94,7.67,0.98,1.68,16310.85,6734794.88,11373.56,Owner,111,2,2,2,2,0,0,0,0,0,0,0,1,0,0,0,0,0,0,0,0.15895516673685822,0.14011564731449866,0.047619047619047616,0.5263157894736842,0.35000000000000003,1.0,1.0,0.4000000000000001,0.4,0.2,0.2222222222222222,0.0,0.0,0.0,1.0,0.0,1.0,0.20675245879820647,0.6607142857146755,0.24166666666666664,0.6209476309226932,0.2815884476534296,0.42400000000000004,0.203974799768234,1.0,0.5,0.0,0.0,0.0,0.0,0.0,0.0,0.0,1.0,0.0,0.0,0.0,0.0,0.0,0.0,0.0
2 BHK,529.09,637.48,9,14,20,1,Semi-Furnished,1,2,2,1,3,Vitrified,1,0,0,0,0,Covered,1,Corporation + Borewell,1668.94,Kothrud,411038,Society,2.18,7.71,1.38,1.48,17810.73,4154108.98,7851.47,Owner,49,2,1,2,2,0,0,0,0,0,0,0,1,0,0,0,0,0,0,0,0.12878077261763465,0.13226870537100283,0.42857142857142855,0.5263157894736842,1.0,1.0,1.0,0.2,0.4,0.2,0.2222222222222222,1.0,0.0,0.0,0.0,0.0,1.0,0.09969893203482477,0.6607142857146755,0.275,0.6242726517040731,0.42599277978339345,0.344,0.0951927080180422,0.43636363636363634,0.5,0.0,0.0,0.0,0.0,0.0,0.0,0.0,1.0,0.0,0.0,0.0,0.0,0.0,0.0,0.0
1 RK,531.03,601.5,1,5,19,1,Unfurnished,1,1,0,0,2,Vitrified,1,0,0,0,1,Covered,1,Corporation + Borewell,1254.64,Kharadi,411014,Society,4.41,2.66,2.19,2.14,10116.32,6406631.65,12064.59,Owner,23,2,0,1,1,0,0,0,0,0,1,0,0,0,0,0,0,0,0,0,0.12970921551361075,0.11830565041912453,0.047619047619047616,0.05263157894736842,0.9500000000000001,1.0,1.0,0.0,0.0,0.0,0.1111111111111111,1.0,0.0,0.0,0.0,1.0,1.0,0.052163696527162684,0.232142857143117,0.5847222222222223,0.20448877805486282,0.7184115523465704,0.6080000000000001,0.22531772083559318,0.19999999999999998,0.5,0.0,0.0,0.0,0.0,0.0,1.0,0.0,0.0,0.0,0.0,0.0,0.0,0.0,0.0,0.0
1 BHK,285.78,317.36,3,12,9,1,Unfurnished,1,2,1,0,1,Vitrified,0,0,0,0,0,Covered,0,Borewell,1837.23,Shivajinagar,411005,Standalone,1.23,7.05,1.44,1.33,14941.99,2800000.0,9797.59,Owner,18,2,0,1,1,0,0,0,0,0,0,0,0,0,0,0,0,1,0,0,0.012337761782610354,0.008037100279416343,0.14285714285714285,0.42105263157894735,0.45,1.0,1.0,0.2,0.2,0.0,0.0,0.0,0.0,0.0,0.0,0.0,0.0,0.11900789844463516,0.071428571429351,0.14305555555555555,0.569409808811305,0.4476534296028881,0.28400000000000003,0.15529991833830184,0.15454545454545454,0.5,0.0,0.0,0.0,0.0,0.0,0.0,0.0,0.0,0.0,0.0,0.0,0.0,1.0,0.0,0.0
3 BHK,972.78,1230.5,12,20,8,1,Semi-Furnished,1,3,2,2,6,Vitrified,0,0,0,0,0,Open,1,Tanker,2926.73,Kharadi,411014,Society,3.42,1.65,2.17,2.43,36992.22,9980574.58,10259.82,Broker,14,2,1,3,3,0,0,0,0,0,1,0,0,0,0,0,0,0,0,0,0.3411214058731192,0.3624068612232227,0.5714285714285714,0.8421052631578947,0.4,1.0,1.0,0.4000000000000001,0.4,0.4,0.5555555555555556,0.0,0.0,0.0,0.0,0.0,1.0,0.24401306157665992,0.232142857143117,0.44722222222222224,0.12053200332502076,0.7111913357400722,0.7240000000000001,0.16957619925948533,0.11818181818181817,0.5,0.0,0.0,0.0,0.0,0.0,1.0,0.0,0.0,0.0,0.0,0.0,0.0,0.0,0.0,0.0
2 BHK,455.87,506.58,2,11,10,1,Semi-Furnished,1,3,1,0,4,Marble,1,1,1,0,0,Stilt,0,Borewell,1486.82,Viman Nagar,411014,Society,2.24,5.83,1.45,1.79,24998.55,4372460.43,9591.47,Broker,30,2,1,2,2,0,0,0,0,0,0,0,0,0,0,0,0,0,1,0,0.09373923197672195,0.08146926420366349,0.09523809523809523,0.368421052631579,0.5,1.0,1.0,0.4000000000000001,0.2,0.0,0.3333333333333333,1.0,1.0,1.0,0.0,0.0,0.0,0.07880316304941462,0.232142857143117,0.2833333333333334,0.46799667497921854,0.45126353790613716,0.4680000000000001,0.1489337650737488,0.2636363636363636,0.5,0.0,0.0,0.0,0.0,0.0,0.0,0.0,0.0,0.0,0.0,0.0,0.0,0.0,1.0,0.0
3 BHK,980.93,1210.05,6,16,4,1,Semi-Furnished,1,3,2,1,5,Marble,1,0,0,0,0,Stilt,0,Corporation + Borewell,2708.44,Wakad,411057,Society,4.72,2.78,1.57,1.96,23199.58,6370685.0,6494.51,Broker,21,3,1,3,3,0,0,0,0,0,0,0,0,0,0,0,0,0,0,1,0.34502182319384356,0.3544706612853152,0.2857142857142857,0.631578947368421,0.2,1.0,1.0,0.4000000000000001,0.4,0.2,0.4444444444444445,1.0,0.0,0.0,0.0,0.0,0.0,0.21896728180604064,1.0,0.6277777777777778,0.21446384039900246,0.4945848375451264,0.536,0.05328209607418491,0.1818181818181818,1.0,0.0,0.0,0.0,0.0,0.0,0.0,0.0,0.0,0.0,0.0,0.0,0.0,0.0,0.0,1.0
3 BHK,1389.78,1538.18,6,12,5,1,Unfurnished,1,4,3,1,3,Wooden,1,1,0,0,0,Open,1,Not Specified,4115.43,Hinjewadi,411057,Society,5.78,1.38,2.16,2.45,36942.17,8928871.58,6424.68,Broker,48,3,0,3,3,0,0,0,1,0,0,0,0,0,0,0,0,0,0,0,0.5406887706267469,0.48181077305184733,0.2857142857142857,0.42105263157894735,0.25,1.0,1.0,0.6000000000000001,0.6000000000000001,0.2,0.2222222222222222,1.0,1.0,0.0,0.0,0.0,1.0,0.3804000624165294,1.0,0.775,0.09808811305070654,0.7075812274368232,0.7320000000000001,0.051125350089012506,0.42727272727272725,1.0,0.0,0.0,0.0,1.0,0.0,0.0,0.0,0.0,0.0,0.0,0.0,0.0,0.0,0.0,0.0
1 BHK,414.71,475.62,12,14,6,1,Semi-Furnished,1,2,1,0,1,Wooden,1,1,0,0,0,Covered,0,Tanker,1181.01,Nigdi,411044,Society,4.6,10.42,1.18,2.3,11786.7,2852816.47,6879.14,Owner,57,3,1,1,1,0,0,0,0,0,0,0,0,0,1,0,0,0,0,0,0.07404092806003292,0.0694543619993791,0.5714285714285714,0.5263157894736842,0.30000000000000004,1.0,1.0,0.2,0.2,0.0,0.0,1.0,1.0,0.0,0.0,0.0,0.0,0.04371566517203557,0.7678571428577925,0.611111111111111,0.8495428096425601,0.35379061371841153,0.6719999999999999,0.06516164939334379,0.5090909090909091,1.0,0.0,0.0,0.0,0.0,0.0,0.0,0.0,0.0,0.0,1.0,0.0,0.0,0.0,0.0,0.0
1 RK,340.1,432.35,2,12,2,1,Fully Furnished,1,2,1,1,2,Granite,1,1,1,1,1,Covered,0,Borewell,1121.8,Kalyani Nagar,411006,Society,2.6,4.86,0.87,1.99,22403.43,12633692.31,37146.85,Owner,23,1,2,1,1,0,0,0,0,1,0,0,0,0,0,0,0,0,0,0,0.03833416286994144,0.052662216702887316,0.09523809523809523,0.42105263157894735,0.1,1.0,1.0,0.2,0.2,0.2,0.1111111111111111,1.0,1.0,1.0,1.0,1.0,0.0,0.036922130790165736,0.089285714286234,0.33333333333333337,0.3873649210307564,0.24187725631768953,0.548,0.9999999999999999,0.19999999999999998,0.0,0.0,0.0,0.0,0.0,1.0,0.0,0.0,0.0,0.0,0.0,0.0,0.0,0.0,0.0,0.0
1 BHK,359.8,431.03,3,8,1,1,Fully Furnished,1,2,1,1,2,Wooden,0,0,1,0,1,Covered,1,Corporation + Borewell,1760.21,Kalyani Nagar,411006,Society,2.69,5.65,1.44,1.83,19434.79,10845105.73,30141.96,Builder,17,1,2,1,1,0,0,0,0,1,0,0,0,0,0,0,0,0,0,0,0.04776216547341018,0.05214995343061163,0.14285714285714285,0.21052631578947367,0.05,1.0,1.0,0.2,0.2,0.2,0.1111111111111111,0.0,0.0,1.0,0.0,1.0,1.0,0.11017091114364522,0.089285714286234,0.3458333333333333,0.4530340814630091,0.4476534296028881,0.4840000000000001,0.7836493142764662,0.14545454545454545,0.0,0.0,0.0,0.0,0.0,1.0,0.0,0.0,0.0,0.0,0.0,0.0,0.0,0.0,0.0,0.0
3 BHK,859.69,1086.71,6,14,10,1,Unfurnished,0,3,3,2,3,Granite,1,1,0,1,0,Bike,1,Not Specified,4452.05,Koregaon Park,411001,Society,2.19,6.03,1.42,1.09,48299.68,9697643.94,11280.36,Owner,32,1,0,3,3,0,0,0,0,0,0,1,0,0,0,0,0,0,0,0,0.28699892798346033,0.30660509158646393,0.2857142857142857,0.5263157894736842,0.5,1.0,0.0,0.4000000000000001,0.6000000000000001,0.4,0.2222222222222222,1.0,1.0,0.0,1.0,0.0,1.0,0.4190225846868389,0.0,0.2763888888888889,0.484621778886118,0.4404332129963898,0.18800000000000006,0.2010962557926065,0.2818181818181818,0.0,0.0,0.0,0.0,0.0,0.0,0.0,1.0,0.0,0.0,0.0,0.0,0.0,0.0,0.0,0.0
3 BHK,1181.44,1451.91,4,10,6,1,Unfurnished,0,3,3,2,4,Vitrified,1,1,1,1,0,Bike,0,Borewell,4889.92,Shivajinagar,411005,Society,0.77,6.71,1.51,1.12,42822.36,10704629.31,9060.7,Owner,13,2,0,3,3,0,0,0,0,0,0,0,0,0,0,0,0,1,0,0,0.4409816608599105,0.4483312635827384,0.19047619047619047,0.3157894736842105,0.30000000000000004,1.0,0.0,0.4000000000000001,0.6000000000000001,0.4,0.3333333333333333,1.0,1.0,1.0,1.0,0.0,0.0,0.4692621540127862,0.071428571429351,0.07916666666666668,0.541147132169576,0.47292418772563183,0.20000000000000007,0.1325405806752101,0.10909090909090909,0.5,0.0,0.0,0.0,0.0,0.0,0.0,0.0,0.0,0.0,0.0,0.0,0.0,1.0,0.0,0.0
1 BHK,404.31,501.19,9,20,9,1,Unfurnished,1,1,2,0,2,Wooden,1,1,0,1,1,Stilt,0,Municipal,1490.13,Pimple Saudagar,411027,Society,3.83,4.54,2.41,1.72,7733.02,4342013.06,10739.19,Broker,25,3,0,1,1,0,0,0,0,0,0,0,0,0,0,1,0,0,0,0,0.06906370841150121,0.07937752250853775,0.42857142857142855,0.8421052631578947,0.45,1.0,1.0,0.0,0.4,0.0,0.1111111111111111,1.0,1.0,0.0,1.0,1.0,0.0,0.07918294009390017,0.464285714286234,0.5041666666666667,0.3607647547797173,0.7978339350180507,0.44000000000000006,0.18438186047833252,0.21818181818181817,1.0,0.0,0.0,0.0,0.0,0.0,0.0,0.0,0.0,0.0,0.0,1.0,0.0,0.0,0.0,0.0
2 BHK,840.43,1003.03,7,19,12,1,Unfurnished,1,3,2,1,3,Vitrified,1,0,0,0,0,Open,1,Tanker,2326.96,Wakad,411057,Society,4.07,2.08,1.77,2.41,12972.98,4742983.13,5643.54,Owner,18,3,0,2,2,0,0,0,0,0,0,0,0,0,0,0,0,0,0,1,0.2777815000574294,0.27413070475007767,0.3333333333333333,0.7894736842105263,0.6000000000000001,1.0,1.0,0.4000000000000001,0.4,0.2,0.2222222222222222,1.0,0.0,0.0,0.0,0.0,1.0,0.1751976905884135,1.0,0.5375000000000001,0.15627597672485452,0.5667870036101084,0.7160000000000001,0.026999321750797167,0.15454545454545454,1.0,0.0,0.0,0.0,0.0,0.0,0.0,0.0,0.0,0.0,0.0,0.0,0.0,0.0,0.0,1.0
1 BHK,446.9,507.55,3,14,12,1,Semi-Furnished,1,1,1,0,1,Marble,1,1,1,0,0,Covered,0,Corporation + Borewell,1603.78,Pune Camp,411001,Society,1.39,7.52,1.45,2.12,7500.0,3199899.99,7160.24,Builder,9,3,1,1,1,0,0,0,0,0,0,0,0,0,0,0,1,0,0,0,0.08944638002986331,0.0818457000931388,0.14285714285714285,0.5263157894736842,0.6000000000000001,1.0,1.0,0.0,0.2,0.0,0.0,1.0,1.0,1.0,0.0,0.0,0.0,0.09222271686301867,0.0,0.16527777777777777,0.6084788029925186,0.45126353790613716,0.6000000000000001,0.07384360981768812,0.07272727272727272,1.0,0.0,0.0,0.0,0.0,0.0,0.0,0.0,0.0,0.0,0.0,0.0,1.0,0.0,0.0,0.0
1 BHK,392.06,455.71,6,17,14,1,Semi-Furnished,1,2,0,0,1,Ceramic,1,1,0,0,0,Bike,0,Municipal,998.45,Kharadi,411014,Society,3.7,2.01,2.15,1.65,20372.82,3108818.24,7929.35,Owner,20,2,1,1,1,0,0,0,0,0,1,0,0,0,0,0,0,0,0,0,0.06320111796010568,0.061727724309220744,0.2857142857142857,0.6842105263157894,0.7000000000000001,1.0,1.0,0.2,0.0,0.0,0.0,1.0,1.0,0.0,0.0,0.0,0.0,0.02276941222905031,0.232142857143117,0.48611111111111116,0.1504571903574397,0.703971119133574,0.41200000000000003,0.09759808360625968,0.17272727272727273,0.5,0.0,0.0,0.0,0.0,0.0,1.0,0.0,0.0,0.0,0.0,0.0,0.0,0.0,0.0,0.0
1 RK,469.08,552.91,6,8,9,1,Fully Furnished,1,1,2,1,2,Granite,1,1,1,0,1,Covered,1,Municipal,1877.36,Koregaon Park,411001,Society,2.61,5.27,1.48,1.47,22971.98,16156882.52,34443.46,Broker,14,1,2,1,1,0,0,0,0,0,0,1,0,0,0,0,0,0,0,0,0.10006125808798193,0.09944892890406706,0.2857142857142857,0.21052631578947367,0.45,1.0,1.0,0.0,0.4,0.2,0.1111111111111111,1.0,1.0,1.0,0.0,1.0,1.0,0.12361226484802035,0.0,0.3347222222222222,0.42144638403990015,0.4620938628158845,0.33999999999999997,0.9165040021644674,0.11818181818181817,0.0,0.0,0.0,0.0,0.0,0.0,0.0,1.0,0.0,0.0,0.0,0.0,0.0,0.0,0.0,0.0
3 BHK,814.93,932.78,8,12,8,1,Semi-Furnished,1,3,2,2,6,Marble,1,1,1,1,1,Covered,1,Tanker,3137.89,Aundh,411007,Society,3.15,5.0,1.77,1.67,21260.19,13270632.88,16284.48,Broker,68,2,1,3,3,1,0,0,0,0,0,0,0,0,0,0,0,0,0,0,0.26557774034227954,0.24686820863086,0.38095238095238093,0.42105263157894735,0.4,1.0,1.0,0.4000000000000001,0.4,0.4,0.5555555555555556,1.0,1.0,1.0,1.0,1.0,1.0,0.2682407717620278,0.107142857143117,0.4097222222222222,0.399002493765586,0.5667870036101084,0.42000000000000004,0.35565182960502173,0.6090909090909091,0.5,1.0,0.0,0.0,0.0,0.0,0.0,0.0,0.0,0.0,0.0,0.0,0.0,0.0,0.0,0.0
3 BHK,1036.05,1212.81,15,18,11,1,Semi-Furnished,0,3,4,2,5,Granite,1,1,0,1,0,Open,1,Municipal,2953.37,Wakad,411057,Society,4.65,3.33,2.26,2.11,28308.27,7705611.86,7437.51,Broker,29,3,1,3,3,0,0,0,0,0,0,0,0,0,0,0,0,0,0,1,0.37140108733106164,0.35554175721825526,0.7142857142857142,0.7368421052631579,0.55,1.0,0.0,0.4000000000000001,0.8,0.4,0.4444444444444445,1.0,1.0,0.0,1.0,0.0,1.0,0.24706963573529883,1.0,0.6180555555555556,0.26018287614297586,0.743682310469314,0.596,0.08240727814517995,0.2545454545454545,1.0,0.0,0.0,0.0,0.0,0.0,0.0,0.0,0.0,0.0,0.0,0.0,0.0,0.0,0.0,1.0
1 BHK,356.53,390.05,7,9,9,1,Semi-Furnished,1,1,3,0,1,Vitrified,1,1,1,0,1,Stilt,1,Municipal,865.29,Shivajinagar,411005,Society,0.48,5.77,0.53,1.08,16552.93,3303400.33,9265.49,Owner,8,2,1,1,1,0,0,0,0,0,0,0,0,0,0,0,0,1,0,0,0.0461972127569968,0.03624650729587087,0.3333333333333333,0.2631578947368421,0.45,1.0,1.0,0.0,0.6000000000000001,0.0,0.0,1.0,1.0,1.0,0.0,1.0,1.0,0.007491130886544184,0.071428571429351,0.03888888888888889,0.4630091438071487,0.11913357400722023,0.18400000000000005,0.13886565600534692,0.06363636363636363,0.5,0.0,0.0,0.0,0.0,0.0,0.0,0.0,0.0,0.0,0.0,0.0,0.0,1.0,0.0,0.0
4 BHK,1504.05,1678.96,4,10,15,1,Semi-Furnished,1,4,4,3,6,Vitrified,1,1,0,0,0,Not Specified,1,Borewell,6266.43,Kothrud,411038,Society,1.8,8.05,1.05,1.05,51659.39,12252537.89,8146.35,Broker,28,2,1,4,4,0,0,0,0,0,0,0,1,0,0,0,0,0,0,0,0.5953759715149891,0.536444427196523,0.19047619047619047,0.3157894736842105,0.75,1.0,1.0,0.6000000000000001,0.8,0.6000000000000001,0.5555555555555556,1.0,1.0,0.0,0.0,0.0,1.0,0.6271977731985259,0.6607142857146755,0.2222222222222222,0.6525353283458022,0.3068592057761733,0.17200000000000004,0.10430027290573576,0.24545454545454543,0.5,0.0,0.0,0.0,0.0,0.0,0.0,0.0,1.0,0.0,0.0,0.0,0.0,0.0,0.0,0.0
4 BHK,1664.07,1896.83,6,13,16,1,Unfurnished,1,4,4,2,6,Vitrified,0,1,0,1,0,Not Specified,1,Municipal,3036.54,Wakad,411057,Standalone,4.61,2.8,1.77,2.42,36246.2,14636326.29,8795.48,Owner,40,3,0,4,4,0,0,0,0,0,0,0,0,0,0,0,0,0,0,1,0.6719581530686474,0.620995032598572,0.2857142857142857,0.4736842105263157,0.8,1.0,1.0,0.6000000000000001,0.8,0.4,0.5555555555555556,0.0,1.0,0.0,1.0,0.0,1.0,0.2566122510796683,1.0,0.6125,0.2161263507896924,0.5667870036101084,0.72,0.12434908461066149,0.35454545454545455,1.0,0.0,0.0,0.0,0.0,0.0,0.0,0.0,0.0,0.0,0.0,0.0,0.0,0.0,0.0,1.0
3 BHK,758.55,863.75,2,9,11,1,Semi-Furnished,1,3,2,1,4,Granite,1,1,0,0,0,Covered,1,Borewell,3088.66,Wakad,411057,Society,4.9,0.94,1.9,2.36,18671.78,4892576.82,6449.88,Broker,19,3,1,3,3,0,0,0,0,0,0,0,0,0,0,0,0,0,0,1,0.2385954669014893,0.22007916796026084,0.09523809523809523,0.2631578947368421,0.55,1.0,1.0,0.4000000000000001,0.4,0.2,0.3333333333333333,1.0,1.0,0.0,0.0,0.0,1.0,0.2625923053269754,1.0,0.6527777777777778,0.06151288445552783,0.6137184115523465,0.696,0.051903668846371015,0.16363636363636364,1.0,0.0,0.0,0.0,0.0,0.0,0.0,0.0,0.0,0.0,0.0,0.0,0.0,0.0,0.0,1.0
2 BHK,657.58,825.71,3,8,3,1,Fully Furnished,1,2,3,1,4,Wooden,1,0,1,1,1,Covered,1,Not Specified,2423.73,Kharadi,411014,Society,4.69,1.18,1.7,2.49,37659.07,8128614.98,12361.41,Owner,14,2,2,2,2,0,0,0,0,0,1,0,0,0,0,0,0,0,0,0,0.19027336421761937,0.20531667184104319,0.14285714285714285,0.21052631578947367,0.15000000000000002,1.0,1.0,0.2,0.6000000000000001,0.2,0.3333333333333333,1.0,0.0,1.0,1.0,1.0,1.0,0.18630071916692292,0.232142857143117,0.6236111111111112,0.08146300914380714,0.5415162454873647,0.7480000000000001,0.2344852039133373,0.11818181818181817,0.5,0.0,0.0,0.0,0.0,0.0,1.0,0.0,0.0,0.0,0.0,0.0,0.0,0.0,0.0,0.0
2 BHK,845.71,1020.2,5,12,6,1,Fully Furnished,1,2,3,2,3,Marble,0,1,1,0,1,Open,1,Corporation + Borewell,4839.66,Baner,411045,Standalone,3.3,3.13,1.5,1.82,41738.46,22517507.3,26625.72,Broker,9,1,2,2,2,0,1,0,0,0,0,0,0,0,0,0,0,0,0,0,0.280308396186684,0.28079400807202737,0.23809523809523808,0.42105263157894735,0.30000000000000004,1.0,1.0,0.2,0.6000000000000001,0.4,0.2222222222222222,0.0,1.0,1.0,0.0,1.0,1.0,0.4634955092225012,0.7857142857146755,0.4305555555555555,0.24355777223607644,0.4693140794223827,0.4800000000000001,0.6750479036663756,0.07272727272727272,0.0,0.0,1.0,0.0,0.0,0.0,0.0,0.0,0.0,0.0,0.0,0.0,0.0,0.0,0.0,0.0
3 BHK,1266.69,1470.08,11,18,4,1,Semi-Furnished,1,3,2,2,6,Vitrified,1,1,0,0,0,Covered,1,Borewell,3358.42,Wakad,411057,Society,4.41,3.15,2.11,1.93,41000.43,11414730.26,9011.46,Broker,50,3,1,3,3,0,0,0,0,0,0,0,0,0,0,0,0,0,0,1,0.4817805046134998,0.45538264514126053,0.5238095238095237,0.7368421052631579,0.2,1.0,1.0,0.4000000000000001,0.4,0.4,0.5555555555555556,1.0,1.0,0.0,0.0,0.0,1.0,0.2935435607712113,1.0,0.5847222222222223,0.24522028262676637,0.6895306859205776,0.524,0.1310197705318635,0.44545454545454544,1.0,0.0,0.0,0.0,0.0,0.0,0.0,0.0,0.0,0.0,0.0,0.0,0.0,0.0,0.0,1.0
2 BHK,462.19,591.51,9,16,13,1,Unfurnished,0,3,2,1,3,Vitrified,1,1,1,1,1,Covered,0,Borewell,1605.32,Aundh,411007,Standalone,4.44,4.97,1.61,1.59,26327.5,4352139.49,9416.27,Owner,40,2,0,2,2,1,0,0,0,0,0,0,0,0,0,0,0,0,0,0,0.09676385007082967,0.11442874883576531,0.42857142857142855,0.631578947368421,0.65,1.0,0.0,0.4000000000000001,0.4,0.2,0.2222222222222222,1.0,1.0,1.0,1.0,1.0,0.0,0.09239941071453159,0.107142857143117,0.5888888888888889,0.3965087281795511,0.5090252707581228,0.3880000000000001,0.1435225965702087,0.35454545454545455,0.5,1.0,0.0,0.0,0.0,0.0,0.0,0.0,0.0,0.0,0.0,0.0,0.0,0.0,0.0,0.0
2 BHK,693.07,772.69,4,9,9,1,Fully Furnished,0,3,2,2,3,Granite,1,1,1,0,0,Covered,1,Tanker,3708.0,Baner,411045,Society,3.2,1.8,2.37,1.84,37111.46,21691443.25,31297.76,Owner,31,1,2,2,2,0,1,0,0,0,0,0,0,0,0,0,0,0,0,0,0.20725812626823387,0.18474076373796966,0.19047619047619047,0.2631578947368421,0.45,1.0,0.0,0.4000000000000001,0.4,0.4,0.2222222222222222,1.0,1.0,1.0,0.0,0.0,1.0,0.33365306506464243,0.7857142857146755,0.4166666666666667,0.13300083125519532,0.7833935018050542,0.4880000000000001,0.8193469658540442,0.2727272727272727,0.0,0.0,1.0,0.0,0.0,0.0,0.0,0.0,0.0,0.0,0.0,0.0,0.0,0.0,0.0,0.0
1 BHK,445.72,535.0,5,13,13,1,Semi-Furnished,0,1,0,0,2,Vitrified,1,1,0,0,0,Covered,0,Borewell,1431.98,Magarpatta,411013,Society,4.79,1.15,1.75,1.8,7500.0,2800000.0,6281.9,Broker,41,3,1,1,1,0,0,0,0,0,0,0,0,1,0,0,0,0,0,0,0.08888165703127994,0.09249844768705373,0.23809523809523808,0.4736842105263157,0.65,1.0,0.0,0.0,0.0,0.0,0.1111111111111111,1.0,1.0,0.0,0.0,0.0,0.0,0.07251102615527949,0.214285714286234,0.6375000000000001,0.07896924355777221,0.5595667870036102,0.4720000000000001,0.0467154948439471,0.3636363636363636,1.0,0.0,0.0,0.0,0.0,0.0,0.0,0.0,0.0,1.0,0.0,0.0,0.0,0.0,0.0,0.0
2 BHK,555.26,647.06,8,16,11,1,Semi-Furnished,1,2,2,1,4,Ceramic,1,1,0,0,0,Covered,0,Municipal,930.03,Hinjewadi,411057,Society,5.78,1.35,2.21,2.07,9512.03,6427788.66,11576.25,Owner,22,3,1,2,2,0,0,0,1,0,0,0,0,0,0,0,0,0,0,0,0.14130518013706495,0.1359864948773673,0.38095238095238093,0.631578947368421,0.55,1.0,1.0,0.2,0.4,0.2,0.3333333333333333,1.0,1.0,0.0,0.0,0.0,0.0,0.014919156826119481,1.0,0.775,0.09559434746467164,0.7256317689530686,0.58,0.2102350152019243,0.1909090909090909,1.0,0.0,0.0,0.0,1.0,0.0,0.0,0.0,0.0,0.0,0.0,0.0,0.0,0.0,0.0,0.0
2 BHK,887.81,1077.48,12,12,5,1,Semi-Furnished,1,2,2,1,4,Vitrified,1,1,1,1,0,Covered,1,Corporation + Borewell,2605.79,Aundh,411007,Society,3.55,4.36,1.6,1.74,27312.79,10094159.37,11369.67,Broker,56,2,1,2,2,1,0,0,0,0,0,0,0,0,0,0,0,0,0,0,0.3004565641869903,0.3030231294628998,0.5714285714285714,0.42105263157894735,0.25,1.0,1.0,0.2,0.4,0.2,0.3333333333333333,1.0,1.0,1.0,1.0,0.0,1.0,0.2071896039763001,0.107142857143117,0.4652777777777778,0.3458021612635079,0.5054151624548737,0.44800000000000006,0.20385465453148302,0.49999999999999994,0.5,1.0,0.0,0.0,0.0,0.0,0.0,0.0,0.0,0.0,0.0,0.0,0.0,0.0,0.0,0.0
4 BHK,1158.6,1330.95,8,14,4,1,Unfurnished,0,4,4,2,4,Not Specified,1,1,1,0,0,Open,0,Corporation + Borewell,3785.22,Hadapsar,411028,Society,5.69,2.23,2.22,2.19,25610.62,7688699.56,6636.22,Broker,18,3,0,4,4,0,0,1,0,0,0,0,0,0,0,0,0,0,0,0,0.43005092078563495,0.40138932008692957,0.38095238095238093,0.5263157894736842,0.2,1.0,0.0,0.6000000000000001,0.8,0.4,0.3333333333333333,1.0,1.0,1.0,0.0,0.0,0.0,0.3425129996190756,0.482142857143117,0.7625000000000001,0.16874480465502906,0.7292418772563178,0.628,0.05765890365772755,0.15454545454545454,1.0,0.0,0.0,1.0,0.0,0.0,0.0,0.0,0.0,0.0,0.0,0.0,0.0,0.0,0.0,0.0
1 BHK,375.82,472.37,3,13,11,1,Fully Furnished,1,1,0,1,2,Vitrified,1,1,1,0,1,Stilt,1,Municipal,1959.41,Kalyani Nagar,411006,Society,2.26,5.43,1.45,1.53,25493.47,5174780.97,13769.16,Broker,10,1,2,1,1,0,0,0,0,1,0,0,0,0,0,0,0,0,0,0,0.05542899804739844,0.06819310773051848,0.14285714285714285,0.4736842105263157,0.55,1.0,1.0,0.0,0.0,0.2,0.1111111111111111,1.0,1.0,1.0,0.0,1.0,1.0,0.13302637557310767,0.089285714286234,0.2861111111111111,0.4347464671654197,0.45126353790613716,0.3640000000000001,0.27796449878125173,0.08181818181818182,0.0,0.0,0.0,0.0,0.0,1.0,0.0,0.0,0.0,0.0,0.0,0.0,0.0,0.0,0.0,0.0
3 BHK,1086.26,1321.28,3,7,9,1,Unfurnished,1,4,3,2,4,Granite,1,1,1,0,1,Covered,1,Municipal,4085.72,Aundh,411007,Society,4.23,3.48,1.49,1.75,46706.02,11509244.51,10595.33,Not Specified,30,2,0,3,3,1,0,0,0,0,0,0,0,0,0,0,0,0,0,0,0.39543052949959795,0.3976366035392736,0.14285714285714285,0.15789473684210525,0.45,1.0,1.0,0.6000000000000001,0.6000000000000001,0.4,0.3333333333333333,1.0,1.0,1.0,0.0,1.0,1.0,0.37699124791753674,0.107142857143117,0.5597222222222223,0.2726517040731504,0.46570397111913353,0.45200000000000007,0.1799386487150946,0.2636363636363636,0.5,1.0,0.0,0.0,0.0,0.0,0.0,0.0,0.0,0.0,0.0,0.0,0.0,0.0,0.0,0.0
2 BHK,782.12,859.06,6,12,11,1,Unfurnished,1,2,2,1,3,Granite,1,1,0,1,0,Open,0,Corporation + Borewell,2363.68,Hadapsar,411028,Society,5.7,2.41,2.81,2.38,23148.14,4414594.89,5644.4,Builder,9,3,0,2,2,0,0,1,0,0,0,0,0,0,0,0,0,0,0,0,0.2498755695087867,0.21825908103073582,0.2857142857142857,0.42105263157894735,0.55,1.0,1.0,0.2,0.4,0.2,0.2222222222222222,1.0,1.0,0.0,1.0,0.0,0.0,0.17941080632059148,0.482142857143117,0.763888888888889,0.18370739817123855,0.9422382671480144,0.704,0.027025883422675284,0.07272727272727272,1.0,0.0,0.0,1.0,0.0,0.0,0.0,0.0,0.0,0.0,0.0,0.0,0.0,0.0,0.0,0.0
1 BHK,415.18,453.62,2,9,14,1,Semi-Furnished,1,1,1,0,1,Vitrified,0,0,1,1,0,Covered,1,Borewell,1725.76,Kharadi,411014,Society,5.2,1.11,2.64,2.0,14183.22,5387478.06,12976.37,Builder,68,2,1,1,1,0,0,0,0,0,1,0,0,0,0,0,0,0,0,0,0.07426586010184157,0.06091664079478426,0.09523809523809523,0.2631578947368421,0.7000000000000001,1.0,1.0,0.0,0.2,0.0,0.0,0.0,0.0,1.0,1.0,0.0,1.0,0.10621824673804792,0.232142857143117,0.6944444444444445,0.07564422277639235,0.8808664259927799,0.552,0.2534786524460829,0.6090909090909091,0.5,0.0,0.0,0.0,0.0,0.0,1.0,0.0,0.0,0.0,0.0,0.0,0.0,0.0,0.0,0.0
3 BHK,1229.87,1369.7,13,14,14,1,Unfurnished,1,3,2,1,5,Marble,1,1,0,0,0,Covered,1,Municipal,4084.84,Hadapsar,411028,Society,4.62,3.03,2.21,2.28,23162.38,8274854.6,6728.25,Builder,7,3,0,3,3,0,0,1,0,0,0,0,0,0,0,0,0,0,0,0,0.464159232742448,0.4164273517541138,0.6190476190476191,0.5263157894736842,0.7000000000000001,1.0,1.0,0.4000000000000001,0.4,0.2,0.4444444444444445,1.0,1.0,0.0,0.0,0.0,1.0,0.37689028000238656,0.482142857143117,0.6138888888888889,0.23524522028262673,0.7256317689530686,0.6639999999999999,0.06050131140533482,0.054545454545454536,1.0,0.0,0.0,1.0,0.0,0.0,0.0,0.0,0.0,0.0,0.0,0.0,0.0,0.0,0.0,0.0
2 BHK,774.46,921.71,12,15,14,1,Semi-Furnished,1,2,2,1,3,Marble,1,1,0,1,1,Covered,1,Municipal,2159.26,Shivajinagar,411005,Society,1.51,6.34,0.8,1.15,36089.95,12035954.58,15541.08,Owner,22,2,1,2,2,0,0,0,0,0,0,0,0,0,0,0,0,1,0,0,0.24620965580611814,0.24257218255200252,0.5714285714285714,0.5789473684210527,0.7000000000000001,1.0,1.0,0.2,0.4,0.2,0.2222222222222222,1.0,1.0,0.0,1.0,1.0,1.0,0.15595641857626064,0.071428571429351,0.18194444444444444,0.510390689941812,0.21660649819494587,0.21199999999999997,0.3326914262629458,0.1909090909090909,0.5,0.0,0.0,0.0,0.0,0.0,0.0,0.0,0.0,0.0,0.0,0.0,0.0,1.0,0.0,0.0
3 BHK,691.59,850.95,10,18,9,1,Semi-Furnished,1,4,3,2,5,Ceramic,1,1,0,0,0,Covered,0,Municipal,2108.94,Pune Camp,411001,Society,2.66,6.19,1.26,1.92,18096.17,5153936.37,7452.29,Broker,17,3,1,3,3,0,0,0,0,0,0,0,0,0,0,0,1,0,0,0,0.20654982962594282,0.21511176653213293,0.47619047619047616,0.7368421052631579,0.45,1.0,1.0,0.6000000000000001,0.6000000000000001,0.4,0.4444444444444445,1.0,1.0,0.0,0.0,0.0,0.0,0.1501828896099426,0.0,0.3416666666666667,0.4979218620116376,0.38267148014440433,0.52,0.0828637682735037,0.14545454545454545,1.0,0.0,0.0,0.0,0.0,0.0,0.0,0.0,0.0,0.0,0.0,0.0,1.0,0.0,0.0,0.0
3 BHK,982.97,1106.2,6,15,12,1,Semi-Furnished,1,3,2,2,5,Marble,1,1,1,1,1,Covered,1,Corporation + Borewell,3154.39,Kothrud,411038,Society,1.84,6.84,1.05,1.19,37339.65,9377222.38,9539.67,Broker,26,2,1,3,3,0,0,0,0,0,0,0,1,0,0,0,0,0,0,0,0.34599812397105556,0.3141687364172618,0.2857142857142857,0.5789473684210527,0.6000000000000001,1.0,1.0,0.4000000000000001,0.4,0.4,0.4444444444444445,1.0,1.0,1.0,1.0,1.0,1.0,0.2701339201710947,0.6607142857146755,0.2277777777777778,0.5519534497090606,0.3068592057761733,0.22799999999999998,0.14733388762806746,0.22727272727272727,0.5,0.0,0.0,0.0,0.0,0.0,0.0,0.0,1.0,0.0,0.0,0.0,0.0,0.0,0.0,0.0
1 BHK,429.48,469.36,9,13,4,1,Fully Furnished,0,1,0,1,1,Vitrified,1,1,0,1,0,Stilt,1,Municipal,2127.39,Kalyani Nagar,411006,Society,2.11,5.13,1.58,1.23,27520.1,5209123.76,12129.02,Owner,13,1,2,1,1,0,0,0,0,1,0,0,0,0,0,0,0,0,0,0,0.0811095371185727,0.0670249922384353,0.42857142857142855,0.4736842105263157,0.2,1.0,0.0,0.0,0.0,0.2,0.0,1.0,1.0,0.0,1.0,0.0,1.0,0.15229977374008105,0.089285714286234,0.2652777777777778,0.4098088113050706,0.49819494584837554,0.244,0.22730768422990302,0.10909090909090909,0.0,0.0,0.0,0.0,0.0,1.0,0.0,0.0,0.0,0.0,0.0,0.0,0.0,0.0,0.0,0.0
2 BHK,642.77,757.6,5,5,6,1,Unfurnished,0,3,0,2,3,Granite,0,1,1,1,1,Stilt,1,Borewell,2817.71,Kalyani Nagar,411006,Standalone,1.07,5.28,1.82,1.68,39939.59,16784521.2,26112.76,Owner,3,1,0,2,2,0,0,0,0,1,0,0,0,0,0,0,0,0,0,0,0.18318561200658523,0.1788846631480907,0.23809523809523808,0.05263157894736842,0.30000000000000004,1.0,0.0,0.4000000000000001,0.0,0.4,0.2222222222222222,0.0,1.0,1.0,1.0,1.0,1.0,0.23150451372475228,0.089285714286234,0.12083333333333336,0.4222776392352452,0.5848375451263538,0.42400000000000004,0.6592047929610334,0.01818181818181818,0.0,0.0,0.0,0.0,0.0,1.0,0.0,0.0,0.0,0.0,0.0,0.0,0.0,0.0,0.0,0.0
3 BHK,881.33,975.18,7,7,9,1,Semi-Furnished,1,3,3,2,5,Wooden,0,1,0,1,1,Covered,0,Municipal,2191.16,Kharadi,411014,Standalone,4.39,1.66,2.35,1.87,42050.51,9766150.12,11081.13,Not Specified,72,2,1,3,3,0,0,0,0,0,1,0,0,0,0,0,0,0,0,0,0.2973553734829052,0.2633227258615337,0.3333333333333333,0.15789473684210525,0.45,1.0,1.0,0.4000000000000001,0.6000000000000001,0.4,0.4444444444444445,0.0,1.0,0.0,1.0,1.0,0.0,0.15961650550045664,0.232142857143117,0.5819444444444444,0.12136325852036572,0.776173285198556,0.5000000000000001,0.19494290475972806,0.6454545454545455,0.5,0.0,0.0,0.0,0.0,0.0,1.0,0.0,0.0,0.0,0.0,0.0,0.0,0.0,0.0,0.0
1 RK,431.72,529.67,8,13,4,1,Semi-Furnished,1,2,1,0,2,Vitrified,1,1,0,1,0,Covered,0,Municipal,800.0,Hadapsar,411028,Society,5.13,2.11,2.42,2.18,15569.79,3246855.17,7520.8,Owner,47,3,1,1,1,0,0,1,0,0,0,0,0,0,0,0,0,0,0,0,0.08218155365825645,0.09042999068612234,0.38095238095238093,0.4736842105263157,0.2,1.0,1.0,0.2,0.2,0.0,0.1111111111111111,1.0,1.0,0.0,1.0,0.0,0.0,0.0,0.482142857143117,0.6847222222222222,0.15876974231088942,0.8014440433212996,0.6240000000000001,0.08497974518090973,0.41818181818181815,1.0,0.0,0.0,1.0,0.0,0.0,0.0,0.0,0.0,0.0,0.0,0.0,0.0,0.0,0.0,0.0
2 BHK,892.72,1062.81,6,10,7,1,Fully Furnished,1,2,1,1,3,Wooden,1,1,1,1,0,Bike,0,Corporation + Borewell,3588.06,Kothrud,411038,Society,1.97,7.23,0.8,1.54,32547.34,17022283.67,19067.91,Owner,20,2,2,2,2,0,0,0,0,0,0,0,1,0,0,0,0,0,0,0,0.3028063861556721,0.29733002173238127,0.2857142857142857,0.3157894736842105,0.35000000000000003,1.0,1.0,0.2,0.2,0.2,0.2222222222222222,1.0,1.0,1.0,1.0,0.0,0.0,0.31989159717473414,0.6607142857146755,0.24583333333333335,0.5843724023275145,0.21660649819494587,0.3680000000000001,0.44161991606511686,0.17272727272727273,0.5,0.0,0.0,0.0,0.0,0.0,0.0,0.0,1.0,0.0,0.0,0.0,0.0,0.0,0.0,0.0
3 BHK,1016.42,1107.25,5,14,2,1,Fully Furnished,1,3,3,2,4,Granite,1,1,0,0,0,Covered,1,Municipal,1798.82,Hadapsar,411028,Society,5.08,2.01,2.53,2.09,28930.99,10049829.0,9887.5,Broker,48,3,2,3,3,0,0,1,0,0,0,0,0,0,0,0,0,0,0,0,0.36200658524445806,0.3145762185656629,0.23809523809523808,0.5263157894736842,0.1,1.0,1.0,0.4000000000000001,0.6000000000000001,0.4,0.3333333333333333,1.0,1.0,0.0,0.0,0.0,1.0,0.11460087842086181,0.482142857143117,0.6777777777777778,0.1504571903574397,0.8411552346570397,0.588,0.15807684847616307,0.42727272727272725,1.0,0.0,0.0,1.0,0.0,0.0,0.0,0.0,0.0,0.0,0.0,0.0,0.0,0.0,0.0,0.0
3 BHK,1218.45,1506.7,7,19,18,1,Unfurnished,1,4,4,2,6,Vitrified,0,0,0,1,1,Not Specified,0,Municipal,4355.66,Kharadi,411014,Society,4.61,2.69,2.7,2.3,38253.75,13802751.05,11328.1,Broker,24,2,0,3,3,0,0,0,0,0,1,0,0,0,0,0,0,0,0,0,0.4586938627053104,0.4695940701645453,0.3333333333333333,0.7894736842105263,0.9,1.0,1.0,0.6000000000000001,0.8,0.4,0.5555555555555556,0.0,0.0,0.0,1.0,1.0,0.0,0.40796315588987153,0.232142857143117,0.6125,0.20698254364089771,0.9025270758122744,0.6719999999999999,0.20257073743849122,0.20909090909090908,0.5,0.0,0.0,0.0,0.0,0.0,1.0,0.0,0.0,0.0,0.0,0.0,0.0,0.0,0.0,0.0
5 BHK,1695.05,1962.28,12,15,16,1,Unfurnished,0,5,5,2,8,Marble,0,0,0,1,0,Covered,1,Corporation + Borewell,6338.49,Wakad,411057,Society,4.2,1.92,1.71,2.17,47377.66,14528656.41,8571.23,Owner,42,3,0,5,5,0,0,0,0,0,0,0,0,0,0,0,0,0,0,1,0.6867845246755236,0.6463947531822416,0.5714285714285714,0.5789473684210527,0.8,1.0,0.0,0.8,1.0,0.4,0.7777777777777777,0.0,0.0,0.0,1.0,0.0,1.0,0.6354656686141236,1.0,0.5555555555555556,0.14297589359933496,0.5451263537906137,0.62,0.11742297424011996,0.3727272727272727,1.0,0.0,0.0,0.0,0.0,0.0,0.0,0.0,0.0,0.0,0.0,0.0,0.0,0.0,0.0,1.0
1 BHK,352.71,394.46,1,13,1,1,Unfurnished,0,1,2,0,2,Marble,0,1,0,0,1,Covered,1,Municipal,1812.36,Aundh,411007,Standalone,2.78,4.87,1.38,1.25,10201.78,3262752.98,9250.63,Broker,61,2,0,1,1,1,0,0,0,0,0,0,0,0,0,0,0,0,0,0,0.044369041693786124,0.03795793231915556,0.047619047619047616,0.4736842105263157,0.05,1.0,0.0,0.0,0.4,0.0,0.1111111111111111,0.0,1.0,0.0,0.0,1.0,1.0,0.11615440747896882,0.107142857143117,0.35833333333333334,0.38819617622610136,0.42599277978339345,0.252,0.13840669502382522,0.5454545454545455,0.5,1.0,0.0,0.0,0.0,0.0,0.0,0.0,0.0,0.0,0.0,0.0,0.0,0.0,0.0,0.0
2 BHK,641.16,742.04,8,14,15,1,Unfurnished,1,3,2,1,2,Vitrified,1,1,0,0,0,Covered,0,Municipal,1889.08,Magarpatta,411013,Society,4.84,1.12,1.46,2.16,19029.77,4560552.7,7113.03,Owner,62,3,0,2,2,0,0,0,0,0,0,0,0,1,0,0,0,0,0,0,0.1824151001186875,0.17284616578702267,0.38095238095238093,0.5263157894736842,0.75,1.0,1.0,0.4000000000000001,0.4,0.2,0.1111111111111111,1.0,1.0,0.0,0.0,0.0,0.0,0.12495697389979393,0.214285714286234,0.6444444444444445,0.07647547797173732,0.4548736462093863,0.6160000000000001,0.07238549757423987,0.5545454545454546,1.0,0.0,0.0,0.0,0.0,0.0,0.0,0.0,0.0,1.0,0.0,0.0,0.0,0.0,0.0,0.0
3 BHK,799.37,920.63,12,14,3,1,Semi-Furnished,1,3,4,2,5,Vitrified,1,1,0,0,0,Stilt,0,Corporation + Borewell,1739.87,Pimple Saudagar,411027,Society,4.53,3.66,1.6,2.3,24987.18,9927976.06,12419.69,Broker,57,3,1,3,3,0,0,0,0,0,0,0,0,0,0,1,0,0,0,0,0.25813105402197634,0.24215305805650422,0.5714285714285714,0.5263157894736842,0.15000000000000002,1.0,1.0,0.4000000000000001,0.8,0.4,0.4444444444444445,1.0,1.0,0.0,0.0,0.0,0.0,0.10783717546846816,0.464285714286234,0.601388888888889,0.2876142975893599,0.5054151624548737,0.6719999999999999,0.23628522046805375,0.5090909090909091,1.0,0.0,0.0,0.0,0.0,0.0,0.0,0.0,0.0,0.0,0.0,1.0,0.0,0.0,0.0,0.0
3 BHK,968.86,1167.07,4,10,13,1,Unfurnished,0,3,2,2,5,Marble,1,1,1,0,0,Not Specified,1,Municipal,2277.45,Pimple Saudagar,411027,Society,3.66,5.31,1.65,2.31,17643.92,5154016.83,5319.67,Broker,30,3,0,3,3,0,0,0,0,0,0,0,0,0,0,1,0,0,0,0,0.3392453769286726,0.3377910586774294,0.19047619047619047,0.3157894736842105,0.65,1.0,0.0,0.4000000000000001,0.4,0.4,0.4444444444444445,1.0,1.0,1.0,0.0,0.0,1.0,0.16951709799854053,0.464285714286234,0.4805555555555556,0.42477140482128006,0.5234657039711191,0.676,0.016996381435491592,0.2636363636363636,1.0,0.0,0.0,0.0,0.0,0.0,0.0,0.0,0.0,0.0,0.0,1.0,0.0,0.0,0.0,0.0
1 BHK,403.58,447.04,4,13,6,1,Semi-Furnished,1,2,2,0,1,Vitrified,0,1,0,0,1,Open,0,Municipal,1401.1,Kharadi,411014,Standalone,4.29,2.12,1.66,2.18,18578.32,4856179.95,12032.66,Owner,23,2,1,1,1,0,0,0,0,0,1,0,0,0,0,0,0,0,0,0,0.06871434587847926,0.05836308599813725,0.19047619047619047,0.4736842105263157,0.30000000000000004,1.0,1.0,0.2,0.4,0.0,0.0,0.0,1.0,0.0,0.0,1.0,0.0,0.06896797022364393,0.232142857143117,0.5680555555555555,0.1596009975062344,0.5270758122743682,0.6240000000000001,0.22433154155295595,0.19999999999999998,0.5,0.0,0.0,0.0,0.0,0.0,1.0,0.0,0.0,0.0,0.0,0.0,0.0,0.0,0.0,0.0
1 BHK,382.72,467.07,3,12,13,1,Semi-Furnished,1,2,0,0,2,Vitrified,1,1,1,1,0,Covered,1,Not Specified,1334.0,Viman Nagar,411014,Society,2.41,6.11,1.67,1.95,19891.69,5599023.58,14629.66,Owner,21,2,1,1,1,0,0,0,0,0,0,0,0,0,0,0,0,0,1,0,0.05873119185267432,0.06613629307668428,0.14285714285714285,0.42105263157894735,0.65,1.0,1.0,0.2,0.0,0.0,0.1111111111111111,1.0,1.0,1.0,1.0,0.0,1.0,0.06126916669343846,0.232142857143117,0.30694444444444446,0.49127182044887774,0.5306859205776173,0.532,0.30454161349184683,0.1818181818181818,0.5,0.0,0.0,0.0,0.0,0.0,0.0,0.0,0.0,0.0,0.0,0.0,0.0,0.0,1.0,0.0
3 BHK,1155.49,1362.3,9,14,11,1,Semi-Furnished,1,3,2,2,4,Granite,1,1,0,1,0,Covered,1,Corporation + Borewell,5296.18,Aundh,411007,Society,3.14,3.83,1.18,1.85,61202.51,11372762.22,9842.34,Broker,79,2,1,3,3,1,0,0,0,0,0,0,0,0,0,0,0,0,0,0,0.428562540679199,0.41355557280347727,0.42857142857142855,0.5263157894736842,0.55,1.0,1.0,0.4000000000000001,0.4,0.4,0.3333333333333333,1.0,1.0,0.0,1.0,0.0,1.0,0.5158749099320303,0.107142857143117,0.4083333333333334,0.3017456359102244,0.35379061371841153,0.4920000000000001,0.1566820518459127,0.7090909090909091,0.5,1.0,0.0,0.0,0.0,0.0,0.0,0.0,0.0,0.0,0.0,0.0,0.0,0.0,0.0,0.0
1 BHK,458.49,564.13,0,16,18,1,Semi-Furnished,1,1,2,0,1,Vitrified,1,1,0,0,0,Stilt,1,Borewell,2285.0,Wakad,411057,Society,5.11,4.28,1.86,2.23,10196.24,3320631.85,7242.6,Owner,14,3,1,1,1,0,0,0,0,0,0,0,0,0,0,0,0,0,0,1,0.09499310846510205,0.10380316671841044,0.0,0.631578947368421,0.9,1.0,1.0,0.0,0.4,0.0,0.0,1.0,1.0,0.0,0.0,0.0,1.0,0.17038335681602268,1.0,0.6819444444444445,0.3391521197007481,0.5992779783393503,0.644,0.07638735318499157,0.11818181818181817,1.0,0.0,0.0,0.0,0.0,0.0,0.0,0.0,0.0,0.0,0.0,0.0,0.0,0.0,0.0,1.0
3 BHK,954.35,1122.13,8,14,12,1,Semi-Furnished,1,4,3,1,4,Vitrified,1,1,1,0,1,Covered,0,Borewell,3499.4,Hadapsar,411028,Society,5.8,2.32,2.67,2.08,25033.9,6497327.42,6808.1,Broker,24,3,1,3,3,0,0,1,0,0,0,0,0,0,0,0,0,0,0,0,0.33230119836134614,0.32035082272586163,0.38095238095238093,0.5263157894736842,0.6000000000000001,1.0,1.0,0.6000000000000001,0.6000000000000001,0.2,0.3333333333333333,1.0,1.0,1.0,0.0,1.0,0.0,0.30971907972334795,0.482142857143117,0.7777777777777778,0.1762261014131338,0.8916967509025271,0.5840000000000001,0.06296753175355219,0.20909090909090908,1.0,0.0,0.0,1.0,0.0,0.0,0.0,0.0,0.0,0.0,0.0,0.0,0.0,0.0,0.0,0.0
3 BHK,1039.71,1123.48,0,11,9,1,Fully Furnished,1,4,3,2,5,Wooden,1,1,0,1,1,Covered,0,Corporation + Borewell,2716.57,Kothrud,411038,Society,1.36,7.47,0.57,1.36,56964.32,19166397.82,18434.45,Broker,19,2,2,3,3,0,0,0,0,0,0,0,1,0,0,0,0,0,0,0,0.373152685784295,0.32087472834523445,0.0,0.368421052631579,0.45,1.0,1.0,0.6000000000000001,0.6000000000000001,0.4,0.4444444444444445,1.0,1.0,0.0,1.0,1.0,0.0,0.21990008765850816,0.6607142857146755,0.16111111111111112,0.6043225270157937,0.13357400722021656,0.29600000000000004,0.4220550827303422,0.16363636363636364,0.5,0.0,0.0,0.0,0.0,0.0,0.0,0.0,1.0,0.0,0.0,0.0,0.0,0.0,0.0,0.0
2 BHK,527.85,671.29,4,16,4,1,Fully Furnished,1,3,3,1,3,Granite,1,1,0,1,0,Covered,0,Corporation + Borewell,1529.29,Kharadi,411014,Society,3.86,1.79,2.06,1.52,32216.96,7216600.78,13671.81,Broker,6,2,2,2,2,0,0,0,0,0,1,0,0,0,0,0,0,0,0,0,0.12818733489030976,0.1453896305495188,0.19047619047619047,0.631578947368421,0.2,1.0,1.0,0.4000000000000001,0.6000000000000001,0.2,0.2222222222222222,1.0,1.0,0.0,1.0,0.0,0.0,0.08367601231808564,0.232142857143117,0.5083333333333333,0.13216957605985036,0.6714801444043321,0.3600000000000001,0.27495777929597986,0.045454545454545456,0.5,0.0,0.0,0.0,0.0,0.0,1.0,0.0,0.0,0.0,0.0,0.0,0.0,0.0,0.0,0.0
1 BHK,432.58,537.97,6,15,10,1,Semi-Furnished,1,1,2,0,1,Granite,1,1,1,1,0,Covered,1,Municipal,1574.82,Kharadi,411014,Society,4.18,2.68,1.25,1.76,17672.4,3969520.21,9176.37,Broker,23,2,1,1,1,0,0,0,0,0,1,0,0,0,0,0,0,0,0,0,0.08259313143688503,0.09365104004967406,0.2857142857142857,0.5789473684210527,0.5,1.0,1.0,0.0,0.4,0.0,0.0,1.0,1.0,1.0,1.0,0.0,1.0,0.08889995456443817,0.232142857143117,0.5527777777777777,0.20615128844555278,0.37906137184115524,0.45600000000000007,0.1361131255428156,0.19999999999999998,0.5,0.0,0.0,0.0,0.0,0.0,1.0,0.0,0.0,0.0,0.0,0.0,0.0,0.0,0.0,0.0
1 RK,410.05,504.52,5,7,7,1,Fully Furnished,1,1,2,0,1,Vitrified,1,1,1,0,0,Not Specified,1,Municipal,1226.78,Viman Nagar,411014,Standalone,2.48,5.79,1.66,1.41,19337.32,5644645.18,13765.61,Broker,40,2,2,1,1,0,0,0,0,0,0,0,0,0,0,0,0,0,1,0,0.07181075079444084,0.08066982303632414,0.23809523809523808,0.15789473684210525,0.35000000000000003,1.0,1.0,0.0,0.4,0.0,0.0,1.0,1.0,1.0,0.0,0.0,1.0,0.048967144122519984,0.232142857143117,0.31666666666666665,0.4646716541978387,0.5270758122743682,0.31599999999999995,0.2778548546705921,0.35454545454545455,0.5,0.0,0.0,0.0,0.0,0.0,0.0,0.0,0.0,0.0,0.0,0.0,0.0,0.0,1.0,0.0
4 BHK,1304.68,1491.84,12,14,5,1,Semi-Furnished,1,4,4,2,6,Marble,0,0,0,0,0,Covered,1,Corporation + Borewell,3575.63,Hadapsar,411028,Standalone,5.48,2.97,2.12,2.06,37703.12,10273116.71,7874.05,Not Specified,9,3,1,4,4,0,0,1,0,0,0,0,0,0,0,0,0,0,0,0,0.49996171369501136,0.46382722756907796,0.5714285714285714,0.5263157894736842,0.25,1.0,1.0,0.6000000000000001,0.8,0.4,0.5555555555555556,0.0,0.0,0.0,0.0,0.0,1.0,0.3184654253732371,0.482142857143117,0.7333333333333334,0.23025768911055694,0.6931407942238268,0.5760000000000001,0.09589010633316739,0.07272727272727272,1.0,0.0,0.0,1.0,0.0,0.0,0.0,0.0,0.0,0.0,0.0,0.0,0.0,0.0,0.0,0.0
1 BHK,380.74,423.24,4,13,4,1,Unfurnished,1,2,1,0,1,Granite,0,1,0,1,0,Covered,0,Tanker,800.0,Wakad,411057,Standalone,4.38,2.03,2.13,2.54,7500.0,3581769.77,9407.3,Owner,17,3,0,1,1,0,0,0,0,0,0,0,0,0,0,0,0,0,0,1,0.057783605804203844,0.049126823967711925,0.19047619047619047,0.4736842105263157,0.2,1.0,1.0,0.2,0.2,0.0,0.0,0.0,1.0,0.0,1.0,0.0,0.0,0.0,1.0,0.5805555555555556,0.15211970074812964,0.6967509025270758,0.768,0.143245552155387,0.14545454545454545,1.0,0.0,0.0,0.0,0.0,0.0,0.0,0.0,0.0,0.0,0.0,0.0,0.0,0.0,0.0,1.0
3 BHK,728.29,866.45,19,19,7,1,Semi-Furnished,1,4,3,2,4,Granite,1,1,0,1,1,Stilt,1,Corporation + Borewell,2450.66,Kothrud,411038,Society,1.98,6.99,1.22,1.98,38238.2,7084644.75,9727.79,Not Specified,18,2,1,3,3,0,0,0,0,0,0,0,1,0,0,0,0,0,0,0,0.22411367203951144,0.2211269791990066,0.9047619047619047,0.7894736842105263,0.35000000000000003,1.0,1.0,0.6000000000000001,0.6000000000000001,0.4,0.3333333333333333,1.0,1.0,0.0,1.0,1.0,1.0,0.18939056684305455,0.6607142857146755,0.24722222222222223,0.5644222776392351,0.36823104693140796,0.544,0.1531440989230787,0.15454545454545454,0.5,0.0,0.0,0.0,0.0,0.0,0.0,0.0,1.0,0.0,0.0,0.0,0.0,0.0,0.0,0.0
1 RK,526.45,822.615,9,17,8,1,Unfurnished,1,2,1,0,2,Ceramic,1,1,1,1,0,Stilt,1,Municipal,2426.6,Pune Camp,411001,Society,2.24,6.2,1.54,1.65,11489.33,3530692.77,6706.59,Broker,26,3,0,1,1,0,0,0,0,0,0,0,0,0,0,0,1,0,0,0,0.1275173245530074,0.2041155696988513,0.42857142857142855,0.6842105263157894,0.4,1.0,1.0,0.2,0.2,0.0,0.1111111111111111,1.0,1.0,1.0,1.0,0.0,1.0,0.18663001225383336,0.0,0.2833333333333334,0.49875311720698245,0.48375451263537905,0.41200000000000003,0.059832327901986226,0.22727272727272727,1.0,0.0,0.0,0.0,0.0,0.0,0.0,0.0,0.0,0.0,0.0,0.0,1.0,0.0,0.0,0.0
4 BHK,1296.92,1443.59,4,11,11,1,Semi-Furnished,1,4,4,3,7,Marble,0,1,1,0,0,Open,1,Municipal,3366.59,Hinjewadi,411057,Standalone,5.72,1.49,1.92,2.21,36235.35,7800529.06,6014.67,Broker,18,3,1,4,4,0,0,0,1,0,0,0,0,0,0,0,0,0,0,0,0.49624794211110695,0.4451024526544552,0.19047619047619047,0.368421052631579,0.55,1.0,1.0,0.6000000000000001,0.8,0.6000000000000001,0.6666666666666665,0.0,1.0,1.0,0.0,0.0,1.0,0.2944809560743675,1.0,0.7666666666666666,0.10723192019950123,0.6209386281588447,0.636,0.03846191859279971,0.15454545454545454,1.0,0.0,0.0,0.0,1.0,0.0,0.0,0.0,0.0,0.0,0.0,0.0,0.0,0.0,0.0,0.0
2 BHK,678.58,862.61,6,13,9,1,Semi-Furnished,1,3,2,1,2,Vitrified,1,1,0,0,0,Covered,0,Municipal,1977.76,Shivajinagar,411005,Society,1.55,6.09,1.04,1.59,28480.63,5664502.27,8347.53,Builder,2,2,1,2,2,0,0,0,0,0,0,0,0,0,0,0,0,1,0,0,0.20032351927715458,0.2196367587705682,0.2857142857142857,0.4736842105263157,0.45,1.0,1.0,0.4000000000000001,0.4,0.2,0.1111111111111111,1.0,1.0,0.0,0.0,0.0,0.0,0.1351317860765245,0.071428571429351,0.1875,0.48960931005818775,0.3032490974729242,0.3880000000000001,0.11051385098531455,0.00909090909090909,0.5,0.0,0.0,0.0,0.0,0.0,0.0,0.0,0.0,0.0,0.0,0.0,0.0,1.0,0.0,0.0
1 BHK,525.65,599.56,14,18,1,1,Semi-Furnished,1,2,1,0,2,Vitrified,0,0,1,0,0,Covered,1,Borewell,1976.63,Aundh,411007,Standalone,4.09,2.4,1.68,1.52,29384.68,4852986.31,9232.3,Broker,11,2,1,1,1,1,0,0,0,0,0,0,0,0,0,0,0,0,0,0,0.1271344615031203,0.11755277864017386,0.6666666666666666,0.7368421052631579,0.05,1.0,1.0,0.2,0.2,0.0,0.1111111111111111,0.0,0.0,1.0,0.0,0.0,1.0,0.13500213409457024,0.107142857143117,0.5402777777777777,0.18287614297589358,0.5342960288808665,0.3600000000000001,0.13784056078484183,0.0909090909090909,0.5,1.0,0.0,0.0,0.0,0.0,0.0,0.0,0.0,0.0,0.0,0.0,0.0,0.0,0.0,0.0
4 BHK,1450.19,1707.82,6,12,9,1,Semi-Furnished,1,4,5,2,5,Ceramic,1,0,0,1,0,Not Specified,0,Municipal,5413.68,Viman Nagar,411014,Society,2.3,5.74,1.57,1.56,42205.17,18144737.65,12511.95,Broker,27,2,1,4,4,0,0,0,0,0,0,0,0,0,0,0,0,0,1,0,0.5695997166813431,0.547644365104005,0.2857142857142857,0.42105263157894735,0.45,1.0,1.0,0.6000000000000001,1.0,0.4,0.4444444444444445,1.0,0.0,0.0,1.0,0.0,0.0,0.5293564213299311,0.232142857143117,0.29166666666666663,0.4605153782211138,0.4945848375451264,0.3760000000000001,0.2391347319186052,0.23636363636363636,0.5,0.0,0.0,0.0,0.0,0.0,0.0,0.0,0.0,0.0,0.0,0.0,0.0,0.0,1.0,0.0
3 BHK,914.28,1053.74,11,12,15,1,Semi-Furnished,1,3,3,1,3,Vitrified,1,1,0,1,0,Covered,1,Corporation + Borewell,3513.3,Kharadi,411014,Society,3.68,1.6,1.99,1.66,26885.42,7219631.12,7896.5,Broker,36,2,1,3,3,0,0,0,0,0,1,0,0,0,0,0,0,0,0,0,0.31312454535012824,0.2938101521266688,0.5238095238095237,0.42105263157894735,0.75,1.0,1.0,0.4000000000000001,0.6000000000000001,0.2,0.2222222222222222,1.0,1.0,0.0,1.0,0.0,1.0,0.3113139138376528,0.232142857143117,0.4833333333333334,0.1163757273482959,0.6462093862815884,0.41600000000000004,0.0965834895118459,0.3181818181818182,0.5,0.0,0.0,0.0,0.0,0.0,1.0,0.0,0.0,0.0,0.0,0.0,0.0,0.0,0.0,0.0
2 BHK,781.92,951.29,1,17,12,1,Unfurnished,0,2,2,1,2,Ceramic,0,0,0,0,1,Stilt,1,Municipal,2052.25,Nigdi,411044,Standalone,2.98,10.42,1.48,2.5,21003.57,3981765.58,5092.3,Owner,7,3,0,2,2,0,0,0,0,0,0,0,0,0,1,0,0,0,0,0,0.2497798537463149,0.25405153678981685,0.047619047619047616,0.6842105263157894,0.6000000000000001,1.0,0.0,0.2,0.4,0.2,0.1111111111111111,0.0,0.0,0.0,0.0,1.0,1.0,0.14367849062145752,0.7678571428577925,0.3861111111111111,0.8495428096425601,0.4620938628158845,0.752,0.009973907790229525,0.054545454545454536,1.0,0.0,0.0,0.0,0.0,0.0,0.0,0.0,0.0,0.0,1.0,0.0,0.0,0.0,0.0,0.0
2 BHK,544.31,695.79,9,12,8,1,Semi-Furnished,1,2,2,2,3,Vitrified,0,0,0,0,0,Covered,1,Borewell,3593.32,Baner,411045,Standalone,2.96,3.15,1.65,1.75,27664.21,10835893.89,19907.67,Builder,43,1,1,2,2,0,1,0,0,0,0,0,0,0,0,0,0,0,0,0,0.13606474214173586,0.1548975473455449,0.42857142857142855,0.42105263157894735,0.4,1.0,1.0,0.2,0.4,0.4,0.2222222222222222,0.0,0.0,0.0,0.0,0.0,1.0,0.3204951099402913,0.7857142857146755,0.38333333333333336,0.24522028262676637,0.5234657039711191,0.45200000000000007,0.4675564620841399,0.3818181818181818,0.0,0.0,1.0,0.0,0.0,0.0,0.0,0.0,0.0,0.0,0.0,0.0,0.0,0.0,0.0,0.0
2 BHK,530.15,660.59,14,15,4,1,Unfurnished,1,3,1,1,3,Wooden,1,1,1,1,1,Covered,1,Borewell,3078.73,Kothrud,411038,Society,1.64,7.04,0.75,1.89,14277.77,4981070.66,9395.6,Broker,31,2,0,2,2,0,0,0,0,0,0,0,1,0,0,0,0,0,0,0,0.129288066158735,0.14123719341819313,0.6666666666666666,0.5789473684210527,0.2,1.0,1.0,0.4000000000000001,0.2,0.2,0.2222222222222222,1.0,1.0,1.0,1.0,1.0,1.0,0.2614529741935188,0.6607142857146755,0.19999999999999998,0.56857855361596,0.19855595667870035,0.508,0.1428841898751849,0.2727272727272727,0.5,0.0,0.0,0.0,0.0,0.0,0.0,0.0,1.0,0.0,0.0,0.0,0.0,0.0,0.0,0.0
3 BHK,976.46,1245.52,11,13,10,1,Unfurnished,1,4,2,3,5,Ceramic,1,1,1,0,0,Covered,0,Borewell,4852.24,Koregaon Park,411001,Society,1.76,5.6,1.5,1.06,61895.15,10298357.79,10546.61,Owner,38,1,0,3,3,0,0,0,0,0,0,1,0,0,0,0,0,0,0,0,0.3428825759025997,0.3682357963365415,0.5238095238095237,0.4736842105263157,0.5,1.0,1.0,0.6000000000000001,0.4,0.6000000000000001,0.4444444444444445,1.0,1.0,1.0,0.0,0.0,0.0,0.4649388914640807,0.0,0.21666666666666667,0.4488778054862842,0.4693140794223827,0.17600000000000005,0.1784338991175348,0.33636363636363636,0.0,0.0,0.0,0.0,0.0,0.0,0.0,1.0,0.0,0.0,0.0,0.0,0.0,0.0,0.0,0.0
3 BHK,701.9,825.92,11,14,6,1,Semi-Furnished,1,3,3,2,5,Vitrified,0,0,1,1,1,Not Specified,1,Corporation + Borewell,4536.6,Baner,411045,Standalone,3.43,2.71,1.87,2.11,51583.28,14787055.49,21067.07,Broker,41,1,1,3,3,0,1,0,0,0,0,0,0,0,0,0,0,0,0,0,0.2114839771813622,0.20539816827072338,0.5238095238095237,0.5263157894736842,0.30000000000000004,1.0,1.0,0.4000000000000001,0.6000000000000001,0.4,0.4444444444444445,0.0,0.0,1.0,1.0,1.0,1.0,0.42872353607996666,0.7857142857146755,0.4486111111111111,0.20864505403158767,0.6028880866425993,0.596,0.5033653020556264,0.3636363636363636,0.0,0.0,1.0,0.0,0.0,0.0,0.0,0.0,0.0,0.0,0.0,0.0,0.0,0.0,0.0,0.0
3 BHK,439.69,503.64,8,12,8,1,Unfurnished,0,3,3,2,6,Vitrified,1,1,0,1,1,Covered,0,Borewell,2428.85,Kothrud,411038,Society,2.32,7.08,1.21,1.18,11363.35,4340967.96,9872.81,Owner,20,2,0,3,3,0,0,0,0,0,0,0,1,0,0,0,0,0,0,0,0.08599582679275623,0.08032831418814035,0.38095238095238093,0.42105263157894735,0.4,1.0,0.0,0.4000000000000001,0.6000000000000001,0.4,0.5555555555555556,1.0,1.0,0.0,1.0,1.0,0.0,0.18688816885506976,0.6607142857146755,0.2944444444444444,0.57190357439734,0.3646209386281588,0.22399999999999998,0.157623138057687,0.17272727272727273,0.5,0.0,0.0,0.0,0.0,0.0,0.0,0.0,1.0,0.0,0.0,0.0,0.0,0.0,0.0,0.0
2 BHK,437.67,529.43,0,12,4,1,Semi-Furnished,1,2,3,2,3,Vitrified,0,1,1,1,1,Covered,1,Municipal,1345.22,Kalyani Nagar,411006,Society,1.72,4.17,1.13,1.66,28127.03,5573954.38,12735.46,Owner,58,1,1,2,2,0,0,0,0,1,0,0,0,0,0,0,0,0,0,0,0.08502909759179143,0.09033685190934493,0.0,0.42105263157894735,0.2,1.0,1.0,0.2,0.6000000000000001,0.4,0.2222222222222222,0.0,1.0,1.0,1.0,1.0,1.0,0.06255650761160397,0.089285714286234,0.2111111111111111,0.3300083125519534,0.335740072202166,0.41600000000000004,0.2460379868970655,0.5181818181818182,0.0,0.0,0.0,0.0,0.0,1.0,0.0,0.0,0.0,0.0,0.0,0.0,0.0,0.0,0.0,0.0
4 BHK,1319.8,1682.18,11,12,7,1,Fully Furnished,1,5,3,1,5,Wooden,0,1,0,0,0,Open,1,Borewell,5128.4,Viman Nagar,411014,Standalone,2.64,4.85,1.41,1.68,64438.9,15607242.03,11825.44,Builder,14,2,2,4,4,0,0,0,0,0,0,0,0,0,0,0,0,0,1,0,0.5071978253378767,0.5376940391182863,0.5238095238095237,0.42105263157894735,0.35000000000000003,1.0,1.0,0.8,0.6000000000000001,0.2,0.4444444444444445,0.0,1.0,0.0,0.0,0.0,1.0,0.4966244590185001,0.232142857143117,0.3388888888888889,0.3865336658354114,0.4368231046931408,0.42400000000000004,0.21793141405693098,0.11818181818181817,0.5,0.0,0.0,0.0,0.0,0.0,0.0,0.0,0.0,0.0,0.0,0.0,0.0,0.0,1.0,0.0
3 BHK,1265.74,1450.79,8,12,8,1,Fully Furnished,1,4,2,2,4,Vitrified,1,1,0,1,0,Covered,1,Municipal,5330.0,Kothrud,411038,Society,2.09,7.78,0.75,1.65,59261.84,15774427.03,12462.64,Broker,35,2,2,3,3,0,0,0,0,0,0,0,1,0,0,0,0,0,0,0,0.4813258547417589,0.44789661595777713,0.38095238095238093,0.42105263157894735,0.4,1.0,1.0,0.6000000000000001,0.4,0.4,0.3333333333333333,1.0,1.0,0.0,1.0,0.0,1.0,0.5197552904892813,0.6607142857146755,0.26249999999999996,0.6300914380714879,0.19855595667870035,0.41200000000000003,0.23761175977871038,0.3090909090909091,0.5,0.0,0.0,0.0,0.0,0.0,0.0,0.0,1.0,0.0,0.0,0.0,0.0,0.0,0.0,0.0
4 BHK,1646.07,2085.88,2,11,5,1,Unfurnished,1,4,5,2,5,Ceramic,1,0,0,0,0,Covered,0,Municipal,4067.46,Pimple Saudagar,411027,Society,4.53,5.24,1.96,1.61,40174.51,9371168.36,5693.05,Broker,6,3,0,4,4,0,0,0,0,0,0,0,0,0,0,1,0,0,0,0,0.6633437344461887,0.6943612232226017,0.09523809523809523,0.368421052631579,0.25,1.0,1.0,0.6000000000000001,1.0,0.4,0.4444444444444445,1.0,0.0,0.0,0.0,0.0,0.0,0.37489616367816936,0.464285714286234,0.601388888888889,0.4189526184538653,0.6353790613718412,0.39600000000000013,0.028528471023686858,0.045454545454545456,1.0,0.0,0.0,0.0,0.0,0.0,0.0,0.0,0.0,0.0,0.0,1.0,0.0,0.0,0.0,0.0
1 BHK,363.95,421.57,2,14,15,1,Semi-Furnished,1,2,0,0,2,Wooden,0,0,0,1,0,Stilt,1,Municipal,1302.06,Kothrud,411038,Society,1.75,7.24,1.24,1.34,16255.52,2800000.0,7693.26,Owner,102,2,1,1,1,0,0,0,0,0,0,0,1,0,0,0,0,0,0,0,0.04974826754469926,0.04847873331263583,0.09523809523809523,0.5263157894736842,0.75,1.0,1.0,0.2,0.0,0.0,0.1111111111111111,0.0,0.0,0.0,1.0,0.0,1.0,0.057604490318553775,0.6607142857146755,0.2152777777777778,0.5852036575228594,0.37545126353790614,0.28800000000000003,0.09030628696241957,0.9181818181818182,0.5,0.0,0.0,0.0,0.0,0.0,0.0,0.0,1.0,0.0,0.0,0.0,0.0,0.0,0.0,0.0
2 BHK,768.36,898.67,3,13,10,1,Fully Furnished,0,2,2,1,3,Wooden,1,1,0,1,0,Covered,0,Municipal,2559.54,Hinjewadi,411057,Society,5.85,0.35,2.58,2.84,16988.95,10558270.73,13741.29,Owner,42,3,2,2,2,0,0,0,1,0,0,0,0,0,0,0,0,0,0,0,0.24329032505072934,0.23363085998137229,0.14285714285714285,0.4736842105263157,0.5,1.0,0.0,0.2,0.4,0.2,0.2222222222222222,1.0,1.0,0.0,1.0,0.0,0.0,0.20188305161755188,1.0,0.7847222222222222,0.01246882793017456,0.8592057761732853,0.8879999999999999,0.27710371529841116,0.3727272727272727,1.0,0.0,0.0,0.0,1.0,0.0,0.0,0.0,0.0,0.0,0.0,0.0,0.0,0.0,0.0,0.0
1 BHK,412.12,495.2,0,13,7,1,Semi-Furnished,1,1,2,0,1,Vitrified,1,1,1,1,0,Not Specified,0,Tanker,2513.87,Kothrud,411038,Society,2.49,7.21,0.91,1.82,24240.04,4326051.19,10496.98,Builder,33,2,1,1,1,0,0,0,0,0,0,0,1,0,0,0,0,0,0,0,0.07280140893602359,0.0770529338714685,0.0,0.4736842105263157,0.35000000000000003,1.0,1.0,0.0,0.4,0.0,0.0,1.0,1.0,1.0,1.0,0.0,0.0,0.1966430462937891,0.6607142857146755,0.3180555555555556,0.5827098919368245,0.2563176895306859,0.4800000000000001,0.17690104356484818,0.2909090909090909,0.5,0.0,0.0,0.0,0.0,0.0,0.0,0.0,1.0,0.0,0.0,0.0,0.0,0.0,0.0,0.0
3 BHK,669.23,815.36,10,16,5,1,Fully Furnished,1,4,2,1,4,Vitrified,1,1,0,0,1,Covered,0,Municipal,3334.48,Kharadi,411014,Society,4.63,1.02,1.86,1.95,39476.08,13723246.28,20506.03,Broker,7,2,2,3,3,0,0,0,0,0,1,0,0,0,0,0,0,0,0,0,0.1958488073815996,0.20130006209251788,0.47619047619047616,0.631578947368421,0.25,1.0,1.0,0.6000000000000001,0.4,0.2,0.3333333333333333,1.0,1.0,0.0,0.0,1.0,0.0,0.29079677453405606,0.232142857143117,0.6152777777777778,0.0681629260182876,0.5992779783393503,0.532,0.4860372085783081,0.054545454545454536,0.5,0.0,0.0,0.0,0.0,0.0,1.0,0.0,0.0,0.0,0.0,0.0,0.0,0.0,0.0,0.0
2 BHK,601.8,685.37,5,11,4,1,Fully Furnished,1,2,1,1,3,Vitrified,0,0,0,1,1,Bike,0,Municipal,1786.07,Nigdi,411044,Standalone,3.64,10.39,1.61,2.29,19369.41,4893774.4,8131.91,Broker,27,3,2,2,2,0,0,0,0,0,0,0,0,0,1,0,0,0,0,0,0.16357823806424437,0.15085377212045953,0.23809523809523808,0.368421052631579,0.2,1.0,1.0,0.2,0.2,0.2,0.2222222222222222,0.0,0.0,0.0,1.0,1.0,0.0,0.11313799101385555,0.7678571428577925,0.47777777777777786,0.8470490440565253,0.5090252707581228,0.668,0.10385428390350329,0.23636363636363636,1.0,0.0,0.0,0.0,0.0,0.0,0.0,0.0,0.0,0.0,1.0,0.0,0.0,0.0,0.0,0.0
2 BHK,646.92,712.96,8,8,13,1,Semi-Furnished,1,2,2,2,3,Vitrified,0,0,1,1,1,Bike,1,Tanker,3974.49,Koregaon Park,411001,Standalone,1.91,4.76,1.7,1.32,30827.15,7674336.31,11862.87,Broker,32,1,1,2,2,0,0,0,0,0,0,1,0,0,0,0,0,0,0,0,0.1851717140778743,0.1615608506674946,0.38095238095238093,0.21052631578947367,0.65,1.0,1.0,0.2,0.4,0.4,0.2222222222222222,0.0,0.0,1.0,1.0,1.0,1.0,0.3642291329150814,0.0,0.2375,0.37905236907730666,0.5415162454873647,0.28,0.21908746449692815,0.2818181818181818,0.0,0.0,0.0,0.0,0.0,0.0,0.0,1.0,0.0,0.0,0.0,0.0,0.0,0.0,0.0,0.0
3 BHK,1022.9,1134.52,6,17,4,1,Unfurnished,0,3,2,2,4,Vitrified,0,0,0,0,0,Covered,0,Tanker,3055.46,Wakad,411057,Standalone,4.56,2.89,2.42,2.16,30062.27,4878611.84,4769.37,Owner,42,3,0,3,3,0,0,0,0,0,0,0,0,0,0,0,0,0,0,1,0.3651077759485432,0.32515911207699477,0.2857142857142857,0.6842105263157894,0.2,1.0,0.0,0.4000000000000001,0.4,0.4,0.3333333333333333,0.0,0.0,0.0,0.0,0.0,0.0,0.25878306125539835,1.0,0.6055555555555555,0.22360764754779716,0.8014440433212996,0.6160000000000001,0.0,0.3727272727272727,1.0,0.0,0.0,0.0,0.0,0.0,0.0,0.0,0.0,0.0,0.0,0.0,0.0,0.0,0.0,1.0
2 BHK,594.46,704.38,5,13,10,1,Unfurnished,0,2,1,1,4,Wooden,0,1,0,1,1,Covered,1,Borewell,2683.04,Viman Nagar,411014,Standalone,2.45,4.34,2.0,1.48,28978.25,8868934.96,14919.33,Owner,39,2,0,2,2,0,0,0,0,0,0,0,0,0,0,0,0,0,1,0,0.16006546958153067,0.1582311393977026,0.23809523809523808,0.4736842105263157,0.5,1.0,0.0,0.2,0.2,0.2,0.3333333333333333,0.0,1.0,0.0,1.0,1.0,1.0,0.21605298061874972,0.232142857143117,0.3125,0.3441396508728179,0.6498194945848376,0.344,0.31348826406502295,0.34545454545454546,0.5,0.0,0.0,0.0,0.0,0.0,0.0,0.0,0.0,0.0,0.0,0.0,0.0,0.0,1.0,0.0
2 BHK,670.8,765.02,12,13,10,1,Semi-Furnished,1,3,2,1,3,Marble,1,0,1,0,0,Not Specified,1,Corporation + Borewell,1169.61,Nigdi,411044,Society,4.27,11.52,1.78,2.58,12208.15,7614862.42,11351.97,Owner,39,3,1,2,2,0,0,0,0,0,0,0,0,0,1,0,0,0,0,0,0.19660017611700292,0.18176420366345858,0.5714285714285714,0.4736842105263157,0.5,1.0,1.0,0.4000000000000001,0.4,0.2,0.2222222222222222,1.0,0.0,1.0,0.0,0.0,1.0,0.042407671725771146,0.7678571428577925,0.5652777777777778,0.9409808811305069,0.5703971119133574,0.784,0.20330797826143357,0.34545454545454546,1.0,0.0,0.0,0.0,0.0,0.0,0.0,0.0,0.0,0.0,1.0,0.0,0.0,0.0,0.0,0.0
2 BHK,586.61,666.23,5,15,4,1,Semi-Furnished,1,3,1,1,2,Wooden,1,1,0,0,1,Covered,1,Tanker,2302.53,Shivajinagar,411005,Society,2.02,6.1,1.01,1.24,20616.8,5801854.96,9890.5,Owner,25,2,1,2,2,0,0,0,0,0,0,0,0,0,0,0,0,1,0,0,0.15630862590451394,0.143425954672462,0.23809523809523808,0.5789473684210527,0.2,1.0,1.0,0.4000000000000001,0.2,0.2,0.1111111111111111,1.0,1.0,0.0,0.0,1.0,1.0,0.17239468358032228,0.071428571429351,0.25277777777777777,0.49044056525353275,0.2924187725631769,0.248,0.15816950547108674,0.21818181818181817,0.5,0.0,0.0,0.0,0.0,0.0,0.0,0.0,0.0,0.0,0.0,0.0,0.0,1.0,0.0,0.0
2 BHK,653.09,752.17,15,16,12,1,Unfurnished,0,2,2,0,3,Vitrified,1,1,0,1,1,Covered,1,Borewell,1522.74,Wakad,411057,Society,4.64,2.37,2.28,1.72,21671.19,4760616.05,7289.33,Owner,3,3,0,2,2,0,0,0,0,0,0,0,0,0,0,0,0,0,0,1,0.1881245453501283,0.17677739832350203,0.7142857142857142,0.631578947368421,0.6000000000000001,1.0,0.0,0.2,0.4,0.0,0.2222222222222222,1.0,1.0,0.0,1.0,1.0,1.0,0.08292448976781969,1.0,0.6166666666666666,0.18038237738985868,0.7509025270758122,0.44000000000000006,0.07783064030925199,0.01818181818181818,1.0,0.0,0.0,0.0,0.0,0.0,0.0,0.0,0.0,0.0,0.0,0.0,0.0,0.0,0.0,1.0
1 BHK,400.55,462.9,20,20,11,1,Semi-Furnished,1,1,2,0,1,Granite,1,1,0,0,0,Covered,0,Municipal,2899.92,Aundh,411007,Society,3.55,5.28,1.56,1.66,12934.84,3507038.26,8755.64,Broker,18,2,1,1,1,1,0,0,0,0,0,0,0,0,0,0,0,0,0,0,0.06726425207703206,0.06451800683017697,0.9523809523809523,0.8421052631578947,0.55,1.0,1.0,0.0,0.4,0.0,0.0,1.0,1.0,0.0,0.0,0.0,0.0,0.2409369822525942,0.107142857143117,0.4652777777777778,0.4222776392352452,0.49097472924187724,0.41600000000000004,0.12311859971807568,0.15454545454545454,0.5,1.0,0.0,0.0,0.0,0.0,0.0,0.0,0.0,0.0,0.0,0.0,0.0,0.0,0.0,0.0
3 BHK,1178.62,1406.11,10,13,4,1,Fully Furnished,1,4,1,1,5,Granite,0,1,0,1,0,Covered,0,Municipal,3718.07,Viman Nagar,411014,Society,1.8,5.42,2.07,1.65,55863.62,12855655.05,10907.36,Owner,13,2,2,3,3,0,0,0,0,0,0,0,0,0,0,0,0,0,1,0,0.4396320686090585,0.4305572803477182,0.47619047619047616,0.4736842105263157,0.2,1.0,1.0,0.6000000000000001,0.2,0.2,0.4444444444444445,0.0,1.0,0.0,1.0,0.0,0.0,0.33480845927550934,0.232142857143117,0.2222222222222222,0.43391521197007477,0.6750902527075812,0.41200000000000003,0.1895759027571016,0.10909090909090909,0.5,0.0,0.0,0.0,0.0,0.0,0.0,0.0,0.0,0.0,0.0,0.0,0.0,0.0,1.0,0.0
2 BHK,622.69,698.97,2,11,9,1,Fully Furnished,1,2,2,2,4,Ceramic,0,0,1,1,1,Open,1,Tanker,3026.06,Baner,411045,Standalone,3.11,3.73,2.19,2.15,45176.87,14420601.49,23158.6,Broker,40,1,2,2,2,0,1,0,0,0,0,0,0,0,0,0,0,0,0,0,0.17357574945442017,0.15613163613784542,0.09523809523809523,0.368421052631579,0.45,1.0,1.0,0.2,0.4,0.4,0.3333333333333333,0.0,0.0,1.0,1.0,1.0,1.0,0.25540981499924276,0.7857142857146755,0.4041666666666667,0.2934330839567747,0.7184115523465704,0.612,0.5679635969198343,0.35454545454545455,0.0,0.0,1.0,0.0,0.0,0.0,0.0,0.0,0.0,0.0,0.0,0.0,0.0,0.0,0.0,0.0
3 BHK,845.23,1030.24,7,13,10,1,Unfurnished,1,3,2,1,3,Granite,1,1,1,0,0,Covered,1,Corporation + Borewell,1478.93,Hadapsar,411028,Society,4.9,2.3,1.96,1.71,20262.19,8853165.03,10474.29,Broker,35,3,0,3,3,0,0,1,0,0,0,0,0,0,0,0,0,0,0,0,0.2800786783567518,0.2846903135672152,0.3333333333333333,0.4736842105263157,0.5,1.0,1.0,0.4000000000000001,0.4,0.2,0.2222222222222222,1.0,1.0,1.0,0.0,0.0,1.0,0.07789789390107899,0.482142857143117,0.6527777777777778,0.17456359102244384,0.6353790613718412,0.43600000000000005,0.1762002478265758,0.3090909090909091,1.0,0.0,0.0,1.0,0.0,0.0,0.0,0.0,0.0,0.0,0.0,0.0,0.0,0.0,0.0,0.0
1 RK,405.57,439.85,13,13,13,1,Unfurnished,1,1,1,0,2,Granite,1,1,0,1,0,Stilt,1,Corporation + Borewell,800.0,Hinjewadi,411057,Society,5.91,1.41,2.12,2.53,10698.67,2994616.49,7383.72,Owner,20,3,0,1,1,0,0,0,1,0,0,0,0,0,0,0,0,0,0,0,0.06966671771507331,0.05557280347718102,0.6190476190476191,0.4736842105263157,0.65,1.0,1.0,0.0,0.2,0.0,0.1111111111111111,1.0,1.0,0.0,1.0,0.0,1.0,0.0,1.0,0.7930555555555556,0.10058187863674146,0.6931407942238268,0.764,0.08074593822619922,0.17272727272727273,1.0,0.0,0.0,0.0,1.0,0.0,0.0,0.0,0.0,0.0,0.0,0.0,0.0,0.0,0.0,0.0
1 BHK,347.17,409.71,14,16,6,1,Semi-Furnished,1,1,2,0,1,Marble,1,1,0,1,0,Covered,1,Tanker,2468.0649999999996,Kharadi,411014,Society,4.04,2.17,2.31,2.33,12003.59,4352449.25,12536.87,Broker,14,2,1,1,1,0,0,0,0,0,1,0,0,0,0,0,0,0,0,0,0.04171771507331827,0.04387612542688607,0.6666666666666666,0.631578947368421,0.30000000000000004,1.0,1.0,0.0,0.4,0.0,0.0,1.0,1.0,0.0,1.0,0.0,1.0,0.1913875515739521,0.232142857143117,0.5333333333333333,0.16375727348295924,0.7617328519855596,0.684,0.23990440268977084,0.11818181818181817,0.5,0.0,0.0,0.0,0.0,0.0,1.0,0.0,0.0,0.0,0.0,0.0,0.0,0.0,0.0,0.0
3 BHK,823.72,898.4,7,19,12,1,Unfurnished,1,4,3,1,5,Vitrified,1,1,0,0,0,Stilt,0,Borewell,3013.58,Wakad,411057,Society,4.63,2.32,2.43,2.21,11125.47,4565987.77,5543.14,Owner,47,3,0,3,3,0,0,0,0,0,0,0,0,0,0,0,0,0,0,1,0.2697844481029136,0.2335260788574977,0.3333333333333333,0.7894736842105263,0.6000000000000001,1.0,1.0,0.6000000000000001,0.6000000000000001,0.2,0.4444444444444445,1.0,1.0,0.0,0.0,0.0,0.0,0.25397790638438483,1.0,0.6152777777777778,0.1762261014131338,0.8050541516245489,0.636,0.023898400987352963,0.41818181818181815,1.0,0.0,0.0,0.0,0.0,0.0,0.0,0.0,0.0,0.0,0.0,0.0,0.0,0.0,0.0,1.0
3 BHK,845.11,978.96,14,16,7,1,Fully Furnished,1,3,3,1,4,Marble,0,0,0,0,0,Open,0,Borewell,1123.32,Pune Camp,411001,Standalone,2.54,5.23,1.36,1.51,23612.75,9222510.6,10912.81,Broker,56,3,2,3,3,0,0,0,0,0,0,0,0,0,0,0,1,0,0,0,0.2800212488992687,0.26478966159577777,0.6666666666666666,0.631578947368421,0.35000000000000003,1.0,1.0,0.4000000000000001,0.6000000000000001,0.2,0.3333333333333333,0.0,0.0,0.0,0.0,0.0,0.0,0.0370965299163343,0.0,0.325,0.41812136325852034,0.4187725631768954,0.3560000000000001,0.18974422963121282,0.49999999999999994,1.0,0.0,0.0,0.0,0.0,0.0,0.0,0.0,0.0,0.0,0.0,0.0,1.0,0.0,0.0,0.0
2 BHK,550.97,681.74,12,14,12,1,Fully Furnished,1,2,1,2,3,Vitrified,0,0,1,1,1,Open,1,Tanker,1899.92,Kalyani Nagar,411006,Standalone,3.02,4.78,1.72,1.62,27142.35,14594674.61,26488.87,Builder,15,1,2,2,2,0,0,0,0,1,0,0,0,0,0,0,0,0,0,0,0.13925207703204562,0.1494450481217014,0.5714285714285714,0.5263157894736842,0.6000000000000001,1.0,1.0,0.2,0.2,0.4,0.2222222222222222,0.0,0.0,1.0,1.0,1.0,1.0,0.1262007150364173,0.089285714286234,0.39166666666666666,0.38071487946799665,0.5487364620938628,0.40000000000000013,0.6708212004146091,0.12727272727272726,0.0,0.0,0.0,0.0,0.0,1.0,0.0,0.0,0.0,0.0,0.0,0.0,0.0,0.0,0.0,0.0
2 BHK,644.86,769.36,11,16,6,1,Semi-Furnished,1,3,2,1,2,Ceramic,0,0,1,1,1,Covered,0,Municipal,3157.44,Kothrud,411038,Society,3.16,7.84,1.01,0.87,30775.39,5874771.16,9110.2,Owner,5,2,1,2,2,0,0,0,0,0,0,0,1,0,0,0,0,0,0,0,0.18418584172441516,0.1834484632101832,0.5238095238095237,0.631578947368421,0.30000000000000004,1.0,1.0,0.4000000000000001,0.4,0.2,0.1111111111111111,0.0,0.0,1.0,1.0,1.0,0.0,0.27048386578610406,0.6607142857146755,0.41111111111111115,0.6350789692435577,0.2924187725631769,0.10000000000000003,0.13406942109145,0.03636363636363636,0.5,0.0,0.0,0.0,0.0,0.0,0.0,0.0,1.0,0.0,0.0,0.0,0.0,0.0,0.0,0.0
2 BHK,544.68,674.61,13,16,18,1,Unfurnished,0,3,2,1,3,Wooden,1,1,0,1,0,Open,0,Tanker,1835.55,Wakad,411057,Society,5.42,1.99,1.85,2.22,13489.32,2800000.0,5140.6,Owner,20,3,0,2,2,0,0,0,0,0,0,0,0,0,0,0,0,0,0,1,0.13624181630230864,0.14667805029493952,0.6190476190476191,0.631578947368421,0.9,1.0,0.0,0.4000000000000001,0.4,0.2,0.2222222222222222,1.0,1.0,0.0,1.0,0.0,0.0,0.11881514151571199,1.0,0.725,0.14879467996674978,0.5956678700361011,0.6400000000000001,0.011465685408500015,0.17272727272727273,1.0,0.0,0.0,0.0,0.0,0.0,0.0,0.0,0.0,0.0,0.0,0.0,0.0,0.0,0.0,1.0
2 BHK,496.42,567.11,5,11,8,1,Fully Furnished,1,2,2,1,3,Wooden,1,1,1,0,0,Covered,1,Municipal,2224.09,Viman Nagar,411014,Society,2.19,4.84,1.72,1.56,26055.94,6001886.23,12090.35,Broker,25,2,2,2,2,0,0,0,0,0,0,0,0,0,0,0,0,0,1,0,0.11314560281787207,0.10495963986339649,0.23809523809523808,0.368421052631579,0.4,1.0,1.0,0.2,0.4,0.2,0.2222222222222222,1.0,1.0,1.0,0.0,0.0,1.0,0.1633947707798854,0.232142857143117,0.2763888888888889,0.38570241064006644,0.5487364620938628,0.3760000000000001,0.22611333556533744,0.21818181818181817,0.5,0.0,0.0,0.0,0.0,0.0,0.0,0.0,0.0,0.0,0.0,0.0,0.0,0.0,1.0,0.0
3 BHK,926.51,1064.05,15,15,16,1,Fully Furnished,1,4,2,2,5,Wooden,0,0,1,1,0,Covered,0,Corporation + Borewell,3529.43,Kalyani Nagar,411006,Standalone,3.05,3.8,1.69,1.44,43063.32,12561362.11,13557.7,Broker,16,1,2,3,3,0,0,0,0,1,0,0,0,0,0,0,0,0,0,0,0.3189775642252766,0.2978112387457312,0.7142857142857142,0.5789473684210527,0.8,1.0,1.0,0.6000000000000001,0.4,0.4,0.4444444444444445,0.0,0.0,1.0,1.0,0.0,0.0,0.3131646098278497,0.089285714286234,0.3958333333333333,0.2992518703241895,0.5379061371841155,0.32799999999999996,0.2714334160657347,0.13636363636363635,0.0,0.0,0.0,0.0,0.0,1.0,0.0,0.0,0.0,0.0,0.0,0.0,0.0,0.0,0.0,0.0
3 BHK,1403.39,1616.08,3,6,8,1,Semi-Furnished,1,3,4,2,5,Wooden,1,1,1,0,1,Covered,0,Tanker,5296.36,Aundh,411007,Society,3.48,3.28,1.73,1.6,58078.07,11570402.42,8244.61,Builder,13,2,1,3,3,1,0,0,0,0,0,0,0,0,0,0,0,0,0,0,0.5472022282629505,0.5120420676808446,0.14285714285714285,0.10526315789473684,0.4,1.0,1.0,0.4000000000000001,0.8,0.4,0.4444444444444445,1.0,1.0,1.0,0.0,1.0,0.0,0.5158955624601291,0.107142857143117,0.45555555555555555,0.256026600166251,0.5523465703971119,0.3920000000000001,0.10733509834613444,0.10909090909090909,0.5,1.0,0.0,0.0,0.0,0.0,0.0,0.0,0.0,0.0,0.0,0.0,0.0,0.0,0.0,0.0
3 BHK,1113.49,1320.16,14,14,13,1,Unfurnished,1,4,3,2,5,Not Specified,0,0,1,0,0,Covered,0,Borewell,4747.62,Wakad,411057,Standalone,4.03,3.47,1.74,2.23,19605.07,5563101.41,4996.11,Owner,98,3,0,3,3,0,0,0,0,0,0,0,0,0,0,0,0,0,0,1,0.4084622305601287,0.39720195591431245,0.6666666666666666,0.5263157894736842,0.65,1.0,1.0,0.6000000000000001,0.6000000000000001,0.4,0.4444444444444445,0.0,0.0,1.0,0.0,0.0,0.0,0.4529351831879242,1.0,0.5319444444444444,0.2718204488778055,0.555956678700361,0.644,0.007003015676328106,0.8818181818181818,1.0,0.0,0.0,0.0,0.0,0.0,0.0,0.0,0.0,0.0,0.0,0.0,0.0,0.0,0.0,1.0
3 BHK,740.75,910.11,1,10,1,1,Semi-Furnished,1,4,2,3,3,Ceramic,1,1,1,1,1,Covered,0,Not Specified,4042.4,Baner,411045,Society,2.52,4.41,1.57,2.2,39075.99,11754806.72,15868.88,Not Specified,8,1,1,3,3,0,1,0,0,0,0,0,0,0,0,0,0,0,0,0,0.23007676404150235,0.23807047500776163,0.047619047619047616,0.3157894736842105,0.05,1.0,1.0,0.6000000000000001,0.4,0.6000000000000001,0.2222222222222222,1.0,1.0,1.0,1.0,1.0,0.0,0.372020872821732,0.7857142857146755,0.32222222222222224,0.34995843724023273,0.4945848375451264,0.6320000000000001,0.34281574724160124,0.06363636363636363,0.0,0.0,1.0,0.0,0.0,0.0,0.0,0.0,0.0,0.0,0.0,0.0,0.0,0.0,0.0,0.0
4 BHK,1380.47,1594.93,7,18,5,1,Semi-Furnished,1,4,4,3,7,Vitrified,1,1,0,1,0,Covered,0,Not Specified,2843.68,Hadapsar,411028,Society,5.62,1.12,1.99,1.6,41829.5,8934137.14,6471.79,Broker,20,3,1,4,4,0,0,1,0,0,0,0,0,0,0,0,0,0,0,0,0.5362332018836863,0.5038342129773363,0.3333333333333333,0.7368421052631579,0.25,1.0,1.0,0.6000000000000001,0.8,0.6000000000000001,0.6666666666666665,1.0,1.0,0.0,1.0,0.0,0.0,0.23448421458435637,0.482142857143117,0.7527777777777778,0.07647547797173732,0.6462093862815884,0.3920000000000001,0.05258037376596328,0.17272727272727273,1.0,0.0,0.0,1.0,0.0,0.0,0.0,0.0,0.0,0.0,0.0,0.0,0.0,0.0,0.0,0.0
1 BHK,382.03,465.57,2,15,13,1,Semi-Furnished,1,1,1,0,1,Marble,1,1,0,0,1,Open,1,Municipal,800.0,Shivajinagar,411005,Society,0.87,5.54,0.64,1.46,13877.72,3216599.07,8419.84,Owner,19,2,1,1,1,0,0,0,0,0,0,0,0,0,0,0,0,1,0,0,0.05840097247214669,0.06555417572182554,0.09523809523809523,0.5789473684210527,0.65,1.0,1.0,0.0,0.2,0.0,0.0,1.0,1.0,0.0,0.0,1.0,1.0,0.0,0.071428571429351,0.09305555555555556,0.4438902743142144,0.15884476534296027,0.33599999999999997,0.11274719341962378,0.16363636363636364,0.5,0.0,0.0,0.0,0.0,0.0,0.0,0.0,0.0,0.0,0.0,0.0,0.0,1.0,0.0,0.0
4 BHK,1701.88,1910.24,14,16,10,1,Unfurnished,1,4,4,2,5,Granite,1,1,0,0,0,Covered,1,Municipal,2092.91,Hinjewadi,411057,Society,5.71,0.64,2.07,2.73,29322.83,21289880.97,12509.6,Owner,23,3,0,4,4,0,0,0,1,0,0,0,0,0,0,0,0,0,0,0,0.6900532179639345,0.6261991617510092,0.6666666666666666,0.631578947368421,0.5,1.0,1.0,0.6000000000000001,0.8,0.4,0.4444444444444445,1.0,1.0,0.0,0.0,0.0,1.0,0.14834366724646725,1.0,0.7652777777777778,0.03657522859517871,0.6750902527075812,0.8440000000000001,0.23906215060591499,0.19999999999999998,1.0,0.0,0.0,0.0,1.0,0.0,0.0,0.0,0.0,0.0,0.0,0.0,0.0,0.0,0.0,0.0
1 BHK,409.95,515.73,2,15,14,1,Unfurnished,0,2,2,0,1,Marble,1,1,0,0,1,Bike,0,Tanker,2021.51,Hinjewadi,411057,Society,6.4,0.98,2.56,2.67,7500.0,3188213.3,7776.99,Owner,30,3,0,1,1,0,0,0,1,0,0,0,0,0,0,0,0,0,0,0,0.07176289291320494,0.08502018006830181,0.09523809523809523,0.5789473684210527,0.7000000000000001,1.0,0.0,0.2,0.4,0.0,0.0,1.0,1.0,0.0,0.0,1.0,0.0,0.14015149776723224,1.0,0.8611111111111112,0.06483790523690772,0.851985559566787,0.8200000000000001,0.09289234369073815,0.2636363636363636,1.0,0.0,0.0,0.0,1.0,0.0,0.0,0.0,0.0,0.0,0.0,0.0,0.0,0.0,0.0,0.0
1 RK,470.36,530.67,2,12,9,1,Fully Furnished,1,1,2,0,1,Marble,1,0,1,1,0,Covered,1,Borewell,1418.38,Aundh,411007,Standalone,3.25,4.68,2.04,1.88,24767.47,8504634.57,18080.97,Broker,8,2,2,1,1,1,0,0,0,0,0,0,0,0,0,0,0,0,0,0,0.10067383896780123,0.09081806892269481,0.09523809523809523,0.42105263157894735,0.45,1.0,1.0,0.0,0.4,0.0,0.0,1.0,0.0,1.0,1.0,0.0,1.0,0.0709506129211395,0.107142857143117,0.4236111111111111,0.3724023275145469,0.6642599277978339,0.504,0.41113761787514047,0.06363636363636363,0.5,1.0,0.0,0.0,0.0,0.0,0.0,0.0,0.0,0.0,0.0,0.0,0.0,0.0,0.0,0.0
1 RK,511.15,613.21,8,14,4,1,Fully Furnished,1,1,1,0,1,Vitrified,1,1,0,0,0,Not Specified,1,Municipal,1582.9,Kothrud,411038,Standalone,2.06,7.35,1.27,1.21,15214.17,5830482.21,11406.71,Owner,35,2,2,1,1,0,0,0,0,0,0,0,1,0,0,0,0,0,0,0,0.12019506872391746,0.12285004656938844,0.38095238095238093,0.5263157894736842,0.2,1.0,1.0,0.0,0.2,0.0,0.0,1.0,1.0,0.0,0.0,0.0,1.0,0.08982702360354491,0.6607142857146755,0.25833333333333336,0.5943474646716541,0.3862815884476534,0.236,0.2049986595621401,0.3090909090909091,0.5,0.0,0.0,0.0,0.0,0.0,0.0,0.0,1.0,0.0,0.0,0.0,0.0,0.0,0.0,0.0
1 BHK,320.76,389.21,2,12,10,1,Semi-Furnished,1,2,1,0,2,Vitrified,1,1,0,0,0,Stilt,1,Municipal,800.0,Wakad,411057,Society,5.55,4.24,2.07,2.04,7500.0,2800000.0,8729.38,Owner,20,3,1,1,1,0,0,0,0,0,0,0,0,0,0,0,0,0,0,1,0.029078448638921853,0.03592052157714995,0.09523809523809523,0.42105263157894735,0.5,1.0,1.0,0.2,0.2,0.0,0.1111111111111111,1.0,1.0,0.0,0.0,0.0,1.0,0.0,1.0,0.7430555555555556,0.33582709891936824,0.6750902527075812,0.5680000000000001,0.12230754215584413,0.17272727272727273,1.0,0.0,0.0,0.0,0.0,0.0,0.0,0.0,0.0,0.0,0.0,0.0,0.0,0.0,0.0,1.0
3 BHK,916.21,1092.25,7,13,2,1,Fully Furnished,1,4,3,1,4,Not Specified,1,1,1,0,0,Stilt,1,Municipal,4149.97,Aundh,411007,Standalone,3.27,3.88,1.81,1.8,29166.55,20001084.41,21830.28,Broker,45,2,2,3,3,1,0,0,0,0,0,0,0,0,0,0,0,0,0,0,0.3140482024579808,0.3087550450170755,0.3333333333333333,0.4736842105263157,0.1,1.0,1.0,0.6000000000000001,0.6000000000000001,0.2,0.3333333333333333,1.0,1.0,1.0,0.0,0.0,1.0,0.3843630530861762,0.107142857143117,0.4263888888888889,0.30590191188694926,0.5812274368231047,0.4720000000000001,0.526937550420848,0.39999999999999997,0.5,1.0,0.0,0.0,0.0,0.0,0.0,0.0,0.0,0.0,0.0,0.0,0.0,0.0,0.0,0.0
2 BHK,630.23,722.84,11,12,12,1,Semi-Furnished,1,2,2,0,3,Vitrified,0,0,0,0,1,Not Specified,0,Municipal,2203.18,Aundh,411007,Society,3.38,4.29,1.5,1.46,20850.47,8368023.93,13277.73,Owner,51,2,1,2,2,1,0,0,0,0,0,0,0,0,0,0,0,0,0,0,0.17718423369960568,0.16539506364483086,0.5238095238095237,0.42105263157894735,0.6000000000000001,1.0,1.0,0.2,0.4,0.0,0.2222222222222222,0.0,0.0,0.0,0.0,1.0,0.0,0.1609956354323951,0.107142857143117,0.44166666666666665,0.33998337489609304,0.4693140794223827,0.33599999999999997,0.26278635644281145,0.45454545454545453,0.5,1.0,0.0,0.0,0.0,0.0,0.0,0.0,0.0,0.0,0.0,0.0,0.0,0.0,0.0,0.0
3 BHK,1355.79,1653.12,7,8,4,1,Semi-Furnished,0,4,3,2,4,Vitrified,1,1,0,0,0,Open,1,Borewell,5668.8,Aundh,411007,Society,3.51,3.42,1.13,1.4,68213.3,13633672.47,10055.9,Owner,30,2,1,3,3,1,0,0,0,0,0,0,0,0,0,0,0,0,0,0,0.5244218767946706,0.5264164855634896,0.3333333333333333,0.21052631578947367,0.2,1.0,0.0,0.6000000000000001,0.6000000000000001,0.4,0.3333333333333333,1.0,1.0,0.0,0.0,0.0,1.0,0.5586279378221222,0.107142857143117,0.4597222222222222,0.2676641729010806,0.335740072202166,0.31199999999999994,0.1632779944578763,0.2636363636363636,0.5,1.0,0.0,0.0,0.0,0.0,0.0,0.0,0.0,0.0,0.0,0.0,0.0,0.0,0.0,0.0
1 RK,415.96,492.35,0,11,5,1,Semi-Furnished,1,1,1,0,1,Vitrified,1,1,0,1,0,Open,1,Municipal,3291.28,Kharadi,411014,Society,3.99,1.81,1.87,2.13,17135.64,5144276.24,12367.31,Owner,41,2,1,1,1,0,0,0,0,0,1,0,0,0,0,0,0,0,0,0,0.07463915157548144,0.0759469108972369,0.0,0.368421052631579,0.25,1.0,1.0,0.0,0.2,0.0,0.0,1.0,1.0,0.0,1.0,0.0,1.0,0.28584016779031723,0.232142857143117,0.5263888888888889,0.1338320864505403,0.6028880866425993,0.604,0.23466742933668713,0.3636363636363636,0.5,0.0,0.0,0.0,0.0,0.0,1.0,0.0,0.0,0.0,0.0,0.0,0.0,0.0,0.0,0.0
2 BHK,595.72,719.05,13,14,14,1,Fully Furnished,1,2,3,1,3,Vitrified,1,1,1,1,0,Covered,0,Not Specified,1572.12,Wakad,411057,Society,4.09,3.1,1.92,2.33,25376.13,7096387.46,11912.34,Owner,31,3,2,2,2,0,0,0,0,0,0,0,0,0,0,0,0,0,0,1,0.16066847888510283,0.16392424712822107,0.6190476190476191,0.5263157894736842,0.7000000000000001,1.0,1.0,0.2,0.6000000000000001,0.2,0.2222222222222222,1.0,1.0,1.0,1.0,0.0,0.0,0.0885901666429545,1.0,0.5402777777777777,0.24106400665004152,0.6209386281588447,0.684,0.22061537834321884,0.2727272727272727,1.0,0.0,0.0,0.0,0.0,0.0,0.0,0.0,0.0,0.0,0.0,0.0,0.0,0.0,0.0,1.0
2 BHK,834.02,1051.94,5,6,8,1,Semi-Furnished,1,3,2,1,2,Not Specified,0,0,0,0,0,Bike,0,Borewell,1727.77,Hadapsar,411028,Standalone,5.38,2.66,2.68,1.76,17015.54,6001483.64,7195.87,Broker,14,3,1,2,2,0,0,1,0,0,0,0,0,0,0,0,0,0,0,0,0.27471380987020944,0.29311161130083835,0.23809523809523808,0.10526315789473684,0.4,1.0,1.0,0.4000000000000001,0.4,0.2,0.1111111111111111,0.0,0.0,0.0,0.0,0.0,0.0,0.10644886663515243,0.482142857143117,0.7194444444444444,0.20448877805486282,0.8953068592057762,0.45600000000000007,0.07494406606073112,0.11818181818181817,1.0,0.0,0.0,1.0,0.0,0.0,0.0,0.0,0.0,0.0,0.0,0.0,0.0,0.0,0.0,0.0
4 BHK,1362.91,1491.86,5,11,6,1,Unfurnished,0,5,5,2,8,Granite,1,1,0,0,0,Covered,0,Corporation + Borewell,4224.33,Wakad,411057,Society,4.87,2.4,1.79,2.3,34826.55,9170945.61,6728.96,Owner,22,3,0,4,4,0,0,0,0,0,0,0,0,0,0,0,0,0,0,1,0.5278293579386655,0.46383498913380944,0.23809523809523808,0.368421052631579,0.30000000000000004,1.0,0.0,0.8,1.0,0.4,0.7777777777777777,1.0,1.0,0.0,0.0,0.0,0.0,0.39289484191637103,1.0,0.6486111111111111,0.18287614297589358,0.5740072202166066,0.6719999999999999,0.060523240227466774,0.1909090909090909,1.0,0.0,0.0,0.0,0.0,0.0,0.0,0.0,0.0,0.0,0.0,0.0,0.0,0.0,0.0,1.0
3 BHK,559.18,673.6,14,16,5,1,Unfurnished,1,4,4,2,3,Granite,1,1,0,0,0,Covered,0,Corporation + Borewell,1912.79,Pune Camp,411001,Society,3.06,5.19,1.01,1.6,13182.63,6082989.61,10878.45,Builder,38,3,0,3,3,0,0,0,0,0,0,0,0,0,0,0,1,0,0,0,0.1431812090815115,0.14628609127600128,0.6666666666666666,0.631578947368421,0.25,1.0,1.0,0.6000000000000001,0.8,0.4,0.2222222222222222,1.0,1.0,0.0,0.0,0.0,0.0,0.1276773707954895,0.0,0.39722222222222225,0.4147963424771405,0.2924187725631769,0.3920000000000001,0.1886829981826875,0.33636363636363636,1.0,0.0,0.0,0.0,0.0,0.0,0.0,0.0,0.0,0.0,0.0,0.0,1.0,0.0,0.0,0.0
2 BHK,591.08,717.53,0,17,10,1,Fully Furnished,1,4,2,1,3,Wooden,1,1,0,1,0,Covered,1,Corporation + Borewell,1383.46,Wakad,411057,Society,4.14,3.96,1.84,2.44,19887.59,4609014.96,7797.64,Owner,28,3,2,2,2,0,0,0,0,0,0,0,0,0,0,0,0,0,0,1,0.15844787319575787,0.1633343682086309,0.0,0.6842105263157894,0.5,1.0,1.0,0.6000000000000001,0.4,0.2,0.2222222222222222,1.0,1.0,0.0,1.0,0.0,1.0,0.06694402246995057,1.0,0.5472222222222222,0.31255195344970904,0.5920577617328521,0.728,0.09353013267246249,0.24545454545454543,1.0,0.0,0.0,0.0,0.0,0.0,0.0,0.0,0.0,0.0,0.0,0.0,0.0,0.0,0.0,1.0
2 BHK,570.7,698.69,8,13,8,1,Unfurnished,0,3,2,1,3,Granite,1,1,0,0,0,Covered,0,Borewell,2432.97,Kharadi,411014,Standalone,4.45,0.93,1.63,1.49,25477.57,8436694.02,14783.11,Broker,24,2,0,2,2,0,0,0,0,0,1,0,0,0,0,0,0,0,0,0,0.14869443699988516,0.15602297423160516,0.38095238095238093,0.4736842105263157,0.4,1.0,0.0,0.4000000000000001,0.4,0.2,0.2222222222222222,1.0,1.0,0.0,0.0,0.0,0.0,0.1873608822760004,0.232142857143117,0.5902777777777778,0.060681629260182876,0.516245487364621,0.348,0.3092810187821906,0.20909090909090908,0.5,0.0,0.0,0.0,0.0,0.0,1.0,0.0,0.0,0.0,0.0,0.0,0.0,0.0,0.0,0.0
2 BHK,700.41,777.39,8,8,9,1,Semi-Furnished,1,3,1,1,2,Marble,0,0,0,0,1,Covered,1,Corporation + Borewell,3261.15,Aundh,411007,Society,3.87,3.27,1.11,1.36,21876.47,6300817.78,8995.86,Owner,34,2,1,2,2,1,0,0,0,0,0,0,0,0,0,0,0,0,0,0,0.21077089475094757,0.1865647314498603,0.38095238095238093,0.21052631578947367,0.45,1.0,1.0,0.4000000000000001,0.2,0.2,0.1111111111111111,0.0,0.0,0.0,0.0,1.0,1.0,0.2823831640590938,0.107142857143117,0.5097222222222223,0.255195344970906,0.32851985559566793,0.29600000000000004,0.13053795415826067,0.3,0.5,1.0,0.0,0.0,0.0,0.0,0.0,0.0,0.0,0.0,0.0,0.0,0.0,0.0,0.0,0.0
1 BHK,437.99,517.39,1,16,12,1,Semi-Furnished,1,2,2,0,2,Ceramic,1,1,0,1,1,Covered,0,Corporation + Borewell,800.0,Pimple Saudagar,411027,Society,4.87,5.4,1.33,1.87,7500.0,2990753.51,6828.34,Broker,47,3,1,1,1,0,0,0,0,0,0,0,0,0,0,1,0,0,0,0,0.08518224281174626,0.08566438994101214,0.047619047619047616,0.631578947368421,0.6000000000000001,1.0,1.0,0.2,0.4,0.0,0.1111111111111111,1.0,1.0,0.0,1.0,1.0,0.0,0.0,0.464285714286234,0.6486111111111111,0.43225270157938483,0.40794223826714804,0.5000000000000001,0.06359265761263697,0.41818181818181815,1.0,0.0,0.0,0.0,0.0,0.0,0.0,0.0,0.0,0.0,0.0,1.0,0.0,0.0,0.0,0.0
3 BHK,1115.06,1420.67,7,11,4,1,Fully Furnished,1,3,3,2,5,Vitrified,1,1,0,1,0,Stilt,1,Corporation + Borewell,4640.19,Aundh,411007,Society,4.08,4.29,1.21,1.4,35460.57,21607449.29,19377.89,Broker,17,2,2,3,3,1,0,0,0,0,0,0,0,0,0,0,0,0,0,0,0.40921359929553197,0.43620769947221366,0.3333333333333333,0.368421052631579,0.2,1.0,1.0,0.4000000000000001,0.6000000000000001,0.4,0.4444444444444445,1.0,1.0,0.0,1.0,0.0,1.0,0.4406090660008903,0.107142857143117,0.5388888888888889,0.33998337489609304,0.3646209386281588,0.31199999999999994,0.451193854493926,0.14545454545454545,0.5,1.0,0.0,0.0,0.0,0.0,0.0,0.0,0.0,0.0,0.0,0.0,0.0,0.0,0.0,0.0
3 BHK,1042.77,1298.54,1,15,8,1,Semi-Furnished,1,3,3,2,6,Marble,0,1,0,0,0,Open,1,Tanker,2742.54,Kothrud,411038,Standalone,1.84,7.54,1.76,1.19,31082.46,8211795.16,7874.99,Broker,17,2,1,3,3,0,0,0,0,0,0,0,1,0,0,0,0,0,0,0,0.37461713695011295,0.38881170443961505,0.047619047619047616,0.5789473684210527,0.4,1.0,1.0,0.4000000000000001,0.6000000000000001,0.4,0.5555555555555556,0.0,1.0,0.0,0.0,0.0,1.0,0.2228797885181123,0.6607142857146755,0.2277777777777778,0.6101413133832085,0.5631768953068592,0.22799999999999998,0.09591913885824346,0.14545454545454545,0.5,0.0,0.0,0.0,0.0,0.0,0.0,0.0,1.0,0.0,0.0,0.0,0.0,0.0,0.0,0.0
3 BHK,912.75,998.88,19,20,14,1,Semi-Furnished,1,3,3,2,6,Marble,1,0,0,1,0,Covered,0,Tanker,2941.75,Hinjewadi,411057,Society,5.71,0.2,2.43,2.16,26456.68,9375218.56,10271.4,Broker,18,3,1,3,3,0,0,0,1,0,0,0,0,0,0,0,0,0,0,0,0.31239231976721926,0.2725201800683018,0.9047619047619047,0.8421052631578947,0.7000000000000001,1.0,1.0,0.4000000000000001,0.6000000000000001,0.4,0.5555555555555556,1.0,0.0,0.0,1.0,0.0,0.0,0.2457364003102469,1.0,0.7652777777777778,0.0,0.8050541516245489,0.6160000000000001,0.16993385525989055,0.15454545454545454,1.0,0.0,0.0,0.0,1.0,0.0,0.0,0.0,0.0,0.0,0.0,0.0,0.0,0.0,0.0,0.0
1 BHK,479.81,566.98,8,10,0,1,Semi-Furnished,1,2,1,1,2,Granite,1,1,1,1,1,Covered,1,Municipal,2148.1,Baner,411045,Society,2.6,2.54,2.38,2.03,34592.61,8765748.59,18269.12,Owner,2,1,1,1,1,0,1,0,0,0,0,0,0,0,0,0,0,0,0,0,0.10519640874459206,0.10490918969264207,0.38095238095238093,0.3157894736842105,0.0,1.0,1.0,0.2,0.2,0.2,0.1111111111111111,1.0,1.0,1.0,1.0,1.0,1.0,0.15467596183412807,0.7857142857146755,0.33333333333333337,0.19451371571072318,0.7870036101083032,0.564,0.4169487557401008,0.00909090909090909,0.0,0.0,1.0,0.0,0.0,0.0,0.0,0.0,0.0,0.0,0.0,0.0,0.0,0.0,0.0,0.0
3 BHK,863.4,1005.92,1,16,7,1,Semi-Furnished,1,3,4,1,5,Vitrified,0,1,0,0,1,Covered,0,Municipal,3115.8,Kharadi,411014,Society,4.59,2.38,2.36,1.99,27064.27,14180348.63,16423.93,Broker,12,2,1,3,3,0,0,0,0,0,1,0,0,0,0,0,0,0,0,0,0.2887744553773115,0.27525225085377214,0.047619047619047616,0.631578947368421,0.35000000000000003,1.0,1.0,0.4000000000000001,0.8,0.2,0.4444444444444445,0.0,1.0,0.0,0.0,1.0,0.0,0.2657062476192225,0.232142857143117,0.6097222222222222,0.18121363258520362,0.779783393501805,0.548,0.35995883558572195,0.09999999999999999,0.5,0.0,0.0,0.0,0.0,0.0,1.0,0.0,0.0,0.0,0.0,0.0,0.0,0.0,0.0,0.0
1 BHK,446.03,529.31,10,12,11,1,Semi-Furnished,1,1,0,0,2,Vitrified,1,0,0,0,0,Covered,1,Borewell,2306.54,Hadapsar,411028,Society,5.23,1.67,1.89,2.13,7981.43,5665657.22,12702.29,Broker,6,3,1,1,1,0,0,1,0,0,0,0,0,0,0,0,0,0,0,0,0.08903001646311114,0.09029028252095622,0.47619047619047616,0.42105263157894735,0.55,1.0,1.0,0.0,0.0,0.0,0.1111111111111111,1.0,0.0,0.0,0.0,0.0,1.0,0.17285477601185917,0.482142857143117,0.6986111111111112,0.12219451371571069,0.6101083032490975,0.604,0.2450135093898599,0.045454545454545456,1.0,0.0,0.0,1.0,0.0,0.0,0.0,0.0,0.0,0.0,0.0,0.0,0.0,0.0,0.0,0.0
3 BHK,903.38,1106.06,4,15,8,1,Unfurnished,0,3,3,1,5,Granite,1,1,1,1,0,Open,0,Municipal,4266.32,Kharadi,411014,Society,4.09,1.28,1.84,2.08,35589.33,13896180.86,15382.38,Owner,18,2,0,3,3,0,0,0,0,0,1,0,0,0,0,0,0,0,0,0,0.30790803629541713,0.3141144054641416,0.19047619047619047,0.5789473684210527,0.4,1.0,0.0,0.4000000000000001,0.6000000000000001,0.2,0.4444444444444445,1.0,1.0,1.0,1.0,0.0,0.0,0.3977126177767783,0.232142857143117,0.5402777777777777,0.08977556109725685,0.5920577617328521,0.5840000000000001,0.3277898712314856,0.15454545454545454,0.5,0.0,0.0,0.0,0.0,0.0,1.0,0.0,0.0,0.0,0.0,0.0,0.0,0.0,0.0,0.0
1 BHK,350.92,394.64,0,11,8,1,Semi-Furnished,1,1,0,0,2,Wooden,1,1,1,1,1,Covered,1,Tanker,2718.68,Aundh,411007,Society,3.35,3.27,1.04,2.04,13483.9,5204550.86,14831.1,Broker,67,2,1,1,1,1,0,0,0,0,0,0,0,0,0,0,0,0,0,0,0.04351238561966385,0.038027786401738595,0.0,0.368421052631579,0.4,1.0,1.0,0.0,0.0,0.0,0.1111111111111111,1.0,1.0,1.0,1.0,1.0,1.0,0.22014218118233425,0.107142857143117,0.4375,0.255195344970906,0.3032490974729242,0.5680000000000001,0.31076322184431904,0.6,0.5,1.0,0.0,0.0,0.0,0.0,0.0,0.0,0.0,0.0,0.0,0.0,0.0,0.0,0.0,0.0
3 BHK,888.88,1088.63,8,15,9,1,Unfurnished,1,4,3,2,3,Vitrified,1,1,0,0,0,Covered,1,Borewell,2145.86,Hinjewadi,411057,Society,6.04,0.31,2.35,2.32,22232.03,6469035.33,7277.75,Owner,45,3,0,3,3,0,0,0,1,0,0,0,0,0,0,0,0,0,0,0,0.3009686435162143,0.3073502018006831,0.38095238095238093,0.5789473684210527,0.45,1.0,1.0,0.6000000000000001,0.6000000000000001,0.4,0.2222222222222222,1.0,1.0,0.0,0.0,0.0,1.0,0.15441895259556385,1.0,0.8111111111111111,0.009143807148794678,0.776173285198556,0.6799999999999999,0.07747298430884678,0.39999999999999997,1.0,0.0,0.0,0.0,1.0,0.0,0.0,0.0,0.0,0.0,0.0,0.0,0.0,0.0,0.0,0.0
2 BHK,706.91,776.1,15,15,8,1,Fully Furnished,1,2,1,1,2,Vitrified,1,1,1,1,1,Covered,1,Municipal,1997.43,Viman Nagar,411014,Society,2.94,4.69,1.9,1.68,37186.09,7284323.64,10304.42,Owner,16,2,2,2,2,0,0,0,0,0,0,0,0,0,0,0,0,0,1,0,0.21388165703127987,0.1860641105246818,0.7142857142857142,0.5789473684210527,0.4,1.0,1.0,0.2,0.2,0.2,0.1111111111111111,1.0,1.0,1.0,1.0,1.0,1.0,0.1373886484526667,0.232142857143117,0.38055555555555554,0.37323358270989193,0.6137184115523465,0.42400000000000004,0.17095369991734996,0.13636363636363635,0.5,0.0,0.0,0.0,0.0,0.0,0.0,0.0,0.0,0.0,0.0,0.0,0.0,0.0,1.0,0.0
1 BHK,351.18,415.16,1,11,4,1,Fully Furnished,1,1,1,0,1,Granite,0,0,0,0,0,Bike,1,Municipal,800.0,Kothrud,411038,Standalone,2.29,7.2,1.24,1.15,14724.1,5568794.9,15857.5,Broker,14,2,2,1,1,0,0,0,0,0,0,0,1,0,0,0,0,0,0,0,0.04363681611087715,0.045991151816206166,0.047619047619047616,0.368421052631579,0.2,1.0,1.0,0.0,0.2,0.0,0.0,0.0,0.0,0.0,0.0,0.0,1.0,0.0,0.6607142857146755,0.2902777777777778,0.5818786367414795,0.37545126353790614,0.21199999999999997,0.34246426837419097,0.11818181818181817,0.5,0.0,0.0,0.0,0.0,0.0,0.0,0.0,1.0,0.0,0.0,0.0,0.0,0.0,0.0,0.0
2 BHK,749.41,875.54,1,15,11,1,Unfurnished,0,3,1,1,4,Vitrified,1,1,0,0,0,Stilt,1,Borewell,3017.49,Hinjewadi,411057,Society,5.42,1.19,2.55,2.38,18817.34,5164194.03,6891.01,Owner,37,3,0,2,2,0,0,0,1,0,0,0,0,0,0,0,0,0,0,0,0.2342212565565297,0.2246546103694505,0.047619047619047616,0.5789473684210527,0.55,1.0,0.0,0.4000000000000001,0.2,0.2,0.3333333333333333,1.0,1.0,0.0,0.0,0.0,1.0,0.2544265251892001,1.0,0.725,0.0822942643391521,0.8483754512635379,0.704,0.06552826223659164,0.32727272727272727,1.0,0.0,0.0,0.0,1.0,0.0,0.0,0.0,0.0,0.0,0.0,0.0,0.0,0.0,0.0,0.0
1 RK,417.67,479.95,4,15,6,1,Unfurnished,0,1,0,0,1,Wooden,1,1,1,0,0,Covered,1,Corporation + Borewell,2362.63,Kothrud,411038,Society,1.99,7.16,1.23,1.6,13789.98,3961697.24,9485.13,Owner,15,2,0,1,1,0,0,0,0,0,0,0,1,0,0,0,0,0,0,0,0.07545752134461504,0.07113474076373799,0.19047619047619047,0.5789473684210527,0.30000000000000004,1.0,0.0,0.0,0.0,0.0,0.0,1.0,1.0,1.0,0.0,0.0,1.0,0.17929033324001453,0.6607142857146755,0.24861111111111112,0.5785536159600997,0.37184115523465705,0.3920000000000001,0.14564938346035575,0.12727272727272726,0.5,0.0,0.0,0.0,0.0,0.0,0.0,0.0,1.0,0.0,0.0,0.0,0.0,0.0,0.0,0.0
4 BHK,1821.5,2307.19,0,18,12,1,Semi-Furnished,1,4,4,3,5,Vitrified,1,1,1,1,0,Covered,0,Corporation + Borewell,5472.61,Wakad,411057,Society,4.68,1.97,1.9,2.34,47617.14,14397353.5,7904.13,Owner,26,3,1,4,4,0,0,0,0,0,0,0,0,0,0,0,0,0,0,1,0.7473008154982963,0.7802468177584603,0.0,0.7368421052631579,0.6000000000000001,1.0,1.0,0.6000000000000001,0.8,0.6000000000000001,0.4444444444444445,1.0,1.0,1.0,1.0,0.0,0.0,0.5361178295569804,1.0,0.6222222222222222,0.14713216957605982,0.6137184115523465,0.688,0.09681914713560169,0.22727272727272727,1.0,0.0,0.0,0.0,0.0,0.0,0.0,0.0,0.0,0.0,0.0,0.0,0.0,0.0,0.0,1.0
3 BHK,1083.98,1376.52,10,11,17,1,Unfurnished,1,4,2,1,4,Vitrified,0,0,1,0,0,Covered,1,Municipal,2780.44,Hadapsar,411028,Standalone,4.92,0.89,2.1,2.01,22115.13,7038987.68,6493.64,Broker,6,3,0,3,3,0,0,1,0,0,0,0,0,0,0,0,0,0,0,0,0.39433936980741985,0.41907404532753806,0.47619047619047616,0.368421052631579,0.8500000000000001,1.0,1.0,0.6000000000000001,0.4,0.2,0.3333333333333333,0.0,0.0,1.0,0.0,0.0,1.0,0.22722829304560538,0.482142857143117,0.6555555555555556,0.05735660847880299,0.6859205776173286,0.5559999999999999,0.053255225545657064,0.045454545454545456,1.0,0.0,0.0,1.0,0.0,0.0,0.0,0.0,0.0,0.0,0.0,0.0,0.0,0.0,0.0,0.0
3 BHK,1328.5,1552.1,2,6,5,1,Semi-Furnished,1,4,3,2,5,Vitrified,0,0,0,0,0,Covered,1,Municipal,2164.755,Wakad,411057,Standalone,4.43,2.52,2.62,1.86,36111.82,14309224.01,10770.97,Not Specified,17,3,1,3,3,0,0,0,0,0,0,0,0,0,0,0,0,0,0,1,0.5113614610053985,0.4872128221049364,0.09523809523809523,0.10526315789473684,0.25,1.0,1.0,0.6000000000000001,0.6000000000000001,0.4,0.4444444444444445,0.0,0.0,0.0,0.0,0.0,1.0,0.1565868943646135,1.0,0.5875,0.19285120532003322,0.8736462093862817,0.4960000000000001,0.18536340691122347,0.14545454545454545,1.0,0.0,0.0,0.0,0.0,0.0,0.0,0.0,0.0,0.0,0.0,0.0,0.0,0.0,0.0,1.0
1 BHK,411.8,507.04,2,13,5,1,Semi-Furnished,1,1,0,0,1,Granite,1,0,1,1,1,Covered,1,Municipal,1958.39,Kharadi,411014,Society,4.2,1.65,2.03,1.85,11530.47,6050848.25,14693.63,Owner,62,2,1,1,1,0,0,0,0,0,1,0,0,0,0,0,0,0,0,0,0.07264826371606876,0.08164778019248684,0.09523809523809523,0.4736842105263157,0.25,1.0,1.0,0.0,0.0,0.0,0.0,1.0,0.0,1.0,1.0,1.0,1.0,0.13290934458054718,0.232142857143117,0.5555555555555556,0.12053200332502076,0.6606498194945848,0.4920000000000001,0.3065173694802684,0.5545454545454546,0.5,0.0,0.0,0.0,0.0,0.0,1.0,0.0,0.0,0.0,0.0,0.0,0.0,0.0,0.0,0.0
4 BHK,1401.17,1753.43,16,21,10,1,Semi-Furnished,1,4,4,4,5,Marble,1,0,0,0,0,Open,1,Corporation + Borewell,2119.8,Nigdi,411044,Society,3.3,10.44,2.09,3.02,34867.95,9569174.05,6829.42,Broker,38,3,1,4,4,0,0,0,0,0,0,0,0,0,1,0,0,0,0,0,0.5461397832995138,0.5653446134740765,0.7619047619047619,0.894736842105263,0.5,1.0,1.0,0.6000000000000001,0.8,0.8,0.4444444444444445,1.0,0.0,0.0,0.0,0.0,1.0,0.1514289254719103,0.7678571428577925,0.4305555555555555,0.8512053200332501,0.6823104693140793,0.9600000000000002,0.06362601413080946,0.33636363636363636,1.0,0.0,0.0,0.0,0.0,0.0,0.0,0.0,0.0,0.0,1.0,0.0,0.0,0.0,0.0,0.0
2 BHK,655.05,962.365,10,10,5,1,Semi-Furnished,1,3,1,1,2,Vitrified,0,1,1,0,0,Covered,1,Tanker,2180.19,Hadapsar,411028,Standalone,5.11,2.14,2.23,2.36,23339.01,4668449.8,7126.81,Broker,14,3,1,2,2,0,0,1,0,0,0,0,0,0,0,0,0,0,0,0,0.18906255982235154,0.2583495032598572,0.47619047619047616,0.3157894736842105,0.25,1.0,1.0,0.4000000000000001,0.2,0.2,0.1111111111111111,0.0,1.0,1.0,0.0,0.0,1.0,0.1583578486490952,0.482142857143117,0.6819444444444445,0.16126350789692434,0.7328519855595668,0.696,0.07281110203758911,0.11818181818181817,1.0,0.0,0.0,1.0,0.0,0.0,0.0,0.0,0.0,0.0,0.0,0.0,0.0,0.0,0.0,0.0
3 BHK,683.68,846.97,6,11,6,1,Semi-Furnished,1,3,3,3,6,Vitrified,0,1,1,0,0,Covered,1,Corporation + Borewell,2857.41,Kalyani Nagar,411006,Standalone,1.85,4.97,1.3,1.45,41727.48,15313325.16,22398.45,Owner,6,1,1,3,3,0,0,0,0,1,0,0,0,0,0,0,0,0,0,0,0.20276427122018453,0.21356721515057442,0.2857142857142857,0.368421052631579,0.30000000000000004,1.0,1.0,0.4000000000000001,0.6000000000000001,0.6000000000000001,0.5555555555555556,0.0,1.0,1.0,0.0,0.0,1.0,0.2360595435332345,0.089285714286234,0.22916666666666669,0.3965087281795511,0.39711191335740076,0.33199999999999996,0.5444858586894348,0.045454545454545456,0.0,0.0,0.0,0.0,0.0,1.0,0.0,0.0,0.0,0.0,0.0,0.0,0.0,0.0,0.0,0.0
3 BHK,817.88,968.32,1,10,9,1,Fully Furnished,1,3,3,1,5,Marble,0,1,0,0,0,Covered,0,Tanker,4337.44,Aundh,411007,Standalone,3.94,5.08,1.04,1.24,27983.25,15035929.79,18384.05,Owner,18,2,2,3,3,1,0,0,0,0,0,0,0,0,0,0,0,0,0,0,0.2669895478387381,0.26066050915864647,0.047619047619047616,0.3157894736842105,0.45,1.0,1.0,0.4000000000000001,0.6000000000000001,0.2,0.4444444444444445,0.0,1.0,0.0,0.0,0.0,0.0,0.40587266110119274,0.107142857143117,0.5194444444444445,0.4056525353283458,0.3032490974729242,0.248,0.4204984452156252,0.15454545454545454,0.5,1.0,0.0,0.0,0.0,0.0,0.0,0.0,0.0,0.0,0.0,0.0,0.0,0.0,0.0,0.0
2 BHK,518.84,614.16,1,21,8,1,Fully Furnished,1,3,1,1,3,Marble,1,1,1,1,0,Stilt,0,Municipal,1234.28,Pune Camp,411001,Society,1.4,6.35,0.78,1.71,19461.41,4667492.85,8996.01,Owner,27,3,2,2,2,0,0,0,0,0,0,0,0,0,0,0,1,0,0,0,0.12387533979095679,0.12321872089413227,0.047619047619047616,0.894736842105263,0.4,1.0,1.0,0.4000000000000001,0.2,0.2,0.2222222222222222,1.0,1.0,1.0,1.0,0.0,0.0,0.0498276661266413,0.0,0.16666666666666666,0.511221945137157,0.20938628158844763,0.43600000000000005,0.13054258700800683,0.23636363636363636,1.0,0.0,0.0,0.0,0.0,0.0,0.0,0.0,0.0,0.0,0.0,0.0,1.0,0.0,0.0,0.0
2 BHK,651.37,757.11,6,22,9,1,Semi-Furnished,1,2,1,1,3,Wooden,1,1,0,1,0,Open,1,Borewell,1799.71,Hinjewadi,411057,Society,6.09,2.08,2.4,2.44,15664.34,5622107.66,8631.15,Owner,34,3,1,2,2,0,0,0,1,0,0,0,0,0,0,0,0,0,0,0,0.1873013897928711,0.1786945048121702,0.2857142857142857,0.9473684210526316,0.45,1.0,1.0,0.2,0.2,0.2,0.2222222222222222,1.0,1.0,0.0,1.0,0.0,1.0,0.11470299369868422,1.0,0.8180555555555555,0.15627597672485452,0.7942238267148014,0.728,0.11927364328539466,0.3,1.0,0.0,0.0,0.0,1.0,0.0,0.0,0.0,0.0,0.0,0.0,0.0,0.0,0.0,0.0,0.0
3 BHK,1495.21,1768.26,3,13,15,1,Semi-Furnished,1,3,3,1,6,Marble,1,1,0,0,0,Covered,0,Municipal,4633.94,Wakad,411057,Society,5.56,1.91,2.03,2.1,26396.02,8636363.27,5776.03,Owner,19,3,1,3,3,0,0,0,0,0,0,0,0,0,0,0,0,0,0,1,0.5911453348137372,0.5710998137224466,0.14285714285714285,0.4736842105263157,0.75,1.0,1.0,0.4000000000000001,0.6000000000000001,0.2,0.5555555555555556,1.0,1.0,0.0,0.0,0.0,0.0,0.4398919643307892,1.0,0.7444444444444445,0.14214463840399,0.6606498194945848,0.5920000000000001,0.031091363503274516,0.16363636363636364,1.0,0.0,0.0,0.0,0.0,0.0,0.0,0.0,0.0,0.0,0.0,0.0,0.0,0.0,0.0,1.0
4 BHK,1327.2,1574.43,11,12,12,1,Fully Furnished,1,4,3,2,7,Vitrified,0,0,0,0,0,Covered,1,Municipal,4171.73,Kharadi,411014,Standalone,4.14,1.76,1.56,1.99,69115.45,12855385.97,9686.09,Broker,9,2,2,4,4,0,0,0,0,0,1,0,0,0,0,0,0,0,0,0,0.510739308549332,0.49587860912760023,0.5238095238095237,0.42105263157894735,0.6000000000000001,1.0,1.0,0.6000000000000001,0.6000000000000001,0.4,0.6666666666666665,0.0,0.0,0.0,0.0,0.0,1.0,0.38685971426080007,0.232142857143117,0.5472222222222222,0.12967581047381543,0.49097472924187724,0.548,0.1518561666936402,0.07272727272727272,0.5,0.0,0.0,0.0,0.0,0.0,1.0,0.0,0.0,0.0,0.0,0.0,0.0,0.0,0.0,0.0
2 BHK,754.92,847.78,4,11,6,1,Semi-Furnished,1,3,3,1,4,Ceramic,0,1,0,1,1,Not Specified,1,Borewell,3268.14,Kharadi,411014,Standalone,4.01,0.61,1.62,2.05,28228.0,8024390.12,10629.43,Owner,24,2,1,2,2,0,0,0,0,0,1,0,0,0,0,0,0,0,0,0,0.23685822581262678,0.2138815585221981,0.19047619047619047,0.368421052631579,0.30000000000000004,1.0,1.0,0.4000000000000001,0.6000000000000001,0.2,0.3333333333333333,0.0,1.0,0.0,1.0,1.0,1.0,0.2831851705669348,0.232142857143117,0.5291666666666667,0.0340814630091438,0.5126353790613719,0.572,0.18099184989072656,0.20909090909090908,0.5,0.0,0.0,0.0,0.0,0.0,1.0,0.0,0.0,0.0,0.0,0.0,0.0,0.0,0.0,0.0
2 BHK,618.12,760.68,2,7,8,1,Unfurnished,1,3,1,2,3,Vitrified,0,0,1,1,1,Covered,1,Municipal,3107.62,Baner,411045,Society,3.3,3.37,1.72,2.22,27450.58,14704457.15,23788.84,Owner,66,1,0,2,2,0,1,0,0,0,0,0,0,0,0,0,0,0,0,0,0.17138864428194034,0.18007994411673395,0.09523809523809523,0.15789473684210525,0.4,1.0,1.0,0.4000000000000001,0.2,0.4,0.2222222222222222,0.0,0.0,1.0,1.0,1.0,1.0,0.26476770495339413,0.7857142857146755,0.4305555555555555,0.2635078969243558,0.5487364620938628,0.6400000000000001,0.587428978413391,0.5909090909090909,0.0,0.0,1.0,0.0,0.0,0.0,0.0,0.0,0.0,0.0,0.0,0.0,0.0,0.0,0.0,0.0
1 BHK,501.83,579.66,6,8,12,1,Semi-Furnished,1,2,1,1,2,Ceramic,1,1,1,1,1,Covered,1,Municipal,2301.42,Baner,411045,Society,2.67,3.23,1.71,1.97,31543.46,12309991.91,24530.05,Broker,45,1,1,1,1,0,1,0,0,0,0,0,0,0,0,0,0,0,0,0,0.11573471419273325,0.10983002173238127,0.2857142857142857,0.21052631578947367,0.6000000000000001,1.0,1.0,0.2,0.2,0.2,0.1111111111111111,1.0,1.0,1.0,1.0,1.0,1.0,0.17226732632371233,0.7857142857146755,0.34305555555555556,0.25187032418952615,0.5451263537906137,0.54,0.6103217421491728,0.39999999999999997,0.0,0.0,1.0,0.0,0.0,0.0,0.0,0.0,0.0,0.0,0.0,0.0,0.0,0.0,0.0,0.0
2 BHK,509.24,650.81,5,16,7,1,Fully Furnished,1,1,2,2,2,Vitrified,1,1,1,1,1,Covered,1,Municipal,2483.79,Baner,411045,Society,3.28,3.09,2.46,2.09,34287.96,9764462.79,19174.58,Owner,62,1,2,2,2,0,1,0,0,0,0,0,0,0,0,0,0,0,0,0,0.11928098319231213,0.13744178826451414,0.23809523809523808,0.631578947368421,0.35000000000000003,1.0,1.0,0.0,0.4,0.4,0.1111111111111111,1.0,1.0,1.0,1.0,1.0,1.0,0.19319177937592652,0.7857142857146755,0.42777777777777776,0.24023275145469652,0.8158844765342961,0.588,0.4449144899479516,0.5545454545454546,0.0,0.0,1.0,0.0,0.0,0.0,0.0,0.0,0.0,0.0,0.0,0.0,0.0,0.0,0.0,0.0
4 BHK,1688.48,1876.61,12,12,9,1,Fully Furnished,1,5,4,3,6,Granite,1,0,0,0,0,Covered,0,Municipal,5055.04,Pimple Saudagar,411027,Society,3.42,5.37,1.44,1.8,48963.99,15151356.72,8973.35,Owner,52,3,2,4,4,0,0,0,0,0,0,0,0,0,0,1,0,0,0,0,0.6836402618783262,0.6131480906550761,0.5714285714285714,0.42105263157894735,0.45,1.0,1.0,0.8,0.8,0.6000000000000001,0.5555555555555556,1.0,0.0,0.0,0.0,0.0,0.0,0.48820740645552135,0.464285714286234,0.44722222222222224,0.4297589359933499,0.4476534296028881,0.4720000000000001,0.12984271783968368,0.4636363636363636,1.0,0.0,0.0,0.0,0.0,0.0,0.0,0.0,0.0,0.0,0.0,1.0,0.0,0.0,0.0,0.0
1 BHK,388.33,443.3,7,16,11,1,Unfurnished,1,1,0,0,1,Ceramic,1,1,0,0,0,Covered,0,Municipal,984.89,Hinjewadi,411057,Society,6.09,1.14,2.19,2.55,10304.68,2800000.0,7210.43,Owner,49,3,0,1,1,0,0,0,1,0,0,0,0,0,0,0,0,0,0,0,0.06141601899000727,0.05691167339335612,0.3333333333333333,0.631578947368421,0.55,1.0,1.0,0.0,0.0,0.0,0.0,1.0,1.0,0.0,0.0,0.0,0.0,0.021213588445598952,1.0,0.8180555555555555,0.07813798836242725,0.7184115523465704,0.772,0.07539376134276049,0.43636363636363634,1.0,0.0,0.0,0.0,1.0,0.0,0.0,0.0,0.0,0.0,0.0,0.0,0.0,0.0,0.0,0.0
1 BHK,430.71,485.07,1,14,9,1,Unfurnished,1,1,0,0,2,Marble,1,1,0,1,0,Open,0,Municipal,1225.08,Aundh,411007,Society,4.26,3.01,1.65,2.03,15281.75,3966372.75,9208.82,Owner,37,2,0,1,1,1,0,0,0,0,0,0,0,0,0,0,0,0,0,0,0.08169818905777403,0.07312170133498916,0.047619047619047616,0.5263157894736842,0.45,1.0,1.0,0.0,0.0,0.0,0.1111111111111111,1.0,1.0,0.0,1.0,0.0,0.0,0.04877209246825248,0.107142857143117,0.5638888888888889,0.2335827098919368,0.5234657039711191,0.564,0.1371153653712395,0.32727272727272727,0.5,1.0,0.0,0.0,0.0,0.0,0.0,0.0,0.0,0.0,0.0,0.0,0.0,0.0,0.0,0.0
3 BHK,947.47,1184.5,10,12,5,1,Fully Furnished,1,5,3,1,4,Wooden,1,1,0,0,0,Bike,1,Tanker,2750.69,Hadapsar,411028,Society,5.41,1.53,2.26,2.31,18021.74,11704109.45,12353.07,Broker,16,3,2,3,3,0,0,1,0,0,0,0,0,0,0,0,0,0,0,0,0.3290085761323175,0.344555262340888,0.47619047619047616,0.42105263157894735,0.25,1.0,1.0,0.8,0.6000000000000001,0.2,0.3333333333333333,1.0,1.0,0.0,0.0,0.0,1.0,0.22381488909592412,0.482142857143117,0.7236111111111112,0.11055694098088112,0.743682310469314,0.676,0.2342276174674496,0.13636363636363635,1.0,0.0,0.0,1.0,0.0,0.0,0.0,0.0,0.0,0.0,0.0,0.0,0.0,0.0,0.0,0.0
1 BHK,426.28,463.63,2,13,8,1,Semi-Furnished,1,1,1,0,1,Ceramic,0,1,1,0,0,Covered,0,Municipal,1509.0,Pune Camp,411001,Society,2.64,6.26,1.74,2.1,16835.11,3666543.9,8601.26,Broker,55,3,1,1,1,0,0,0,0,0,0,0,0,0,0,0,1,0,0,0,0.07957808491902445,0.0648013039428749,0.09523809523809523,0.4736842105263157,0.4,1.0,1.0,0.0,0.2,0.0,0.0,0.0,1.0,1.0,0.0,0.0,0.0,0.08134801345626944,0.0,0.3388888888888889,0.5037406483790523,0.555956678700361,0.5920000000000001,0.11835047075930558,0.4909090909090909,1.0,0.0,0.0,0.0,0.0,0.0,0.0,0.0,0.0,0.0,0.0,0.0,1.0,0.0,0.0,0.0
2 BHK,635.59,775.93,3,14,2,1,Semi-Furnished,1,2,3,1,3,Wooden,1,1,0,0,0,Covered,0,Not Specified,1157.32,Wakad,411057,Society,4.35,3.6,2.3,2.08,15430.21,5173869.05,8140.24,Owner,4,3,1,2,2,0,0,0,0,0,0,0,0,0,0,0,0,0,0,1,0.17974941613384893,0.18599813722446445,0.14285714285714285,0.5263157894736842,0.1,1.0,1.0,0.2,0.6000000000000001,0.2,0.2222222222222222,1.0,1.0,0.0,0.0,0.0,0.0,0.040997563001684334,1.0,0.5763888888888888,0.28262676641729007,0.7581227436823105,0.5840000000000001,0.10411156149274128,0.02727272727272727,1.0,0.0,0.0,0.0,0.0,0.0,0.0,0.0,0.0,0.0,0.0,0.0,0.0,0.0,0.0,1.0
1 RK,385.08,487.61,5,6,1,1,Fully Furnished,1,1,2,1,1,Vitrified,1,1,1,1,1,Open,1,Tanker,2305.66,Kalyani Nagar,411006,Society,1.9,4.57,1.02,1.25,32438.63,9670277.69,25112.57,Broker,56,1,2,1,1,0,0,0,0,1,0,0,0,0,0,0,0,0,0,0,0.059860637849841095,0.0741074200558833,0.23809523809523808,0.10526315789473684,0.05,1.0,1.0,0.0,0.4,0.2,0.0,1.0,1.0,1.0,1.0,1.0,1.0,0.17275380809670887,0.089285714286234,0.2361111111111111,0.36325852036575224,0.296028880866426,0.252,0.6283132597101442,0.49999999999999994,0.0,0.0,0.0,0.0,0.0,1.0,0.0,0.0,0.0,0.0,0.0,0.0,0.0,0.0,0.0,0.0
3 BHK,1246.07,1430.77,7,10,5,1,Unfurnished,0,4,2,2,4,Vitrified,1,0,0,1,0,Bike,1,Corporation + Borewell,5141.03,Aundh,411007,Society,2.81,4.19,1.74,1.14,39596.73,9443790.54,7578.85,Broker,19,2,0,3,3,1,0,0,0,0,0,0,0,0,0,0,0,0,0,0,0.47191220950266083,0.4401272896615958,0.3333333333333333,0.3157894736842105,0.25,1.0,0.0,0.6000000000000001,0.4,0.4,0.3333333333333333,1.0,0.0,0.0,1.0,0.0,1.0,0.4980735780734404,0.107142857143117,0.3625,0.3316708229426434,0.555956678700361,0.20799999999999996,0.086772658032682,0.16363636363636364,0.5,1.0,0.0,0.0,0.0,0.0,0.0,0.0,0.0,0.0,0.0,0.0,0.0,0.0,0.0,0.0
1 RK,387.75,476.94,1,13,9,1,Fully Furnished,1,1,1,0,2,Marble,1,1,1,1,0,Covered,0,Corporation + Borewell,800.0,Pimple Saudagar,411027,Society,3.78,5.17,1.27,1.64,14101.97,2943895.11,7592.3,Broker,2,3,2,1,1,0,0,0,0,0,0,0,0,0,0,1,0,0,0,0,0.061138443278839175,0.06996662527165479,0.047619047619047616,0.4736842105263157,0.45,1.0,1.0,0.0,0.2,0.0,0.1111111111111111,1.0,1.0,1.0,1.0,0.0,0.0,0.0,0.464285714286234,0.49722222222222223,0.4131338320864505,0.3862815884476534,0.40800000000000003,0.08718807022658961,0.00909090909090909,1.0,0.0,0.0,0.0,0.0,0.0,0.0,0.0,0.0,0.0,0.0,1.0,0.0,0.0,0.0,0.0
2 BHK,636.26,792.6,7,15,6,1,Semi-Furnished,1,1,2,1,3,Marble,1,1,1,0,0,Covered,0,Corporation + Borewell,838.5,Aundh,411007,Society,2.68,4.83,1.69,1.28,20955.47,11966854.68,18808.02,Broker,14,2,1,2,2,1,0,0,0,0,0,0,0,0,0,0,0,0,0,0,0.1800700639381293,0.19246740142812796,0.3333333333333333,0.5789473684210527,0.30000000000000004,1.0,1.0,0.0,0.4,0.2,0.2222222222222222,1.0,1.0,1.0,0.0,0.0,0.0,0.00441734628782281,0.107142857143117,0.3444444444444445,0.3848711554447215,0.5379061371841155,0.264,0.4335930405948827,0.11818181818181817,0.5,1.0,0.0,0.0,0.0,0.0,0.0,0.0,0.0,0.0,0.0,0.0,0.0,0.0,0.0,0.0
3 BHK,1108.4,1240.63,1,13,3,1,Semi-Furnished,1,3,2,2,4,Ceramic,1,1,0,0,1,Covered,1,Municipal,2363.11,Aundh,411007,Society,2.82,4.6,1.38,1.76,57370.84,11670871.9,10529.49,Broker,43,2,1,3,3,1,0,0,0,0,0,0,0,0,0,0,0,0,0,0,0.4060262644052223,0.36633809375970205,0.047619047619047616,0.4736842105263157,0.15000000000000002,1.0,1.0,0.4000000000000001,0.4,0.4,0.3333333333333333,1.0,1.0,0.0,0.0,1.0,1.0,0.1793454066482783,0.107142857143117,0.3638888888888889,0.3657522859517871,0.42599277978339345,0.45600000000000007,0.1779051365331706,0.3818181818181818,0.5,1.0,0.0,0.0,0.0,0.0,0.0,0.0,0.0,0.0,0.0,0.0,0.0,0.0,0.0,0.0
3 BHK,837.06,939.69,10,12,6,1,Unfurnished,0,3,3,1,5,Vitrified,1,1,1,0,0,Covered,0,Tanker,1945.67,Pimple Saudagar,411027,Society,3.7,5.03,2.06,1.88,18075.99,10047057.57,12002.83,Owner,9,3,0,3,3,0,0,0,0,0,0,0,0,0,0,1,0,0,0,0,0.27616868945978024,0.249549829245576,0.47619047619047616,0.42105263157894735,0.30000000000000004,1.0,0.0,0.4000000000000001,0.6000000000000001,0.2,0.4444444444444445,1.0,1.0,1.0,0.0,0.0,0.0,0.1314498992615574,0.464285714286234,0.48611111111111116,0.4014962593516209,0.6714801444043321,0.504,0.22341022216676534,0.07272727272727272,1.0,0.0,0.0,0.0,0.0,0.0,0.0,0.0,0.0,0.0,0.0,1.0,0.0,0.0,0.0,0.0
5 BHK,1767.99,2216.78,11,13,7,1,Semi-Furnished,1,5,5,3,6,Vitrified,1,1,0,1,0,Not Specified,1,Borewell,5797.56,Kharadi,411014,Society,3.92,1.47,2.15,1.47,70225.33,20474374.66,11580.62,Owner,20,2,1,5,5,0,0,0,0,0,1,0,0,0,0,0,0,0,0,0,0.721692063248976,0.7451606643899411,0.5238095238095237,0.4736842105263157,0.35000000000000003,1.0,1.0,0.8,1.0,0.6000000000000001,0.5555555555555556,1.0,1.0,0.0,1.0,0.0,1.0,0.573401379588877,0.232142857143117,0.5166666666666667,0.10556940980881128,0.703971119133574,0.33999999999999997,0.2103699855578631,0.17272727272727273,0.5,0.0,0.0,0.0,0.0,0.0,1.0,0.0,0.0,0.0,0.0,0.0,0.0,0.0,0.0,0.0
2 BHK,724.02,922.29,1,10,12,1,Unfurnished,1,3,0,1,2,Granite,1,1,0,0,0,Covered,0,Municipal,2354.77,Pune Camp,411001,Society,2.55,6.46,1.73,1.71,19051.48,8461403.17,11686.69,Owner,6,3,0,2,2,0,0,0,0,0,0,0,0,0,0,0,1,0,0,0,0.2220701405107393,0.24279726792921458,0.047619047619047616,0.3157894736842105,0.6000000000000001,1.0,1.0,0.4000000000000001,0.0,0.2,0.1111111111111111,1.0,1.0,0.0,0.0,0.0,0.0,0.17838850617969537,0.0,0.3263888888888889,0.5203657522859517,0.5523465703971119,0.43600000000000005,0.21364602804171298,0.045454545454545456,1.0,0.0,0.0,0.0,0.0,0.0,0.0,0.0,0.0,0.0,0.0,0.0,1.0,0.0,0.0,0.0
2 BHK,585.44,711.61,14,16,18,1,Unfurnished,0,3,2,1,3,Wooden,0,1,1,1,1,Open,1,Municipal,1653.75,Kharadi,411014,Society,4.07,1.6,2.07,2.39,22487.66,4337823.25,7409.5,Owner,45,2,0,2,2,0,0,0,0,0,1,0,0,0,0,0,0,0,0,0,0.15574868869405417,0.16103694504812172,0.6666666666666666,0.631578947368421,0.9,1.0,0.0,0.4000000000000001,0.4,0.2,0.2222222222222222,0.0,1.0,1.0,1.0,1.0,1.0,0.09795608813581103,0.232142857143117,0.5375000000000001,0.1163757273482959,0.6750902527075812,0.7080000000000001,0.08154217066924296,0.39999999999999997,0.5,0.0,0.0,0.0,0.0,0.0,1.0,0.0,0.0,0.0,0.0,0.0,0.0,0.0,0.0,0.0
1 BHK,359.87,448.34,2,11,6,1,Semi-Furnished,1,2,0,0,2,Wooden,1,1,1,1,0,Bike,1,Corporation + Borewell,800.0,Viman Nagar,411014,Society,1.95,5.23,1.6,1.47,14053.91,6192563.87,17207.89,Owner,45,2,1,1,1,0,0,0,0,0,0,0,0,0,0,0,0,0,1,0,0.04779566599027528,0.058867587705681484,0.09523809523809523,0.368421052631579,0.30000000000000004,1.0,1.0,0.2,0.0,0.0,0.1111111111111111,1.0,1.0,1.0,1.0,0.0,1.0,0.0,0.232142857143117,0.24305555555555552,0.41812136325852034,0.5054151624548737,0.33999999999999997,0.38417196149916544,0.39999999999999997,0.5,0.0,0.0,0.0,0.0,0.0,0.0,0.0,0.0,0.0,0.0,0.0,0.0,0.0,1.0,0.0
3 BHK,1143.6,1249.41,9,10,10,1,Semi-Furnished,1,3,2,2,5,Marble,0,0,0,0,0,Stilt,1,Tanker,3829.01,Viman Nagar,411014,Standalone,2.49,7.28,2.05,1.43,36947.53,8142220.63,7119.84,Owner,15,2,1,3,3,0,0,0,0,0,0,0,0,0,0,0,0,0,1,0,0.42287223860025264,0.36974542067680854,0.42857142857142855,0.3157894736842105,0.5,1.0,1.0,0.4000000000000001,0.4,0.4,0.4444444444444445,0.0,0.0,0.0,0.0,0.0,1.0,0.347537300760472,0.232142857143117,0.3180555555555556,0.5885286783042394,0.667870036101083,0.32399999999999995,0.07259582895271655,0.12727272727272726,0.5,0.0,0.0,0.0,0.0,0.0,0.0,0.0,0.0,0.0,0.0,0.0,0.0,0.0,1.0,0.0
1 RK,461.5,534.91,15,17,13,1,Semi-Furnished,1,1,0,0,2,Not Specified,0,1,0,0,0,Bike,0,Municipal,1747.44,Hadapsar,411028,Society,5.39,2.79,2.54,2.25,13932.78,4506433.61,9764.85,Builder,23,3,1,1,1,0,0,1,0,0,0,0,0,0,0,0,0,0,0,0,0.09643363069030207,0.09246352064576219,0.7142857142857142,0.6842105263157894,0.65,1.0,1.0,0.0,0.0,0.0,0.1111111111111111,0.0,1.0,0.0,0.0,0.0,0.0,0.10870572901129466,0.482142857143117,0.7208333333333333,0.21529509559434745,0.8447653429602888,0.652,0.15428872166703525,0.19999999999999998,1.0,0.0,0.0,1.0,0.0,0.0,0.0,0.0,0.0,0.0,0.0,0.0,0.0,0.0,0.0,0.0
2 BHK,582.58,655.98,14,15,14,1,Semi-Furnished,1,2,3,1,4,Marble,1,1,0,0,0,Open,0,Municipal,1432.17,Pimple Saudagar,411027,Society,4.29,4.16,1.12,1.9,8056.41,3324135.34,5705.9,Owner,50,3,1,2,2,0,0,0,0,0,0,0,0,0,0,1,0,0,0,0,0.15437995329070792,0.13944815274759398,0.6666666666666666,0.5789473684210527,0.7000000000000001,1.0,1.0,0.2,0.6000000000000001,0.2,0.3333333333333333,1.0,1.0,0.0,0.0,0.0,0.0,0.07253282604605055,0.464285714286234,0.5680555555555555,0.32917705735660846,0.332129963898917,0.512,0.028925351818609724,0.44545454545454544,1.0,0.0,0.0,0.0,0.0,0.0,0.0,0.0,0.0,0.0,0.0,1.0,0.0,0.0,0.0,0.0
2 BHK,504.65,551.53,2,9,8,1,Semi-Furnished,1,3,2,1,2,Vitrified,1,1,1,1,1,Covered,1,Municipal,2559.06,Kharadi,411014,Society,3.87,3.34,2.16,1.45,18545.19,6180629.12,12247.25,Owner,30,2,1,2,2,0,0,0,0,0,1,0,0,0,0,0,0,0,0,0,0.11708430644358513,0.09891338093759702,0.09523809523809523,0.2631578947368421,0.4,1.0,1.0,0.4000000000000001,0.4,0.2,0.1111111111111111,1.0,1.0,1.0,1.0,1.0,1.0,0.2018279782092881,0.232142857143117,0.5097222222222223,0.2610141313383208,0.7075812274368232,0.33199999999999996,0.2309592963998434,0.2636363636363636,0.5,0.0,0.0,0.0,0.0,0.0,1.0,0.0,0.0,0.0,0.0,0.0,0.0,0.0,0.0,0.0
2 BHK,682.03,757.37,2,13,10,1,Semi-Furnished,1,2,1,1,3,Marble,0,0,0,0,0,Covered,0,Corporation + Borewell,2468.79,Pune Camp,411001,Society,2.07,5.1,1.17,1.78,13594.95,4830453.61,7082.46,Broker,12,3,1,2,2,0,0,0,0,0,0,0,0,0,0,0,1,0,0,0,0.20197461617979245,0.17879540515367903,0.09523809523809523,0.4736842105263157,0.5,1.0,1.0,0.2,0.2,0.2,0.2222222222222222,0.0,0.0,0.0,0.0,0.0,0.0,0.19147073536768383,0.0,0.2597222222222222,0.40731504571903565,0.35018050541516244,0.4640000000000001,0.07144132279596807,0.09999999999999999,1.0,0.0,0.0,0.0,0.0,0.0,0.0,0.0,0.0,0.0,0.0,0.0,1.0,0.0,0.0,0.0
1 BHK,468.34,563.96,6,11,15,1,Semi-Furnished,1,1,1,0,1,Ceramic,0,0,1,1,0,Covered,0,Municipal,1866.91,Kharadi,411014,Standalone,4.42,1.68,2.11,2.54,17097.01,6622606.93,14140.47,Owner,13,2,1,1,1,0,0,0,0,0,1,0,0,0,0,0,0,0,0,0,0.0997071097668364,0.10373719341819315,0.2857142857142857,0.368421052631579,0.75,1.0,1.0,0.0,0.2,0.0,0.0,0.0,0.0,1.0,1.0,0.0,0.0,0.1224132708556113,0.232142857143117,0.5861111111111111,0.12302576891105568,0.6895306859205776,0.768,0.28943265504294957,0.10909090909090909,0.5,0.0,0.0,0.0,0.0,0.0,1.0,0.0,0.0,0.0,0.0,0.0,0.0,0.0,0.0,0.0
3 BHK,615.35,776.58,0,11,10,1,Semi-Furnished,1,3,3,2,5,Wooden,1,1,0,1,1,Covered,1,Municipal,2574.31,Kothrud,411038,Society,0.74,8.1,1.67,1.46,27772.86,9302979.69,15118.16,Owner,52,2,1,3,3,0,0,0,0,0,0,0,1,0,0,0,0,0,0,0,0.1700629809717064,0.18625038807823663,0.0,0.368421052631579,0.5,1.0,1.0,0.4000000000000001,0.6000000000000001,0.4,0.4444444444444445,1.0,1.0,0.0,1.0,1.0,1.0,0.20357770628433486,0.6607142857146755,0.07500000000000001,0.6566916043225269,0.5306859205776173,0.33599999999999997,0.31962926083191157,0.4636363636363636,0.5,0.0,0.0,0.0,0.0,0.0,0.0,0.0,1.0,0.0,0.0,0.0,0.0,0.0,0.0,0.0
3 BHK,1279.46,1598.86,2,16,11,1,Semi-Furnished,1,3,3,1,5,Marble,1,1,0,1,0,Open,1,Municipal,4338.64,Aundh,411007,Standalone,3.73,4.14,1.77,1.81,40553.2,12305499.15,9617.73,Broker,23,2,1,3,3,1,0,0,0,0,0,0,0,0,0,0,0,0,0,0,0.4878919560473219,0.5053593604470661,0.09523809523809523,0.631578947368421,0.55,1.0,1.0,0.4000000000000001,0.6000000000000001,0.2,0.4444444444444445,1.0,1.0,0.0,1.0,0.0,1.0,0.40601034462185226,0.107142857143117,0.4902777777777778,0.3275145469659185,0.5667870036101084,0.4760000000000001,0.14974482263598035,0.19999999999999998,0.5,1.0,0.0,0.0,0.0,0.0,0.0,0.0,0.0,0.0,0.0,0.0,0.0,0.0,0.0,0.0
2 BHK,785.93,955.25,7,10,10,1,Fully Furnished,1,3,2,1,4,Ceramic,0,1,1,0,0,Stilt,1,Corporation + Borewell,3171.02,Kharadi,411014,Standalone,4.17,1.19,1.6,1.97,35207.35,7777143.41,9895.43,Broker,70,2,2,2,2,0,0,0,0,0,1,0,0,0,0,0,0,0,0,0,0.2516989547838738,0.25558832660664393,0.3333333333333333,0.3157894736842105,0.5,1.0,1.0,0.4000000000000001,0.4,0.2,0.3333333333333333,0.0,1.0,1.0,0.0,0.0,1.0,0.27204198429489973,0.232142857143117,0.5513888888888889,0.0822942643391521,0.5054151624548737,0.54,0.15832177179941123,0.6272727272727273,0.5,0.0,0.0,0.0,0.0,0.0,1.0,0.0,0.0,0.0,0.0,0.0,0.0,0.0,0.0,0.0
3 BHK,1293.23,1543.3,5,17,10,1,Unfurnished,1,4,3,2,4,Marble,1,1,1,0,0,Covered,0,Borewell,3777.82,Pimple Saudagar,411027,Society,4.21,5.18,1.68,1.97,42790.17,12290178.88,9503.51,Owner,36,3,0,3,3,0,0,0,0,0,0,0,0,0,0,1,0,0,0,0,0.4944819862935029,0.48379773362309847,0.23809523809523808,0.6842105263157894,0.5,1.0,1.0,0.6000000000000001,0.6000000000000001,0.4,0.3333333333333333,1.0,1.0,1.0,0.0,0.0,0.0,0.3416639512416759,0.464285714286234,0.5569444444444445,0.41396508728179543,0.5342960288808665,0.54,0.1462170619825879,0.3181818181818182,1.0,0.0,0.0,0.0,0.0,0.0,0.0,0.0,0.0,0.0,0.0,1.0,0.0,0.0,0.0,0.0
3 BHK,1158.26,1339.99,16,18,6,1,Semi-Furnished,1,3,3,2,4,Marble,1,1,0,1,0,Bike,0,Tanker,4631.3,Aundh,411007,Society,3.87,4.39,1.97,1.85,39419.92,13283056.17,11468.15,Owner,103,2,1,3,3,1,0,0,0,0,0,0,0,0,0,0,0,0,0,0,0.429888203989433,0.4048975473455449,0.7619047619047619,0.7368421052631579,0.30000000000000004,1.0,1.0,0.4000000000000001,0.6000000000000001,0.4,0.3333333333333333,1.0,1.0,0.0,1.0,0.0,0.0,0.4395890605853386,0.107142857143117,0.5097222222222223,0.34829592684954275,0.6389891696750902,0.4920000000000001,0.2068962748181761,0.9272727272727272,0.5,1.0,0.0,0.0,0.0,0.0,0.0,0.0,0.0,0.0,0.0,0.0,0.0,0.0,0.0,0.0
2 BHK,536.73,640.72,10,10,11,1,Fully Furnished,1,2,2,2,3,Granite,1,0,1,1,0,Covered,1,Borewell,2018.74,Baner,411045,Society,3.59,2.33,1.78,2.0,32620.52,16465222.4,30677.15,Builder,20,1,2,2,2,0,1,0,0,0,0,0,0,0,0,0,0,0,0,0,0.13243711474405606,0.1335260788574977,0.47619047619047616,0.3157894736842105,0.55,1.0,1.0,0.2,0.4,0.4,0.2222222222222222,1.0,0.0,1.0,1.0,0.0,1.0,0.13983367830704344,0.7857142857146755,0.4708333333333333,0.1770573566084788,0.5703971119133574,0.552,0.8001790133141925,0.17272727272727273,0.0,0.0,1.0,0.0,0.0,0.0,0.0,0.0,0.0,0.0,0.0,0.0,0.0,0.0,0.0,0.0
3 BHK,1256.79,1377.67,5,6,4,1,Semi-Furnished,1,3,2,2,5,Vitrified,0,0,1,1,0,Covered,1,Borewell,4858.73,Shivajinagar,411005,Standalone,1.3,6.92,1.27,1.32,51224.4,21885138.59,17413.56,Broker,9,2,1,3,3,0,0,0,0,0,0,0,0,0,0,0,0,1,0,0,0.47704257437114744,0.4195203352995965,0.23809523809523808,0.10526315789473684,0.2,1.0,1.0,0.4000000000000001,0.4,0.4,0.4444444444444445,0.0,0.0,1.0,1.0,0.0,1.0,0.46568352983831357,0.071428571429351,0.1527777777777778,0.5586034912718204,0.3862815884476534,0.28,0.39052421621447997,0.07272727272727272,0.5,0.0,0.0,0.0,0.0,0.0,0.0,0.0,0.0,0.0,0.0,0.0,0.0,1.0,0.0,0.0
2 BHK,626.82,759.96,15,17,9,1,Semi-Furnished,0,2,3,1,3,Ceramic,1,1,1,1,0,Stilt,0,Borewell,1495.36,Aundh,411007,Society,3.47,3.89,1.25,1.68,25558.89,10181733.23,16243.59,Builder,53,2,1,2,2,1,0,0,0,0,0,0,0,0,0,0,0,0,0,0,0.1755522799494621,0.17980052778640176,0.7142857142857142,0.6842105263157894,0.45,1.0,0.0,0.2,0.6000000000000001,0.2,0.2222222222222222,1.0,1.0,1.0,1.0,0.0,0.0,0.07978301077144076,0.107142857143117,0.4541666666666667,0.30673316708229426,0.37906137184115524,0.42400000000000004,0.35438891476421264,0.4727272727272727,0.5,1.0,0.0,0.0,0.0,0.0,0.0,0.0,0.0,0.0,0.0,0.0,0.0,0.0,0.0,0.0
3 BHK,1242.35,1517.75,0,13,12,1,Unfurnished,0,4,2,2,5,Marble,1,1,0,0,0,Open,0,Borewell,3826.91,Kharadi,411014,Society,4.45,2.03,2.4,2.17,47803.08,8780584.93,7067.7,Broker,21,2,0,3,3,0,0,0,0,0,1,0,0,0,0,0,0,0,0,0,0.470131896320686,0.4738823346786713,0.0,0.4736842105263157,0.6000000000000001,1.0,0.0,0.6000000000000001,0.4,0.4,0.4444444444444445,1.0,1.0,0.0,0.0,0.0,0.0,0.347296354599318,0.232142857143117,0.5902777777777778,0.15211970074812964,0.7942238267148014,0.62,0.07098545038094381,0.1818181818181818,0.5,0.0,0.0,0.0,0.0,0.0,1.0,0.0,0.0,0.0,0.0,0.0,0.0,0.0,0.0,0.0
1 BHK,352.38,406.81,11,12,7,1,Semi-Furnished,1,2,1,0,2,Marble,0,0,0,1,0,Stilt,1,Municipal,2490.44,Shivajinagar,411005,Standalone,1.34,7.3,0.91,1.04,14063.71,3710189.61,10528.9,Owner,15,2,1,1,1,0,0,0,0,0,0,0,0,0,0,0,0,1,0,0,0.044211110685707725,0.04275069854082586,0.5238095238095237,0.42105263157894735,0.35000000000000003,1.0,1.0,0.2,0.2,0.0,0.1111111111111111,0.0,0.0,0.0,1.0,0.0,1.0,0.19395477555291407,0.071428571429351,0.15833333333333335,0.5901911886949293,0.2563176895306859,0.16800000000000004,0.17788691399083564,0.12727272727272726,0.5,0.0,0.0,0.0,0.0,0.0,0.0,0.0,0.0,0.0,0.0,0.0,0.0,1.0,0.0,0.0
3 BHK,1030.78,1208.0,1,14,8,1,Fully Furnished,1,3,2,1,5,Vitrified,1,1,0,0,0,Covered,1,Municipal,2709.93,Nigdi,411044,Society,3.65,10.37,2.02,2.96,38519.73,7365218.79,7145.3,Owner,26,3,2,3,3,0,0,0,0,0,0,0,0,0,1,0,0,0,0,0,0.3688789769899307,0.3536751009003416,0.047619047619047616,0.5263157894736842,0.4,1.0,1.0,0.4000000000000001,0.4,0.2,0.4444444444444445,1.0,1.0,0.0,0.0,0.0,1.0,0.21913823884419276,0.7678571428577925,0.47916666666666663,0.8453865336658353,0.6570397111913358,0.9359999999999999,0.07338217798296842,0.22727272727272727,1.0,0.0,0.0,0.0,0.0,0.0,0.0,0.0,0.0,0.0,1.0,0.0,0.0,0.0,0.0,0.0
4 BHK,1264.98,1421.69,10,14,6,1,Semi-Furnished,1,4,4,3,6,Vitrified,1,1,1,0,1,Stilt,1,Corporation + Borewell,3204.69,Kharadi,411014,Society,5.24,1.72,1.92,2.09,52985.09,10991712.99,8689.26,Builder,10,2,1,4,4,0,0,0,0,0,1,0,0,0,0,0,0,0,0,0,0.4809621348443662,0.43660353927351764,0.47619047619047616,0.5263157894736842,0.30000000000000004,1.0,1.0,0.6000000000000001,0.8,0.6000000000000001,0.5555555555555556,1.0,1.0,1.0,0.0,1.0,1.0,0.2759051544120684,0.232142857143117,0.7000000000000001,0.12635078969243554,0.6209386281588447,0.588,0.12106840927706544,0.08181818181818182,0.5,0.0,0.0,0.0,0.0,0.0,1.0,0.0,0.0,0.0,0.0,0.0,0.0,0.0,0.0,0.0
3 BHK,1152.2,1446.6,1,12,9,1,Unfurnished,0,3,3,2,4,Vitrified,1,1,0,0,0,Covered,1,Municipal,3626.95,Aundh,411007,Society,2.63,5.0,1.62,1.52,44325.31,9948618.06,8634.48,Broker,15,2,0,3,3,1,0,0,0,0,0,0,0,0,0,0,0,0,0,0,0.42698801638653855,0.44627056814653837,0.047619047619047616,0.42105263157894735,0.45,1.0,0.0,0.4000000000000001,0.6000000000000001,0.4,0.3333333333333333,1.0,1.0,0.0,0.0,0.0,1.0,0.32435369060677127,0.107142857143117,0.33749999999999997,0.399002493765586,0.5126353790613719,0.3600000000000001,0.11937649254975988,0.12727272727272726,0.5,1.0,0.0,0.0,0.0,0.0,0.0,0.0,0.0,0.0,0.0,0.0,0.0,0.0,0.0,0.0
1 BHK,384.98,438.96,2,11,11,1,Unfurnished,0,1,0,0,2,Marble,1,1,0,1,0,Open,1,Borewell,1541.65,Nigdi,411044,Society,3.79,8.75,1.65,2.43,7500.0,2800000.0,7273.04,Broker,18,3,0,1,1,0,0,0,0,0,0,0,0,0,1,0,0,0,0,0,0.05981277996860525,0.05522741384663149,0.09523809523809523,0.368421052631579,0.55,1.0,0.0,0.0,0.0,0.0,0.1111111111111111,1.0,1.0,0.0,1.0,0.0,1.0,0.0850941525808776,0.7678571428577925,0.4986111111111111,0.71072319201995,0.5234657039711191,0.7240000000000001,0.07732751282681669,0.15454545454545454,1.0,0.0,0.0,0.0,0.0,0.0,0.0,0.0,0.0,0.0,1.0,0.0,0.0,0.0,0.0,0.0
3 BHK,928.5,1064.74,11,12,4,1,Semi-Furnished,1,4,1,2,4,Vitrified,1,1,1,0,0,Open,1,Borewell,2887.34,Shivajinagar,411005,Society,0.3,6.9,0.9,1.15,47095.79,9328910.36,10047.3,Owner,8,2,1,3,3,0,0,0,0,0,0,0,0,0,0,0,0,1,0,0,0.31992993606187065,0.2980790127289662,0.5238095238095237,0.42105263157894735,0.2,1.0,1.0,0.6000000000000001,0.2,0.4,0.3333333333333333,1.0,1.0,1.0,0.0,0.0,1.0,0.23949360001101472,0.071428571429351,0.013888888888888885,0.5569409808811304,0.2527075812274368,0.21199999999999997,0.1630123777390952,0.06363636363636363,0.5,0.0,0.0,0.0,0.0,0.0,0.0,0.0,0.0,0.0,0.0,0.0,0.0,1.0,0.0,0.0
2 BHK,612.82,775.52,0,14,8,1,Unfurnished,1,3,2,0,3,Not Specified,1,1,0,1,1,Covered,0,Borewell,2711.41,Kothrud,411038,Society,1.89,7.47,1.0,0.97,30547.65,8393038.11,13695.74,Owner,6,2,0,2,2,0,0,0,0,0,0,0,1,0,0,0,0,0,0,0,0.16885217657643864,0.18583902514746975,0.0,0.5263157894736842,0.4,1.0,1.0,0.4000000000000001,0.4,0.0,0.2222222222222222,1.0,1.0,0.0,1.0,1.0,0.0,0.21930804851967267,0.6607142857146755,0.23472222222222222,0.6043225270157937,0.2888086642599278,0.14,0.27569687325882064,0.045454545454545456,0.5,0.0,0.0,0.0,0.0,0.0,0.0,0.0,1.0,0.0,0.0,0.0,0.0,0.0,0.0,0.0
3 BHK,970.82,1212.34,3,13,9,1,Semi-Furnished,1,3,2,2,5,Granite,1,1,1,0,1,Covered,0,Municipal,3529.89,Shivajinagar,411005,Society,0.48,6.04,1.04,1.11,39289.18,15322208.17,15782.71,Broker,27,2,1,3,3,0,0,0,0,0,0,0,0,0,0,0,0,1,0,0,0.34018339140089593,0.3553593604470662,0.14285714285714285,0.4736842105263157,0.45,1.0,1.0,0.4000000000000001,0.4,0.4,0.4444444444444445,1.0,1.0,1.0,0.0,1.0,0.0,0.31321738851076913,0.071428571429351,0.03888888888888889,0.4854530340814629,0.3032490974729242,0.19600000000000006,0.34015432949074476,0.23636363636363636,0.5,0.0,0.0,0.0,0.0,0.0,0.0,0.0,0.0,0.0,0.0,0.0,0.0,1.0,0.0,0.0
3 BHK,1080.93,865.89,13,14,14,1,Fully Furnished,1,3,2,1,4,Ceramic,1,1,1,1,0,Covered,1,Corporation + Borewell,3125.8,Wakad,411057,Society,3.76,3.91,2.29,2.09,21396.04,8105149.71,7498.29,Owner,10,3,2,3,3,0,0,0,0,0,0,0,0,0,0,0,0,0,0,1,0.3928797044297255,0.22090965538652596,0.6190476190476191,0.5263157894736842,0.7000000000000001,1.0,1.0,0.4000000000000001,0.4,0.2,0.3333333333333333,1.0,1.0,1.0,1.0,0.0,1.0,0.26685361029138427,1.0,0.49444444444444446,0.3083956774729842,0.7545126353790614,0.588,0.08428450886233271,0.08181818181818182,1.0,0.0,0.0,0.0,0.0,0.0,0.0,0.0,0.0,0.0,0.0,0.0,0.0,0.0,0.0,1.0
2 BHK,675.71,750.25,6,15,8,1,Unfurnished,0,3,1,1,4,Vitrified,1,1,1,0,1,Covered,1,Tanker,2119.8,Nigdi,411044,Society,4.02,10.91,1.97,2.8,19168.28,4399065.59,6510.33,Broker,50,3,0,2,2,0,0,0,0,0,0,0,0,0,1,0,0,0,0,0,0.19894999808568475,0.17603228810928284,0.2857142857142857,0.5789473684210527,0.4,1.0,0.0,0.4000000000000001,0.2,0.2,0.3333333333333333,1.0,1.0,1.0,0.0,1.0,1.0,0.1514289254719103,0.7678571428577925,0.5305555555555556,0.8902743142144638,0.6389891696750902,0.8719999999999999,0.053770707294082204,0.44545454545454544,1.0,0.0,0.0,0.0,0.0,0.0,0.0,0.0,0.0,0.0,1.0,0.0,0.0,0.0,0.0,0.0
2 BHK,681.51,790.91,11,12,11,1,Fully Furnished,1,2,3,2,2,Vitrified,1,1,0,1,1,Covered,1,Corporation + Borewell,3048.28,Koregaon Park,411001,Society,3.09,5.44,1.68,0.98,41782.06,18276464.36,26817.78,Owner,41,1,2,2,2,0,0,0,0,0,0,1,0,0,0,0,0,0,0,0,0.2017257551973659,0.19181154920832044,0.5238095238095237,0.42105263157894735,0.55,1.0,1.0,0.2,0.6000000000000001,0.4,0.1111111111111111,1.0,1.0,0.0,1.0,1.0,1.0,0.2579592548567862,0.0,0.40138888888888885,0.43557772236076475,0.5342960288808665,0.14400000000000002,0.6809798044813864,0.3636363636363636,0.0,0.0,0.0,0.0,0.0,0.0,0.0,1.0,0.0,0.0,0.0,0.0,0.0,0.0,0.0,0.0
3 BHK,810.02,850.37,11,13,15,1,Semi-Furnished,1,3,3,2,6,Wooden,0,0,0,1,0,Not Specified,1,Corporation + Borewell,2381.91,Magarpatta,411013,Standalone,4.52,2.37,2.1,2.46,14028.86,5544889.05,6845.35,Not Specified,67,3,1,3,3,0,0,0,0,0,0,0,0,1,0,0,0,0,0,0,0.26322791837359777,0.21488668115492088,0.5238095238095237,0.4736842105263157,0.75,1.0,1.0,0.4000000000000001,0.6000000000000001,0.4,0.5555555555555556,0.0,0.0,0.0,1.0,0.0,1.0,0.1815024484719424,0.214285714286234,0.6,0.18038237738985868,0.6859205776173286,0.736,0.06411802277385395,0.6,1.0,0.0,0.0,0.0,0.0,0.0,0.0,0.0,0.0,1.0,0.0,0.0,0.0,0.0,0.0,0.0
2 BHK,649.34,740.83,0,10,8,1,Semi-Furnished,1,3,2,1,3,Marble,0,1,0,0,0,Open,0,Municipal,1816.5,Viman Nagar,411014,Standalone,1.9,4.86,2.16,1.48,24732.12,5870322.7,9040.51,Owner,5,2,1,2,2,0,0,0,0,0,0,0,0,0,0,0,0,0,1,0,0.1863298748037827,0.17237659112076997,0.0,0.3157894736842105,0.4,1.0,1.0,0.4000000000000001,0.4,0.2,0.2222222222222222,0.0,1.0,0.0,0.0,0.0,0.0,0.11662941562524382,0.232142857143117,0.2361111111111111,0.3873649210307564,0.7075812274368232,0.344,0.13191699909937402,0.03636363636363636,0.5,0.0,0.0,0.0,0.0,0.0,0.0,0.0,0.0,0.0,0.0,0.0,0.0,0.0,1.0,0.0
2 BHK,649.37,713.48,3,11,13,1,Fully Furnished,1,2,3,1,2,Marble,0,0,1,1,0,Covered,0,Tanker,2847.02,Kharadi,411014,Standalone,4.3,0.85,2.0,2.04,28198.6,7303561.78,11247.13,Broker,15,2,2,2,2,0,0,0,0,0,1,0,0,0,0,0,0,0,0,0,0.18634423216815343,0.16176265135051232,0.14285714285714285,0.368421052631579,0.65,1.0,1.0,0.2,0.6000000000000001,0.2,0.1111111111111111,0.0,0.0,1.0,1.0,0.0,0.0,0.23486743371685842,0.232142857143117,0.5694444444444444,0.0540315876974231,0.6498194945848376,0.5680000000000001,0.20006992514550234,0.12727272727272726,0.5,0.0,0.0,0.0,0.0,0.0,1.0,0.0,0.0,0.0,0.0,0.0,0.0,0.0,0.0,0.0
2 BHK,743.5,851.33,7,11,11,1,Fully Furnished,0,2,3,2,3,Granite,1,1,0,1,1,Covered,1,Not Specified,2165.27,Kalyani Nagar,411006,Society,2.16,4.04,1.42,1.11,45153.6,8927610.83,12007.61,Owner,68,1,2,2,2,0,0,0,0,1,0,0,0,0,0,0,0,0,0,0,0.23139285577548913,0.21525923626203047,0.3333333333333333,0.368421052631579,0.55,1.0,0.0,0.2,0.6000000000000001,0.4,0.2222222222222222,1.0,1.0,0.0,1.0,1.0,1.0,0.15664598354222983,0.089285714286234,0.27222222222222225,0.31920199501246876,0.4404332129963898,0.19600000000000006,0.22355785564534367,0.6090909090909091,0.0,0.0,0.0,0.0,0.0,1.0,0.0,0.0,0.0,0.0,0.0,0.0,0.0,0.0,0.0,0.0
1 RK,330.67,371.76,3,12,6,1,Semi-Furnished,1,1,3,0,1,Wooden,1,1,0,0,0,Open,1,Tanker,2468.0649999999996,Kharadi,411014,Society,4.21,0.38,2.79,1.94,11350.15,3562697.47,10774.04,Owner,24,2,1,1,1,0,0,0,0,0,1,0,0,0,0,0,0,0,0,0,0.03382116466939776,0.029148556348959964,0.14285714285714285,0.42105263157894735,0.30000000000000004,1.0,1.0,0.0,0.6000000000000001,0.0,0.0,1.0,1.0,0.0,0.0,0.0,1.0,0.1913875515739521,0.232142857143117,0.5569444444444445,0.014962593516209478,0.9350180505415163,0.528,0.18545822590269537,0.20909090909090908,0.5,0.0,0.0,0.0,0.0,0.0,1.0,0.0,0.0,0.0,0.0,0.0,0.0,0.0,0.0,0.0
2 BHK,662.73,740.72,19,20,16,1,Unfurnished,0,3,1,1,4,Vitrified,0,0,0,0,0,Covered,0,Corporation + Borewell,1946.8200000000002,Pimple Saudagar,411027,Standalone,4.19,4.44,1.14,1.67,10672.64,6895241.87,10404.26,Owner,9,3,0,2,2,0,0,0,0,0,0,0,0,0,0,1,0,0,0,0,0.1927380451012673,0.172333902514747,0.9047619047619047,0.8421052631578947,0.8,1.0,0.0,0.4000000000000001,0.2,0.2,0.3333333333333333,0.0,0.0,0.0,0.0,0.0,0.0,0.13158184596885603,0.464285714286234,0.5541666666666667,0.35245220282626766,0.3393501805054151,0.42000000000000004,0.17403732470840846,0.07272727272727272,1.0,0.0,0.0,0.0,0.0,0.0,0.0,0.0,0.0,0.0,0.0,1.0,0.0,0.0,0.0,0.0
1 BHK,483.04,587.65,3,12,4,1,Unfurnished,0,1,0,0,2,Vitrified,1,1,0,1,1,Stilt,1,Borewell,2009.25,Shivajinagar,411005,Society,0.24,7.62,1.11,1.31,17883.66,7955211.33,16468.99,Owner,48,2,0,1,1,0,0,0,0,0,0,0,0,0,0,0,0,1,0,0,0.10674221830851106,0.11293076684259548,0.14285714285714285,0.42105263157894735,0.2,1.0,0.0,0.0,0.0,0.0,0.1111111111111111,1.0,1.0,0.0,1.0,1.0,1.0,0.13874483113116193,0.071428571429351,0.005555555555555553,0.6167913549459684,0.32851985559566793,0.276,0.36135054364947494,0.42727272727272725,0.5,0.0,0.0,0.0,0.0,0.0,0.0,0.0,0.0,0.0,0.0,0.0,0.0,1.0,0.0,0.0
4 BHK,1550.81,1850.76,7,13,11,1,Fully Furnished,1,5,4,2,7,Ceramic,1,1,0,1,0,Covered,1,Corporation + Borewell,4906.83,Nigdi,411044,Society,4.43,8.98,2.17,2.42,57766.79,14521921.86,9364.09,Owner,45,3,2,4,4,0,0,0,0,0,0,0,0,0,1,0,0,0,0,0,0.6177543167808875,0.6031162682396771,0.3333333333333333,0.4736842105263157,0.55,1.0,1.0,0.8,0.8,0.4,0.6666666666666665,1.0,1.0,0.0,1.0,0.0,1.0,0.4712023442914118,0.7678571428577925,0.5875,0.7298420615128844,0.7111913357400722,0.72,0.141910982571837,0.39999999999999997,1.0,0.0,0.0,0.0,0.0,0.0,0.0,0.0,0.0,0.0,1.0,0.0,0.0,0.0,0.0,0.0
2 BHK,612.12,681.26,2,9,9,1,Semi-Furnished,1,3,4,1,2,Vitrified,1,1,1,0,1,Bike,1,Tanker,2390.54,Kothrud,411038,Society,1.88,7.41,1.18,1.29,27674.93,6354707.46,10381.54,Broker,28,2,1,2,2,0,0,0,0,0,0,0,1,0,0,0,0,0,0,0,0.16851717140778744,0.14925877056814657,0.09523809523809523,0.2631578947368421,0.45,1.0,1.0,0.4000000000000001,0.8,0.2,0.1111111111111111,1.0,1.0,1.0,0.0,1.0,1.0,0.182492622458018,0.6607142857146755,0.23333333333333334,0.599334995843724,0.35379061371841153,0.268,0.17333560240018683,0.24545454545454543,0.5,0.0,0.0,0.0,0.0,0.0,0.0,0.0,1.0,0.0,0.0,0.0,0.0,0.0,0.0,0.0
2 BHK,631.59,802.58,9,16,12,1,Fully Furnished,1,2,3,1,3,Vitrified,0,1,1,0,0,Stilt,1,Municipal,910.07,Viman Nagar,411014,Society,2.84,5.11,1.97,1.6,16986.55,11996229.67,18993.8,Broker,35,2,2,2,2,0,0,0,0,0,0,0,0,0,0,0,0,0,1,0,0.17783510088441368,0.19634042222912146,0.42857142857142855,0.631578947368421,0.6000000000000001,1.0,1.0,0.2,0.6000000000000001,0.2,0.2222222222222222,0.0,1.0,1.0,0.0,0.0,1.0,0.012629020932484594,0.232142857143117,0.36666666666666664,0.4081463009143807,0.6389891696750902,0.3920000000000001,0.43933097943385335,0.3090909090909091,0.5,0.0,0.0,0.0,0.0,0.0,0.0,0.0,0.0,0.0,0.0,0.0,0.0,0.0,1.0,0.0
2 BHK,553.51,696.61,5,12,10,1,Fully Furnished,1,2,2,1,2,Vitrified,1,1,0,1,0,Bike,1,Not Specified,2697.41,Kothrud,411038,Society,2.02,6.47,1.16,1.1,32651.12,5541022.61,10010.67,Broker,36,2,2,2,2,0,0,0,0,0,0,0,1,0,0,0,0,0,0,0,0.14046766721543702,0.15521577149953436,0.23809523809523808,0.42105263157894735,0.5,1.0,1.0,0.2,0.4,0.2,0.1111111111111111,1.0,1.0,0.0,1.0,0.0,1.0,0.21770174077864618,0.6607142857146755,0.25277777777777777,0.5211970074812967,0.34657039711191334,0.19200000000000006,0.16188103583107769,0.3181818181818182,0.5,0.0,0.0,0.0,0.0,0.0,0.0,0.0,1.0,0.0,0.0,0.0,0.0,0.0,0.0,0.0
3 BHK,1171.77,1342.04,6,11,15,1,Fully Furnished,1,3,3,1,5,Vitrified,1,1,0,0,0,Covered,0,Borewell,3396.67,Hinjewadi,411057,Society,6.41,1.42,2.15,2.82,36894.27,7049229.11,6015.89,Broker,28,3,2,3,3,0,0,0,1,0,0,0,0,0,0,0,0,0,0,0,0.43635380374440064,0.40569310773051853,0.2857142857142857,0.368421052631579,0.75,1.0,1.0,0.4000000000000001,0.6000000000000001,0.2,0.4444444444444445,1.0,1.0,0.0,0.0,0.0,0.0,0.2979322229922301,1.0,0.8625,0.10141313383208643,0.703971119133574,0.8799999999999999,0.038499599104068666,0.24545454545454543,1.0,0.0,0.0,0.0,1.0,0.0,0.0,0.0,0.0,0.0,0.0,0.0,0.0,0.0,0.0,0.0
1 BHK,387.79,481.06,3,7,16,1,Semi-Furnished,1,1,1,0,1,Granite,0,1,0,0,0,Covered,1,Corporation + Borewell,2489.82,Kharadi,411014,Society,4.88,1.33,1.71,1.99,15429.54,5938404.48,15313.28,Broker,23,2,1,1,1,0,0,0,0,0,1,0,0,0,0,0,0,0,0,0,0.061157586431333524,0.07156550760633346,0.14285714285714285,0.15789473684210525,0.8,1.0,1.0,0.0,0.2,0.0,0.0,0.0,1.0,0.0,0.0,0.0,1.0,0.19388363906724004,0.232142857143117,0.65,0.0939318370739817,0.5451263537906137,0.548,0.3256556717817446,0.19999999999999998,0.5,0.0,0.0,0.0,0.0,0.0,1.0,0.0,0.0,0.0,0.0,0.0,0.0,0.0,0.0,0.0
2 BHK,784.47,859.23,8,15,0,1,Semi-Furnished,1,2,1,1,3,Wooden,0,1,1,1,0,Bike,1,Municipal,3609.9,Koregaon Park,411001,Standalone,1.79,4.43,1.6,0.98,50957.61,19004784.61,24226.37,Not Specified,28,1,1,2,2,0,0,0,0,0,0,1,0,0,0,0,0,0,0,0,0.2510002297178299,0.21832505433095317,0.38095238095238093,0.5789473684210527,0.0,1.0,1.0,0.2,0.2,0.2,0.2222222222222222,0.0,1.0,1.0,1.0,0.0,1.0,0.3223974372507355,0.0,0.22083333333333333,0.3516209476309226,0.5054151624548737,0.14400000000000002,0.6009423834097033,0.24545454545454543,0.0,0.0,0.0,0.0,0.0,0.0,0.0,1.0,0.0,0.0,0.0,0.0,0.0,0.0,0.0,0.0
1 RK,523.83,644.35,7,9,14,1,Semi-Furnished,1,2,2,0,2,Marble,0,0,1,0,0,Covered,0,Corporation + Borewell,2419.62,Kharadi,411014,Standalone,4.81,0.97,2.05,1.89,15752.4,8338729.33,15918.72,Owner,15,2,1,1,1,0,0,0,0,0,1,0,0,0,0,0,0,0,0,0,0.1262634480646273,0.13493480285625586,0.3333333333333333,0.2631578947368421,0.7000000000000001,1.0,1.0,0.2,0.4,0.0,0.1111111111111111,0.0,0.0,1.0,0.0,0.0,0.0,0.18582915310866444,0.232142857143117,0.6402777777777777,0.06400665004156275,0.667870036101083,0.508,0.3443550887839325,0.12727272727272726,0.5,0.0,0.0,0.0,0.0,0.0,1.0,0.0,0.0,0.0,0.0,0.0,0.0,0.0,0.0,0.0
1 BHK,349.7,430.67,4,20,5,1,Unfurnished,1,1,0,0,2,Vitrified,1,1,0,1,0,Open,0,Corporation + Borewell,800.0,Hadapsar,411028,Society,5.44,2.35,2.14,2.23,10790.29,2846965.63,8141.09,Broker,10,3,0,1,1,0,0,1,0,0,0,0,0,0,0,0,0,0,0,0,0.04292851946858607,0.05201024526544554,0.19047619047619047,0.8421052631578947,0.25,1.0,1.0,0.0,0.0,0.0,0.1111111111111111,1.0,1.0,0.0,1.0,0.0,0.0,0.0,0.482142857143117,0.7277777777777779,0.17871986699916872,0.700361010830325,0.644,0.10413781430796962,0.08181818181818182,1.0,0.0,0.0,1.0,0.0,0.0,0.0,0.0,0.0,0.0,0.0,0.0,0.0,0.0,0.0,0.0
3 BHK,911.59,1141.2,4,15,6,1,Unfurnished,0,3,3,2,6,Wooden,1,0,1,0,0,Stilt,0,Tanker,2374.15,Nigdi,411044,Society,4.18,9.96,1.89,2.23,25989.9,5411666.78,5936.5,Owner,34,3,0,3,3,0,0,0,0,0,0,0,0,0,1,0,0,0,0,0,0.31183716834488306,0.32775147469729904,0.19047619047619047,0.5789473684210527,0.30000000000000004,1.0,0.0,0.4000000000000001,0.6000000000000001,0.4,0.5555555555555556,1.0,0.0,1.0,0.0,0.0,0.0,0.18061209503834486,0.7678571428577925,0.5527777777777777,0.8113050706566916,0.6101083032490975,0.644,0.036047586161739587,0.3,1.0,0.0,0.0,0.0,0.0,0.0,0.0,0.0,0.0,0.0,1.0,0.0,0.0,0.0,0.0,0.0
1 BHK,430.31,523.84,12,12,6,1,Unfurnished,1,2,0,0,1,Granite,1,1,0,0,0,Covered,1,Borewell,1386.59,Magarpatta,411013,Standalone,5.8,2.03,1.81,2.28,7500.0,2802285.7,6512.29,Builder,20,3,0,1,1,0,0,0,0,0,0,0,0,1,0,0,0,0,0,0,0.0815067575328305,0.08816749456690473,0.5714285714285714,0.42105263157894735,0.30000000000000004,1.0,1.0,0.2,0.0,0.0,0.0,1.0,1.0,0.0,0.0,0.0,1.0,0.06730314698633719,0.214285714286234,0.7777777777777778,0.15211970074812964,0.5812274368231047,0.6639999999999999,0.053831243197432294,0.17272727272727273,1.0,0.0,0.0,0.0,0.0,0.0,0.0,0.0,0.0,1.0,0.0,0.0,0.0,0.0,0.0,0.0
3 BHK,855.47,1060.72,15,19,4,1,Unfurnished,0,4,2,1,3,Vitrified,1,1,1,0,0,Open,1,Tanker,2092.91,Hinjewadi,411057,Society,5.47,0.83,2.93,2.7,21232.43,7359084.8,8602.38,Broker,27,3,0,3,3,0,0,0,1,0,0,0,0,0,0,0,0,0,0,0,0.2849793253953061,0.2965189382179448,0.7142857142857142,0.7894736842105263,0.2,1.0,0.0,0.6000000000000001,0.4,0.2,0.2222222222222222,1.0,1.0,1.0,0.0,0.0,1.0,0.14834366724646725,1.0,0.7319444444444444,0.05236907730673315,0.9855595667870037,0.8320000000000001,0.11838506270407703,0.23636363636363636,1.0,0.0,0.0,0.0,1.0,0.0,0.0,0.0,0.0,0.0,0.0,0.0,0.0,0.0,0.0,0.0
3 BHK,1244.42,1463.2,16,17,9,1,Fully Furnished,1,3,3,2,5,Ceramic,1,1,0,0,0,Bike,0,Corporation + Borewell,3637.88,Pune Camp,411001,Society,2.67,7.01,2.2,2.1,48600.38,10962524.45,8809.35,Builder,22,3,2,3,3,0,0,0,0,0,0,0,0,0,0,0,1,0,0,0,0.47112255446226886,0.4527126668736418,0.7619047619047619,0.6842105263157894,0.45,1.0,1.0,0.4000000000000001,0.6000000000000001,0.4,0.4444444444444445,1.0,1.0,0.0,0.0,0.0,0.0,0.3256077580074441,0.0,0.34305555555555556,0.5660847880299251,0.7220216606498195,0.5920000000000001,0.12477746878385845,0.1909090909090909,1.0,0.0,0.0,0.0,0.0,0.0,0.0,0.0,0.0,0.0,0.0,0.0,1.0,0.0,0.0,0.0
2 BHK,603.79,690.56,0,7,4,1,Unfurnished,1,2,2,2,4,Vitrified,1,1,1,0,1,Covered,1,Borewell,2053.58,Koregaon Park,411001,Society,2.9,4.47,0.97,1.41,29728.41,14663672.24,24286.2,Builder,32,1,0,2,2,0,0,0,0,0,0,1,0,0,0,0,0,0,0,0,0.16453060990083845,0.15286789816827073,0.0,0.15789473684210525,0.2,1.0,1.0,0.2,0.4,0.4,0.3333333333333333,1.0,1.0,1.0,0.0,1.0,1.0,0.14383108985685503,0.0,0.375,0.3549459684123025,0.2779783393501805,0.31599999999999995,0.6027902727451303,0.2818181818181818,0.0,0.0,0.0,0.0,0.0,0.0,0.0,1.0,0.0,0.0,0.0,0.0,0.0,0.0,0.0,0.0
1 RK,390.22,466.48,16,16,10,1,Semi-Furnished,1,1,1,0,2,Vitrified,1,1,1,1,0,Covered,0,Municipal,1155.55,Aundh,411007,Society,3.3,5.31,1.01,1.92,10077.03,3141299.82,8050.02,Not Specified,63,2,1,1,1,1,0,0,0,0,0,0,0,0,0,0,0,0,0,0,0.06232053294536545,0.06590732691710652,0.7619047619047619,0.631578947368421,0.5,1.0,1.0,0.0,0.2,0.0,0.1111111111111111,1.0,1.0,1.0,1.0,0.0,0.0,0.0407944798087117,0.107142857143117,0.4305555555555555,0.42477140482128006,0.2924187725631769,0.52,0.10132505679873793,0.5636363636363637,0.5,1.0,0.0,0.0,0.0,0.0,0.0,0.0,0.0,0.0,0.0,0.0,0.0,0.0,0.0,0.0
3 BHK,1179.8,1400.75,5,14,10,1,Unfurnished,1,3,3,2,5,Vitrified,0,1,0,1,0,Covered,0,Not Specified,4031.41,Nigdi,411044,Standalone,3.08,11.43,1.57,2.93,34354.9,14312137.69,12130.97,Owner,13,3,0,3,3,0,0,0,0,0,0,0,0,0,1,0,0,0,0,0,0.44019679160764197,0.4284771809996896,0.23809523809523808,0.5263157894736842,0.5,1.0,1.0,0.4000000000000001,0.6000000000000001,0.4,0.4444444444444445,0.0,1.0,0.0,1.0,0.0,0.0,0.37075992124502616,0.7678571428577925,0.4,0.9334995843724022,0.4945848375451264,0.9240000000000002,0.22736791127660336,0.10909090909090909,1.0,0.0,0.0,0.0,0.0,0.0,0.0,0.0,0.0,0.0,1.0,0.0,0.0,0.0,0.0,0.0
3 BHK,858.32,1074.85,9,11,5,1,Semi-Furnished,1,3,3,3,4,Wooden,1,1,0,1,1,Covered,1,Municipal,5309.46,Baner,411045,Society,4.24,3.04,1.94,2.4,61408.42,11988742.0,13967.7,Builder,52,1,1,3,3,0,1,0,0,0,0,0,0,0,0,0,0,0,0,0,0.28634327501052875,0.3020024837007141,0.42857142857142855,0.368421052631579,0.25,1.0,1.0,0.4000000000000001,0.6000000000000001,0.6000000000000001,0.3333333333333333,1.0,1.0,0.0,1.0,1.0,1.0,0.5173986075606611,0.7857142857146755,0.5611111111111111,0.23607647547797173,0.628158844765343,0.712,0.2840965387052977,0.4636363636363636,0.0,0.0,1.0,0.0,0.0,0.0,0.0,0.0,0.0,0.0,0.0,0.0,0.0,0.0,0.0,0.0
1 BHK,320.9,804.04,7,12,11,1,Unfurnished,1,1,0,0,2,Wooden,1,1,0,0,1,Open,1,Tanker,1540.36,Viman Nagar,411014,Society,2.16,6.08,1.5,1.13,11095.97,4474728.57,13944.15,Owner,59,2,0,1,1,0,0,0,0,0,0,0,0,0,0,0,0,0,1,0,0.029145449672652077,0.19690701645451725,0.3333333333333333,0.42105263157894735,0.55,1.0,1.0,0.0,0.0,0.0,0.1111111111111111,1.0,1.0,0.0,0.0,1.0,1.0,0.08494614279616872,0.232142857143117,0.27222222222222225,0.48877805486284287,0.4693140794223827,0.20399999999999996,0.2833691812951471,0.5272727272727273,0.5,0.0,0.0,0.0,0.0,0.0,0.0,0.0,0.0,0.0,0.0,0.0,0.0,0.0,1.0,0.0
2 BHK,888.1,1040.02,2,8,8,1,Fully Furnished,1,2,1,1,3,Not Specified,0,0,0,1,1,Covered,1,Municipal,4983.82,Kalyani Nagar,411006,Standalone,1.49,5.11,1.6,1.29,42737.18,13008610.21,14647.67,Broker,12,1,2,2,2,0,0,0,0,1,0,0,0,0,0,0,0,0,0,0,0.30059535204257437,0.2884857187208942,0.09523809523809523,0.21052631578947367,0.4,1.0,1.0,0.2,0.2,0.2,0.2222222222222222,0.0,0.0,0.0,1.0,1.0,1.0,0.4800358895043852,0.089285714286234,0.17916666666666667,0.4081463009143807,0.5054151624548737,0.268,0.3050978643180384,0.09999999999999999,0.0,0.0,0.0,0.0,0.0,1.0,0.0,0.0,0.0,0.0,0.0,0.0,0.0,0.0,0.0,0.0
3 BHK,847.82,989.59,0,15,9,1,Semi-Furnished,1,4,4,2,4,Vitrified,0,0,0,0,1,Open,1,Municipal,3645.7,Kharadi,411014,Standalone,4.34,1.96,2.06,2.3,29513.07,6649542.86,7843.11,Owner,35,2,1,3,3,0,0,0,0,0,1,0,0,0,0,0,0,0,0,0,0.28131819748076115,0.2689149332505434,0.0,0.5789473684210527,0.45,1.0,1.0,0.6000000000000001,0.8,0.4,0.3333333333333333,0.0,0.0,0.0,0.0,1.0,1.0,0.3265049956170746,0.232142857143117,0.575,0.14630091438071485,0.6714801444043321,0.6719999999999999,0.09493450385885499,0.3090909090909091,0.5,0.0,0.0,0.0,0.0,0.0,1.0,0.0,0.0,0.0,0.0,0.0,0.0,0.0,0.0,0.0
2 BHK,697.21,775.18,13,13,15,1,Semi-Furnished,0,2,2,1,4,Granite,1,1,0,0,1,Covered,0,Municipal,1795.14,Hadapsar,411028,Society,5.11,1.57,2.4,1.99,17700.91,7422980.7,10646.72,Broker,6,3,1,2,2,0,0,1,0,0,0,0,0,0,0,0,0,0,0,0,0.20923944255139937,0.1857070785470351,0.6190476190476191,0.4736842105263157,0.75,1.0,0.0,0.2,0.4,0.2,0.3333333333333333,1.0,1.0,0.0,0.0,1.0,0.0,0.11417864895750629,0.482142857143117,0.6819444444444445,0.11388196176226101,0.7942238267148014,0.548,0.18152586303813636,0.045454545454545456,1.0,0.0,0.0,1.0,0.0,0.0,0.0,0.0,0.0,0.0,0.0,0.0,0.0,0.0,0.0,0.0
1 BHK,531.31,672.82,11,12,12,1,Semi-Furnished,1,2,1,1,1,Marble,0,0,1,1,1,Bike,1,Borewell,2512.55,Kalyani Nagar,411006,Standalone,0.91,5.06,1.33,1.12,36080.03,11781535.0,22174.4,Broker,21,1,1,1,1,0,0,0,0,1,0,0,0,0,0,0,0,0,0,0,0.1298432175810712,0.14598339025147478,0.5238095238095237,0.42105263157894735,0.6000000000000001,1.0,1.0,0.2,0.2,0.2,0.0,0.0,0.0,1.0,1.0,1.0,1.0,0.1964915944210638,0.089285714286234,0.09861111111111114,0.4039900249376558,0.40794223826714804,0.20000000000000007,0.5375659254518882,0.1818181818181818,0.0,0.0,0.0,0.0,0.0,1.0,0.0,0.0,0.0,0.0,0.0,0.0,0.0,0.0,0.0,0.0
2 BHK,619.28,719.15,7,9,11,1,Fully Furnished,1,3,2,2,4,Wooden,0,1,1,1,1,Covered,1,Corporation + Borewell,2819.74,Koregaon Park,411001,Standalone,3.23,5.5,1.4,0.71,38793.21,16755161.74,27055.83,Owner,7,1,2,2,2,0,0,0,0,0,0,1,0,0,0,0,0,0,0,0,0.17194379570427654,0.16396305495187835,0.3333333333333333,0.2631578947368421,0.55,1.0,1.0,0.4000000000000001,0.4,0.4,0.3333333333333333,0.0,1.0,1.0,1.0,1.0,1.0,0.23173742834720112,0.0,0.42083333333333334,0.44056525353283454,0.43321299638989164,0.035999999999999976,0.6883321370285768,0.054545454545454536,0.0,0.0,0.0,0.0,0.0,0.0,0.0,1.0,0.0,0.0,0.0,0.0,0.0,0.0,0.0,0.0
4 BHK,1383.03,1710.29,14,17,6,1,Semi-Furnished,1,5,2,4,6,Granite,0,1,0,0,1,Covered,1,Municipal,5807.94,Kothrud,411038,Standalone,1.9,6.85,1.22,1.9,67522.1,13340082.29,9645.56,Builder,33,2,1,4,4,0,0,0,0,0,0,0,1,0,0,0,0,0,0,0,0.5374583636433249,0.5486029183483392,0.6666666666666666,0.6842105263157894,0.30000000000000004,1.0,1.0,0.8,0.4,0.8,0.5555555555555556,0.0,1.0,0.0,0.0,1.0,1.0,0.5745923420425809,0.6607142857146755,0.2361111111111111,0.5527847049044056,0.36823104693140796,0.512,0.1506043706922219,0.2909090909090909,0.5,0.0,0.0,0.0,0.0,0.0,0.0,0.0,1.0,0.0,0.0,0.0,0.0,0.0,0.0,0.0
1 BHK,443.7,493.94,5,11,8,1,Unfurnished,0,2,1,0,1,Wooden,1,1,1,1,1,Covered,1,Borewell,1825.78,Shivajinagar,411005,Society,1.52,7.36,1.23,1.23,22538.4,2846548.19,6415.53,Not Specified,35,2,0,1,1,0,0,0,0,0,0,0,0,0,0,0,0,1,0,0,0.08791492783031508,0.07656395529338716,0.23809523809523808,0.368421052631579,0.4,1.0,0.0,0.2,0.2,0.0,0.0,1.0,1.0,1.0,1.0,1.0,1.0,0.11769416818500994,0.071428571429351,0.18333333333333332,0.5951787198669991,0.37184115523465705,0.244,0.05084274625449542,0.3090909090909091,0.5,0.0,0.0,0.0,0.0,0.0,0.0,0.0,0.0,0.0,0.0,0.0,0.0,1.0,0.0,0.0
3 BHK,951.86,1182.21,4,9,8,1,Semi-Furnished,1,3,3,2,4,Granite,1,1,0,0,0,Not Specified,1,Tanker,3604.97,Wakad,411057,Standalone,4.8,1.37,2.25,2.09,15670.88,6473815.77,6801.23,Broker,17,3,1,3,3,0,0,0,0,0,0,0,0,0,0,0,0,0,0,1,0.3311095371185727,0.343666563179137,0.19047619047619047,0.2631578947368421,0.4,1.0,1.0,0.4000000000000001,0.6000000000000001,0.4,0.3333333333333333,1.0,1.0,0.0,0.0,0.0,1.0,0.3218317874533597,1.0,0.6388888888888888,0.09725685785536159,0.740072202166065,0.588,0.06275534723517703,0.14545454545454545,1.0,0.0,0.0,0.0,0.0,0.0,0.0,0.0,0.0,0.0,0.0,0.0,0.0,0.0,0.0,1.0
2 BHK,612.37,737.61,0,13,4,1,Semi-Furnished,1,4,1,0,2,Vitrified,1,1,0,0,0,Covered,1,Municipal,1898.01,Wakad,411057,Society,5.35,2.02,2.75,2.07,21217.08,4016471.15,6558.88,Broker,18,3,1,2,2,0,0,0,0,0,0,0,0,0,0,0,0,0,0,1,0.16863681611087716,0.17112697919900655,0.0,0.4736842105263157,0.2,1.0,1.0,0.6000000000000001,0.2,0.0,0.1111111111111111,1.0,1.0,0.0,0.0,0.0,1.0,0.1259815687660344,1.0,0.7152777777777778,0.15128844555278467,0.92057761732852,0.58,0.055270206328596305,0.15454545454545454,1.0,0.0,0.0,0.0,0.0,0.0,0.0,0.0,0.0,0.0,0.0,0.0,0.0,0.0,0.0,1.0
2 BHK,611.7,749.26,9,13,12,1,Unfurnished,0,3,2,0,2,Marble,0,0,0,0,0,Covered,0,Municipal,1372.51,Magarpatta,411013,Standalone,4.49,1.06,1.98,2.55,12953.66,4415679.46,7218.71,Broker,31,3,0,2,2,0,0,0,0,0,0,0,0,1,0,0,0,0,0,0,0.16831616830659674,0.17564809065507608,0.42857142857142855,0.4736842105263157,0.6000000000000001,1.0,0.0,0.4000000000000001,0.4,0.0,0.1111111111111111,0.0,0.0,0.0,0.0,0.0,0.0,0.06568766034393345,0.214285714286234,0.5958333333333333,0.0714879467996675,0.6425992779783394,0.772,0.0756494946487497,0.2727272727272727,1.0,0.0,0.0,0.0,0.0,0.0,0.0,0.0,0.0,1.0,0.0,0.0,0.0,0.0,0.0,0.0
1 BHK,449.66,524.46,8,10,13,1,Fully Furnished,1,1,0,0,2,Vitrified,0,0,0,0,0,Covered,1,Corporation + Borewell,800.0,Viman Nagar,411014,Standalone,1.71,5.91,1.78,1.33,18080.67,4201256.36,9343.26,Broker,8,2,2,1,1,0,0,0,0,0,0,0,0,0,0,0,0,0,1,0,0.09076725755197367,0.08840810307357966,0.38095238095238093,0.3157894736842105,0.65,1.0,1.0,0.0,0.0,0.0,0.1111111111111111,0.0,0.0,0.0,0.0,0.0,1.0,0.0,0.232142857143117,0.20972222222222223,0.4746467165419783,0.5703971119133574,0.28400000000000003,0.14126763417041724,0.06363636363636363,0.5,0.0,0.0,0.0,0.0,0.0,0.0,0.0,0.0,0.0,0.0,0.0,0.0,0.0,1.0,0.0
3 BHK,1019.2,752.35,9,15,6,1,Fully Furnished,1,3,3,1,4,Wooden,1,1,0,1,0,Covered,0,Municipal,3722.81,Kharadi,411014,Society,3.97,1.75,2.3,1.6,51045.41,20023330.57,19646.11,Builder,30,2,2,3,3,0,0,0,0,0,1,0,0,0,0,0,0,0,0,0,0.3633370343428156,0.17684725240608512,0.42857142857142855,0.5789473684210527,0.30000000000000004,1.0,1.0,0.4000000000000001,0.6000000000000001,0.2,0.3333333333333333,1.0,1.0,0.0,1.0,0.0,0.0,0.335352309182114,0.232142857143117,0.5236111111111111,0.12884455527847047,0.7581227436823105,0.3920000000000001,0.4594780075533983,0.2636363636363636,0.5,0.0,0.0,0.0,0.0,0.0,1.0,0.0,0.0,0.0,0.0,0.0,0.0,0.0,0.0,0.0
2 BHK,404.03,471.59,0,17,14,1,Semi-Furnished,0,3,2,1,4,Vitrified,1,1,0,0,0,Open,1,Municipal,800.0,Nigdi,411044,Society,3.45,10.03,1.57,2.41,9211.53,4573153.5,11318.83,Builder,12,3,1,2,2,0,0,0,0,0,0,0,0,0,1,0,0,0,0,0,0.06892970634404073,0.06789040670599195,0.0,0.6842105263157894,0.7000000000000001,1.0,0.0,0.4000000000000001,0.4,0.2,0.3333333333333333,1.0,1.0,0.0,0.0,0.0,1.0,0.0,0.7678571428577925,0.4513888888888889,0.8171238570241063,0.4945848375451264,0.7160000000000001,0.2022844273241772,0.09999999999999999,1.0,0.0,0.0,0.0,0.0,0.0,0.0,0.0,0.0,0.0,1.0,0.0,0.0,0.0,0.0,0.0
2 BHK,501.49,609.38,6,15,11,1,Fully Furnished,1,3,2,2,3,Wooden,1,1,0,1,0,Not Specified,1,Not Specified,3024.42,Koregaon Park,411001,Society,3.06,4.33,2.12,1.24,25879.53,7126134.85,14209.9,Broker,27,1,2,2,2,0,0,0,0,0,0,1,0,0,0,0,0,0,0,0,0.11557199739653128,0.12136370692331577,0.2857142857142857,0.5789473684210527,0.55,1.0,1.0,0.4000000000000001,0.4,0.4,0.2222222222222222,1.0,1.0,0.0,1.0,0.0,1.0,0.25522164752100823,0.0,0.39722222222222225,0.34330839567747296,0.6931407942238268,0.248,0.29157704676213225,0.23636363636363636,0.0,0.0,0.0,0.0,0.0,0.0,0.0,1.0,0.0,0.0,0.0,0.0,0.0,0.0,0.0,0.0
1 BHK,504.5,589.15,13,14,4,1,Semi-Furnished,1,1,1,0,1,Marble,1,1,0,0,0,Open,0,Corporation + Borewell,1189.52,Hinjewadi,411057,Society,6.06,1.28,2.27,2.93,20430.31,4173993.69,8273.53,Owner,3,3,1,1,1,0,0,0,1,0,0,0,0,0,0,0,0,0,0,0,0.1170125196217313,0.11351288419745423,0.6190476190476191,0.5263157894736842,0.2,1.0,1.0,0.0,0.2,0.0,0.0,1.0,1.0,0.0,0.0,0.0,0.0,0.04469207080604523,1.0,0.8138888888888889,0.08977556109725685,0.7472924187725632,0.9240000000000002,0.10822831177719824,0.01818181818181818,1.0,0.0,0.0,0.0,1.0,0.0,0.0,0.0,0.0,0.0,0.0,0.0,0.0,0.0,0.0,0.0
1 BHK,473.99,571.03,13,13,9,1,Fully Furnished,1,1,0,1,1,Wooden,1,1,0,1,1,Covered,1,Corporation + Borewell,1917.49,Koregaon Park,411001,Society,1.78,4.97,1.18,1.12,24905.42,15305827.71,32291.22,Owner,28,1,2,1,1,0,0,0,0,0,0,1,0,0,0,0,0,0,0,0,0.10241108005666373,0.10648090655076065,0.6190476190476191,0.4736842105263157,0.45,1.0,1.0,0.0,0.0,0.2,0.0,1.0,1.0,0.0,1.0,1.0,1.0,0.12821663125140553,0.0,0.21944444444444444,0.3965087281795511,0.35379061371841153,0.20000000000000007,0.8500306385796548,0.24545454545454543,0.0,0.0,0.0,0.0,0.0,0.0,0.0,1.0,0.0,0.0,0.0,0.0,0.0,0.0,0.0,0.0
1 BHK,387.91,448.84,0,14,11,1,Semi-Furnished,1,1,2,0,1,Marble,1,1,0,0,0,Covered,1,Corporation + Borewell,800.0,Pune Camp,411001,Society,1.57,7.55,1.55,1.91,10192.82,4486294.66,11565.15,Builder,18,3,1,1,1,0,0,0,0,0,0,0,0,0,0,0,1,0,0,0,0.061215015888816574,0.05906162682396773,0.0,0.5263157894736842,0.55,1.0,1.0,0.0,0.4,0.0,0.0,1.0,1.0,0.0,0.0,0.0,1.0,0.0,0.0,0.1902777777777778,0.6109725685785535,0.4873646209386282,0.516,0.20989218432070686,0.15454545454545454,1.0,0.0,0.0,0.0,0.0,0.0,0.0,0.0,0.0,0.0,0.0,0.0,1.0,0.0,0.0,0.0
2 BHK,512.14,644.46,7,13,16,1,Semi-Furnished,1,3,0,1,3,Wooden,1,0,1,0,0,Bike,0,Tanker,957.46,Aundh,411007,Society,3.53,2.51,1.49,1.49,22687.54,3671511.24,7169.02,Broker,48,2,1,2,2,1,0,0,0,0,0,0,0,0,0,0,0,0,0,0,0.12066886174815268,0.13497749146227883,0.3333333333333333,0.4736842105263157,0.8,1.0,1.0,0.4000000000000001,0.0,0.2,0.2222222222222222,1.0,0.0,1.0,0.0,0.0,0.0,0.018066372635859224,0.107142857143117,0.46249999999999997,0.19201995012468823,0.46570397111913353,0.348,0.07411478595616464,0.42727272727272725,0.5,1.0,0.0,0.0,0.0,0.0,0.0,0.0,0.0,0.0,0.0,0.0,0.0,0.0,0.0,0.0
1 RK,436.01,538.96,5,10,15,1,Fully Furnished,1,2,0,0,2,Ceramic,1,0,0,1,0,Covered,1,Corporation + Borewell,800.0,Viman Nagar,411014,Society,2.6,4.88,1.89,1.74,21473.78,6531572.85,14980.33,Owner,47,2,2,1,1,0,0,0,0,0,0,0,0,0,0,0,0,0,1,0,0.08423465676327578,0.09403523750388082,0.23809523809523808,0.3157894736842105,0.75,1.0,1.0,0.2,0.0,0.0,0.1111111111111111,1.0,0.0,0.0,1.0,0.0,1.0,0.0,0.232142857143117,0.33333333333333337,0.3890274314214463,0.6101083032490975,0.44800000000000006,0.3153722896284702,0.41818181818181815,0.5,0.0,0.0,0.0,0.0,0.0,0.0,0.0,0.0,0.0,0.0,0.0,0.0,0.0,1.0,0.0
1 BHK,330.03,405.23,1,15,10,1,Fully Furnished,1,1,2,0,1,Vitrified,0,0,1,0,1,Covered,1,Borewell,1786.07,Aundh,411007,Society,2.51,4.2,1.51,1.47,12059.56,3424518.22,10376.51,Broker,30,2,2,1,1,1,0,0,0,0,0,0,0,0,0,0,0,0,0,0,0.03351487422948811,0.04213753492704131,0.047619047619047616,0.5789473684210527,0.5,1.0,1.0,0.0,0.4,0.0,0.0,0.0,0.0,1.0,0.0,1.0,1.0,0.11313799101385555,0.107142857143117,0.3208333333333333,0.3325020781379883,0.47292418772563183,0.33999999999999997,0.17318024750536484,0.2636363636363636,0.5,1.0,0.0,0.0,0.0,0.0,0.0,0.0,0.0,0.0,0.0,0.0,0.0,0.0,0.0,0.0
2 BHK,599.2,701.98,0,13,10,1,Semi-Furnished,1,3,2,1,4,Ceramic,1,1,0,1,0,Stilt,0,Corporation + Borewell,1119.97,Kothrud,411038,Standalone,1.59,7.34,1.4,1.49,18779.59,4484342.87,7483.92,Owner,40,2,1,2,2,0,0,0,0,0,0,0,1,0,0,0,0,0,0,0,0.16233393315211153,0.15729975162992865,0.0,0.4736842105263157,0.5,1.0,1.0,0.4000000000000001,0.4,0.2,0.3333333333333333,1.0,1.0,0.0,1.0,0.0,0.0,0.03671216342116013,0.6607142857146755,0.19305555555555556,0.5935162094763091,0.43321299638989164,0.348,0.08384068185664853,0.35454545454545455,0.5,0.0,0.0,0.0,0.0,0.0,0.0,0.0,1.0,0.0,0.0,0.0,0.0,0.0,0.0,0.0
4 BHK,1415.42,1705.68,5,14,10,1,Unfurnished,0,4,4,2,6,Vitrified,1,1,0,0,0,Covered,0,Corporation + Borewell,3854.03,Wakad,411057,Society,5.28,2.29,2.42,2.02,38695.27,7466740.22,5275.29,Owner,32,3,0,4,4,0,0,0,0,0,0,0,0,0,0,0,0,0,0,1,0.552959531375627,0.54681387767774,0.23809523809523808,0.5263157894736842,0.5,1.0,0.0,0.6000000000000001,0.8,0.4,0.5555555555555556,1.0,1.0,0.0,0.0,0.0,0.0,0.35040800216622076,1.0,0.7055555555555556,0.1737323358270989,0.8014440433212996,0.56,0.015625675623921337,0.2818181818181818,1.0,0.0,0.0,0.0,0.0,0.0,0.0,0.0,0.0,0.0,0.0,0.0,0.0,0.0,0.0,1.0
3 BHK,1177.17,1370.51,9,15,11,1,Fully Furnished,1,3,3,1,5,Marble,1,0,0,1,0,Stilt,1,Borewell,3836.38,Kharadi,411014,Society,4.32,1.48,2.46,1.77,40473.86,12647780.0,10744.24,Builder,76,2,2,3,3,0,0,0,0,0,1,0,0,0,0,0,0,0,0,0,0.43893812933113835,0.4167416951257374,0.42857142857142855,0.5789473684210527,0.55,1.0,1.0,0.4000000000000001,0.6000000000000001,0.2,0.4444444444444445,1.0,0.0,0.0,1.0,0.0,1.0,0.34838290704985525,0.232142857143117,0.5722222222222223,0.10640066500415626,0.8158844765342961,0.4600000000000001,0.1845378330864539,0.6818181818181819,0.5,0.0,0.0,0.0,0.0,0.0,1.0,0.0,0.0,0.0,0.0,0.0,0.0,0.0,0.0,0.0
2 BHK,447.15,548.14,1,16,9,1,Semi-Furnished,1,3,2,1,3,Marble,0,0,0,1,0,Bike,1,Corporation + Borewell,1456.91,Kothrud,411038,Society,2.06,8.21,1.43,1.68,24916.88,3738942.28,8361.77,Owner,6,2,1,2,2,0,0,0,0,0,0,0,1,0,0,0,0,0,0,0,0.08956602473295301,0.09759779571561628,0.047619047619047616,0.631578947368421,0.45,1.0,1.0,0.4000000000000001,0.4,0.2,0.2222222222222222,0.0,0.0,0.0,1.0,0.0,1.0,0.07537140129697878,0.6607142857146755,0.25833333333333336,0.6658354114713216,0.44404332129963897,0.42400000000000004,0.11095366285455202,0.045454545454545456,0.5,0.0,0.0,0.0,0.0,0.0,0.0,0.0,1.0,0.0,0.0,0.0,0.0,0.0,0.0,0.0
3 BHK,820.39,962.365,7,7,12,1,Semi-Furnished,1,3,2,2,5,Vitrified,1,1,0,0,0,Not Specified,0,Tanker,1861.15,Hadapsar,411028,Society,5.43,3.57,2.35,2.23,17497.89,5972338.27,7279.88,Owner,16,3,1,3,3,0,0,1,0,0,0,0,0,0,0,0,0,0,0,0,0.2681907806577587,0.2583495032598572,0.3333333333333333,0.15789473684210525,0.6000000000000001,1.0,1.0,0.4000000000000001,0.4,0.4,0.4444444444444445,1.0,1.0,0.0,0.0,0.0,0.0,0.12175238995644613,0.482142857143117,0.7263888888888889,0.28013300083125514,0.776173285198556,0.644,0.07753877077524257,0.13636363636363635,1.0,0.0,0.0,1.0,0.0,0.0,0.0,0.0,0.0,0.0,0.0,0.0,0.0,0.0,0.0,0.0
2 BHK,606.91,724.53,2,13,7,1,Semi-Furnished,1,2,2,1,3,Marble,1,1,1,0,0,Open,1,Municipal,2038.28,Aundh,411007,Society,3.38,3.08,1.59,1.41,28666.61,8119444.29,13378.25,Builder,15,2,1,2,2,1,0,0,0,0,0,0,0,0,0,0,0,0,0,0,0.16602377579539795,0.16605091586463833,0.09523809523809523,0.4736842105263157,0.35000000000000003,1.0,1.0,0.2,0.4,0.2,0.2222222222222222,1.0,1.0,1.0,0.0,0.0,1.0,0.14207562496844753,0.107142857143117,0.44166666666666665,0.2394014962593516,0.5018050541516246,0.31599999999999995,0.26589098348605267,0.12727272727272726,0.5,1.0,0.0,0.0,0.0,0.0,0.0,0.0,0.0,0.0,0.0,0.0,0.0,0.0,0.0,0.0
1 BHK,561.23,651.05,10,14,8,1,Fully Furnished,1,1,2,0,1,Wooden,1,1,0,1,0,Bike,0,Corporation + Borewell,3565.51,Viman Nagar,411014,Society,2.31,6.14,1.65,2.05,16352.94,5670134.4,10103.1,Broker,15,2,2,1,1,0,0,0,0,0,0,0,0,0,0,0,0,0,1,0,0.14416229564684713,0.13753492704129155,0.47619047619047616,0.5263157894736842,0.4,1.0,1.0,0.0,0.4,0.0,0.0,1.0,1.0,0.0,1.0,0.0,0.0,0.3173042943490094,0.232142857143117,0.29305555555555557,0.4937655860349126,0.5234657039711191,0.572,0.16473579784467476,0.12727272727272726,0.5,0.0,0.0,0.0,0.0,0.0,0.0,0.0,0.0,0.0,0.0,0.0,0.0,0.0,1.0,0.0
1 BHK,519.15,581.51,5,13,3,1,Unfurnished,0,1,2,0,1,Vitrified,1,1,0,0,0,Covered,0,Borewell,1751.1,Kothrud,411038,Society,1.62,7.3,0.88,1.66,16102.48,4186206.17,8063.54,Broker,28,2,0,1,1,0,0,0,0,0,0,0,1,0,0,0,0,0,0,0,0.12402369922278801,0.11054796647004039,0.23809523809523808,0.4736842105263157,0.15000000000000002,1.0,0.0,0.0,0.4,0.0,0.0,1.0,1.0,0.0,0.0,0.0,0.0,0.10912566374930585,0.6607142857146755,0.19722222222222224,0.5901911886949293,0.24548736462093862,0.41600000000000004,0.10174263098919373,0.24545454545454543,0.5,0.0,0.0,0.0,0.0,0.0,0.0,0.0,1.0,0.0,0.0,0.0,0.0,0.0,0.0,0.0
2 BHK,696.97,801.76,12,14,7,1,Fully Furnished,0,2,3,1,3,Vitrified,0,0,0,0,0,Not Specified,1,Corporation + Borewell,1965.66,Shivajinagar,411005,Standalone,0.3,8.18,1.4,1.25,29031.85,12414872.89,17812.53,Owner,30,2,2,2,2,0,0,0,0,0,0,0,0,0,0,0,0,1,0,0,0.20912458363643327,0.196022198075132,0.5714285714285714,0.5263157894736842,0.35000000000000003,1.0,0.0,0.2,0.6000000000000001,0.2,0.2222222222222222,0.0,0.0,0.0,0.0,0.0,1.0,0.13374347724320879,0.071428571429351,0.013888888888888885,0.6633416458852867,0.43321299638989164,0.252,0.4028466699693738,0.2636363636363636,0.5,0.0,0.0,0.0,0.0,0.0,0.0,0.0,0.0,0.0,0.0,0.0,0.0,1.0,0.0,0.0
2 BHK,505.04,624.05,10,14,11,1,Fully Furnished,1,3,2,1,3,Wooden,0,0,0,1,0,Covered,1,Borewell,1350.04,Kharadi,411014,Society,4.21,0.99,1.98,2.32,23196.88,9350333.21,18513.89,Owner,21,2,2,2,2,0,0,0,0,0,1,0,0,0,0,0,0,0,0,0,0.11727095218040508,0.12705681465383423,0.47619047619047616,0.5263157894736842,0.55,1.0,1.0,0.4000000000000001,0.4,0.2,0.2222222222222222,0.0,0.0,0.0,1.0,0.0,1.0,0.06310953641958594,0.232142857143117,0.5569444444444445,0.0656691604322527,0.6425992779783394,0.6799999999999999,0.4245086399559199,0.1818181818181818,0.5,0.0,0.0,0.0,0.0,0.0,1.0,0.0,0.0,0.0,0.0,0.0,0.0,0.0,0.0,0.0
2 BHK,567.06,678.56,7,10,9,1,Semi-Furnished,1,2,0,2,2,Vitrified,1,0,1,1,1,Open,1,Municipal,2285.33,Baner,411045,Society,3.73,3.62,1.51,2.49,30217.93,16988250.35,29958.3,Broker,21,1,1,2,2,0,1,0,0,0,0,0,0,0,0,0,0,0,0,0,0.146952410122899,0.14821095932940082,0.3333333333333333,0.3157894736842105,0.45,1.0,1.0,0.2,0.0,0.4,0.1111111111111111,1.0,0.0,1.0,1.0,1.0,1.0,0.17042121978420405,0.7857142857146755,0.4902777777777778,0.28428927680798,0.47292418772563183,0.7480000000000001,0.7779768530472415,0.1818181818181818,0.0,0.0,1.0,0.0,0.0,0.0,0.0,0.0,0.0,0.0,0.0,0.0,0.0,0.0,0.0,0.0
2 BHK,851.36,932.19,6,11,9,1,Semi-Furnished,1,1,2,1,2,Ceramic,1,1,0,1,0,Bike,0,Municipal,2383.53,Kharadi,411014,Society,4.27,1.64,1.95,2.45,43124.08,8650542.34,10160.85,Broker,34,2,1,2,2,0,0,0,0,0,1,0,0,0,0,0,0,0,0,0,0.28301236647651135,0.24663924247128227,0.2857142857142857,0.368421052631579,0.45,1.0,1.0,0.0,0.4,0.2,0.1111111111111111,1.0,1.0,0.0,1.0,0.0,0.0,0.18168832122483264,0.232142857143117,0.5652777777777778,0.1197007481296758,0.631768953068592,0.7320000000000001,0.16651944499695473,0.3,0.5,0.0,0.0,0.0,0.0,0.0,1.0,0.0,0.0,0.0,0.0,0.0,0.0,0.0,0.0,0.0
1 BHK,375.25,410.63,11,14,8,1,Semi-Furnished,1,1,1,0,2,Vitrified,1,1,0,1,0,Covered,0,Municipal,1600.8,Hadapsar,411028,Society,5.29,1.96,2.19,2.41,13196.73,4593085.48,12240.14,Owner,11,3,1,1,1,0,0,1,0,0,0,0,0,0,0,0,0,0,0,0,0.055156208124353914,0.044233157404532764,0.5238095238095237,0.5263157894736842,0.4,1.0,1.0,0.0,0.2,0.0,0.1111111111111111,1.0,1.0,0.0,1.0,0.0,0.0,0.09188080278671445,0.482142857143117,0.7069444444444445,0.14630091438071485,0.7184115523465704,0.7160000000000001,0.23073969932187435,0.0909090909090909,1.0,0.0,0.0,1.0,0.0,0.0,0.0,0.0,0.0,0.0,0.0,0.0,0.0,0.0,0.0,0.0
2 BHK,388.86,731.795,5,11,9,1,Unfurnished,1,3,3,1,4,Not Specified,0,0,0,0,0,Covered,1,Corporation + Borewell,1801.4,Aundh,411007,Society,3.07,3.36,1.49,1.6,13246.73,4208297.09,10822.02,Builder,15,2,0,2,2,1,0,0,0,0,0,0,0,0,0,0,0,0,0,0,0.06166966576055745,0.1688703042533375,0.23809523809523808,0.368421052631579,0.45,1.0,1.0,0.4000000000000001,0.6000000000000001,0.2,0.3333333333333333,0.0,0.0,0.0,0.0,0.0,1.0,0.11489689799027955,0.107142857143117,0.3986111111111111,0.2626766417290108,0.46570397111913353,0.3920000000000001,0.18694012010817398,0.12727272727272726,0.5,1.0,0.0,0.0,0.0,0.0,0.0,0.0,0.0,0.0,0.0,0.0,0.0,0.0,0.0,0.0
4 BHK,1437.66,1738.87,3,11,10,1,Semi-Furnished,1,4,4,3,6,Vitrified,0,1,0,0,0,Covered,0,Corporation + Borewell,5434.26,Shivajinagar,411005,Standalone,1.35,7.31,1.45,1.63,35684.24,11040133.95,7679.22,Owner,28,2,1,4,4,0,0,0,0,0,0,0,0,0,0,0,0,1,0,0,0.5636031241624871,0.559694194349581,0.14285714285714285,0.368421052631579,0.5,1.0,1.0,0.6000000000000001,0.8,0.6000000000000001,0.5555555555555556,0.0,1.0,0.0,0.0,0.0,0.0,0.53171769370924,0.071428571429351,0.15972222222222224,0.5910224438902743,0.45126353790613716,0.404,0.08987265222617699,0.24545454545454543,0.5,0.0,0.0,0.0,0.0,0.0,0.0,0.0,0.0,0.0,0.0,0.0,0.0,1.0,0.0,0.0
3 BHK,1044.02,1313.32,0,9,13,1,Semi-Furnished,1,4,3,2,4,Ceramic,0,1,0,0,0,Covered,1,Municipal,4512.58,Viman Nagar,411014,Standalone,2.02,6.14,1.76,1.45,37187.43,9505216.57,9104.46,Broker,42,2,1,3,3,0,0,0,0,0,0,0,0,0,0,0,0,0,1,0,0.3752153604655615,0.39454750077615647,0.0,0.2631578947368421,0.65,1.0,1.0,0.6000000000000001,0.6000000000000001,0.4,0.3333333333333333,0.0,1.0,0.0,0.0,0.0,1.0,0.42596757094143406,0.232142857143117,0.25277777777777777,0.4937655860349126,0.5631768953068592,0.33199999999999996,0.1338921373744961,0.3727272727272727,0.5,0.0,0.0,0.0,0.0,0.0,0.0,0.0,0.0,0.0,0.0,0.0,0.0,0.0,1.0,0.0
1 RK,311.74,348.25,15,17,11,1,Semi-Furnished,1,2,1,0,2,Vitrified,1,0,0,0,0,Open,0,Municipal,800.0,Pune Camp,411001,Society,1.59,6.97,1.57,1.86,7500.0,3199196.28,10262.52,Broker,14,3,1,1,1,0,0,0,0,0,0,0,0,0,0,0,1,0,0,0,0.024761667751445324,0.020024837007140667,0.7142857142857142,0.6842105263157894,0.55,1.0,1.0,0.2,0.2,0.0,0.1111111111111111,1.0,0.0,0.0,0.0,0.0,0.0,0.0,0.0,0.19305555555555556,0.5627597672485453,0.4945848375451264,0.4960000000000001,0.1696595905549166,0.11818181818181817,1.0,0.0,0.0,0.0,0.0,0.0,0.0,0.0,0.0,0.0,0.0,0.0,1.0,0.0,0.0,0.0
2 BHK,606.05,773.26,7,14,8,1,Unfurnished,0,2,1,1,3,Ceramic,1,1,1,0,0,Covered,0,Municipal,1590.92,Kharadi,411014,Society,3.56,1.65,2.18,2.17,27160.3,6073272.07,10021.15,Builder,75,2,0,2,2,0,0,0,0,0,1,0,0,0,0,0,0,0,0,0,0.16561219801676935,0.18496196833281592,0.3333333333333333,0.5263157894736842,0.4,1.0,0.0,0.2,0.2,0.2,0.2222222222222222,1.0,1.0,1.0,0.0,0.0,0.0,0.09074720846661866,0.232142857143117,0.4666666666666667,0.12053200332502076,0.7148014440433214,0.62,0.1622047176000109,0.6727272727272727,0.5,0.0,0.0,0.0,0.0,0.0,1.0,0.0,0.0,0.0,0.0,0.0,0.0,0.0,0.0,0.0
1 BHK,491.3,540.68,8,13,6,1,Semi-Furnished,1,1,1,1,1,Vitrified,0,0,1,1,1,Open,1,Tanker,1705.28,Koregaon Park,411001,Society,2.17,5.09,1.57,0.72,29492.56,10039512.91,20434.57,Owner,35,1,1,1,1,0,0,0,0,0,0,1,0,0,0,0,0,0,0,0,0.11069527929859489,0.09470273207078547,0.38095238095238093,0.4736842105263157,0.30000000000000004,1.0,1.0,0.0,0.2,0.2,0.0,0.0,0.0,1.0,1.0,1.0,1.0,0.10386844798546063,0.0,0.2736111111111111,0.4064837905236907,0.4945848375451264,0.03999999999999998,0.48383011895922723,0.3090909090909091,0.0,0.0,0.0,0.0,0.0,0.0,0.0,1.0,0.0,0.0,0.0,0.0,0.0,0.0,0.0,0.0
3 BHK,1027.7,1252.57,4,15,9,1,Unfurnished,0,3,3,2,5,Marble,1,1,1,0,0,Not Specified,0,Borewell,2390.45,Wakad,411057,Society,3.77,2.42,2.33,2.4,23484.72,7132238.58,6939.97,Owner,33,3,0,3,3,0,0,0,0,0,0,0,0,0,0,0,0,0,0,1,0.36740495424786557,0.3709717479043776,0.19047619047619047,0.5789473684210527,0.45,1.0,0.0,0.4000000000000001,0.6000000000000001,0.4,0.4444444444444445,1.0,1.0,1.0,0.0,0.0,0.0,0.18248229619396855,1.0,0.49583333333333335,0.1845386533665835,0.7689530685920578,0.712,0.0670404243937453,0.2909090909090909,1.0,0.0,0.0,0.0,0.0,0.0,0.0,0.0,0.0,0.0,0.0,0.0,0.0,0.0,0.0,1.0
1 BHK,393.69,431.24,1,10,9,1,Semi-Furnished,1,1,0,0,1,Vitrified,1,1,0,1,0,Open,1,Municipal,800.0,Viman Nagar,411014,Society,2.27,6.45,2.27,1.4,14881.86,3247532.96,8248.92,Owner,20,2,1,1,1,0,0,0,0,0,0,0,0,0,0,0,0,0,1,0,0.06398120142425055,0.05223144986029185,0.047619047619047616,0.3157894736842105,0.45,1.0,1.0,0.0,0.0,0.0,0.0,1.0,1.0,0.0,1.0,0.0,1.0,0.0,0.232142857143117,0.2875,0.5195344970906067,0.7472924187725632,0.31199999999999994,0.1074682155621747,0.17272727272727273,0.5,0.0,0.0,0.0,0.0,0.0,0.0,0.0,0.0,0.0,0.0,0.0,0.0,0.0,1.0,0.0
3 BHK,907.91,1091.11,1,11,7,1,Semi-Furnished,1,4,3,2,4,Vitrified,0,0,0,1,0,Covered,0,Municipal,3671.43,Kharadi,411014,Society,4.37,1.73,2.55,1.72,35119.15,7992443.41,8803.15,Owner,17,2,1,3,3,0,0,0,0,0,1,0,0,0,0,0,0,0,0,0,0.31007599831540256,0.30831263582738283,0.047619047619047616,0.368421052631579,0.35000000000000003,1.0,1.0,0.6000000000000001,0.6000000000000001,0.4,0.3333333333333333,0.0,0.0,0.0,1.0,0.0,0.0,0.3294571597725468,0.232142857143117,0.5791666666666667,0.12718204488778054,0.8483754512635379,0.44000000000000006,0.12458597766101623,0.14545454545454545,0.5,0.0,0.0,0.0,0.0,0.0,1.0,0.0,0.0,0.0,0.0,0.0,0.0,0.0,0.0,0.0
2 BHK,784.78,964.46,8,11,8,1,Unfurnished,1,2,2,1,3,Granite,1,1,1,1,0,Bike,0,Municipal,2594.91,Wakad,411057,Society,4.48,2.63,1.99,2.61,17760.1,6087504.34,7756.94,Owner,34,3,0,2,2,0,0,0,0,0,0,0,0,0,0,0,0,0,0,1,0.25114858914966115,0.2591625271654766,0.38095238095238093,0.368421052631579,0.4,1.0,1.0,0.2,0.4,0.2,0.2222222222222222,1.0,1.0,1.0,1.0,0.0,0.0,0.20594127338898804,1.0,0.5944444444444446,0.2019950124688279,0.6462093862815884,0.796,0.09227308610799853,0.3,1.0,0.0,0.0,0.0,0.0,0.0,0.0,0.0,0.0,0.0,0.0,0.0,0.0,0.0,0.0,1.0
2 BHK,515.62,724.01,5,8,9,1,Semi-Furnished,1,2,1,2,4,Vitrified,1,1,0,1,0,Covered,1,Corporation + Borewell,1771.41,Koregaon Park,411001,Society,2.42,4.4,0.99,1.03,31958.86,13516642.65,26214.29,Owner,71,1,1,2,2,0,0,0,0,0,0,1,0,0,0,0,0,0,0,0,0.12233431601516138,0.16584911518162065,0.23809523809523808,0.21052631578947367,0.45,1.0,1.0,0.2,0.2,0.4,0.3333333333333333,1.0,1.0,0.0,1.0,0.0,1.0,0.1114559573364664,0.0,0.30833333333333335,0.34912718204488774,0.2851985559566787,0.16400000000000003,0.6623406145258989,0.6363636363636364,0.0,0.0,0.0,0.0,0.0,0.0,0.0,1.0,0.0,0.0,0.0,0.0,0.0,0.0,0.0,0.0
3 BHK,1021.1,1105.99,4,15,13,1,Semi-Furnished,1,3,4,2,6,Ceramic,1,1,0,0,0,Not Specified,0,Corporation + Borewell,1878.05,Hadapsar,411028,Society,4.74,1.82,2.72,2.16,27907.45,11396742.9,11161.25,Owner,12,3,1,3,3,0,0,1,0,0,0,0,0,0,0,0,0,0,0,0,0.36424633408629736,0.31408723998758153,0.19047619047619047,0.5789473684210527,0.65,1.0,1.0,0.4000000000000001,0.8,0.4,0.5555555555555556,1.0,1.0,0.0,0.0,0.0,0.0,0.1236914328723995,0.482142857143117,0.6305555555555556,0.13466334164588528,0.9097472924187727,0.6160000000000001,0.19741746423748854,0.09999999999999999,1.0,0.0,0.0,1.0,0.0,0.0,0.0,0.0,0.0,0.0,0.0,0.0,0.0,0.0,0.0,0.0
2 BHK,677.26,743.59,3,17,9,1,Semi-Furnished,1,3,2,0,4,Vitrified,1,1,0,0,0,Covered,0,Corporation + Borewell,2812.6,Hadapsar,411028,Society,6.43,2.6,2.48,2.04,21327.54,5388350.82,7956.11,Owner,23,3,1,2,2,0,0,1,0,0,0,0,0,0,0,0,0,0,0,0,0.19969179524484093,0.17344768705371005,0.14285714285714285,0.6842105263157894,0.45,1.0,1.0,0.4000000000000001,0.4,0.0,0.3333333333333333,1.0,1.0,0.0,0.0,0.0,0.0,0.2309182113992776,0.482142857143117,0.8652777777777778,0.199501246882793,0.8231046931407943,0.5680000000000001,0.09842458400097848,0.19999999999999998,1.0,0.0,0.0,1.0,0.0,0.0,0.0,0.0,0.0,0.0,0.0,0.0,0.0,0.0,0.0,0.0
3 BHK,1314.55,1584.42,4,19,9,1,Semi-Furnished,1,3,3,2,4,Vitrified,1,1,0,0,0,Not Specified,0,Corporation + Borewell,4688.48,Nigdi,411044,Society,3.88,11.0,2.18,2.33,21512.03,12083940.5,9192.48,Broker,25,3,1,3,3,0,0,0,0,0,0,0,0,0,1,0,0,0,0,0,0.5046852865729929,0.4997555107109594,0.19047619047619047,0.7894736842105263,0.45,1.0,1.0,0.4000000000000001,0.6000000000000001,0.4,0.3333333333333333,1.0,1.0,0.0,0.0,0.0,0.0,0.4461496803447595,0.7678571428577925,0.5111111111111111,0.8977556109725685,0.7148014440433214,0.684,0.13661069360555547,0.21818181818181817,1.0,0.0,0.0,0.0,0.0,0.0,0.0,0.0,0.0,0.0,1.0,0.0,0.0,0.0,0.0,0.0
2 BHK,344.79,376.7,5,15,10,1,Semi-Furnished,1,2,4,0,4,Vitrified,0,0,0,0,0,Stilt,0,Municipal,1867.73,Aundh,411007,Society,3.1,3.94,1.05,1.68,16725.68,2800000.0,8120.81,Owner,27,2,1,2,2,1,0,0,0,0,0,0,0,0,0,0,0,0,0,0,0.040578697499904295,0.031065662837628072,0.23809523809523808,0.5789473684210527,0.5,1.0,1.0,0.2,0.8,0.0,0.3333333333333333,0.0,0.0,0.0,0.0,0.0,0.0,0.12250735459472856,0.107142857143117,0.4027777777777778,0.31088944305901905,0.3068592057761733,0.42400000000000004,0.1035114530222859,0.23636363636363636,0.5,1.0,0.0,0.0,0.0,0.0,0.0,0.0,0.0,0.0,0.0,0.0,0.0,0.0,0.0,0.0
3 BHK,794.46,937.58,10,13,5,1,Semi-Furnished,1,4,3,2,3,Ceramic,1,0,0,1,0,Covered,0,Municipal,1829.64,Shivajinagar,411005,Society,0.54,6.04,1.01,1.07,31781.98,7821193.46,9844.64,Broker,16,2,1,3,3,0,0,0,0,0,0,0,0,0,0,0,0,1,0,0,0.25578123205329456,0.248730984166408,0.47619047619047616,0.4736842105263157,0.25,1.0,1.0,0.6000000000000001,0.6000000000000001,0.4,0.2222222222222222,1.0,0.0,0.0,1.0,0.0,0.0,0.11813705017646439,0.071428571429351,0.047222222222222235,0.4854530340814629,0.2924187725631769,0.18000000000000005,0.15675308887535414,0.13636363636363635,0.5,0.0,0.0,0.0,0.0,0.0,0.0,0.0,0.0,0.0,0.0,0.0,0.0,1.0,0.0,0.0
2 BHK,565.02,673.04,14,15,11,1,Unfurnished,0,3,2,0,3,Marble,0,0,1,1,0,Covered,0,Tanker,1818.93,Nigdi,411044,Society,3.88,9.99,2.24,2.09,17365.81,3653827.5,6466.78,Broker,29,3,0,2,2,0,0,0,0,0,0,0,0,0,1,0,0,0,0,0,0.14597610934568706,0.14606876746352065,0.6666666666666666,0.5789473684210527,0.55,1.0,0.0,0.4000000000000001,0.4,0.0,0.2222222222222222,0.0,0.0,1.0,1.0,0.0,0.0,0.11690822475457913,0.7678571428577925,0.5111111111111111,0.8137988362427264,0.736462093862816,0.588,0.0524256365844408,0.2545454545454545,1.0,0.0,0.0,0.0,0.0,0.0,0.0,0.0,0.0,0.0,1.0,0.0,0.0,0.0,0.0,0.0
4 BHK,1413.53,1589.09,11,11,6,1,Unfurnished,1,4,4,2,4,Vitrified,0,0,0,1,1,Covered,0,Tanker,4379.77,Hinjewadi,411057,Standalone,6.23,0.92,1.93,2.52,35510.84,9797179.72,6931.01,Owner,26,3,0,4,4,0,0,0,1,0,0,0,0,0,0,0,0,0,0,0,0.5520550174202689,0.501567836075753,0.5238095238095237,0.368421052631579,0.30000000000000004,1.0,1.0,0.6000000000000001,0.8,0.4,0.3333333333333333,0.0,0.0,0.0,1.0,1.0,0.0,0.4107294472924536,1.0,0.8375000000000001,0.0598503740648379,0.6245487364620939,0.76,0.0667636888355734,0.22727272727272727,1.0,0.0,0.0,0.0,1.0,0.0,0.0,0.0,0.0,0.0,0.0,0.0,0.0,0.0,0.0,0.0
3 BHK,783.14,913.53,17,18,7,1,Semi-Furnished,1,3,3,1,4,Vitrified,1,1,0,0,0,Not Specified,0,Municipal,2139.99,Nigdi,411044,Society,4.15,10.58,1.18,2.51,15217.67,5327459.71,6802.69,Broker,10,3,1,3,3,0,0,0,0,0,0,0,0,0,1,0,0,0,0,0,0.2503637198973927,0.2393977025768395,0.8095238095238095,0.7368421052631579,0.35000000000000003,1.0,1.0,0.4000000000000001,0.6000000000000001,0.2,0.3333333333333333,1.0,1.0,0.0,0.0,0.0,0.0,0.15374545070700485,0.7678571428577925,0.5486111111111112,0.8628428927680797,0.35379061371841153,0.756,0.06280044030603987,0.08181818181818182,1.0,0.0,0.0,0.0,0.0,0.0,0.0,0.0,0.0,0.0,1.0,0.0,0.0,0.0,0.0,0.0
3 BHK,1083.4,1260.41,0,9,11,1,Fully Furnished,1,3,4,2,4,Ceramic,0,1,0,0,1,Bike,0,Municipal,4973.59,Kharadi,411014,Standalone,4.3,1.48,2.03,2.13,48140.66,9458481.57,8730.37,Owner,41,2,2,3,3,0,0,0,0,0,1,0,0,0,0,0,0,0,0,0,0.3940617940962518,0.37401428127910596,0.0,0.2631578947368421,0.55,1.0,1.0,0.4000000000000001,0.8,0.4,0.3333333333333333,0.0,1.0,0.0,0.0,1.0,0.0,0.47886213749076373,0.232142857143117,0.5694444444444444,0.10640066500415626,0.6606498194945848,0.604,0.12233811896416899,0.3636363636363636,0.5,0.0,0.0,0.0,0.0,0.0,1.0,0.0,0.0,0.0,0.0,0.0,0.0,0.0,0.0,0.0
3 BHK,1023.58,1133.12,8,10,10,1,Semi-Furnished,1,4,3,2,5,Vitrified,0,0,0,0,0,Stilt,0,Municipal,1674.5,Pune Camp,411001,Standalone,1.1,6.43,0.64,1.84,32813.02,6218052.67,6074.83,Owner,35,3,1,3,3,0,0,0,0,0,0,0,0,0,0,0,1,0,0,0,0.3654332095409472,0.32461580254579325,0.38095238095238093,0.3157894736842105,0.5,1.0,1.0,0.6000000000000001,0.6000000000000001,0.4,0.4444444444444445,0.0,0.0,0.0,0.0,0.0,0.0,0.1003368656805467,0.0,0.125,0.5178719866999167,0.15884476534296027,0.4880000000000001,0.040320000197668265,0.3090909090909091,1.0,0.0,0.0,0.0,0.0,0.0,0.0,0.0,0.0,0.0,0.0,0.0,1.0,0.0,0.0,0.0
3 BHK,1005.45,1165.3,10,15,7,1,Semi-Furnished,1,4,2,2,4,Marble,0,0,0,1,1,Not Specified,1,Corporation + Borewell,3475.31,Shivajinagar,411005,Standalone,1.82,5.65,0.86,1.03,36232.81,16516535.11,16427.03,Owner,20,2,1,3,3,0,0,0,0,0,0,0,0,0,0,0,0,1,0,0,0.3567565756728818,0.3371041601986961,0.47619047619047616,0.5789473684210527,0.35000000000000003,1.0,1.0,0.6000000000000001,0.4,0.4,0.3333333333333333,0.0,0.0,0.0,1.0,1.0,1.0,0.30695508304611024,0.071428571429351,0.22500000000000003,0.4530340814630091,0.23826714801444043,0.16400000000000003,0.36005458114714295,0.17272727272727273,0.5,0.0,0.0,0.0,0.0,0.0,0.0,0.0,0.0,0.0,0.0,0.0,0.0,1.0,0.0,0.0
3 BHK,736.77,893.12,6,12,4,1,Semi-Furnished,1,3,2,2,6,Vitrified,1,1,0,0,0,Not Specified,1,Corporation + Borewell,1918.84,Kothrud,411038,Society,2.02,7.2,0.94,1.31,22336.34,7323285.97,9939.72,Broker,33,2,1,3,3,0,0,0,0,0,0,0,1,0,0,0,0,0,0,0,0.22817202036831424,0.23147702576839496,0.2857142857142857,0.42105263157894735,0.2,1.0,1.0,0.4000000000000001,0.4,0.4,0.5555555555555556,1.0,1.0,0.0,0.0,0.0,1.0,0.12837152521214734,0.6607142857146755,0.25277777777777777,0.5818786367414795,0.2671480144404332,0.276,0.15968969790113377,0.2909090909090909,0.5,0.0,0.0,0.0,0.0,0.0,0.0,0.0,1.0,0.0,0.0,0.0,0.0,0.0,0.0,0.0
2 BHK,549.53,671.85,5,16,6,1,Semi-Furnished,1,1,1,0,2,Vitrified,1,1,0,1,0,Covered,0,Municipal,800.0,Wakad,411057,Society,4.44,2.19,1.8,2.11,19737.94,3589119.57,6531.29,Owner,14,3,1,2,2,0,0,0,0,0,0,0,0,0,0,0,0,0,0,1,0.13856292354224892,0.14560695436199944,0.23809523809523808,0.631578947368421,0.30000000000000004,1.0,1.0,0.0,0.2,0.0,0.1111111111111111,1.0,1.0,0.0,1.0,0.0,0.0,0.0,1.0,0.5888888888888889,0.1654197838736492,0.5776173285198556,0.596,0.054418070831948634,0.11818181818181817,1.0,0.0,0.0,0.0,0.0,0.0,0.0,0.0,0.0,0.0,0.0,0.0,0.0,0.0,0.0,1.0
1 BHK,433.8,491.3,12,16,5,1,Semi-Furnished,1,1,0,0,2,Vitrified,1,1,0,0,0,Open,1,Tanker,1496.9,Wakad,411057,Society,5.4,3.48,1.97,2.16,9529.4,3239942.37,7468.78,Broker,68,3,1,1,1,0,0,0,0,0,0,0,0,0,0,0,0,0,0,1,0.0831769975879628,0.07553942874883579,0.5714285714285714,0.631578947368421,0.25,1.0,1.0,0.0,0.0,0.0,0.1111111111111111,1.0,1.0,0.0,0.0,0.0,1.0,0.07995970462295368,1.0,0.7222222222222223,0.2726517040731504,0.6389891696750902,0.6160000000000001,0.08337307288893392,0.6090909090909091,1.0,0.0,0.0,0.0,0.0,0.0,0.0,0.0,0.0,0.0,0.0,0.0,0.0,0.0,0.0,1.0
2 BHK,757.51,945.72,5,12,12,1,Semi-Furnished,1,3,3,1,4,Granite,0,0,0,0,0,Covered,0,Municipal,2489.12,Wakad,411057,Standalone,4.57,2.64,2.19,2.01,21237.83,5709337.81,7536.94,Broker,15,3,1,2,2,0,0,0,0,0,0,0,0,0,0,0,0,0,0,1,0.23809774493663616,0.2518899410121081,0.23809523809523808,0.42105263157894735,0.6000000000000001,1.0,1.0,0.4000000000000001,0.6000000000000001,0.2,0.3333333333333333,0.0,0.0,0.0,0.0,0.0,0.0,0.1938033236801887,1.0,0.6069444444444445,0.2028262676641729,0.7184115523465704,0.5559999999999999,0.08547823981359884,0.12727272727272726,1.0,0.0,0.0,0.0,0.0,0.0,0.0,0.0,0.0,0.0,0.0,0.0,0.0,0.0,0.0,1.0
1 RK,361.34,407.39,10,16,17,1,Semi-Furnished,1,1,0,0,1,Not Specified,0,0,0,1,1,Open,1,Corporation + Borewell,856.18,Magarpatta,411013,Standalone,5.35,2.52,1.86,1.87,10773.67,4612649.41,12765.39,Owner,29,3,1,1,1,0,0,0,0,0,0,0,0,1,0,0,0,0,0,0,0.04849917684444273,0.042975783918037885,0.47619047619047616,0.631578947368421,0.8500000000000001,1.0,1.0,0.0,0.0,0.0,0.0,0.0,0.0,0.0,1.0,1.0,1.0,0.006445883492204818,0.214285714286234,0.7152777777777778,0.19285120532003322,0.5992779783393503,0.5000000000000001,0.2469623948497536,0.2545454545454545,1.0,0.0,0.0,0.0,0.0,0.0,0.0,0.0,0.0,1.0,0.0,0.0,0.0,0.0,0.0,0.0
1 RK,337.74,414.66,5,9,7,1,Unfurnished,0,1,0,1,2,Marble,1,1,1,1,0,Not Specified,1,Borewell,1760.47,Koregaon Park,411001,Society,2.37,4.85,1.54,1.13,27004.48,8917676.62,26404.0,Owner,26,1,0,1,1,0,0,0,0,0,0,1,0,0,0,0,0,0,0,0,0.037204716872774615,0.04579711269791992,0.23809523809523808,0.2631578947368421,0.35000000000000003,1.0,0.0,0.0,0.0,0.2,0.1111111111111111,1.0,1.0,1.0,1.0,0.0,1.0,0.11020074257312143,0.0,0.30138888888888893,0.3865336658354114,0.48375451263537905,0.20399999999999996,0.6681999340282196,0.22727272727272727,0.0,0.0,0.0,0.0,0.0,0.0,0.0,1.0,0.0,0.0,0.0,0.0,0.0,0.0,0.0,0.0
1 BHK,469.91,566.53,3,16,15,1,Fully Furnished,1,1,2,0,1,Wooden,0,0,0,1,0,Covered,1,Municipal,963.88,Aundh,411007,Standalone,4.61,4.96,1.61,1.39,28552.33,7577969.01,16126.45,Broker,20,2,2,1,1,1,0,0,0,0,0,0,0,0,0,0,0,0,0,0,0.10045847850223975,0.10473455448618443,0.14285714285714285,0.631578947368421,0.75,1.0,1.0,0.0,0.4,0.0,0.0,0.0,0.0,0.0,1.0,0.0,1.0,0.018802979471387066,0.107142857143117,0.6125,0.3956774729842061,0.5090252707581228,0.30799999999999994,0.35077096796909457,0.17272727272727273,0.5,1.0,0.0,0.0,0.0,0.0,0.0,0.0,0.0,0.0,0.0,0.0,0.0,0.0,0.0,0.0
2 BHK,569.31,713.42,4,14,12,1,Unfurnished,1,3,0,0,2,Granite,0,0,0,0,0,Covered,1,Municipal,800.0,Hadapsar,411028,Standalone,6.96,2.91,2.37,2.11,20505.39,3594340.76,6313.49,Broker,22,3,0,2,2,0,0,1,0,0,0,0,0,0,0,0,0,0,0,0,0.14802921245070633,0.16173936665631794,0.19047619047619047,0.5263157894736842,0.6000000000000001,1.0,1.0,0.4000000000000001,0.0,0.0,0.1111111111111111,0.0,0.0,0.0,0.0,0.0,1.0,0.0,0.482142857143117,0.9388888888888889,0.2252701579384871,0.7833935018050542,0.596,0.04769117300049294,0.1909090909090909,1.0,0.0,0.0,1.0,0.0,0.0,0.0,0.0,0.0,0.0,0.0,0.0,0.0,0.0,0.0,0.0
4 BHK,1473.36,1821.18,5,11,13,1,Semi-Furnished,1,5,4,2,5,Vitrified,1,1,0,1,1,Stilt,0,Corporation + Borewell,5783.12,Viman Nagar,411014,Society,2.56,6.16,1.61,1.6,57203.87,12209459.77,8286.83,Owner,14,2,1,4,4,0,0,0,0,0,0,0,0,0,0,0,0,0,1,0,0.5806883877636969,0.5916369140018629,0.23809523809523808,0.368421052631579,0.65,1.0,1.0,0.8,0.8,0.4,0.4444444444444445,1.0,1.0,0.0,1.0,1.0,0.0,0.5717445878902754,0.232142857143117,0.3277777777777778,0.4954280964256026,0.5090252707581228,0.3920000000000001,0.1086390911213597,0.11818181818181817,0.5,0.0,0.0,0.0,0.0,0.0,0.0,0.0,0.0,0.0,0.0,0.0,0.0,0.0,1.0,0.0
2 BHK,630.8,757.6,0,12,10,1,Semi-Furnished,1,3,2,2,3,Ceramic,0,1,0,1,1,Open,0,Tanker,3188.5,Kalyani Nagar,411006,Standalone,1.83,2.29,1.76,1.23,28777.12,15425032.85,24453.2,Builder,19,1,1,2,2,0,0,0,0,1,0,0,0,0,0,0,0,0,0,0,0.17745702362265015,0.1788846631480907,0.0,0.42105263157894735,0.5,1.0,1.0,0.4000000000000001,0.4,0.4,0.2222222222222222,0.0,1.0,0.0,1.0,1.0,0.0,0.27404757424583853,0.089285714286234,0.22638888888888892,0.1737323358270989,0.5631768953068592,0.244,0.6079481787958791,0.16363636363636364,0.0,0.0,0.0,0.0,0.0,1.0,0.0,0.0,0.0,0.0,0.0,0.0,0.0,0.0,0.0,0.0
4 BHK,1125.12,1397.72,7,15,6,1,Unfurnished,1,5,5,3,6,Ceramic,1,0,1,0,0,Covered,1,Tanker,4047.23,Kothrud,411038,Society,1.96,7.0,1.5,1.71,38465.24,9422882.18,8375.03,Broker,66,2,0,4,4,0,0,0,0,0,0,0,1,0,0,0,0,0,0,0,0.4140281021478616,0.42730130394287497,0.3333333333333333,0.5789473684210527,0.30000000000000004,1.0,1.0,0.8,1.0,0.6000000000000001,0.5555555555555556,1.0,0.0,1.0,0.0,0.0,1.0,0.37257504899238614,0.6607142857146755,0.24444444444444446,0.5652535328345801,0.4693140794223827,0.43600000000000005,0.1113632067721145,0.5909090909090909,0.5,0.0,0.0,0.0,0.0,0.0,0.0,0.0,1.0,0.0,0.0,0.0,0.0,0.0,0.0,0.0
3 BHK,811.94,1018.27,15,16,9,1,Fully Furnished,1,4,3,2,4,Granite,0,1,0,0,0,Covered,0,Municipal,1681.79,Pune Camp,411001,Society,3.54,7.27,1.48,1.49,19603.0,5954915.17,7334.18,Builder,10,3,2,3,3,0,0,0,0,0,0,0,0,0,0,0,1,0,0,0,0.2641467896933267,0.28004501707544244,0.7142857142857142,0.631578947368421,0.45,1.0,1.0,0.6000000000000001,0.6000000000000001,0.4,0.3333333333333333,0.0,1.0,0.0,0.0,0.0,0.0,0.10117329306855263,0.0,0.4638888888888889,0.5876974231088943,0.4620938628158845,0.348,0.07921586238336031,0.08181818181818182,1.0,0.0,0.0,0.0,0.0,0.0,0.0,0.0,0.0,0.0,0.0,0.0,1.0,0.0,0.0,0.0
1 BHK,353.14,382.4,3,10,9,1,Unfurnished,0,1,2,1,2,Vitrified,0,0,1,1,1,Not Specified,1,Municipal,1546.31,Baner,411045,Standalone,2.53,2.7,2.01,2.11,16233.21,7063340.34,20001.8,Broker,18,1,0,1,1,0,1,0,0,0,0,0,0,0,0,0,0,0,0,0,0.044574830583100425,0.03327770878609129,0.14285714285714285,0.3157894736842105,0.45,1.0,0.0,0.0,0.4,0.2,0.1111111111111111,0.0,0.0,1.0,1.0,1.0,1.0,0.08562882358610499,0.7857142857146755,0.32361111111111107,0.2078137988362427,0.6534296028880866,0.596,0.47046372972819384,0.15454545454545454,0.0,0.0,1.0,0.0,0.0,0.0,0.0,0.0,0.0,0.0,0.0,0.0,0.0,0.0,0.0,0.0
4 BHK,1893.95,2341.37,9,17,13,1,Unfurnished,1,4,4,2,5,Granite,1,1,0,0,0,Covered,1,Tanker,5336.67,Pimple Saudagar,411027,Standalone,3.87,6.16,1.52,1.68,46950.45,10683811.19,5641.02,Owner,9,3,0,4,4,0,0,0,0,0,0,0,0,0,0,1,0,0,0,0,0.7819738504536928,0.793511331884508,0.42857142857142855,0.6842105263157894,0.65,1.0,1.0,0.6000000000000001,0.8,0.4,0.4444444444444445,1.0,1.0,0.0,0.0,0.0,1.0,0.5205205813916132,0.464285714286234,0.5097222222222223,0.4954280964256026,0.47653429602888087,0.42400000000000004,0.02692148987506135,0.07272727272727272,1.0,0.0,0.0,0.0,0.0,0.0,0.0,0.0,0.0,0.0,0.0,1.0,0.0,0.0,0.0,0.0
1 BHK,464.18,588.27,11,11,4,1,Unfurnished,1,1,2,0,2,Vitrified,1,1,0,1,0,Stilt,1,Municipal,2417.32,Kharadi,411014,Society,3.66,1.54,1.98,1.96,16588.79,4586940.9,9881.77,Broker,15,2,0,1,1,0,0,0,0,0,1,0,0,0,0,0,0,0,0,0,0.09771622190742373,0.11317137534927044,0.5238095238095237,0.368421052631579,0.2,1.0,1.0,0.0,0.4,0.0,0.1111111111111111,1.0,1.0,0.0,1.0,0.0,1.0,0.18556525969406723,0.232142857143117,0.4805555555555556,0.11138819617622608,0.6425992779783394,0.536,0.15789987361585897,0.12727272727272726,0.5,0.0,0.0,0.0,0.0,0.0,1.0,0.0,0.0,0.0,0.0,0.0,0.0,0.0,0.0,0.0
1 BHK,370.33,402.63,9,13,15,1,Unfurnished,0,1,1,0,2,Granite,0,1,1,0,0,Covered,0,Municipal,1535.48,Wakad,411057,Standalone,4.3,2.84,2.2,1.99,11833.9,3415142.21,9221.92,Broker,39,3,0,1,1,0,0,0,0,0,0,0,0,0,0,0,0,0,0,1,0.05280160036754851,0.04112853151195284,0.42857142857142855,0.4736842105263157,0.75,1.0,0.0,0.0,0.2,0.0,0.1111111111111111,0.0,1.0,1.0,0.0,0.0,0.0,0.0843862298121538,1.0,0.5694444444444444,0.21945137157107228,0.7220216606498195,0.548,0.13751996758240606,0.34545454545454546,1.0,0.0,0.0,0.0,0.0,0.0,0.0,0.0,0.0,0.0,0.0,0.0,0.0,0.0,0.0,1.0
3 BHK,1134.02,1334.65,0,10,0,1,Fully Furnished,1,4,4,2,4,Not Specified,1,1,0,1,0,Not Specified,0,Tanker,3214.71,Hinjewadi,411057,Society,6.14,0.54,2.65,2.34,35702.69,8655129.29,7632.29,Broker,13,3,2,3,3,0,0,0,1,0,0,0,0,0,0,0,0,0,0,0,0.4182874535778552,0.4028252095622478,0.0,0.3157894736842105,0.0,1.0,1.0,0.6000000000000001,0.8,0.4,0.3333333333333333,1.0,1.0,0.0,1.0,0.0,0.0,0.27705481180957453,1.0,0.825,0.028262676641729014,0.8844765342960289,0.688,0.08842318796892162,0.10909090909090909,1.0,0.0,0.0,0.0,1.0,0.0,0.0,0.0,0.0,0.0,0.0,0.0,0.0,0.0,0.0,0.0
2 BHK,611.21,681.52,14,17,5,1,Unfurnished,0,3,2,1,3,Vitrified,1,1,0,0,0,Bike,0,Tanker,2239.01,Pimple Saudagar,411027,Society,4.1,7.14,1.22,2.01,21384.1,5087099.59,8323.07,Owner,52,3,0,2,2,0,0,0,0,0,0,0,0,0,0,1,0,0,0,0,0.1680816646885409,0.1493596709096554,0.6666666666666666,0.6842105263157894,0.25,1.0,0.0,0.4000000000000001,0.4,0.2,0.2222222222222222,1.0,1.0,0.0,0.0,0.0,0.0,0.16510663588675073,0.464285714286234,0.5416666666666666,0.5768911055694097,0.36823104693140796,0.5559999999999999,0.10975838762003717,0.4636363636363636,1.0,0.0,0.0,0.0,0.0,0.0,0.0,0.0,0.0,0.0,0.0,1.0,0.0,0.0,0.0,0.0
1 RK,327.16,377.32,8,13,8,1,Semi-Furnished,1,1,1,0,2,Vitrified,1,1,0,1,0,Not Specified,1,Corporation + Borewell,1376.02,Shivajinagar,411005,Society,2.23,8.42,1.17,1.63,12855.47,6035179.3,18447.06,Broker,53,2,1,1,1,0,0,0,0,0,0,0,0,0,0,0,0,1,0,0,0.03214135303801831,0.03130627134430303,0.38095238095238093,0.4736842105263157,0.4,1.0,1.0,0.0,0.2,0.0,0.1111111111111111,1.0,1.0,0.0,1.0,0.0,1.0,0.0660903846418622,0.071428571429351,0.28194444444444444,0.6832917705735659,0.35018050541516244,0.404,0.42244455096567124,0.4727272727272727,0.5,0.0,0.0,0.0,0.0,0.0,0.0,0.0,0.0,0.0,0.0,0.0,0.0,1.0,0.0,0.0
3 BHK,1124.06,1245.63,0,11,4,1,Fully Furnished,1,4,3,2,5,Not Specified,0,0,0,0,1,Covered,0,Corporation + Borewell,4056.42,Shivajinagar,411005,Standalone,1.72,6.94,0.89,1.23,60707.47,10133930.01,9015.44,Builder,16,2,2,3,3,0,0,0,0,0,0,0,0,0,0,0,0,1,0,0,0.4135208086067614,0.36827848494256454,0.0,0.368421052631579,0.2,1.0,1.0,0.6000000000000001,0.6000000000000001,0.4,0.4444444444444445,0.0,0.0,0.0,0.0,1.0,0.0,0.3736294752881028,0.071428571429351,0.2111111111111111,0.5602660016625104,0.2490974729241877,0.244,0.13114269547846222,0.13636363636363635,0.5,0.0,0.0,0.0,0.0,0.0,0.0,0.0,0.0,0.0,0.0,0.0,0.0,1.0,0.0,0.0
2 BHK,775.42,991.8,14,16,10,1,Fully Furnished,1,2,2,0,3,Vitrified,0,1,1,1,1,Covered,0,Corporation + Borewell,3480.28,Kothrud,411038,Society,2.78,8.08,0.9,1.19,22796.81,9514408.89,12270.03,Owner,18,2,2,2,2,0,0,0,0,0,0,0,1,0,0,0,0,0,0,0,0.2466690914659826,0.2697725861533686,0.6666666666666666,0.631578947368421,0.5,1.0,1.0,0.2,0.4,0.0,0.2222222222222222,0.0,1.0,1.0,1.0,1.0,0.0,0.3075253222941747,0.6607142857146755,0.35833333333333334,0.655029093931837,0.2527075812274368,0.22799999999999998,0.2316628718479635,0.15454545454545454,0.5,0.0,0.0,0.0,0.0,0.0,0.0,0.0,1.0,0.0,0.0,0.0,0.0,0.0,0.0,0.0
3 BHK,708.89,765.91,3,10,9,1,Semi-Furnished,1,3,3,2,4,Vitrified,1,1,1,0,0,Open,1,Municipal,1958.83,Aundh,411007,Society,3.92,3.98,1.93,1.83,31704.66,7752666.66,10936.27,Broker,14,2,1,3,3,1,0,0,0,0,0,0,0,0,0,0,0,0,0,0,0.21482924307975038,0.1821095932940081,0.14285714285714285,0.3157894736842105,0.45,1.0,1.0,0.4000000000000001,0.6000000000000001,0.4,0.3333333333333333,1.0,1.0,1.0,0.0,0.0,1.0,0.13295982853812227,0.107142857143117,0.5166666666666667,0.31421446384039897,0.6245487364620939,0.4840000000000001,0.19046880733151564,0.11818181818181817,0.5,1.0,0.0,0.0,0.0,0.0,0.0,0.0,0.0,0.0,0.0,0.0,0.0,0.0,0.0,0.0
4 BHK,947.99,1029.95,10,12,0,1,Semi-Furnished,1,5,4,3,7,Marble,0,0,1,0,0,Stilt,0,Corporation + Borewell,3329.38,Kothrud,411038,Standalone,0.96,7.87,1.2,1.85,25887.9,15786699.72,16652.88,Broker,24,2,1,4,4,0,0,0,0,0,0,0,1,0,0,0,0,0,0,0,0.3292574371147441,0.2845777708786092,0.47619047619047616,0.42105263157894735,0.0,1.0,1.0,0.8,0.8,0.6000000000000001,0.6666666666666665,0.0,0.0,1.0,0.0,0.0,0.0,0.2902116195712535,0.6607142857146755,0.10555555555555556,0.6375727348295926,0.3610108303249097,0.4920000000000001,0.36703010858164387,0.20909090909090908,0.5,0.0,0.0,0.0,0.0,0.0,0.0,0.0,1.0,0.0,0.0,0.0,0.0,0.0,0.0,0.0
2 BHK,785.39,963.15,13,13,7,1,Semi-Furnished,0,2,2,1,3,Ceramic,0,1,0,1,0,Not Specified,1,Municipal,2275.18,Shivajinagar,411005,Standalone,0.91,5.67,1.17,1.51,19340.77,7766389.16,9888.53,Broker,10,2,1,2,2,0,0,0,0,0,0,0,0,0,0,0,0,1,0,0,0.2514405222252,0.25865414467556663,0.6190476190476191,0.4736842105263157,0.35000000000000003,1.0,0.0,0.2,0.4,0.2,0.2222222222222222,0.0,1.0,0.0,1.0,0.0,1.0,0.16925664667195983,0.071428571429351,0.09861111111111114,0.45469659185369904,0.35018050541516244,0.3560000000000001,0.1581086607110869,0.08181818181818182,0.5,0.0,0.0,0.0,0.0,0.0,0.0,0.0,0.0,0.0,0.0,0.0,0.0,1.0,0.0,0.0
1 BHK,485.25,604.29,6,16,7,1,Semi-Furnished,1,1,3,0,1,Granite,0,0,0,0,0,Covered,0,Corporation + Borewell,1481.14,Magarpatta,411013,Society,4.98,2.02,1.88,2.01,7500.0,3474112.18,7159.45,Broker,41,3,1,1,1,0,0,0,0,0,0,0,0,1,0,0,0,0,0,0,0.10779987748382404,0.11938838869916177,0.2857142857142857,0.631578947368421,0.35000000000000003,1.0,1.0,0.0,0.6000000000000001,0.0,0.0,0.0,0.0,0.0,0.0,0.0,0.0,0.07815146105162674,0.214285714286234,0.663888888888889,0.15128844555278467,0.6064981949458483,0.5559999999999999,0.07381921014235823,0.3636363636363636,1.0,0.0,0.0,0.0,0.0,0.0,0.0,0.0,0.0,1.0,0.0,0.0,0.0,0.0,0.0,0.0
3 BHK,1373.2,1502.5,2,9,10,1,Semi-Furnished,1,3,2,1,3,Granite,0,1,0,1,0,Open,0,Tanker,4812.25,Aundh,411007,Standalone,3.33,4.63,1.21,1.79,44162.6,12214765.6,8895.1,Broker,34,2,1,3,3,1,0,0,0,0,0,0,0,0,0,0,0,0,0,0,0.5327539339178377,0.46796414157094074,0.09523809523809523,0.2631578947368421,0.5,1.0,1.0,0.4000000000000001,0.4,0.2,0.2222222222222222,0.0,1.0,0.0,1.0,0.0,0.0,0.46035058813810575,0.107142857143117,0.43472222222222223,0.36824605153782203,0.3646209386281588,0.4680000000000001,0.1274259145554256,0.3,0.5,1.0,0.0,0.0,0.0,0.0,0.0,0.0,0.0,0.0,0.0,0.0,0.0,0.0,0.0,0.0
4 BHK,1207.75,1354.25,11,12,12,1,Semi-Furnished,1,5,4,2,8,Ceramic,1,0,0,0,0,Covered,0,Corporation + Borewell,2571.24,Wakad,411057,Society,4.19,3.36,1.92,2.49,41099.46,7692069.26,6368.95,Broker,26,3,1,4,4,0,0,0,0,0,0,0,0,0,0,0,0,0,0,1,0.4535730694130709,0.41043154299906864,0.5238095238095237,0.42105263157894735,0.6000000000000001,1.0,1.0,0.8,0.8,0.4,0.7777777777777777,1.0,0.0,0.0,0.0,0.0,0.0,0.20322546594398117,1.0,0.5541666666666667,0.2626766417290108,0.6209386281588447,0.7480000000000001,0.04940409197998116,0.22727272727272727,1.0,0.0,0.0,0.0,0.0,0.0,0.0,0.0,0.0,0.0,0.0,0.0,0.0,0.0,0.0,1.0
1 BHK,508.31,569.73,6,11,8,1,Semi-Furnished,1,1,2,0,1,Marble,1,1,1,1,0,Stilt,0,Corporation + Borewell,1201.74,Hinjewadi,411057,Society,6.8,2.03,2.27,2.35,8802.4,3932402.07,7736.23,Owner,5,3,1,1,1,0,0,0,1,0,0,0,0,0,0,0,0,0,0,0,0.1188359048968184,0.10597640484321644,0.2857142857142857,0.368421052631579,0.4,1.0,1.0,0.0,0.4,0.0,0.0,1.0,1.0,1.0,1.0,0.0,0.0,0.046094147991426915,1.0,0.9166666666666666,0.15211970074812964,0.7472924187725632,0.6920000000000001,0.09163344398637571,0.03636363636363636,1.0,0.0,0.0,0.0,1.0,0.0,0.0,0.0,0.0,0.0,0.0,0.0,0.0,0.0,0.0,0.0
2 BHK,530.04,669.9,12,22,11,1,Semi-Furnished,0,2,2,1,2,Not Specified,1,1,0,1,0,Not Specified,1,Tanker,2686.03,Pune Camp,411001,Society,2.43,6.41,2.06,2.06,7500.0,4338947.44,8186.0,Broker,67,3,1,2,2,0,0,0,0,0,0,0,0,0,0,0,1,0,0,0,0.12923542248937553,0.14485020180068303,0.5714285714285714,0.9473684210526316,0.55,1.0,0.0,0.2,0.4,0.2,0.1111111111111111,1.0,1.0,0.0,1.0,0.0,1.0,0.21639604205772617,0.0,0.30972222222222223,0.5162094763092269,0.6714801444043321,0.5760000000000001,0.10552488952197639,0.6,1.0,0.0,0.0,0.0,0.0,0.0,0.0,0.0,0.0,0.0,0.0,0.0,1.0,0.0,0.0,0.0
3 BHK,1446.55,1841.33,10,11,10,1,Semi-Furnished,1,3,3,2,4,Ceramic,1,1,0,1,0,Not Specified,0,Borewell,4269.88,Hinjewadi,411057,Society,5.47,0.93,2.0,2.56,37016.73,10653388.04,7364.68,Broker,36,3,1,3,3,0,0,0,1,0,0,0,0,0,0,0,0,0,0,0,0.567857689804357,0.5994566904687986,0.47619047619047616,0.368421052631579,0.5,1.0,1.0,0.4000000000000001,0.6000000000000001,0.4,0.3333333333333333,1.0,1.0,0.0,1.0,0.0,0.0,0.3981210788880679,1.0,0.7319444444444444,0.060681629260182876,0.6498194945848376,0.776,0.08015787516508391,0.3181818181818182,1.0,0.0,0.0,0.0,1.0,0.0,0.0,0.0,0.0,0.0,0.0,0.0,0.0,0.0,0.0,0.0
4 BHK,1503.38,1788.12,5,8,4,1,Semi-Furnished,1,4,4,3,4,Ceramic,1,0,1,1,0,Covered,1,Tanker,4357.93,Nigdi,411044,Society,3.44,10.93,1.83,2.07,52196.89,10426239.96,6935.22,Owner,45,3,1,4,4,0,0,0,0,0,0,0,0,0,1,0,0,0,0,0,0.5950553237107088,0.5788070475007763,0.23809523809523808,0.21052631578947367,0.2,1.0,1.0,0.6000000000000001,0.8,0.6000000000000001,0.3333333333333333,1.0,0.0,1.0,1.0,0.0,1.0,0.4082236072164523,0.7678571428577925,0.45,0.8919368246051537,0.5884476534296029,0.58,0.06689371748511622,0.39999999999999997,1.0,0.0,0.0,0.0,0.0,0.0,0.0,0.0,0.0,0.0,1.0,0.0,0.0,0.0,0.0,0.0
3 BHK,1193.13,1473.22,12,18,15,1,Fully Furnished,1,3,3,2,6,Vitrified,1,1,0,0,0,Bike,1,Tanker,3518.57,Hadapsar,411028,Society,4.28,1.97,2.3,1.99,25474.01,16522983.32,13848.49,Owner,45,3,2,3,3,0,0,1,0,0,0,0,0,0,0,0,0,0,0,0,0.44657624717638505,0.45660121080409816,0.5714285714285714,0.7368421052631579,0.75,1.0,1.0,0.4000000000000001,0.6000000000000001,0.4,0.5555555555555556,1.0,1.0,0.0,0.0,0.0,1.0,0.3119185739658821,0.482142857143117,0.5666666666666668,0.14713216957605982,0.7581227436823105,0.548,0.2804146585836823,0.39999999999999997,1.0,0.0,0.0,1.0,0.0,0.0,0.0,0.0,0.0,0.0,0.0,0.0,0.0,0.0,0.0,0.0
3 BHK,866.81,966.63,3,9,2,1,Fully Furnished,1,2,3,3,4,Ceramic,0,0,1,0,1,Covered,1,Tanker,4306.33,Baner,411045,Standalone,3.78,2.66,2.02,2.04,44261.52,12604492.02,14541.29,Not Specified,16,1,2,3,3,0,1,0,0,0,0,0,0,0,0,0,0,0,0,0,0.2904064091274551,0.2600046569388389,0.14285714285714285,0.2631578947368421,0.1,1.0,1.0,0.2,0.6000000000000001,0.6000000000000001,0.3333333333333333,0.0,0.0,1.0,0.0,1.0,1.0,0.4023032158280975,0.7857142857146755,0.49722222222222223,0.20448877805486282,0.6570397111913358,0.5680000000000001,0.30181224727804645,0.13636363636363635,0.0,0.0,1.0,0.0,0.0,0.0,0.0,0.0,0.0,0.0,0.0,0.0,0.0,0.0,0.0,0.0
3 BHK,1031.34,1238.71,14,14,8,1,Fully Furnished,1,3,3,1,4,Wooden,1,1,1,1,1,Covered,1,Borewell,3571.12,Viman Nagar,411014,Society,1.86,4.56,1.47,1.19,64909.3,13776929.86,13358.34,Owner,61,2,2,3,3,0,0,0,0,0,0,0,0,0,0,0,0,0,1,0,0.3691469811248516,0.36559298354548286,0.6666666666666666,0.5263157894736842,0.4,1.0,1.0,0.4000000000000001,0.6000000000000001,0.2,0.3333333333333333,1.0,1.0,1.0,1.0,1.0,1.0,0.3179479648080921,0.232142857143117,0.23055555555555557,0.36242726517040724,0.45848375451263534,0.22799999999999998,0.2652760498964095,0.5454545454545455,0.5,0.0,0.0,0.0,0.0,0.0,0.0,0.0,0.0,0.0,0.0,0.0,0.0,0.0,1.0,0.0
1 RK,402.39,460.59,6,21,5,1,Unfurnished,0,2,2,0,2,Wooden,1,1,0,1,0,Covered,1,Municipal,1292.13,Wakad,411057,Society,4.37,2.05,1.49,2.32,7500.0,2893597.41,7191.09,Broker,22,3,0,1,1,0,0,0,0,0,0,0,0,0,0,0,0,0,0,1,0.06814483709177226,0.06362154610369453,0.2857142857142857,0.894736842105263,0.25,1.0,0.0,0.2,0.4,0.0,0.1111111111111111,1.0,1.0,0.0,1.0,0.0,1.0,0.05646515918509715,1.0,0.5791666666666667,0.15378221113881957,0.46570397111913353,0.6799999999999999,0.0747964325821528,0.1909090909090909,1.0,0.0,0.0,0.0,0.0,0.0,0.0,0.0,0.0,0.0,0.0,0.0,0.0,0.0,0.0,1.0
1 BHK,511.36,642.45,2,12,0,1,Semi-Furnished,1,2,1,0,2,Not Specified,0,0,0,0,0,Open,0,Municipal,1243.1,Kharadi,411014,Standalone,4.24,1.57,2.29,1.66,28953.82,8576738.34,16772.55,Owner,1,2,1,1,1,0,0,0,0,0,1,0,0,0,0,0,0,0,0,0,0.1202955702745128,0.13419745420676812,0.09523809523809523,0.42105263157894735,0.0,1.0,1.0,0.2,0.2,0.0,0.1111111111111111,0.0,0.0,0.0,0.0,0.0,0.0,0.05083964000348798,0.232142857143117,0.5611111111111111,0.11388196176226101,0.7545126353790614,0.41600000000000004,0.3707261961091475,0.0,0.5,0.0,0.0,0.0,0.0,0.0,1.0,0.0,0.0,0.0,0.0,0.0,0.0,0.0,0.0,0.0
2 BHK,656.41,806.58,8,10,7,1,Unfurnished,0,3,1,1,3,Not Specified,1,1,0,1,0,Bike,1,Corporation + Borewell,1783.39,Kharadi,411014,Standalone,4.49,2.39,1.9,1.82,26321.81,5020880.08,7648.95,Broker,12,2,0,2,2,0,0,0,0,0,1,0,0,0,0,0,0,0,0,0,0.18971342700715954,0.1978927351754114,0.38095238095238093,0.3157894736842105,0.35000000000000003,1.0,0.0,0.4000000000000001,0.2,0.2,0.2222222222222222,1.0,1.0,0.0,1.0,0.0,1.0,0.1128304978177162,0.232142857143117,0.5958333333333333,0.18204488778054861,0.6137184115523465,0.4800000000000001,0.08893774314739752,0.09999999999999999,0.5,0.0,0.0,0.0,0.0,0.0,1.0,0.0,0.0,0.0,0.0,0.0,0.0,0.0,0.0,0.0
2 BHK,470.15,541.94,11,14,8,1,Unfurnished,0,2,2,1,2,Ceramic,1,1,0,1,0,Bike,0,Tanker,2662.0,Kharadi,411014,Society,4.04,1.49,2.06,2.06,10371.79,3881798.47,8256.48,Broker,17,2,0,2,2,0,0,0,0,0,1,0,0,0,0,0,0,0,0,0,0.10057333741720585,0.09519171064886686,0.5238095238095237,0.5263157894736842,0.4,1.0,0.0,0.2,0.4,0.2,0.1111111111111111,1.0,1.0,0.0,1.0,0.0,0.0,0.21363892955652142,0.232142857143117,0.5333333333333333,0.10723192019950123,0.6714801444043321,0.5760000000000001,0.10770171118938224,0.14545454545454545,0.5,0.0,0.0,0.0,0.0,0.0,1.0,0.0,0.0,0.0,0.0,0.0,0.0,0.0,0.0,0.0
3 BHK,929.71,1031.9,10,17,16,1,Semi-Furnished,1,3,4,2,3,Ceramic,0,0,0,0,0,Covered,1,Corporation + Borewell,3011.23,Hadapsar,411028,Standalone,4.6,1.26,2.1,2.14,17879.4,9576135.1,10300.14,Owner,40,3,1,3,3,0,0,1,0,0,0,0,0,0,0,0,0,0,0,0,0.3205090164248249,0.2853345234399256,0.47619047619047616,0.6842105263157894,0.8,1.0,1.0,0.4000000000000001,0.8,0.4,0.2222222222222222,0.0,0.0,0.0,0.0,0.0,1.0,0.2537082761564268,0.482142857143117,0.611111111111111,0.0881130507065669,0.6859205776173286,0.6080000000000001,0.17082150927125891,0.35454545454545455,1.0,0.0,0.0,1.0,0.0,0.0,0.0,0.0,0.0,0.0,0.0,0.0,0.0,0.0,0.0,0.0
2 BHK,486.06,592.85,6,9,7,1,Unfurnished,1,2,2,1,2,Vitrified,1,0,0,1,0,Covered,1,Corporation + Borewell,1588.39,Magarpatta,411013,Society,5.83,1.78,2.25,1.81,13494.4,3261498.24,6710.01,Owner,14,3,0,2,2,0,0,0,0,0,0,0,0,1,0,0,0,0,0,0,0.10818752632183469,0.11494877367277248,0.2857142857142857,0.2631578947368421,0.35000000000000003,1.0,1.0,0.2,0.4,0.2,0.1111111111111111,1.0,0.0,0.0,1.0,0.0,1.0,0.09045692571056171,0.214285714286234,0.7819444444444444,0.1313383208645054,0.740072202166065,0.4760000000000001,0.059937956876199155,0.11818181818181817,1.0,0.0,0.0,0.0,0.0,0.0,0.0,0.0,0.0,1.0,0.0,0.0,0.0,0.0,0.0,0.0
1 BHK,385.31,457.1,8,12,7,1,Fully Furnished,1,1,1,0,1,Granite,1,1,0,0,0,Bike,0,Corporation + Borewell,800.0,Wakad,411057,Society,5.78,2.99,1.82,1.95,16881.73,2800000.0,7266.88,Broker,5,3,2,1,1,0,0,0,0,0,0,0,0,0,0,0,0,0,0,1,0.05997071097668365,0.062267153058056524,0.38095238095238093,0.42105263157894735,0.35000000000000003,1.0,1.0,0.0,0.2,0.0,0.0,1.0,1.0,0.0,0.0,0.0,0.0,0.0,1.0,0.775,0.23192019950124687,0.5848375451263538,0.532,0.07713725713057348,0.03636363636363636,1.0,0.0,0.0,0.0,0.0,0.0,0.0,0.0,0.0,0.0,0.0,0.0,0.0,0.0,0.0,1.0
3 BHK,924.49,1155.59,10,18,15,1,Semi-Furnished,1,3,2,2,5,Ceramic,1,1,0,1,0,Open,0,Borewell,2511.45,Hinjewadi,411057,Society,6.08,0.94,2.17,2.4,25358.51,7346577.64,7946.63,Broker,33,3,1,3,3,0,0,0,1,0,0,0,0,0,0,0,0,0,0,0,0.3180108350243118,0.3333359205215772,0.47619047619047616,0.7368421052631579,0.75,1.0,1.0,0.4000000000000001,0.4,0.4,0.4444444444444445,1.0,1.0,0.0,1.0,0.0,0.0,0.19636538452712593,1.0,0.8166666666666667,0.06151288445552783,0.7111913357400722,0.712,0.09813178789701979,0.2909090909090909,1.0,0.0,0.0,0.0,1.0,0.0,0.0,0.0,0.0,0.0,0.0,0.0,0.0,0.0,0.0,0.0
4 BHK,1582.34,1778.64,15,20,13,1,Semi-Furnished,1,4,4,3,7,Vitrified,1,1,0,0,0,Stilt,0,Corporation + Borewell,4593.64,Hadapsar,411028,Society,5.8,1.76,2.05,2.19,56183.9,17218760.07,10881.87,Owner,20,3,1,4,4,0,0,1,0,0,0,0,0,0,0,0,0,0,0,0,0.632843906734561,0.5751280658180691,0.7142857142857142,0.8421052631578947,0.65,1.0,1.0,0.6000000000000001,0.8,0.6000000000000001,0.6666666666666665,1.0,1.0,0.0,0.0,0.0,0.0,0.43526809276197737,0.482142857143117,0.7777777777777778,0.12967581047381543,0.667870036101083,0.628,0.18878862715690045,0.17272727272727273,1.0,0.0,0.0,1.0,0.0,0.0,0.0,0.0,0.0,0.0,0.0,0.0,0.0,0.0,0.0,0.0
1 BHK,364.17,452.19,10,16,7,1,Unfurnished,1,2,2,0,2,Granite,1,1,0,1,1,Covered,1,Municipal,1498.33,Kothrud,411038,Society,1.41,7.34,0.93,1.65,16289.51,3679237.19,10103.12,Not Specified,27,2,0,1,1,0,0,0,0,0,0,0,1,0,0,0,0,0,0,0,0.04985355488341821,0.06036168891648558,0.47619047619047616,0.631578947368421,0.35000000000000003,1.0,1.0,0.2,0.4,0.0,0.1111111111111111,1.0,1.0,0.0,1.0,1.0,1.0,0.0801237774850728,0.6607142857146755,0.16805555555555554,0.5935162094763091,0.26353790613718414,0.41200000000000003,0.16473641555797428,0.23636363636363636,0.5,0.0,0.0,0.0,0.0,0.0,0.0,0.0,1.0,0.0,0.0,0.0,0.0,0.0,0.0,0.0
4 BHK,1648.21,804.04,0,17,13,1,Semi-Furnished,1,4,3,2,6,Granite,1,1,1,1,1,Stilt,1,Municipal,5866.43,Viman Nagar,411014,Society,2.24,6.33,2.34,1.42,42552.72,14007772.82,8498.79,Broker,7,2,1,4,4,0,0,0,0,0,0,0,0,0,0,0,0,0,1,0,0.6643678931046366,0.19690701645451725,0.0,0.6842105263157894,0.65,1.0,1.0,0.6000000000000001,0.6000000000000001,0.4,0.5555555555555556,1.0,1.0,1.0,1.0,1.0,1.0,0.5813032663120552,0.232142857143117,0.2833333333333334,0.5095594347464671,0.7725631768953068,0.31999999999999995,0.11518561666936408,0.054545454545454536,0.5,0.0,0.0,0.0,0.0,0.0,0.0,0.0,0.0,0.0,0.0,0.0,0.0,0.0,1.0,0.0
4 BHK,1317.85,1467.53,9,17,15,1,Semi-Furnished,1,4,3,2,7,Vitrified,0,0,0,0,1,Covered,1,Corporation + Borewell,5187.72,Shivajinagar,411005,Society,1.09,7.28,1.21,1.26,52313.72,12925144.17,9807.74,Broker,20,2,1,4,4,0,0,0,0,0,0,0,0,0,0,0,0,1,0,0,0.506264596653777,0.4543930456380007,0.42857142857142855,0.6842105263157894,0.75,1.0,1.0,0.6000000000000001,0.6000000000000001,0.4,0.6666666666666665,0.0,0.0,0.0,0.0,1.0,1.0,0.5034306143897638,0.071428571429351,0.12361111111111113,0.5885286783042394,0.3646209386281588,0.256,0.15561340783779345,0.17272727272727273,0.5,0.0,0.0,0.0,0.0,0.0,0.0,0.0,0.0,0.0,0.0,0.0,0.0,1.0,0.0,0.0
3 BHK,752.56,962.85,6,10,9,1,Unfurnished,1,3,2,1,3,Vitrified,1,1,0,0,0,Covered,0,Municipal,800.0,Wakad,411057,Society,4.52,3.08,2.05,2.07,20235.37,8613765.47,11445.98,Owner,22,3,0,3,3,0,0,0,0,0,0,0,0,0,0,0,0,0,0,1,0.23572877981545998,0.2585377212045949,0.2857142857142857,0.3157894736842105,0.45,1.0,1.0,0.4000000000000001,0.4,0.2,0.2222222222222222,1.0,1.0,0.0,0.0,0.0,0.0,0.0,1.0,0.6,0.2394014962593516,0.667870036101083,0.58,0.20621153962569047,0.1909090909090909,1.0,0.0,0.0,0.0,0.0,0.0,0.0,0.0,0.0,0.0,0.0,0.0,0.0,0.0,0.0,1.0
2 BHK,638.14,799.71,6,9,11,1,Semi-Furnished,1,3,1,1,3,Ceramic,1,1,0,0,0,Covered,1,Borewell,1115.35,Hinjewadi,411057,Society,5.31,1.44,2.53,2.74,7500.0,6166998.96,9663.95,Owner,13,3,1,2,2,0,0,0,1,0,0,0,0,0,0,0,0,0,0,0,0.1809697921053639,0.1952266376901584,0.2857142857142857,0.2631578947368421,0.55,1.0,1.0,0.4000000000000001,0.2,0.2,0.2222222222222222,1.0,1.0,0.0,0.0,0.0,1.0,0.03618208186662136,1.0,0.7097222222222221,0.10307564422277637,0.8411552346570397,0.8480000000000001,0.15117235807110377,0.10909090909090909,1.0,0.0,0.0,0.0,1.0,0.0,0.0,0.0,0.0,0.0,0.0,0.0,0.0,0.0,0.0,0.0
1 BHK,477.51,586.52,5,13,8,1,Semi-Furnished,1,2,0,0,2,Marble,1,1,1,1,1,Bike,1,Borewell,1751.5,Aundh,411007,Society,2.9,2.11,1.88,1.45,20724.04,7909868.48,16564.78,Broker,4,2,1,1,1,1,0,0,0,0,0,0,0,0,0,0,0,0,0,0,0.10409567747616678,0.11249223843526857,0.23809523809523808,0.4736842105263157,0.4,1.0,1.0,0.2,0.0,0.0,0.1111111111111111,1.0,1.0,1.0,1.0,1.0,1.0,0.10917155825619232,0.107142857143117,0.375,0.15876974231088942,0.6064981949458483,0.33199999999999996,0.3643090814973864,0.02727272727272727,0.5,1.0,0.0,0.0,0.0,0.0,0.0,0.0,0.0,0.0,0.0,0.0,0.0,0.0,0.0,0.0
2 BHK,367.68,407.45,8,15,12,1,Fully Furnished,1,2,1,0,4,Vitrified,1,0,0,1,0,Covered,0,Municipal,1830.09,Aundh,411007,Society,2.59,4.99,0.75,1.86,17552.13,6657630.32,18106.97,Broker,14,2,2,2,2,1,0,0,0,0,0,0,0,0,0,0,0,0,0,0,0.05153336651479766,0.04299906861223224,0.38095238095238093,0.5789473684210527,0.6000000000000001,1.0,1.0,0.2,0.2,0.0,0.3333333333333333,1.0,0.0,0.0,1.0,0.0,0.0,0.11818868149671166,0.107142857143117,0.33194444444444443,0.398171238570241,0.19855595667870035,0.4960000000000001,0.4119406451644786,0.11818181818181817,0.5,1.0,0.0,0.0,0.0,0.0,0.0,0.0,0.0,0.0,0.0,0.0,0.0,0.0,0.0,0.0
3 BHK,406.13,453.02,11,11,5,1,Semi-Furnished,1,4,3,2,4,Granite,0,1,1,0,0,Covered,0,Municipal,1324.33,Kothrud,411038,Society,1.44,7.92,1.16,1.86,9816.64,5259910.43,12951.18,Owner,67,2,1,3,3,0,0,0,0,0,0,0,1,0,0,0,0,0,0,0,0.06993472184999426,0.060683793852840756,0.5238095238095237,0.368421052631579,0.25,1.0,1.0,0.6000000000000001,0.6000000000000001,0.4,0.3333333333333333,0.0,1.0,1.0,0.0,0.0,0.0,0.060159666989458016,0.6607142857146755,0.17222222222222222,0.6417290108063175,0.34657039711191334,0.4960000000000001,0.25270064254537417,0.6,0.5,0.0,0.0,0.0,0.0,0.0,0.0,0.0,1.0,0.0,0.0,0.0,0.0,0.0,0.0,0.0
2 BHK,529.07,617.65,0,11,7,1,Fully Furnished,0,3,1,2,4,Granite,0,1,0,1,1,Covered,1,Borewell,3048.28,Koregaon Park,411001,Standalone,3.02,4.89,1.27,0.62,30454.87,15036246.49,28419.96,Broker,40,1,2,2,2,0,0,0,0,0,0,1,0,0,0,0,0,0,0,0,0.1287712010413875,0.12457311393977027,0.0,0.368421052631579,0.35000000000000003,1.0,0.0,0.4000000000000001,0.2,0.4,0.3333333333333333,0.0,1.0,0.0,1.0,1.0,1.0,0.2579592548567862,0.0,0.39166666666666666,0.3898586866167913,0.3862815884476534,0.0,0.7304641991903014,0.35454545454545455,0.0,0.0,0.0,0.0,0.0,0.0,0.0,1.0,0.0,0.0,0.0,0.0,0.0,0.0,0.0,0.0
2 BHK,631.16,791.77,8,18,7,1,Unfurnished,0,2,2,0,2,Vitrified,0,1,0,0,0,Not Specified,0,Municipal,2285.7,Wakad,411057,Standalone,5.43,3.63,2.46,2.72,7500.0,4472972.27,7086.9,Owner,40,3,0,2,2,0,0,0,0,0,0,0,0,0,0,0,0,0,0,1,0.17762931199509935,0.19214529649177275,0.38095238095238093,0.7368421052631579,0.35000000000000003,1.0,0.0,0.2,0.4,0.0,0.1111111111111111,0.0,1.0,0.0,0.0,0.0,0.0,0.170463672203074,1.0,0.7263888888888889,0.285120532003325,0.8158844765342961,0.8400000000000001,0.07157845514845504,0.35454545454545455,1.0,0.0,0.0,0.0,0.0,0.0,0.0,0.0,0.0,0.0,0.0,0.0,0.0,0.0,0.0,1.0
4 BHK,1194.3,1324.07,4,14,15,1,Fully Furnished,1,3,4,3,5,Marble,1,1,0,0,0,Stilt,1,Corporation + Borewell,4802.81,Kothrud,411038,Society,2.15,7.35,1.38,1.41,52139.25,11400990.54,9546.18,Broker,46,2,2,4,4,0,0,0,0,0,0,0,1,0,0,0,0,0,0,0,0.4471361843868448,0.39871934181931085,0.19047619047619047,0.5263157894736842,0.75,1.0,1.0,0.4000000000000001,0.8,0.6000000000000001,0.4444444444444445,1.0,1.0,0.0,0.0,0.0,1.0,0.45926747777558513,0.6607142857146755,0.2708333333333333,0.5943474646716541,0.42599277978339345,0.31599999999999995,0.1475349533070517,0.40909090909090906,0.5,0.0,0.0,0.0,0.0,0.0,0.0,0.0,1.0,0.0,0.0,0.0,0.0,0.0,0.0,0.0
2 BHK,545.06,689.26,11,14,6,1,Semi-Furnished,1,3,2,1,2,Wooden,1,1,0,1,0,Covered,1,Borewell,2690.01,Kothrud,411038,Society,1.44,6.26,0.99,1.11,19474.43,10005939.18,18357.5,Broker,29,2,1,2,2,0,0,0,0,0,0,0,1,0,0,0,0,0,0,0,0.136423676251005,0.1523633964607265,0.5238095238095237,0.5263157894736842,0.30000000000000004,1.0,1.0,0.4000000000000001,0.4,0.2,0.1111111111111111,1.0,1.0,0.0,1.0,0.0,1.0,0.21685269240124655,0.6607142857146755,0.17222222222222222,0.5037406483790523,0.2851985559566787,0.19600000000000006,0.419678430810551,0.2545454545454545,0.5,0.0,0.0,0.0,0.0,0.0,0.0,0.0,1.0,0.0,0.0,0.0,0.0,0.0,0.0,0.0
3 BHK,1014.54,1292.44,10,11,19,1,Semi-Furnished,1,4,4,3,6,Marble,0,0,1,1,1,Covered,1,Municipal,4987.91,Kalyani Nagar,411006,Society,2.79,5.78,1.4,2.09,65736.86,14953483.37,14739.25,Owner,19,1,1,3,3,0,0,0,0,1,0,0,0,0,0,0,0,0,0,0,0.36110685707722345,0.3864444271965229,0.47619047619047616,0.368421052631579,0.9500000000000001,1.0,1.0,0.6000000000000001,0.8,0.6000000000000001,0.5555555555555556,0.0,0.0,1.0,1.0,1.0,1.0,0.4805051608372994,0.089285714286234,0.3597222222222222,0.46384039900249374,0.43321299638989164,0.588,0.30792637351640706,0.16363636363636364,0.0,0.0,0.0,0.0,0.0,1.0,0.0,0.0,0.0,0.0,0.0,0.0,0.0,0.0,0.0,0.0
3 BHK,840.55,1038.87,3,9,12,1,Semi-Furnished,1,3,3,1,4,Marble,1,1,1,1,0,Covered,0,Tanker,2204.35,Aundh,411007,Society,3.2,5.02,0.77,1.4,37512.25,8408295.84,10003.28,Owner,40,2,1,3,3,1,0,0,0,0,0,0,0,0,0,0,0,0,0,0,0.2778389295149125,0.28803942874883576,0.14285714285714285,0.2631578947368421,0.6000000000000001,1.0,1.0,0.4000000000000001,0.6000000000000001,0.2,0.3333333333333333,1.0,1.0,1.0,1.0,0.0,0.0,0.16112987686503805,0.107142857143117,0.4166666666666667,0.4006650041562759,0.20577617328519854,0.31199999999999994,0.16165279076691583,0.35454545454545455,0.5,1.0,0.0,0.0,0.0,0.0,0.0,0.0,0.0,0.0,0.0,0.0,0.0,0.0,0.0,0.0
1 BHK,534.32,627.83,9,12,7,1,Unfurnished,0,1,0,0,2,Vitrified,1,1,0,1,0,Covered,1,Corporation + Borewell,2600.5,Viman Nagar,411014,Society,1.51,4.81,1.48,1.55,19593.31,5170975.7,9677.66,Broker,12,2,0,1,1,0,0,0,0,0,0,0,0,0,0,0,0,0,1,0,0.13128373980627134,0.12852375038807828,0.42857142857142855,0.42105263157894735,0.35000000000000003,1.0,0.0,0.0,0.0,0.0,0.1111111111111111,1.0,1.0,0.0,1.0,0.0,1.0,0.2065826491227265,0.232142857143117,0.18194444444444444,0.3832086450540315,0.4620938628158845,0.3720000000000001,0.15159580053790475,0.09999999999999999,0.5,0.0,0.0,0.0,0.0,0.0,0.0,0.0,0.0,0.0,0.0,0.0,0.0,0.0,1.0,0.0
1 BHK,496.54,633.18,0,11,4,1,Semi-Furnished,1,1,1,1,2,Ceramic,0,1,0,1,1,Covered,1,Tanker,1390.58,Baner,411045,Standalone,4.14,3.34,1.85,1.91,35457.0,11332553.5,22823.12,Owner,23,1,1,1,1,0,1,0,0,0,0,0,0,0,0,0,0,0,0,0,0.11320303227535512,0.1305999689537411,0.0,0.368421052631579,0.2,1.0,1.0,0.0,0.2,0.2,0.1111111111111111,0.0,1.0,0.0,1.0,1.0,1.0,0.06776094469252975,0.7857142857146755,0.5472222222222222,0.2610141313383208,0.5956678700361011,0.516,0.5576020740341744,0.19999999999999998,0.0,0.0,1.0,0.0,0.0,0.0,0.0,0.0,0.0,0.0,0.0,0.0,0.0,0.0,0.0,0.0
4 BHK,1162.94,1466.8,9,11,7,1,Unfurnished,1,4,3,2,8,Vitrified,0,0,1,0,0,Covered,1,Corporation + Borewell,4402.2,Aundh,411007,Standalone,2.83,4.0,1.61,1.97,53153.2,10976184.68,9438.33,Builder,27,2,0,4,4,1,0,0,0,0,0,0,0,0,0,0,0,0,0,0,0.4321279528312723,0.4541097485253028,0.42857142857142855,0.368421052631579,0.35000000000000003,1.0,1.0,0.6000000000000001,0.6000000000000001,0.4,0.7777777777777777,0.0,0.0,1.0,0.0,0.0,1.0,0.4133029817661124,0.107142857143117,0.3652777777777778,0.3158769742310889,0.5090252707581228,0.54,0.14420393433954712,0.23636363636363636,0.5,1.0,0.0,0.0,0.0,0.0,0.0,0.0,0.0,0.0,0.0,0.0,0.0,0.0,0.0,0.0
2 BHK,577.6,649.47,8,10,9,1,Unfurnished,0,2,1,1,4,Ceramic,1,1,1,1,0,Covered,0,Borewell,1953.53,Kharadi,411014,Society,3.95,1.74,1.74,2.03,20938.79,7305207.71,12647.5,Broker,36,2,0,2,2,0,0,0,0,0,1,0,0,0,0,0,0,0,0,0,0.15199663080516101,0.136921763427507,0.38095238095238093,0.3157894736842105,0.45,1.0,0.0,0.2,0.2,0.2,0.3333333333333333,1.0,1.0,1.0,1.0,0.0,0.0,0.13235172632187653,0.232142857143117,0.5208333333333334,0.1280133000831255,0.555956678700361,0.564,0.24332128380590465,0.3181818181818182,0.5,0.0,0.0,0.0,0.0,0.0,1.0,0.0,0.0,0.0,0.0,0.0,0.0,0.0,0.0,0.0
1 BHK,487.71,601.32,7,14,10,1,Unfurnished,1,1,1,0,1,Granite,1,1,0,1,0,Not Specified,0,Municipal,800.0,Wakad,411057,Society,4.51,2.41,1.91,2.07,12832.45,3617281.92,7416.92,Broker,41,3,0,1,1,0,0,0,0,0,0,0,0,0,0,0,0,0,0,1,0.10897718136222671,0.1182357963365415,0.3333333333333333,0.5263157894736842,0.5,1.0,1.0,0.0,0.2,0.0,0.0,1.0,1.0,0.0,1.0,0.0,0.0,0.0,1.0,0.5986111111111111,0.18370739817123855,0.6173285198555957,0.58,0.08177134230335409,0.3636363636363636,1.0,0.0,0.0,0.0,0.0,0.0,0.0,0.0,0.0,0.0,0.0,0.0,0.0,0.0,0.0,1.0
2 BHK,731.3,911.58,9,18,8,1,Semi-Furnished,1,3,0,1,3,Vitrified,0,1,0,0,0,Open,0,Municipal,2928.21,Wakad,411057,Standalone,4.16,1.78,1.54,1.79,26573.66,5085705.53,6954.3,Not Specified,29,3,1,2,2,0,0,0,0,0,0,0,0,0,0,0,0,0,0,1,0.22555419426471152,0.2386409500155232,0.42857142857142855,0.7368421052631579,0.4,1.0,1.0,0.4000000000000001,0.0,0.2,0.2222222222222222,0.0,1.0,0.0,0.0,0.0,0.0,0.24418287125213983,1.0,0.55,0.1313383208645054,0.48375451263537905,0.4680000000000001,0.06748301597283052,0.2545454545454545,1.0,0.0,0.0,0.0,0.0,0.0,0.0,0.0,0.0,0.0,0.0,0.0,0.0,0.0,0.0,1.0
3 BHK,1029.7,1225.14,9,13,4,1,Unfurnished,1,3,2,2,5,Vitrified,1,1,0,0,0,Covered,1,Corporation + Borewell,2309.04,Hinjewadi,411057,Society,6.43,0.75,2.37,2.77,17857.7,7375770.44,7163.05,Broker,13,3,0,3,3,0,0,0,1,0,0,0,0,0,0,0,0,0,0,0,0.3683621118725832,0.36032676187519413,0.42857142857142855,0.4736842105263157,0.2,1.0,1.0,0.4000000000000001,0.4,0.4,0.4444444444444445,1.0,1.0,0.0,0.0,0.0,1.0,0.17314161667989958,1.0,0.8652777777777778,0.04571903574397339,0.7833935018050542,0.8600000000000001,0.0739303985362666,0.10909090909090909,1.0,0.0,0.0,0.0,1.0,0.0,0.0,0.0,0.0,0.0,0.0,0.0,0.0,0.0,0.0,0.0
1 RK,396.54,478.71,12,13,13,1,Unfurnished,1,1,0,0,1,Wooden,0,0,0,0,0,Bike,0,Corporation + Borewell,800.0,Magarpatta,411013,Standalone,5.05,0.57,2.07,1.82,12969.72,2822279.24,7117.18,Owner,49,3,0,1,1,0,0,0,0,0,0,0,0,1,0,0,0,0,0,0,0.0653451510394732,0.07065352375038808,0.5714285714285714,0.4736842105263157,0.65,1.0,1.0,0.0,0.0,0.0,0.0,0.0,0.0,0.0,0.0,0.0,0.0,0.0,0.214285714286234,0.6736111111111112,0.030756442227763917,0.6750902527075812,0.4800000000000001,0.07251367308388426,0.43636363636363634,1.0,0.0,0.0,0.0,0.0,0.0,0.0,0.0,0.0,1.0,0.0,0.0,0.0,0.0,0.0,0.0
2 BHK,524.41,586.82,0,10,0,1,Fully Furnished,1,2,2,2,3,Wooden,1,1,1,1,0,Open,1,Municipal,1983.3,Kalyani Nagar,411006,Standalone,1.74,5.13,1.14,1.64,26338.07,15769442.7,30070.63,Broker,10,1,2,2,2,0,0,0,0,1,0,0,0,0,0,0,0,0,0,0,0.1265410237757954,0.11260866190624033,0.0,0.3157894736842105,0.0,1.0,1.0,0.2,0.4,0.4,0.2222222222222222,1.0,1.0,1.0,1.0,0.0,1.0,0.13576742499690211,0.089285714286234,0.21388888888888888,0.4098088113050706,0.3393501805054151,0.40800000000000003,0.7814462397938321,0.08181818181818182,0.0,0.0,0.0,0.0,0.0,1.0,0.0,0.0,0.0,0.0,0.0,0.0,0.0,0.0,0.0,0.0
1 BHK,419.57,454.38,7,8,8,1,Semi-Furnished,1,2,1,0,1,Ceramic,1,1,0,0,0,Bike,0,Corporation + Borewell,986.83,Hinjewadi,411057,Society,7.02,1.11,2.38,2.63,10977.77,2806197.67,6688.3,Broker,18,3,1,1,1,0,0,0,1,0,0,0,0,0,0,0,0,0,0,0,0.0763668210880968,0.061211580254579345,0.3333333333333333,0.21052631578947367,0.4,1.0,1.0,0.2,0.2,0.0,0.0,1.0,1.0,0.0,0.0,0.0,0.0,0.02143617680399834,1.0,0.9472222222222222,0.07564422277639235,0.7870036101083032,0.804,0.05926742908960181,0.15454545454545454,1.0,0.0,0.0,0.0,1.0,0.0,0.0,0.0,0.0,0.0,0.0,0.0,0.0,0.0,0.0,0.0
1 RK,436.03,523.64,13,13,13,1,Semi-Furnished,1,1,1,0,1,Vitrified,1,1,0,0,0,Covered,0,Municipal,1493.04,Nigdi,411044,Society,4.26,10.46,1.18,2.38,7500.0,3128929.42,7175.9,Owner,25,3,1,1,1,0,0,0,0,0,0,0,0,0,1,0,0,0,0,0,0.08424422833952296,0.08808987891959022,0.6190476190476191,0.4736842105263157,0.65,1.0,1.0,0.0,0.2,0.0,0.0,1.0,1.0,0.0,0.0,0.0,0.0,0.07951682263149923,0.7678571428577925,0.5638888888888889,0.8528678304239401,0.35379061371841153,0.704,0.07432727933118946,0.21818181818181817,1.0,0.0,0.0,0.0,0.0,0.0,0.0,0.0,0.0,0.0,1.0,0.0,0.0,0.0,0.0,0.0
2 BHK,625.37,752.35,2,11,13,1,Fully Furnished,1,2,3,1,4,Marble,1,1,0,0,0,Covered,1,Municipal,2113.82,Kharadi,411014,Society,3.81,1.75,1.73,1.72,24877.96,11240316.6,17973.82,Owner,42,2,2,2,2,0,0,0,0,0,1,0,0,0,0,0,0,0,0,0,0.17485834067154177,0.17684725240608512,0.09523809523809523,0.368421052631579,0.65,1.0,1.0,0.2,0.6000000000000001,0.2,0.3333333333333333,1.0,1.0,0.0,0.0,0.0,1.0,0.15074280259395756,0.232142857143117,0.5013888888888889,0.12884455527847047,0.5523465703971119,0.44000000000000006,0.40782821887311793,0.3727272727272727,0.5,0.0,0.0,0.0,0.0,0.0,1.0,0.0,0.0,0.0,0.0,0.0,0.0,0.0,0.0,0.0
2 BHK,596.59,737.3,6,14,9,1,Semi-Furnished,1,1,2,0,3,Wooden,1,1,0,0,1,Covered,0,Tanker,2161.13,Hinjewadi,411057,Society,6.12,1.18,2.36,2.61,15203.84,4098286.78,6869.56,Broker,22,3,1,2,2,0,0,0,1,0,0,0,0,0,0,0,0,0,0,0,0.161084842451855,0.17100667494566907,0.2857142857142857,0.5263157894736842,0.45,1.0,1.0,0.0,0.4,0.0,0.2222222222222222,1.0,1.0,0.0,0.0,1.0,0.0,0.15617097539595487,1.0,0.8222222222222223,0.08146300914380714,0.779783393501805,0.796,0.06486576472288766,0.1909090909090909,1.0,0.0,0.0,0.0,1.0,0.0,0.0,0.0,0.0,0.0,0.0,0.0,0.0,0.0,0.0,0.0
2 BHK,600.94,677.11,7,18,9,1,Fully Furnished,1,2,2,1,2,Marble,0,1,0,1,0,Covered,0,Tanker,2363.11,Aundh,411007,Standalone,3.06,3.86,1.85,1.39,32542.73,5104184.46,8493.69,Broker,32,2,2,2,2,1,0,0,0,0,0,0,0,0,0,0,0,0,0,0,0.16316666028561588,0.1476482458863707,0.3333333333333333,0.7368421052631579,0.45,1.0,1.0,0.2,0.4,0.2,0.1111111111111111,0.0,1.0,0.0,1.0,0.0,0.0,0.1793454066482783,0.107142857143117,0.39722222222222225,0.3042394014962593,0.5956678700361011,0.30799999999999994,0.11502809977799386,0.2818181818181818,0.5,1.0,0.0,0.0,0.0,0.0,0.0,0.0,0.0,0.0,0.0,0.0,0.0,0.0,0.0,0.0
2 BHK,487.45,566.38,5,12,11,1,Semi-Furnished,1,3,2,1,2,Vitrified,0,0,0,1,0,Covered,0,Borewell,2195.72,Viman Nagar,411014,Society,2.05,5.26,0.9,1.47,18831.47,6602639.25,13545.26,Broker,39,2,1,2,2,0,0,0,0,0,0,0,0,0,0,0,0,0,1,0,0.10885275087101344,0.10467634275069856,0.23809523809523808,0.42105263157894735,0.55,1.0,1.0,0.4000000000000001,0.4,0.2,0.1111111111111111,0.0,0.0,0.0,1.0,0.0,0.0,0.1601397028789624,0.232142857143117,0.2569444444444444,0.4206151288445552,0.2527075812274368,0.33999999999999997,0.2710491983934513,0.34545454545454546,0.5,0.0,0.0,0.0,0.0,0.0,0.0,0.0,0.0,0.0,0.0,0.0,0.0,0.0,1.0,0.0
4 BHK,1458.42,1844.83,8,13,13,1,Semi-Furnished,1,4,3,3,5,Vitrified,1,1,0,0,0,Open,1,Corporation + Borewell,4025.6,Kharadi,411014,Society,4.36,2.04,1.93,2.3,41839.8,19469158.85,13349.47,Owner,11,2,1,4,4,0,0,0,0,0,1,0,0,0,0,0,0,0,0,0,0.5735384203070563,0.6008149642968024,0.38095238095238093,0.4736842105263157,0.65,1.0,1.0,0.6000000000000001,0.6000000000000001,0.6000000000000001,0.4444444444444445,1.0,1.0,0.0,0.0,0.0,1.0,0.3700933035325002,0.232142857143117,0.5777777777777778,0.15295095594347463,0.6245487364620939,0.6719999999999999,0.2650020940480853,0.0909090909090909,0.5,0.0,0.0,0.0,0.0,0.0,1.0,0.0,0.0,0.0,0.0,0.0,0.0,0.0,0.0,0.0
2 BHK,653.51,793.86,12,13,1,1,Unfurnished,0,2,2,1,2,Wooden,1,1,0,0,0,Covered,0,Municipal,823.28,Nigdi,411044,Society,3.9,11.48,1.58,2.79,15045.17,4408630.09,6746.08,Broker,5,3,0,2,2,0,0,0,0,0,0,0,0,0,1,0,0,0,0,0,0.18832554845131894,0.1929563800062093,0.5714285714285714,0.4736842105263157,0.05,1.0,0.0,0.2,0.4,0.2,0.1111111111111111,1.0,1.0,0.0,0.0,0.0,0.0,0.002671060300792602,0.7678571428577925,0.5138888888888888,0.9376558603491271,0.49819494584837554,0.8680000000000001,0.06105200281183096,0.03636363636363636,1.0,0.0,0.0,0.0,0.0,0.0,0.0,0.0,0.0,0.0,1.0,0.0,0.0,0.0,0.0,0.0
3 BHK,916.35,1053.93,1,10,4,1,Semi-Furnished,1,4,3,2,3,Not Specified,1,1,0,0,0,Open,0,Corporation + Borewell,2018.11,Nigdi,411044,Society,3.33,10.96,1.25,2.65,25934.1,6885591.24,7514.14,Owner,5,3,1,3,3,0,0,0,0,0,0,0,0,0,1,0,0,0,0,0,0.314115203491711,0.2938838869916176,0.047619047619047616,0.3157894736842105,0.2,1.0,1.0,0.6000000000000001,0.6000000000000001,0.4,0.2222222222222222,1.0,1.0,0.0,0.0,0.0,0.0,0.13976139445869723,0.7678571428577925,0.43472222222222223,0.8944305901911886,0.37906137184115524,0.812,0.08477404665217925,0.03636363636363636,1.0,0.0,0.0,0.0,0.0,0.0,0.0,0.0,0.0,0.0,1.0,0.0,0.0,0.0,0.0,0.0
1 BHK,440.39,493.21,4,10,6,1,Semi-Furnished,1,1,2,0,1,Vitrified,1,1,1,0,0,Covered,1,Corporation + Borewell,2503.31,Kothrud,411038,Society,2.04,8.12,1.22,1.43,11548.98,4746680.63,10778.3,Owner,38,2,1,1,1,0,0,0,0,0,0,0,1,0,0,0,0,0,0,0,0.08633083196140741,0.07628065818068924,0.19047619047619047,0.3157894736842105,0.30000000000000004,1.0,1.0,0.0,0.4,0.0,0.0,1.0,1.0,1.0,0.0,0.0,1.0,0.19543143131198626,0.6607142857146755,0.25555555555555554,0.6583541147132168,0.36823104693140796,0.32399999999999995,0.1855897988354869,0.33636363636363636,0.5,0.0,0.0,0.0,0.0,0.0,0.0,0.0,1.0,0.0,0.0,0.0,0.0,0.0,0.0,0.0
1 BHK,435.8,489.96,4,13,7,1,Semi-Furnished,1,1,1,1,1,Granite,1,1,1,1,1,Covered,1,Borewell,2580.21,Kalyani Nagar,411006,Society,1.76,5.33,1.48,1.31,31638.7,7453933.23,17103.87,Owner,69,1,1,1,1,0,0,0,0,1,0,0,0,0,0,0,0,0,0,0,0.08413415521268043,0.07501940391182862,0.19047619047619047,0.4736842105263157,0.35000000000000003,1.0,1.0,0.0,0.2,0.2,0.0,1.0,1.0,1.0,1.0,1.0,1.0,0.20425465026091028,0.089285714286234,0.21666666666666667,0.42643391521197005,0.4620938628158845,0.276,0.38095923462851333,0.6181818181818182,0.0,0.0,0.0,0.0,0.0,1.0,0.0,0.0,0.0,0.0,0.0,0.0,0.0,0.0,0.0,0.0
2 BHK,423.91,474.69,6,9,11,1,Semi-Furnished,1,2,1,0,3,Marble,1,1,1,0,0,Covered,1,Municipal,1692.8,Shivajinagar,411005,Society,0.54,7.4,0.91,1.35,11092.95,4699808.08,11086.82,Broker,27,2,1,2,2,0,0,0,0,0,0,0,0,0,0,0,0,1,0,0,0.07844385313373407,0.06909344923936667,0.2857142857142857,0.2631578947368421,0.55,1.0,1.0,0.2,0.2,0.0,0.2222222222222222,1.0,1.0,1.0,0.0,0.0,1.0,0.10243653937060274,0.071428571429351,0.047222222222222235,0.598503740648379,0.2563176895306859,0.29200000000000004,0.19511864419343325,0.23636363636363636,0.5,0.0,0.0,0.0,0.0,0.0,0.0,0.0,0.0,0.0,0.0,0.0,0.0,1.0,0.0,0.0
2 BHK,642.98,796.97,7,12,8,1,Unfurnished,0,2,1,0,4,Marble,0,0,0,1,1,Open,0,Tanker,1340.33,Aundh,411007,Standalone,3.77,5.0,1.4,1.31,20175.09,5436376.55,8454.99,Owner,17,2,0,2,2,1,0,0,0,0,0,0,0,0,0,0,0,0,0,0,0.1832861135571806,0.19416330332194975,0.3333333333333333,0.42105263157894735,0.4,1.0,0.0,0.2,0.2,0.0,0.3333333333333333,0.0,0.0,0.0,1.0,1.0,0.0,0.06199544726491685,0.107142857143117,0.49583333333333335,0.399002493765586,0.43321299638989164,0.276,0.11383282454347901,0.14545454545454545,0.5,1.0,0.0,0.0,0.0,0.0,0.0,0.0,0.0,0.0,0.0,0.0,0.0,0.0,0.0,0.0
1 BHK,375.2,453.39,11,13,2,1,Fully Furnished,1,1,2,0,1,Vitrified,1,1,0,0,1,Covered,1,Municipal,800.0,Aundh,411007,Society,2.1,5.76,1.52,0.86,14142.84,4773435.23,12722.27,Builder,29,2,2,1,1,1,0,0,0,0,0,0,0,0,0,0,0,0,0,0,0.05513227918373596,0.06082738280037256,0.5238095238095237,0.4736842105263157,0.1,1.0,1.0,0.0,0.4,0.0,0.0,1.0,1.0,0.0,0.0,1.0,1.0,0.0,0.107142857143117,0.2638888888888889,0.46217788861180376,0.47653429602888087,0.09600000000000003,0.2456306049760513,0.2545454545454545,0.5,1.0,0.0,0.0,0.0,0.0,0.0,0.0,0.0,0.0,0.0,0.0,0.0,0.0,0.0,0.0
3 BHK,938.82,1051.15,5,14,10,1,Semi-Furnished,1,3,3,2,4,Vitrified,0,1,1,1,0,Covered,0,Municipal,2430.985,Hadapsar,411028,Standalone,5.44,1.88,2.17,2.01,28616.5,11754301.23,12520.31,Builder,9,3,1,3,3,0,0,1,0,0,0,0,0,0,0,0,0,0,0,0,0.3248688694054137,0.29280502949394605,0.23809523809523808,0.5263157894736842,0.5,1.0,1.0,0.4000000000000001,0.6000000000000001,0.4,0.3333333333333333,0.0,1.0,1.0,1.0,0.0,0.0,0.1871331307855763,0.482142857143117,0.7277777777777779,0.13965087281795507,0.7111913357400722,0.5559999999999999,0.23939293607779236,0.07272727272727272,1.0,0.0,0.0,1.0,0.0,0.0,0.0,0.0,0.0,0.0,0.0,0.0,0.0,0.0,0.0,0.0
1 BHK,412.96,508.77,0,13,11,1,Semi-Furnished,0,1,2,0,1,Vitrified,0,1,1,1,0,Bike,1,Municipal,800.0,Aundh,411007,Society,4.56,3.07,1.18,1.8,20223.59,6039877.44,14625.9,Owner,32,2,1,1,1,1,0,0,0,0,0,0,0,0,0,0,0,0,0,0,0.07320341513840499,0.08231915554175723,0.0,0.4736842105263157,0.55,1.0,0.0,0.0,0.4,0.0,0.0,0.0,1.0,1.0,1.0,0.0,1.0,0.0,0.107142857143117,0.6055555555555555,0.2385702410640066,0.35379061371841153,0.4720000000000001,0.3044254833915425,0.2818181818181818,0.5,1.0,0.0,0.0,0.0,0.0,0.0,0.0,0.0,0.0,0.0,0.0,0.0,0.0,0.0,0.0
2 BHK,688.71,759.83,9,12,11,1,Semi-Furnished,1,2,2,1,3,Vitrified,0,0,1,1,1,Covered,1,Corporation + Borewell,2456.2,Kharadi,411014,Standalone,4.06,1.9,2.13,1.8,28517.18,5937733.66,8621.58,Broker,20,2,1,2,2,0,0,0,0,0,1,0,0,0,0,0,0,0,0,0,0.2051715226463494,0.17975007761564737,0.42857142857142855,0.42105263157894735,0.55,1.0,1.0,0.2,0.4,0.2,0.2222222222222222,0.0,0.0,1.0,1.0,1.0,1.0,0.19002620576343215,0.232142857143117,0.5361111111111111,0.14131338320864503,0.6967509025270758,0.4720000000000001,0.11897806747158832,0.17272727272727273,0.5,0.0,0.0,0.0,0.0,0.0,1.0,0.0,0.0,0.0,0.0,0.0,0.0,0.0,0.0,0.0
2 BHK,592.35,748.72,1,13,17,1,Fully Furnished,1,2,2,1,4,Wooden,0,0,0,0,0,Covered,1,Municipal,2140.21,Wakad,411057,Standalone,4.28,3.44,2.18,1.67,18213.31,6302564.16,10639.98,Broker,6,3,2,2,2,0,0,0,0,0,0,0,0,0,0,0,0,0,0,1,0.1590556682874536,0.175438528407327,0.047619047619047616,0.4736842105263157,0.8500000000000001,1.0,1.0,0.2,0.4,0.2,0.3333333333333333,0.0,0.0,0.0,0.0,0.0,1.0,0.15377069268579244,1.0,0.5666666666666668,0.2693266832917705,0.7148014440433214,0.42000000000000004,0.18131769365620795,0.045454545454545456,1.0,0.0,0.0,0.0,0.0,0.0,0.0,0.0,0.0,0.0,0.0,0.0,0.0,0.0,0.0,1.0
4 BHK,1041.72,1210.15,8,9,12,1,Semi-Furnished,1,3,4,2,7,Vitrified,0,1,0,0,0,Stilt,1,Tanker,2164.27,Wakad,411057,Standalone,4.49,2.7,2.09,2.12,29150.65,7508391.62,7207.69,Owner,50,3,1,4,4,0,0,0,0,0,0,0,0,0,0,0,0,0,0,1,0.37411462919713623,0.35450946910897246,0.38095238095238093,0.2631578947368421,0.6000000000000001,1.0,1.0,0.4000000000000001,0.8,0.4,0.6666666666666665,0.0,1.0,0.0,0.0,0.0,1.0,0.15653124727501366,1.0,0.5958333333333333,0.2078137988362427,0.6823104693140793,0.6000000000000001,0.07530913462073022,0.44545454545454544,1.0,0.0,0.0,0.0,0.0,0.0,0.0,0.0,0.0,0.0,0.0,0.0,0.0,0.0,0.0,1.0
2 BHK,530.23,633.69,11,14,7,1,Semi-Furnished,1,2,1,1,4,Vitrified,0,0,0,1,0,Covered,0,Municipal,1836.58,Hinjewadi,411057,Society,6.04,1.37,2.76,2.41,11017.38,6481190.1,12223.3,Owner,43,3,1,2,2,0,0,0,1,0,0,0,0,0,0,0,0,0,0,0,0.1293263524637237,0.13079788885439309,0.5238095238095237,0.5263157894736842,0.35000000000000003,1.0,1.0,0.2,0.2,0.2,0.3333333333333333,0.0,0.0,0.0,1.0,0.0,0.0,0.11893331987094463,1.0,0.8111111111111111,0.09725685785536159,0.9241877256317689,0.7160000000000001,0.23021958472370305,0.3818181818181818,1.0,0.0,0.0,0.0,1.0,0.0,0.0,0.0,0.0,0.0,0.0,0.0,0.0,0.0,0.0,0.0
3 BHK,1014.14,1132.78,4,12,7,1,Semi-Furnished,0,3,3,2,5,Marble,1,0,1,1,0,Covered,1,Municipal,4272.68,Kothrud,411038,Society,1.93,7.36,0.67,1.11,32396.62,10683564.53,10534.64,Builder,17,2,1,3,3,0,0,0,0,0,0,0,1,0,0,0,0,0,0,0,0.36091542555227996,0.3244838559453586,0.19047619047619047,0.42105263157894735,0.35000000000000003,1.0,0.0,0.4000000000000001,0.6000000000000001,0.4,0.4444444444444445,1.0,0.0,1.0,1.0,0.0,1.0,0.39844234043627325,0.6607142857146755,0.24027777777777776,0.5951787198669991,0.1696750902527076,0.19600000000000006,0.1780641977077895,0.14545454545454545,0.5,0.0,0.0,0.0,0.0,0.0,0.0,0.0,1.0,0.0,0.0,0.0,0.0,0.0,0.0,0.0
3 BHK,723.87,843.1,6,7,10,1,Semi-Furnished,1,3,3,2,4,Vitrified,1,0,1,1,0,Covered,1,Borewell,5100.46,Koregaon Park,411001,Standalone,2.68,4.14,1.44,1.53,47066.39,14316252.66,19777.33,Owner,24,1,1,3,3,0,0,0,0,0,0,1,0,0,0,0,0,0,0,0,0.22199835368888549,0.21206535237503887,0.2857142857142857,0.15789473684210525,0.5,1.0,1.0,0.4000000000000001,0.6000000000000001,0.4,0.3333333333333333,1.0,0.0,1.0,1.0,0.0,1.0,0.49341872771248013,0.0,0.3444444444444445,0.3275145469659185,0.4476534296028881,0.3640000000000001,0.46353082451135796,0.20909090909090908,0.0,0.0,0.0,0.0,0.0,0.0,0.0,1.0,0.0,0.0,0.0,0.0,0.0,0.0,0.0,0.0
1 RK,448.79,529.65,0,7,10,1,Semi-Furnished,1,1,1,1,1,Granite,1,1,1,0,1,Bike,1,Tanker,1864.25,Kalyani Nagar,411006,Society,2.2,5.2,2.02,1.69,18052.27,11873628.94,26456.8,Broker,5,1,1,1,1,0,0,0,0,1,0,0,0,0,0,0,0,0,0,0,0.09035089398522149,0.09042222912139089,0.0,0.15789473684210525,0.5,1.0,1.0,0.0,0.2,0.2,0.0,1.0,1.0,1.0,0.0,1.0,1.0,0.12210807238481627,0.089285714286234,0.2777777777777778,0.4156275976724854,0.6570397111913358,0.42800000000000005,0.6698306971388756,0.03636363636363636,0.0,0.0,0.0,0.0,0.0,1.0,0.0,0.0,0.0,0.0,0.0,0.0,0.0,0.0,0.0,0.0
1 BHK,401.22,459.12,4,17,11,1,Semi-Furnished,1,1,0,0,1,Not Specified,1,1,0,0,1,Covered,0,Tanker,800.0,Pimple Saudagar,411027,Society,4.25,5.76,1.66,2.03,7500.0,5161887.8,12865.49,Broker,4,3,1,1,1,0,0,0,0,0,0,0,0,0,0,1,0,0,0,0,0.06758489988131246,0.06305107109593297,0.19047619047619047,0.6842105263157894,0.55,1.0,1.0,0.0,0.0,0.0,0.0,1.0,1.0,0.0,0.0,1.0,0.0,0.0,0.464285714286234,0.5625,0.46217788861180376,0.5270758122743682,0.564,0.2500540499137055,0.02727272727272727,1.0,0.0,0.0,0.0,0.0,0.0,0.0,0.0,0.0,0.0,0.0,1.0,0.0,0.0,0.0,0.0
4 BHK,1533.52,1888.5,10,14,10,1,Unfurnished,1,4,3,3,7,Ceramic,1,1,0,1,0,Open,1,Tanker,4622.16,Nigdi,411044,Society,2.93,11.67,1.84,2.22,35403.03,11290942.57,7362.76,Owner,9,3,0,4,4,0,0,0,0,0,0,0,0,0,1,0,0,0,0,0,0.6094796891152036,0.6177623408879231,0.47619047619047616,0.5263157894736842,0.5,1.0,1.0,0.6000000000000001,0.6000000000000001,0.6000000000000001,0.6666666666666665,1.0,1.0,0.0,1.0,0.0,1.0,0.43854037110298266,0.7678571428577925,0.3791666666666667,0.9534497090606815,0.5920577617328521,0.6400000000000001,0.08009857468833279,0.07272727272727272,1.0,0.0,0.0,0.0,0.0,0.0,0.0,0.0,0.0,0.0,1.0,0.0,0.0,0.0,0.0,0.0
1 RK,562.62,615.42,6,13,9,1,Fully Furnished,1,2,1,1,1,Vitrified,1,1,1,1,1,Open,1,Borewell,3024.5,Koregaon Park,411001,Society,3.11,4.72,1.62,1.1,43116.25,16344049.92,29049.88,Owner,37,1,2,1,1,0,0,0,0,0,0,1,0,0,0,0,0,0,0,0,0.14482752019602585,0.1237076994722136,0.2857142857142857,0.4736842105263157,0.45,1.0,1.0,0.2,0.2,0.2,0.0,1.0,1.0,1.0,1.0,1.0,1.0,0.25523082642238554,0.0,0.4041666666666667,0.3757273482959268,0.5126353790613719,0.19200000000000006,0.7499196972710662,0.32727272727272727,0.0,0.0,0.0,0.0,0.0,0.0,0.0,1.0,0.0,0.0,0.0,0.0,0.0,0.0,0.0,0.0
4 BHK,1328.68,873.45,17,17,11,1,Unfurnished,0,5,4,4,5,Ceramic,1,1,0,0,0,Not Specified,0,Borewell,4666.71,Pimple Saudagar,411027,Society,4.66,4.59,1.6,2.48,18814.62,7883663.19,5933.44,Owner,14,3,0,4,4,0,0,0,0,0,0,0,0,0,0,1,0,0,0,0,0.511447605191623,0.22384352685501402,0.8095238095238095,0.6842105263157894,0.55,1.0,0.0,0.8,0.8,0.8,0.4444444444444445,1.0,1.0,0.0,0.0,0.0,0.0,0.4436518718074634,0.464285714286234,0.6194444444444445,0.36492103075644217,0.5054151624548737,0.744,0.03595307602691747,0.11818181818181817,1.0,0.0,0.0,0.0,0.0,0.0,0.0,0.0,0.0,0.0,0.0,1.0,0.0,0.0,0.0,0.0
3 BHK,836.33,1031.39,6,12,5,1,Semi-Furnished,0,4,3,2,5,Vitrified,1,1,1,1,1,Stilt,1,Municipal,3717.68,Baner,411045,Society,3.43,3.52,1.89,2.13,57104.33,19348833.13,23135.44,Broker,16,1,1,3,3,0,1,0,0,0,0,0,0,0,0,0,0,0,0,0,0.2758193269267583,0.2851366035392736,0.2857142857142857,0.42105263157894735,0.25,1.0,0.0,0.6000000000000001,0.6000000000000001,0.4,0.4444444444444445,1.0,1.0,1.0,1.0,1.0,1.0,0.334763712131295,0.7857142857146755,0.4486111111111111,0.2759767248545303,0.6101083032490975,0.604,0.5672482849190239,0.13636363636363635,0.0,0.0,1.0,0.0,0.0,0.0,0.0,0.0,0.0,0.0,0.0,0.0,0.0,0.0,0.0,0.0
2 BHK,645.06,739.52,9,14,9,1,Fully Furnished,1,1,1,1,3,Vitrified,0,1,1,1,1,Stilt,0,Borewell,2893.48,Baner,411045,Standalone,3.03,2.77,1.91,1.96,31640.59,15522273.02,24063.41,Broker,12,1,2,2,2,0,1,0,0,0,0,0,0,0,0,0,0,0,0,0,0.1842815574868869,0.17186820863086,0.42857142857142855,0.5263157894736842,0.45,1.0,1.0,0.0,0.2,0.2,0.2222222222222222,0.0,1.0,1.0,1.0,1.0,0.0,0.240198080691722,0.7857142857146755,0.39305555555555555,0.2136325852036575,0.6173285198555957,0.536,0.5959092554454516,0.09999999999999999,0.0,0.0,1.0,0.0,0.0,0.0,0.0,0.0,0.0,0.0,0.0,0.0,0.0,0.0,0.0,0.0
2 BHK,726.84,789.61,5,13,10,1,Fully Furnished,1,2,2,1,3,Ceramic,1,1,1,1,0,Bike,1,Municipal,4183.03,Baner,411045,Society,2.97,3.68,1.96,2.41,59002.67,9117524.54,12544.07,Broker,24,1,2,2,2,0,1,0,0,0,0,0,0,0,0,0,0,0,0,0,0.22341973276159122,0.1913070475007762,0.23809523809523808,0.4736842105263157,0.5,1.0,1.0,0.2,0.4,0.2,0.2222222222222222,1.0,1.0,1.0,1.0,0.0,1.0,0.3881562340803429,0.7857142857146755,0.38472222222222224,0.28927680798004984,0.6353790613718412,0.7160000000000001,0.2401267794775875,0.20909090909090908,0.0,0.0,1.0,0.0,0.0,0.0,0.0,0.0,0.0,0.0,0.0,0.0,0.0,0.0,0.0,0.0
1 RK,321.66,364.15,14,14,12,1,Semi-Furnished,1,1,1,0,1,Vitrified,1,1,1,1,0,Not Specified,1,Tanker,1015.91,Kharadi,411014,Society,3.86,1.48,2.13,1.84,13655.8,5470663.67,17007.83,Broker,26,2,1,1,1,0,0,0,0,0,1,0,0,0,0,0,0,0,0,0,0.029509169570044805,0.026195280968643292,0.6666666666666666,0.5263157894736842,0.6000000000000001,1.0,1.0,0.0,0.2,0.0,0.0,1.0,1.0,1.0,1.0,0.0,1.0,0.024772707454644757,0.232142857143117,0.5083333333333333,0.10640066500415626,0.6967509025270758,0.4880000000000001,0.3779929753643583,0.22727272727272727,0.5,0.0,0.0,0.0,0.0,0.0,1.0,0.0,0.0,0.0,0.0,0.0,0.0,0.0,0.0,0.0
1 RK,294.78,336.71,3,10,10,1,Semi-Furnished,1,1,1,0,2,Granite,1,1,0,1,0,Stilt,0,Municipal,800.0,Kothrud,411038,Society,1.47,7.97,1.5,1.6,9018.68,4584478.27,15551.96,Owner,2,2,1,1,1,0,0,0,0,0,0,0,1,0,0,0,0,0,0,0,0.01664497109383971,0.015546414157094068,0.14285714285714285,0.3157894736842105,0.5,1.0,1.0,0.0,0.2,0.0,0.1111111111111111,1.0,1.0,0.0,1.0,0.0,0.0,0.0,0.6607142857146755,0.17638888888888887,0.6458852867830422,0.4693140794223827,0.3920000000000001,0.3330274622978687,0.00909090909090909,0.5,0.0,0.0,0.0,0.0,0.0,0.0,0.0,1.0,0.0,0.0,0.0,0.0,0.0,0.0,0.0
3 BHK,921.6,1091.19,0,17,1,1,Semi-Furnished,1,3,3,1,4,Marble,0,1,0,0,0,Stilt,0,Tanker,3723.08,Aundh,411007,Society,4.02,5.55,1.93,1.35,33112.52,8391831.92,9105.75,Owner,41,2,1,3,3,1,0,0,0,0,0,0,0,0,0,0,0,0,0,0,0.31662774225659485,0.3083436820863087,0.0,0.6842105263157894,0.05,1.0,1.0,0.4000000000000001,0.6000000000000001,0.2,0.3333333333333333,0.0,1.0,0.0,0.0,0.0,0.0,0.33538328797426237,0.107142857143117,0.5305555555555556,0.44472152950955934,0.6245487364620939,0.29200000000000004,0.13393197988231328,0.3636363636363636,0.5,1.0,0.0,0.0,0.0,0.0,0.0,0.0,0.0,0.0,0.0,0.0,0.0,0.0,0.0,0.0
2 BHK,412.41,493.23,0,13,1,1,Semi-Furnished,1,2,1,1,3,Marble,0,0,1,1,0,Covered,1,Corporation + Borewell,2424.99,Kharadi,411014,Standalone,4.81,1.63,2.48,1.87,12767.87,4346377.16,10538.93,Owner,95,2,1,2,2,0,0,0,0,0,1,0,0,0,0,0,0,0,0,0,0.07294019679160767,0.0762884197454207,0.0,0.4736842105263157,0.05,1.0,1.0,0.2,0.2,0.2,0.2222222222222222,0.0,0.0,1.0,1.0,0.0,1.0,0.18644528686361528,0.232142857143117,0.6402777777777777,0.1188694929343308,0.8231046931407943,0.5000000000000001,0.1781966972105303,0.8545454545454546,0.5,0.0,0.0,0.0,0.0,0.0,1.0,0.0,0.0,0.0,0.0,0.0,0.0,0.0,0.0,0.0
4 BHK,1384.19,1593.4,7,14,5,1,Fully Furnished,0,4,5,2,7,Vitrified,1,0,1,0,0,Covered,0,Municipal,6301.14,Shivajinagar,411005,Society,1.01,6.92,0.75,1.79,57166.62,15021015.36,10851.87,Owner,21,2,2,4,4,0,0,0,0,0,0,0,0,0,0,0,0,1,0,0,0.5380135150656611,0.5032404532753805,0.3333333333333333,0.5263157894736842,0.25,1.0,0.0,0.6000000000000001,1.0,0.4,0.6666666666666665,1.0,0.0,1.0,0.0,0.0,0.0,0.6311802690335995,0.071428571429351,0.1125,0.5586034912718204,0.19855595667870035,0.4680000000000001,0.18786205720766416,0.1818181818181818,0.5,0.0,0.0,0.0,0.0,0.0,0.0,0.0,0.0,0.0,0.0,0.0,0.0,1.0,0.0,0.0
2 BHK,708.05,871.54,4,12,9,1,Unfurnished,1,3,2,1,4,Granite,0,1,1,1,1,Open,0,Municipal,3209.65,Kharadi,411014,Society,3.56,0.49,2.45,2.45,31926.11,5404701.31,7633.24,Owner,14,2,0,2,2,0,0,0,0,0,1,0,0,0,0,0,0,0,0,0,0.21442723687736892,0.22310229742316057,0.19047619047619047,0.42105263157894735,0.45,1.0,1.0,0.4000000000000001,0.4,0.2,0.3333333333333333,0.0,1.0,1.0,1.0,1.0,0.0,0.2764742462974607,0.232142857143117,0.4666666666666667,0.024106400665004152,0.812274368231047,0.7320000000000001,0.08845252935064743,0.11818181818181817,0.5,0.0,0.0,0.0,0.0,0.0,1.0,0.0,0.0,0.0,0.0,0.0,0.0,0.0,0.0,0.0
2 BHK,561.63,652.43,10,13,7,1,Unfurnished,1,2,3,0,4,Wooden,1,1,0,1,1,Not Specified,1,Municipal,1956.7,Aundh,411007,Society,4.38,3.89,1.8,1.66,23128.21,4135186.3,7362.83,Owner,73,2,0,2,2,1,0,0,0,0,0,0,0,0,0,0,0,0,0,0,0.14435372717179062,0.1380704750077616,0.47619047619047616,0.4736842105263157,0.35000000000000003,1.0,1.0,0.2,0.6000000000000001,0.0,0.3333333333333333,1.0,1.0,0.0,1.0,1.0,1.0,0.13271544028895182,0.107142857143117,0.5805555555555556,0.30673316708229426,0.5776173285198556,0.41600000000000004,0.08010073668488099,0.6545454545454545,0.5,1.0,0.0,0.0,0.0,0.0,0.0,0.0,0.0,0.0,0.0,0.0,0.0,0.0,0.0,0.0
3 BHK,1366.18,1540.25,2,9,7,1,Semi-Furnished,1,3,3,2,5,Vitrified,1,1,1,1,1,Covered,0,Borewell,2468.0649999999996,Kharadi,411014,Society,4.55,1.49,2.0,1.69,49385.53,14407101.74,10545.57,Owner,13,2,1,3,3,0,0,0,0,0,1,0,0,0,0,0,0,0,0,0,0.5293943106550788,0.48261409500155245,0.09523809523809523,0.2631578947368421,0.35000000000000003,1.0,1.0,0.4000000000000001,0.6000000000000001,0.4,0.4444444444444445,1.0,1.0,1.0,1.0,1.0,0.0,0.1913875515739521,0.232142857143117,0.6041666666666666,0.10723192019950123,0.6498194945848376,0.42800000000000005,0.17840177802596127,0.10909090909090909,0.5,0.0,0.0,0.0,0.0,0.0,1.0,0.0,0.0,0.0,0.0,0.0,0.0,0.0,0.0,0.0
1 BHK,358.57,432.94,10,11,11,1,Semi-Furnished,1,2,2,0,2,Marble,1,1,0,0,0,Open,0,Borewell,2794.87,Kothrud,411038,Society,2.01,8.13,1.46,1.18,17002.41,5548768.46,15474.61,Owner,37,2,1,1,1,0,0,0,0,0,0,0,1,0,0,0,0,0,0,0,0.0471735135342088,0.05289118286246508,0.47619047619047616,0.368421052631579,0.55,1.0,1.0,0.2,0.4,0.0,0.1111111111111111,1.0,1.0,0.0,0.0,0.0,0.0,0.22888393738153479,0.6607142857146755,0.2513888888888889,0.6591853699085619,0.4548736462093863,0.22399999999999998,0.33063845611208786,0.32727272727272727,0.5,0.0,0.0,0.0,0.0,0.0,0.0,0.0,1.0,0.0,0.0,0.0,0.0,0.0,0.0,0.0
5 BHK,2175.39,2440.3,7,15,13,1,Unfurnished,0,5,4,2,7,Vitrified,1,1,0,1,0,Covered,0,Tanker,5519.48,Nigdi,411044,Society,4.47,10.8,1.49,2.49,58211.3,14995741.77,6893.37,Owner,11,3,0,5,5,0,0,0,0,0,0,0,0,0,1,0,0,0,0,0,0.9166650714039588,0.8319039118286249,0.3333333333333333,0.5789473684210527,0.65,1.0,0.0,0.8,0.8,0.4,0.6666666666666665,1.0,1.0,0.0,1.0,0.0,0.0,0.5414955184014025,0.7678571428577925,0.5930555555555556,0.8811305070656691,0.46570397111913353,0.7480000000000001,0.06560115240593153,0.0909090909090909,1.0,0.0,0.0,0.0,0.0,0.0,0.0,0.0,0.0,0.0,1.0,0.0,0.0,0.0,0.0,0.0
3 BHK,1024.02,1229.83,4,14,10,1,Fully Furnished,1,3,3,2,3,Ceramic,1,0,0,1,1,Bike,1,Corporation + Borewell,3785.2,Aundh,411007,Society,4.17,4.33,1.49,1.81,48586.62,8965039.97,8754.76,Broker,24,2,2,3,3,1,0,0,0,0,0,0,0,0,0,0,0,0,0,0,0.36564378421838506,0.3621468488047191,0.19047619047619047,0.5263157894736842,0.5,1.0,1.0,0.4000000000000001,0.6000000000000001,0.4,0.2222222222222222,1.0,0.0,0.0,1.0,1.0,1.0,0.34251070489373125,0.107142857143117,0.5513888888888889,0.34330839567747296,0.46570397111913353,0.4760000000000001,0.12309142033289808,0.20909090909090908,0.5,1.0,0.0,0.0,0.0,0.0,0.0,0.0,0.0,0.0,0.0,0.0,0.0,0.0,0.0,0.0
2 BHK,641.52,697.4,15,15,9,1,Unfurnished,1,2,2,1,4,Ceramic,1,1,1,1,1,Covered,1,Borewell,1344.23,Kothrud,411038,Society,1.81,7.41,1.23,1.52,19651.17,7661190.4,11942.34,Owner,22,2,0,2,2,0,0,0,0,0,0,0,1,0,0,0,0,0,0,0,0.1825873884911367,0.1555223533064266,0.7142857142857142,0.5789473684210527,0.45,1.0,1.0,0.2,0.4,0.2,0.3333333333333333,1.0,1.0,1.0,1.0,1.0,1.0,0.06244291870705995,0.6607142857146755,0.2236111111111111,0.599334995843724,0.37184115523465705,0.3600000000000001,0.22154194829245513,0.1909090909090909,0.5,0.0,0.0,0.0,0.0,0.0,0.0,0.0,1.0,0.0,0.0,0.0,0.0,0.0,0.0,0.0
2 BHK,462.5,564.92,10,15,7,1,Semi-Furnished,1,3,2,1,4,Vitrified,1,1,0,0,0,Covered,0,Municipal,1695.2,Wakad,411057,Society,4.5,3.94,1.93,2.0,14645.61,3796645.39,8208.88,Builder,15,3,1,2,2,0,0,0,0,0,0,0,0,0,0,0,0,0,0,1,0.0969122095026609,0.10410974852530272,0.47619047619047616,0.5789473684210527,0.35000000000000003,1.0,1.0,0.4000000000000001,0.4,0.2,0.3333333333333333,1.0,1.0,0.0,0.0,0.0,0.0,0.10271190641192157,1.0,0.5972222222222222,0.31088944305901905,0.6245487364620939,0.552,0.10623155353659394,0.12727272727272726,1.0,0.0,0.0,0.0,0.0,0.0,0.0,0.0,0.0,0.0,0.0,0.0,0.0,0.0,0.0,1.0
2 BHK,631.65,768.19,0,15,2,1,Semi-Furnished,1,2,2,2,2,Wooden,1,1,1,0,0,Covered,0,Corporation + Borewell,2478.25,Kalyani Nagar,411006,Society,2.49,4.39,1.25,1.81,42840.85,11001423.67,17416.86,Builder,10,1,1,2,2,0,0,0,0,1,0,0,0,0,0,0,0,0,0,0,0.17786381561315517,0.18299441167339342,0.0,0.5789473684210527,0.1,1.0,1.0,0.2,0.4,0.4,0.1111111111111111,1.0,1.0,1.0,0.0,0.0,0.0,0.19255614045554886,0.089285714286234,0.3180555555555556,0.34829592684954275,0.37906137184115524,0.4760000000000001,0.39062613890889597,0.08181818181818182,0.0,0.0,0.0,0.0,0.0,1.0,0.0,0.0,0.0,0.0,0.0,0.0,0.0,0.0,0.0,0.0
2 BHK,638.13,761.58,3,12,0,1,Fully Furnished,1,2,2,1,3,Vitrified,1,1,1,1,0,Covered,0,Not Specified,2554.88,Kharadi,411014,Society,4.57,0.84,2.2,1.34,24308.16,14625133.73,22918.74,Owner,3,2,2,2,2,0,0,0,0,0,1,0,0,0,0,0,0,0,0,0,0.18096500631724033,0.18042921452964922,0.14285714285714285,0.42105263157894735,0.0,1.0,1.0,0.2,0.4,0.2,0.2222222222222222,1.0,1.0,1.0,1.0,0.0,0.0,0.20134838061232452,0.232142857143117,0.6069444444444445,0.05320033250207813,0.7220216606498195,0.28800000000000003,0.5605553613190404,0.01818181818181818,0.5,0.0,0.0,0.0,0.0,0.0,1.0,0.0,0.0,0.0,0.0,0.0,0.0,0.0,0.0,0.0
3 BHK,1112.98,1212.4,12,17,11,1,Semi-Furnished,1,4,4,1,4,Vitrified,1,1,0,0,0,Stilt,0,Borewell,2777.49,Hadapsar,411028,Society,5.45,1.54,2.53,2.36,34955.64,7749504.28,6962.83,Owner,46,3,1,3,3,0,0,1,0,0,0,0,0,0,0,0,0,0,0,0,0.4082181553658257,0.35538264514126056,0.5714285714285714,0.6842105263157894,0.55,1.0,1.0,0.6000000000000001,0.8,0.2,0.3333333333333333,1.0,1.0,0.0,0.0,0.0,0.0,0.22688982105731764,0.482142857143117,0.7291666666666667,0.11138819617622608,0.8411552346570397,0.696,0.06774647069506337,0.40909090909090906,1.0,0.0,0.0,1.0,0.0,0.0,0.0,0.0,0.0,0.0,0.0,0.0,0.0,0.0,0.0,0.0
3 BHK,906.05,1016.78,8,9,6,1,Fully Furnished,1,3,3,2,6,Vitrified,1,1,1,0,1,Covered,0,Municipal,5095.07,Kalyani Nagar,411006,Society,2.2,4.78,0.71,1.33,46209.25,22235428.0,24541.04,Broker,11,1,2,3,3,0,0,0,0,1,0,0,0,0,0,0,0,0,0,0,0.30918584172441516,0.27946678050294943,0.38095238095238093,0.2631578947368421,0.30000000000000004,1.0,1.0,0.4000000000000001,0.6000000000000001,0.4,0.5555555555555556,1.0,1.0,1.0,0.0,1.0,0.0,0.4928002992321849,0.089285714286234,0.2777777777777778,0.38071487946799665,0.18411552346570392,0.28400000000000003,0.6106611756072431,0.0909090909090909,0.0,0.0,0.0,0.0,0.0,1.0,0.0,0.0,0.0,0.0,0.0,0.0,0.0,0.0,0.0,0.0
1 BHK,442.34,478.65,5,20,16,1,Unfurnished,1,1,0,0,1,Granite,0,1,1,0,0,Covered,1,Not Specified,1322.34,Magarpatta,411013,Standalone,5.07,2.52,2.15,1.75,10042.51,3362851.19,7602.38,Owner,9,3,0,1,1,0,0,0,0,0,0,0,0,1,0,0,0,0,0,0,0.08726406064550708,0.07063023905619373,0.23809523809523808,0.8421052631578947,0.8,1.0,1.0,0.0,0.0,0.0,0.0,0.0,1.0,1.0,0.0,0.0,1.0,0.059931341817697825,0.214285714286234,0.6763888888888889,0.19285120532003322,0.703971119133574,0.45200000000000007,0.08749939772953302,0.07272727272727272,1.0,0.0,0.0,0.0,0.0,0.0,0.0,0.0,0.0,1.0,0.0,0.0,0.0,0.0,0.0,0.0
1 BHK,389.2,482.83,2,19,11,1,Unfurnished,1,2,0,0,2,Granite,1,1,0,1,0,Stilt,1,Municipal,1122.91,Hinjewadi,411057,Society,6.0,1.36,2.71,2.81,7500.0,2976488.7,7647.62,Broker,16,3,0,1,1,0,0,0,1,0,0,0,0,0,0,0,0,0,0,0,0.06183238255675945,0.07225240608506678,0.09523809523809523,0.7894736842105263,0.55,1.0,1.0,0.2,0.0,0.0,0.1111111111111111,1.0,1.0,0.0,1.0,0.0,1.0,0.037049488046775686,1.0,0.8055555555555556,0.09642560266001662,0.9061371841155235,0.8760000000000001,0.0888966652129814,0.13636363636363635,1.0,0.0,0.0,0.0,1.0,0.0,0.0,0.0,0.0,0.0,0.0,0.0,0.0,0.0,0.0,0.0
1 RK,393.98,472.16,0,8,7,1,Unfurnished,0,2,2,1,2,Vitrified,1,1,1,0,1,Bike,1,Tanker,1921.85,Kalyani Nagar,411006,Society,1.45,3.44,1.0,1.61,21506.15,10638845.13,27003.79,Owner,6,1,0,1,1,0,0,0,0,1,0,0,0,0,0,0,0,0,0,0,0.0641199892798346,0.06811161130083829,0.0,0.21052631578947367,0.35000000000000003,1.0,0.0,0.2,0.4,0.2,0.1111111111111111,1.0,1.0,1.0,0.0,1.0,1.0,0.12871688137646806,0.089285714286234,0.1736111111111111,0.2693266832917705,0.2888086642599278,0.39600000000000013,0.6867248470233014,0.045454545454545456,0.0,0.0,0.0,0.0,0.0,1.0,0.0,0.0,0.0,0.0,0.0,0.0,0.0,0.0,0.0,0.0
1 BHK,443.93,534.65,13,15,7,1,Unfurnished,1,2,2,0,1,Marble,0,0,0,0,0,Open,1,Corporation + Borewell,1193.62,Hadapsar,411028,Society,5.16,1.5,2.26,2.11,14440.79,3085491.2,6950.38,Owner,22,3,0,1,1,0,0,1,0,0,0,0,0,0,0,0,0,0,0,0,0.08802500095715764,0.09236262030425335,0.6190476190476191,0.5789473684210527,0.35000000000000003,1.0,1.0,0.2,0.4,0.0,0.0,0.0,0.0,0.0,0.0,0.0,1.0,0.04516248950163154,0.482142857143117,0.6888888888888889,0.1080631753948462,0.743682310469314,0.596,0.06736194416613031,0.1909090909090909,1.0,0.0,0.0,1.0,0.0,0.0,0.0,0.0,0.0,0.0,0.0,0.0,0.0,0.0,0.0,0.0
3 BHK,880.88,977.68,0,16,12,1,Semi-Furnished,1,4,3,1,4,Vitrified,1,1,0,1,0,Covered,0,Borewell,2249.0,Wakad,411057,Society,5.05,1.58,2.0,2.22,20819.98,6586847.55,7477.57,Broker,24,3,1,3,3,0,0,0,0,0,0,0,0,0,0,0,0,0,0,1,0.2971400130173437,0.26429292145296496,0.0,0.631578947368421,0.6000000000000001,1.0,1.0,0.6000000000000001,0.6000000000000001,0.2,0.3333333333333333,1.0,1.0,0.0,1.0,0.0,0.0,0.16625285119624034,1.0,0.6736111111111112,0.11471321695760597,0.6498194945848376,0.6400000000000001,0.08364455788406017,0.20909090909090908,1.0,0.0,0.0,0.0,0.0,0.0,0.0,0.0,0.0,0.0,0.0,0.0,0.0,0.0,0.0,1.0
1 BHK,434.6,532.2,5,16,12,1,Fully Furnished,1,2,0,0,1,Vitrified,1,1,1,0,0,Covered,0,Municipal,1344.69,Pune Camp,411001,Society,2.37,7.58,0.91,1.78,20665.36,3052527.57,7023.82,Broker,27,3,2,1,1,0,0,0,0,0,0,0,0,0,0,0,1,0,0,0,0.08355986063784986,0.09141182862465078,0.23809523809523808,0.631578947368421,0.6000000000000001,1.0,1.0,0.2,0.0,0.0,0.0,1.0,1.0,1.0,0.0,0.0,0.0,0.0624956973899794,0.0,0.30138888888888893,0.6134663341645885,0.2563176895306859,0.4640000000000001,0.0696301874018608,0.23636363636363636,1.0,0.0,0.0,0.0,0.0,0.0,0.0,0.0,0.0,0.0,0.0,0.0,1.0,0.0,0.0,0.0
2 BHK,686.32,810.83,7,17,4,1,Unfurnished,0,2,2,1,3,Granite,1,1,1,0,1,Not Specified,1,Tanker,2869.41,Viman Nagar,411014,Society,2.69,5.34,1.89,1.78,31786.94,6765030.27,9856.94,Owner,20,2,0,2,2,0,0,0,0,0,0,0,0,0,0,0,0,0,1,0,0.20402771928481184,0.19954206768084454,0.3333333333333333,0.6842105263157894,0.2,1.0,0.0,0.2,0.4,0.2,0.2222222222222222,1.0,1.0,1.0,0.0,1.0,1.0,0.23743637873982865,0.232142857143117,0.3458333333333333,0.427265170407315,0.6101083032490975,0.4640000000000001,0.15713298255454103,0.17272727272727273,0.5,0.0,0.0,0.0,0.0,0.0,0.0,0.0,0.0,0.0,0.0,0.0,0.0,0.0,1.0,0.0
2 BHK,865.09,731.795,8,13,6,1,Fully Furnished,1,2,1,1,4,Vitrified,1,1,0,1,0,Open,1,Borewell,1985.29,Aundh,411007,Society,2.88,3.73,1.91,1.73,43172.79,18321340.8,21178.51,Broker,25,2,2,2,2,1,0,0,0,0,0,0,0,0,0,0,0,0,0,0,0.28958325357019793,0.1688703042533375,0.38095238095238093,0.4736842105263157,0.30000000000000004,1.0,1.0,0.2,0.2,0.2,0.3333333333333333,1.0,1.0,0.0,1.0,0.0,1.0,0.1359957501686623,0.107142857143117,0.37222222222222223,0.2934330839567747,0.6173285198555957,0.44400000000000006,0.5068072005603894,0.21818181818181817,0.5,1.0,0.0,0.0,0.0,0.0,0.0,0.0,0.0,0.0,0.0,0.0,0.0,0.0,0.0,0.0
1 BHK,318.41,370.16,13,17,4,1,Unfurnished,0,2,0,0,1,Marble,1,1,0,0,1,Not Specified,1,Municipal,1067.32,Aundh,411007,Society,3.65,4.56,1.66,1.49,9775.65,3581782.11,11248.98,Owner,51,2,0,1,1,1,0,0,0,0,0,0,0,0,0,0,0,0,0,0,0.027953788429878654,0.02852763117044399,0.6190476190476191,0.6842105263157894,0.2,1.0,0.0,0.2,0.0,0.0,0.0,1.0,1.0,0.0,0.0,1.0,1.0,0.030671298952228407,0.107142857143117,0.47916666666666663,0.36242726517040724,0.5270758122743682,0.348,0.2001270636257053,0.45454545454545453,0.5,1.0,0.0,0.0,0.0,0.0,0.0,0.0,0.0,0.0,0.0,0.0,0.0,0.0,0.0,0.0
3 BHK,1019.6,1179.63,4,13,9,1,Unfurnished,0,3,1,1,3,Marble,0,1,0,0,0,Covered,1,Municipal,3904.34,Hadapsar,411028,Standalone,6.61,1.99,2.04,2.56,26036.73,6635918.76,6508.37,Owner,10,3,0,3,3,0,0,1,0,0,0,0,0,0,0,0,0,0,0,0,0.3635284658677591,0.34266532132877997,0.19047619047619047,0.4736842105263157,0.45,1.0,0.0,0.4000000000000001,0.2,0.2,0.2222222222222222,0.0,1.0,0.0,0.0,0.0,1.0,0.3561803837698666,0.482142857143117,0.8902777777777778,0.14879467996674978,0.6642599277978339,0.776,0.05371017139073209,0.08181818181818182,1.0,0.0,0.0,1.0,0.0,0.0,0.0,0.0,0.0,0.0,0.0,0.0,0.0,0.0,0.0,0.0
3 BHK,981.2,1098.68,15,16,9,1,Semi-Furnished,1,4,3,2,4,Ceramic,1,1,0,0,1,Bike,1,Tanker,3087.74,Magarpatta,411013,Standalone,5.47,2.22,1.84,1.62,23410.75,8695267.29,8861.9,Builder,58,3,1,3,3,0,0,0,0,0,0,0,0,1,0,0,0,0,0,0,0.3451510394731805,0.31125038807823663,0.7142857142857142,0.631578947368421,0.45,1.0,1.0,0.6000000000000001,0.6000000000000001,0.4,0.3333333333333333,1.0,1.0,0.0,0.0,1.0,1.0,0.2624867479611365,0.214285714286234,0.7319444444444444,0.16791354945968412,0.5920577617328521,0.40000000000000013,0.1264005104782707,0.5181818181818182,1.0,0.0,0.0,0.0,0.0,0.0,0.0,0.0,0.0,1.0,0.0,0.0,0.0,0.0,0.0,0.0
3 BHK,828.23,1037.54,3,10,5,1,Fully Furnished,0,3,3,3,5,Vitrified,1,1,0,1,1,Covered,1,Corporation + Borewell,3619.82,Baner,411045,Society,3.77,2.95,1.52,1.99,61846.58,14141065.05,17073.83,Broker,29,1,2,3,3,0,1,0,0,0,0,0,0,0,0,0,0,0,0,0,0.27194283854665185,0.2875232846941944,0.14285714285714285,0.3157894736842105,0.25,1.0,0.0,0.4000000000000001,0.6000000000000001,0.6000000000000001,0.4444444444444445,1.0,1.0,0.0,1.0,1.0,1.0,0.32353562102151995,0.7857142857146755,0.49583333333333335,0.22859517871986698,0.47653429602888087,0.548,0.3800314292526782,0.2545454545454545,0.0,0.0,1.0,0.0,0.0,0.0,0.0,0.0,0.0,0.0,0.0,0.0,0.0,0.0,0.0,0.0
2 BHK,769.59,833.33,11,15,12,1,Unfurnished,1,3,3,1,3,Ceramic,1,1,0,0,0,Bike,0,Corporation + Borewell,2785.2,Magarpatta,411013,Society,4.08,1.64,2.24,2.25,9909.35,4022710.54,5227.1,Builder,18,3,0,2,2,0,0,0,0,0,0,0,0,1,0,0,0,0,0,0,0.24387897698993072,0.20827382800372563,0.5238095238095237,0.5789473684210527,0.6000000000000001,1.0,1.0,0.4000000000000001,0.6000000000000001,0.2,0.2222222222222222,1.0,1.0,0.0,0.0,0.0,0.0,0.22777443767755434,0.214285714286234,0.5388888888888889,0.1197007481296758,0.736462093862816,0.652,0.014137295428798075,0.15454545454545454,1.0,0.0,0.0,0.0,0.0,0.0,0.0,0.0,0.0,1.0,0.0,0.0,0.0,0.0,0.0,0.0
1 BHK,454.84,536.15,8,13,13,1,Fully Furnished,1,1,2,1,1,Marble,1,1,1,0,0,Stilt,1,Municipal,3103.61,Koregaon Park,411001,Society,2.24,4.61,1.29,1.67,31157.33,14938678.76,32844.06,Owner,14,1,2,1,1,0,0,0,0,0,0,1,0,0,0,0,0,0,0,0,0.09324629579999234,0.0929447376591121,0.38095238095238093,0.4736842105263157,0.65,1.0,1.0,0.0,0.4,0.2,0.0,1.0,1.0,1.0,0.0,0.0,1.0,0.2643076125218573,0.0,0.2833333333333334,0.36658354114713215,0.39350180505415167,0.42000000000000004,0.8671054696041817,0.11818181818181817,0.0,0.0,0.0,0.0,0.0,0.0,0.0,1.0,0.0,0.0,0.0,0.0,0.0,0.0,0.0,0.0
1 BHK,517.5,628.79,1,6,1,1,Fully Furnished,1,2,0,0,1,Ceramic,1,1,1,0,0,Open,0,Corporation + Borewell,800.0,Kharadi,411014,Society,4.12,2.07,1.93,2.05,24578.31,6134774.6,11854.69,Owner,8,2,2,1,1,0,0,0,0,0,1,0,0,0,0,0,0,0,0,0,0.12323404418239596,0.12889630549518785,0.047619047619047616,0.10526315789473684,0.05,1.0,1.0,0.2,0.0,0.0,0.0,1.0,1.0,1.0,0.0,0.0,0.0,0.0,0.232142857143117,0.5444444444444445,0.15544472152950953,0.6245487364620939,0.572,0.21883481975743638,0.06363636363636363,0.5,0.0,0.0,0.0,0.0,0.0,1.0,0.0,0.0,0.0,0.0,0.0,0.0,0.0,0.0,0.0
1 BHK,420.99,511.87,11,15,10,1,Semi-Furnished,1,1,1,0,2,Vitrified,0,0,0,1,1,Open,0,Municipal,1428.55,Kharadi,411014,Standalone,4.63,1.23,1.41,1.94,7500.0,4940634.04,11735.72,Builder,27,2,1,1,1,0,0,0,0,0,1,0,0,0,0,0,0,0,0,0,0.07704640300164632,0.08352219807513198,0.5238095238095237,0.5789473684210527,0.5,1.0,1.0,0.0,0.2,0.0,0.1111111111111111,0.0,0.0,0.0,1.0,1.0,0.0,0.07211748075872798,0.232142857143117,0.6152777777777778,0.08561928512053199,0.4368231046931408,0.528,0.21516035219541482,0.23636363636363636,0.5,0.0,0.0,0.0,0.0,0.0,1.0,0.0,0.0,0.0,0.0,0.0,0.0,0.0,0.0,0.0
3 BHK,952.96,1183.98,3,13,7,1,Semi-Furnished,1,3,1,3,5,Marble,1,1,0,0,1,Covered,1,Corporation + Borewell,3922.04,Baner,411045,Society,3.24,3.05,1.44,2.16,65355.61,13973508.79,14663.31,Owner,22,1,1,3,3,0,1,0,0,0,0,0,0,0,0,0,0,0,0,0,0.3316359738121674,0.3443534616578703,0.14285714285714285,0.4736842105263157,0.35000000000000003,1.0,1.0,0.4000000000000001,0.2,0.6000000000000001,0.4444444444444445,1.0,1.0,0.0,0.0,1.0,1.0,0.3582112156995929,0.7857142857146755,0.4222222222222223,0.23690773067331666,0.4476534296028881,0.6160000000000001,0.30558091611824023,0.1909090909090909,0.0,0.0,1.0,0.0,0.0,0.0,0.0,0.0,0.0,0.0,0.0,0.0,0.0,0.0,0.0,0.0
3 BHK,715.1,846.41,16,18,15,1,Unfurnished,0,4,2,1,3,Vitrified,0,1,0,0,0,Covered,0,Tanker,1096.55,Nigdi,411044,Standalone,3.02,11.52,1.75,1.97,16803.82,4963007.94,6940.27,Broker,40,3,0,3,3,0,0,0,0,0,0,0,0,0,1,0,0,0,0,0,0.21780121750449866,0.2133498913380938,0.7619047619047619,0.7368421052631579,0.75,1.0,0.0,0.6000000000000001,0.4,0.2,0.2222222222222222,0.0,1.0,0.0,0.0,0.0,0.0,0.034025040042957255,0.7678571428577925,0.39166666666666666,0.9409808811305069,0.5595667870036102,0.54,0.06704969009323766,0.35454545454545455,1.0,0.0,0.0,0.0,0.0,0.0,0.0,0.0,0.0,0.0,1.0,0.0,0.0,0.0,0.0,0.0
1 BHK,412.1,526.08,4,14,6,1,Semi-Furnished,1,1,0,0,1,Vitrified,0,0,0,0,0,Covered,1,Corporation + Borewell,1068.37,Pimple Saudagar,411027,Standalone,3.95,5.47,2.05,1.92,8971.66,3936116.28,9551.44,Broker,19,3,1,1,1,0,0,0,0,0,0,0,0,0,0,1,0,0,0,0,0.07279183735977642,0.08903678981682711,0.19047619047619047,0.5263157894736842,0.30000000000000004,1.0,1.0,0.0,0.0,0.0,0.0,0.0,0.0,0.0,0.0,0.0,1.0,0.03079177203280538,0.464285714286234,0.5208333333333334,0.43807148794679956,0.667870036101083,0.52,0.1476974119048178,0.16363636363636364,1.0,0.0,0.0,0.0,0.0,0.0,0.0,0.0,0.0,0.0,0.0,1.0,0.0,0.0,0.0,0.0
1 RK,311.95,343.12,0,13,9,1,Semi-Furnished,1,1,0,0,2,Vitrified,0,1,0,0,1,Covered,0,Municipal,800.0,Pimple Saudagar,411027,Standalone,4.52,5.5,1.22,2.1,7500.0,2800000.0,8975.89,Owner,5,3,1,1,1,0,0,0,0,0,0,0,0,0,0,1,0,0,0,0,0.024862169302040646,0.01803399565352376,0.0,0.4736842105263157,0.45,1.0,1.0,0.0,0.0,0.0,0.1111111111111111,0.0,1.0,0.0,0.0,1.0,0.0,0.0,0.464285714286234,0.6,0.44056525353283454,0.36823104693140796,0.5920000000000001,0.12992116742871898,0.03636363636363636,1.0,0.0,0.0,0.0,0.0,0.0,0.0,0.0,0.0,0.0,0.0,1.0,0.0,0.0,0.0,0.0
3 BHK,1008.0,1264.49,9,16,9,1,Unfurnished,0,3,2,2,5,Granite,1,0,0,0,0,Covered,1,Tanker,4803.11,Nigdi,411044,Standalone,2.37,10.71,1.72,2.35,25883.23,6840824.31,6786.53,Owner,33,3,0,3,3,0,0,0,0,0,0,0,0,0,1,0,0,0,0,0,0.3579769516443968,0.3755976404843217,0.42857142857142855,0.631578947368421,0.45,1.0,0.0,0.4000000000000001,0.4,0.4,0.4444444444444445,1.0,0.0,0.0,0.0,0.0,1.0,0.45930189865574983,0.7678571428577925,0.30138888888888893,0.8736492103075644,0.5487364620938628,0.6920000000000001,0.06230132796005125,0.2909090909090909,1.0,0.0,0.0,0.0,0.0,0.0,0.0,0.0,0.0,0.0,1.0,0.0,0.0,0.0,0.0,0.0
3 BHK,1103.4,1318.09,9,10,6,1,Semi-Furnished,1,4,3,2,4,Wooden,1,1,0,0,0,Bike,1,Municipal,5259.47,Kothrud,411038,Society,2.23,9.05,1.34,1.53,43303.17,15766057.66,14288.61,Broker,40,2,1,3,3,0,0,0,0,0,0,0,1,0,0,0,0,0,0,0,0.4036333703434282,0.39639863396460734,0.42857142857142855,0.3157894736842105,0.30000000000000004,1.0,1.0,0.6000000000000001,0.6000000000000001,0.4,0.3333333333333333,1.0,1.0,0.0,0.0,0.0,1.0,0.5116629415625245,0.6607142857146755,0.28194444444444444,0.7356608478802992,0.41155234657039713,0.3640000000000001,0.29400805745227865,0.35454545454545455,0.5,0.0,0.0,0.0,0.0,0.0,0.0,0.0,1.0,0.0,0.0,0.0,0.0,0.0,0.0,0.0
2 BHK,710.01,859.59,8,10,6,1,Unfurnished,0,2,2,1,3,Granite,1,1,1,1,1,Stilt,1,Municipal,1864.62,Aundh,411007,Society,3.54,3.48,1.35,1.7,32849.34,5971932.76,8411.08,Broker,5,2,0,2,2,1,0,0,0,0,0,0,0,0,0,0,0,0,0,0,0.21536525134959222,0.2184647624961193,0.38095238095238093,0.3157894736842105,0.30000000000000004,1.0,0.0,0.2,0.4,0.2,0.2222222222222222,1.0,1.0,1.0,1.0,1.0,1.0,0.12215052480368624,0.107142857143117,0.4638888888888889,0.2726517040731504,0.4151624548736462,0.43200000000000005,0.1124766349944468,0.03636363636363636,0.5,1.0,0.0,0.0,0.0,0.0,0.0,0.0,0.0,0.0,0.0,0.0,0.0,0.0,0.0,0.0
2 BHK,588.1,651.29,4,4,6,1,Fully Furnished,1,2,2,2,4,Granite,1,0,1,1,1,Covered,1,Municipal,1450.52,Kalyani Nagar,411006,Society,2.95,4.19,1.06,0.91,28199.72,18882962.65,32108.69,Owner,41,1,2,2,2,0,0,0,0,1,0,0,0,0,0,0,0,0,0,0,0.15702170833492862,0.13762806581806897,0.19047619047619047,0.0,0.30000000000000004,1.0,1.0,0.2,0.4,0.4,0.3333333333333333,1.0,0.0,1.0,1.0,1.0,1.0,0.07463823654946738,0.089285714286234,0.3819444444444445,0.3316708229426434,0.3104693140794224,0.11600000000000005,0.8443930781518512,0.3636363636363636,0.0,0.0,0.0,0.0,0.0,1.0,0.0,0.0,0.0,0.0,0.0,0.0,0.0,0.0,0.0,0.0
2 BHK,653.04,749.43,4,17,11,1,Fully Furnished,1,2,1,1,3,Granite,1,1,1,0,0,Open,1,Corporation + Borewell,3312.23,Kharadi,411014,Society,4.41,1.56,2.48,1.72,28461.54,7850393.1,12021.34,Owner,16,2,2,2,2,0,0,0,0,0,1,0,0,0,0,0,0,0,0,0,0.1881006164095103,0.17571406395529343,0.19047619047619047,0.6842105263157894,0.55,1.0,1.0,0.2,0.2,0.2,0.2222222222222222,1.0,1.0,1.0,0.0,0.0,1.0,0.2882438925884961,0.232142857143117,0.5847222222222223,0.11305070656691604,0.8231046931407943,0.44000000000000006,0.22398191582544416,0.13636363636363635,0.5,0.0,0.0,0.0,0.0,0.0,1.0,0.0,0.0,0.0,0.0,0.0,0.0,0.0,0.0,0.0
3 BHK,740.41,838.02,13,17,12,1,Semi-Furnished,0,3,4,1,5,Vitrified,1,1,0,0,0,Bike,0,Borewell,2068.33,Wakad,411057,Society,5.11,2.52,2.11,2.22,23582.51,5272753.55,7121.36,Not Specified,7,3,1,3,3,0,0,0,0,0,0,0,0,0,0,0,0,0,0,1,0.22991404724530035,0.21009391493325058,0.6190476190476191,0.6842105263157894,0.6000000000000001,1.0,0.0,0.4000000000000001,0.8,0.2,0.4444444444444445,1.0,1.0,0.0,0.0,0.0,0.0,0.14552344979829365,1.0,0.6819444444444445,0.19285120532003322,0.6895306859205776,0.6400000000000001,0.07264277516347784,0.054545454545454536,1.0,0.0,0.0,0.0,0.0,0.0,0.0,0.0,0.0,0.0,0.0,0.0,0.0,0.0,0.0,1.0
3 BHK,489.31,592.79,3,17,9,1,Semi-Furnished,1,3,2,2,4,Granite,1,1,1,0,0,Covered,0,Corporation + Borewell,1449.58,Hinjewadi,411057,Society,6.6,1.42,2.46,2.68,16042.33,3164941.52,6468.13,Broker,9,3,1,3,3,0,0,0,1,0,0,0,0,0,0,0,0,0,0,0,0.10974290746200084,0.1149254889785781,0.14285714285714285,0.6842105263157894,0.45,1.0,1.0,0.4000000000000001,0.4,0.4,0.3333333333333333,1.0,1.0,1.0,0.0,0.0,0.0,0.0745303844582842,1.0,0.8888888888888888,0.10141313383208643,0.8158844765342961,0.8240000000000001,0.05246733223215644,0.07272727272727272,1.0,0.0,0.0,0.0,1.0,0.0,0.0,0.0,0.0,0.0,0.0,0.0,0.0,0.0,0.0,0.0
2 BHK,531.87,645.7,5,11,2,1,Unfurnished,1,2,3,1,4,Marble,1,1,0,0,0,Covered,0,Municipal,800.0,Hadapsar,411028,Society,5.85,3.39,2.75,2.58,12133.2,6210561.84,11676.77,Owner,24,3,0,2,2,0,0,1,0,0,0,0,0,0,0,0,0,0,0,0,0.1301112217159922,0.13545870847562874,0.23809523809523808,0.368421052631579,0.1,1.0,1.0,0.2,0.6000000000000001,0.2,0.3333333333333333,1.0,1.0,0.0,0.0,0.0,0.0,0.0,0.482142857143117,0.7847222222222222,0.2651704073150457,0.92057761732852,0.784,0.21333964224516552,0.20909090909090908,1.0,0.0,0.0,1.0,0.0,0.0,0.0,0.0,0.0,0.0,0.0,0.0,0.0,0.0,0.0,0.0
4 BHK,1373.43,1586.65,14,15,4,1,Unfurnished,1,5,5,2,6,Granite,1,1,0,0,0,Bike,0,Municipal,5184.16,Wakad,411057,Standalone,4.6,1.67,1.92,2.21,40896.21,10176102.9,7409.24,Owner,53,3,0,4,4,0,0,0,0,0,0,0,0,0,0,0,0,0,0,1,0.5328640070446802,0.5006209251785161,0.6666666666666666,0.5789473684210527,0.2,1.0,1.0,0.8,1.0,0.4,0.5555555555555556,1.0,1.0,0.0,0.0,0.0,0.0,0.503022153278474,1.0,0.611111111111111,0.12219451371571069,0.6209386281588447,0.636,0.08153414039634957,0.4727272727272727,1.0,0.0,0.0,0.0,0.0,0.0,0.0,0.0,0.0,0.0,0.0,0.0,0.0,0.0,0.0,1.0
2 BHK,726.48,876.53,1,15,14,1,Fully Furnished,1,2,0,1,4,Ceramic,1,1,0,0,0,Not Specified,1,Corporation + Borewell,3888.11,Kothrud,411038,Society,1.56,5.92,1.73,1.29,35784.69,13213029.24,18187.62,Builder,42,2,2,2,2,0,0,0,0,0,0,0,1,0,0,0,0,0,0,0,0.223247444389142,0.22503880782365726,0.047619047619047616,0.5789473684210527,0.7000000000000001,1.0,1.0,0.2,0.0,0.2,0.3333333333333333,1.0,1.0,0.0,0.0,0.0,1.0,0.35431821415294806,0.6607142857146755,0.18888888888888888,0.4754779717373233,0.5523465703971119,0.268,0.41443157404467545,0.3727272727272727,0.5,0.0,0.0,0.0,0.0,0.0,0.0,0.0,1.0,0.0,0.0,0.0,0.0,0.0,0.0,0.0
1 BHK,472.11,560.2,15,15,8,1,Semi-Furnished,1,1,1,0,2,Vitrified,0,1,1,0,0,Stilt,0,Corporation + Borewell,1941.32,Viman Nagar,411014,Society,2.43,5.66,1.39,1.38,19378.43,6173721.72,13076.82,Not Specified,48,2,1,1,1,0,0,0,0,0,0,0,0,0,0,0,0,0,1,0,0.10151135188942915,0.10227801924868057,0.7142857142857142,0.5789473684210527,0.4,1.0,1.0,0.0,0.2,0.0,0.1111111111111111,0.0,1.0,1.0,0.0,0.0,0.0,0.13095079649916702,0.232142857143117,0.30972222222222223,0.45386533665835405,0.4296028880866426,0.30399999999999994,0.2565811174927759,0.42727272727272725,0.5,0.0,0.0,0.0,0.0,0.0,0.0,0.0,0.0,0.0,0.0,0.0,0.0,0.0,1.0,0.0
1 RK,314.62,351.97,4,12,6,1,Fully Furnished,1,2,1,1,2,Granite,0,0,0,1,1,Covered,1,Corporation + Borewell,1292.92,Kalyani Nagar,411006,Standalone,1.94,4.58,0.59,1.79,22717.51,5112788.38,16250.43,Broker,6,1,2,1,1,0,0,0,0,1,0,0,0,0,0,0,0,0,0,0,0.026139974731038698,0.021468488047190343,0.19047619047619047,0.42105263157894735,0.30000000000000004,1.0,1.0,0.2,0.2,0.2,0.1111111111111111,0.0,0.0,0.0,1.0,1.0,1.0,0.056555800836197934,0.089285714286234,0.24166666666666664,0.36408977556109723,0.1407942238267148,0.4680000000000001,0.35460017271263855,0.045454545454545456,0.0,0.0,0.0,0.0,0.0,1.0,0.0,0.0,0.0,0.0,0.0,0.0,0.0,0.0,0.0,0.0
2 BHK,664.34,808.83,3,13,10,1,Unfurnished,1,2,2,1,2,Vitrified,1,1,0,0,0,Covered,0,Borewell,800.0,Nigdi,411044,Standalone,3.65,10.92,2.17,1.95,11734.08,7160072.29,10777.69,Not Specified,9,3,0,2,2,0,0,0,0,0,0,0,0,0,1,0,0,0,0,0,0.19350855698916497,0.19876591120769954,0.14285714285714285,0.4736842105263157,0.5,1.0,1.0,0.2,0.4,0.2,0.1111111111111111,1.0,1.0,0.0,0.0,0.0,0.0,0.0,0.7678571428577925,0.47916666666666663,0.8911055694098087,0.7111913357400722,0.532,0.18557095857985248,0.07272727272727272,1.0,0.0,0.0,0.0,0.0,0.0,0.0,0.0,0.0,0.0,1.0,0.0,0.0,0.0,0.0,0.0
1 BHK,432.4,536.18,10,11,15,1,Semi-Furnished,1,1,1,0,1,Vitrified,0,0,1,0,0,Covered,0,Tanker,2158.82,Magarpatta,411013,Standalone,4.66,2.45,2.04,2.05,10530.63,2800000.0,6475.5,Broker,30,3,1,1,1,0,0,0,0,0,0,0,0,1,0,0,0,0,0,0,0.08250698725066043,0.09295638000620926,0.47619047619047616,0.368421052631579,0.75,1.0,1.0,0.0,0.2,0.0,0.0,0.0,0.0,1.0,0.0,0.0,0.0,0.15590593461868552,0.214285714286234,0.6194444444444445,0.18703241895261843,0.6642599277978339,0.572,0.05269495958301884,0.2636363636363636,1.0,0.0,0.0,0.0,0.0,0.0,0.0,0.0,0.0,1.0,0.0,0.0,0.0,0.0,0.0,0.0
2 BHK,587.2,739.06,10,15,6,1,Semi-Furnished,1,2,2,1,3,Granite,1,0,1,0,1,Bike,1,Corporation + Borewell,2123.96,Aundh,411007,Society,3.41,5.6,1.34,1.3,22457.95,5068569.55,8631.82,Builder,17,2,1,2,2,1,0,0,0,0,0,0,0,0,0,0,0,0,0,0,0.15659098740380567,0.17168969264203665,0.47619047619047616,0.5789473684210527,0.30000000000000004,1.0,1.0,0.2,0.4,0.2,0.2222222222222222,1.0,0.0,1.0,0.0,1.0,1.0,0.15190622834352957,0.107142857143117,0.44583333333333336,0.4488778054862842,0.41155234657039713,0.272,0.11929433668092762,0.14545454545454545,0.5,1.0,0.0,0.0,0.0,0.0,0.0,0.0,0.0,0.0,0.0,0.0,0.0,0.0,0.0,0.0
5 BHK,1946.82,2310.09,10,17,3,1,Semi-Furnished,1,5,5,4,10,Granite,1,1,0,0,0,Covered,0,Municipal,5950.97,Nigdi,411044,Society,3.87,11.07,2.0,2.42,67049.28,16642586.38,8548.59,Broker,2,3,1,5,5,0,0,0,0,0,0,0,0,0,1,0,0,0,0,0,0.8072763122631036,0.7813722446445206,0.47619047619047616,0.6842105263157894,0.15000000000000002,1.0,1.0,0.8,1.0,0.8,1.0,1.0,1.0,0.0,0.0,0.0,0.0,0.5910030703425107,0.7678571428577925,0.5097222222222223,0.9035743973399832,0.6498194945848376,0.72,0.11672372278509632,0.00909090909090909,1.0,0.0,0.0,0.0,0.0,0.0,0.0,0.0,0.0,0.0,1.0,0.0,0.0,0.0,0.0,0.0
3 BHK,979.87,1165.09,10,13,5,1,Semi-Furnished,1,4,2,1,5,Vitrified,0,0,1,0,0,Bike,0,Corporation + Borewell,1668.45,Kharadi,411014,Standalone,4.54,0.86,2.31,2.43,30538.28,8651822.35,8829.57,Broker,19,2,1,3,3,0,0,0,0,0,1,0,0,0,0,0,0,0,0,0,0.3445145296527432,0.33702266376901585,0.47619047619047616,0.4736842105263157,0.25,1.0,1.0,0.6000000000000001,0.4,0.2,0.4444444444444445,0.0,0.0,1.0,0.0,0.0,0.0,0.09964271126388882,0.232142857143117,0.6027777777777777,0.05486284289276806,0.7617328519855596,0.7240000000000001,0.1254019769296437,0.16363636363636364,0.5,0.0,0.0,0.0,0.0,0.0,1.0,0.0,0.0,0.0,0.0,0.0,0.0,0.0,0.0,0.0
2 BHK,719.66,816.23,12,15,9,1,Semi-Furnished,1,2,1,1,4,Marble,1,1,0,1,1,Covered,1,Municipal,1231.11,Kothrud,411038,Society,1.55,7.8,1.19,1.55,28084.14,7052927.77,9800.34,Owner,37,2,1,2,2,0,0,0,0,0,0,0,1,0,0,0,0,0,0,0,0.21998353688885486,0.201637690158336,0.5714285714285714,0.5789473684210527,0.45,1.0,1.0,0.2,0.2,0.2,0.3333333333333333,1.0,1.0,0.0,1.0,1.0,1.0,0.049463952159566005,0.6607142857146755,0.1875,0.6317539484621778,0.3574007220216606,0.3720000000000001,0.15538485391698184,0.32727272727272727,0.5,0.0,0.0,0.0,0.0,0.0,0.0,0.0,1.0,0.0,0.0,0.0,0.0,0.0,0.0,0.0
1 RK,400.56,503.24,5,14,10,1,Unfurnished,0,1,1,0,2,Marble,1,1,0,0,1,Covered,1,Corporation + Borewell,952.62,Shivajinagar,411005,Society,1.19,7.83,1.62,1.65,17821.84,3647700.9,9106.56,Owner,26,2,0,1,1,0,0,0,0,0,0,0,0,0,0,0,0,1,0,0,0.06726903786515563,0.08017308289351135,0.23809523809523808,0.5263157894736842,0.5,1.0,0.0,0.0,0.2,0.0,0.1111111111111111,1.0,1.0,0.0,0.0,1.0,1.0,0.017511049102532913,0.071428571429351,0.13749999999999998,0.6342477140482127,0.5126353790613719,0.41200000000000003,0.13395699727094265,0.22727272727272727,0.5,0.0,0.0,0.0,0.0,0.0,0.0,0.0,0.0,0.0,0.0,0.0,0.0,1.0,0.0,0.0
3 BHK,979.13,1213.74,1,14,16,1,Unfurnished,1,3,3,2,6,Vitrified,1,1,1,1,0,Covered,0,Tanker,2081.32,Wakad,411057,Society,5.06,4.11,2.46,1.94,18390.24,6118187.44,6248.58,Broker,21,3,0,3,3,0,0,0,0,0,0,0,0,0,0,0,0,0,0,1,0.3441603813315977,0.3559026699782677,0.047619047619047616,0.5263157894736842,0.8,1.0,1.0,0.4000000000000001,0.6000000000000001,0.4,0.5555555555555556,1.0,1.0,1.0,1.0,0.0,0.0,0.1470138739094318,1.0,0.6749999999999999,0.3250207813798836,0.8158844765342961,0.528,0.0456863844869953,0.1818181818181818,1.0,0.0,0.0,0.0,0.0,0.0,0.0,0.0,0.0,0.0,0.0,0.0,0.0,0.0,0.0,1.0
2 BHK,739.04,842.54,7,17,13,1,Semi-Furnished,1,3,1,0,3,Not Specified,1,1,0,1,0,Stilt,1,Borewell,2233.65,Pune Camp,411001,Society,2.17,7.38,1.45,1.99,23285.75,5019742.0,6792.29,Broker,33,3,1,2,2,0,0,0,0,0,0,0,0,0,0,0,1,0,0,0,0.22925839427236877,0.21184802856255824,0.3333333333333333,0.6842105263157894,0.65,1.0,1.0,0.4000000000000001,0.2,0.0,0.2222222222222222,1.0,1.0,0.0,1.0,0.0,1.0,0.16449164949447204,0.0,0.2736111111111111,0.596841230257689,0.45126353790613716,0.548,0.06247922939030465,0.2909090909090909,1.0,0.0,0.0,0.0,0.0,0.0,0.0,0.0,0.0,0.0,0.0,0.0,1.0,0.0,0.0,0.0
3 BHK,1276.73,1600.82,2,17,14,1,Unfurnished,0,4,3,2,5,Wooden,0,0,0,0,0,Covered,0,Municipal,4637.62,Hadapsar,411028,Society,6.17,2.54,2.27,2.01,31681.0,6704464.67,5251.28,Owner,34,3,0,3,3,0,0,1,0,0,0,0,0,0,0,0,0,0,0,0,0.4865854358895823,0.5061199937907483,0.09523809523809523,0.6842105263157894,0.7000000000000001,1.0,0.0,0.6000000000000001,0.6000000000000001,0.4,0.4444444444444445,0.0,0.0,0.0,0.0,0.0,0.0,0.44031419379414477,0.482142857143117,0.8291666666666667,0.19451371571072318,0.7472924187725632,0.5559999999999999,0.014884110807882517,0.3,1.0,0.0,0.0,1.0,0.0,0.0,0.0,0.0,0.0,0.0,0.0,0.0,0.0,0.0,0.0,0.0
3 BHK,1181.27,1458.38,3,11,15,1,Unfurnished,1,3,3,2,4,Granite,0,1,1,0,0,Open,0,Tanker,3251.44,Magarpatta,411013,Standalone,4.84,0.66,2.17,1.66,27127.96,7802255.74,6604.96,Owner,13,3,0,3,3,0,0,0,0,0,0,0,0,1,0,0,0,0,0,0,0.4409003024618094,0.4508421297733624,0.14285714285714285,0.368421052631579,0.75,1.0,1.0,0.4000000000000001,0.6000000000000001,0.4,0.3333333333333333,0.0,1.0,1.0,0.0,0.0,0.0,0.2812690749044247,0.214285714286234,0.6444444444444445,0.03823773898586866,0.7111913357400722,0.41600000000000004,0.05669341777062331,0.10909090909090909,1.0,0.0,0.0,0.0,0.0,0.0,0.0,0.0,0.0,1.0,0.0,0.0,0.0,0.0,0.0,0.0
1 BHK,424.31,528.0,3,6,11,1,Semi-Furnished,1,1,0,0,2,Vitrified,1,1,0,0,1,Open,0,Municipal,2457.49,Aundh,411007,Society,3.14,4.08,1.19,2.19,15436.08,6021542.19,14191.26,Broker,69,2,1,1,1,1,0,0,0,0,0,0,0,0,0,0,0,0,0,0,0.0786352846586776,0.08978190003104627,0.14285714285714285,0.10526315789473684,0.55,1.0,1.0,0.0,0.0,0.0,0.1111111111111111,1.0,1.0,0.0,0.0,1.0,0.0,0.190174215548141,0.107142857143117,0.4083333333333334,0.3225270157938487,0.3574007220216606,0.628,0.2910013379670068,0.6181818181818182,0.5,1.0,0.0,0.0,0.0,0.0,0.0,0.0,0.0,0.0,0.0,0.0,0.0,0.0,0.0,0.0
4 BHK,1318.61,1463.42,2,13,8,1,Unfurnished,0,5,5,3,5,Marble,0,1,0,0,0,Stilt,1,Municipal,4980.85,Nigdi,411044,Standalone,3.21,10.77,1.58,2.61,34754.41,12565909.87,9529.68,Builder,8,3,0,4,4,0,0,0,0,0,0,0,0,0,1,0,0,0,0,0,0.5066283165511697,0.45279804408568775,0.09523809523809523,0.4736842105263157,0.4,1.0,0.0,0.8,1.0,0.6000000000000001,0.4444444444444445,0.0,1.0,0.0,0.0,0.0,1.0,0.47969512279075327,0.7678571428577925,0.41805555555555557,0.8786367414796341,0.49819494584837554,0.796,0.14702533983497176,0.06363636363636363,1.0,0.0,0.0,0.0,0.0,0.0,0.0,0.0,0.0,0.0,1.0,0.0,0.0,0.0,0.0,0.0
1 BHK,428.79,531.56,0,8,10,1,Semi-Furnished,1,1,1,1,2,Ceramic,1,1,1,1,1,Covered,1,Corporation + Borewell,1804.35,Kalyani Nagar,411006,Society,1.85,5.87,1.34,0.95,23939.73,11430880.62,26658.34,Broker,43,1,1,1,1,0,0,0,0,1,0,0,0,0,0,0,0,0,0,0,0.08077931773804513,0.09116345855324434,0.0,0.21052631578947367,0.5,1.0,1.0,0.0,0.2,0.2,0.1111111111111111,1.0,1.0,1.0,1.0,1.0,1.0,0.11523536997856726,0.089285714286234,0.22916666666666669,0.47132169576059846,0.41155234657039713,0.132,0.6760553940578452,0.3818181818181818,0.0,0.0,0.0,0.0,0.0,1.0,0.0,0.0,0.0,0.0,0.0,0.0,0.0,0.0,0.0,0.0
1 BHK,444.25,540.85,4,16,10,1,Unfurnished,0,1,0,0,1,Marble,0,0,1,1,1,Open,1,Borewell,1781.74,Kharadi,411014,Society,3.53,1.72,2.23,2.25,16649.48,3934813.16,8857.16,Builder,42,2,0,1,1,0,0,0,0,0,1,0,0,0,0,0,0,0,0,0,0.08817814617711246,0.09476870537100282,0.19047619047619047,0.631578947368421,0.5,1.0,0.0,0.0,0.0,0.0,0.0,0.0,0.0,1.0,1.0,1.0,1.0,0.1126411829768095,0.232142857143117,0.46249999999999997,0.12635078969243554,0.7328519855595668,0.652,0.1262541124262914,0.3727272727272727,0.5,0.0,0.0,0.0,0.0,0.0,1.0,0.0,0.0,0.0,0.0,0.0,0.0,0.0,0.0,0.0
2 BHK,560.96,629.35,3,15,12,1,Semi-Furnished,1,2,2,1,3,Vitrified,1,1,1,1,0,Covered,1,Corporation + Borewell,1694.98,Kothrud,411038,Society,1.3,8.25,1.43,1.48,20456.5,6958911.77,12405.46,Owner,28,2,1,2,2,0,0,0,0,0,0,0,1,0,0,0,0,0,0,0,0.14403307936751025,0.12911362930766845,0.14285714285714285,0.5789473684210527,0.6000000000000001,1.0,1.0,0.2,0.4,0.2,0.2222222222222222,1.0,1.0,1.0,1.0,0.0,1.0,0.10268666443313401,0.6607142857146755,0.1527777777777778,0.6691604322527015,0.44404332129963897,0.344,0.23584571745546598,0.24545454545454543,0.5,0.0,0.0,0.0,0.0,0.0,0.0,0.0,1.0,0.0,0.0,0.0,0.0,0.0,0.0,0.0
4 BHK,1663.32,1961.1,6,15,6,1,Unfurnished,0,4,4,3,7,Wooden,0,0,0,0,0,Open,0,Tanker,4783.33,Magarpatta,411013,Standalone,4.55,1.69,2.32,1.75,46172.81,12772847.27,7679.12,Builder,73,3,0,4,4,0,0,0,0,0,0,0,0,1,0,0,0,0,0,0,0.6715992189593782,0.645936820863086,0.2857142857142857,0.5789473684210527,0.30000000000000004,1.0,0.0,0.6000000000000001,0.8,0.6000000000000001,0.6666666666666665,0.0,0.0,0.0,0.0,0.0,0.0,0.45703241529021393,0.214285714286234,0.6041666666666666,0.12385702410640065,0.7653429602888087,0.45200000000000007,0.08986956365967952,0.6545454545454545,1.0,0.0,0.0,0.0,0.0,0.0,0.0,0.0,0.0,1.0,0.0,0.0,0.0,0.0,0.0,0.0
4 BHK,1835.64,2037.82,1,15,5,1,Semi-Furnished,1,4,4,3,6,Granite,0,0,0,0,0,Covered,1,Municipal,5838.39,Hinjewadi,411057,Standalone,5.9,0.2,2.13,2.79,59795.57,11569174.46,6302.54,Broker,79,3,1,4,4,0,0,0,1,0,0,0,0,0,0,0,0,0,0,0,0.7540679199050501,0.6757101831729277,0.047619047619047616,0.5789473684210527,0.25,1.0,1.0,0.6000000000000001,0.8,0.6000000000000001,0.5555555555555556,0.0,0.0,0.0,0.0,0.0,1.0,0.5780860613793135,1.0,0.7916666666666667,0.0,0.6967509025270758,0.8680000000000001,0.04735297496902169,0.7090909090909091,1.0,0.0,0.0,0.0,1.0,0.0,0.0,0.0,0.0,0.0,0.0,0.0,0.0,0.0,0.0,0.0
3 BHK,885.14,1125.48,3,9,9,1,Semi-Furnished,1,4,4,2,4,Wooden,1,1,0,1,1,Covered,1,Municipal,2724.54,Kharadi,411014,Society,4.19,1.67,2.17,1.82,40151.26,13442903.28,15187.29,Broker,44,2,1,3,3,0,0,0,0,0,1,0,0,0,0,0,0,0,0,0,0.29917875875799227,0.32165088481837945,0.14285714285714285,0.2631578947368421,0.45,1.0,1.0,0.6000000000000001,0.8,0.4,0.3333333333333333,1.0,1.0,0.0,1.0,1.0,1.0,0.22081453570822107,0.232142857143117,0.5541666666666667,0.12219451371571069,0.7111913357400722,0.4800000000000001,0.3217643868516018,0.3909090909090909,0.5,0.0,0.0,0.0,0.0,0.0,1.0,0.0,0.0,0.0,0.0,0.0,0.0,0.0,0.0,0.0
2 BHK,525.15,609.9,12,12,8,1,Semi-Furnished,1,2,1,1,3,Granite,1,0,0,1,1,Covered,0,Municipal,1838.31,Aundh,411007,Society,3.81,4.58,1.71,1.9,28027.16,9862659.62,18780.73,Broker,73,2,1,2,2,1,0,0,0,0,0,0,0,0,0,0,0,0,0,0,0.1268951720969409,0.12156550760633344,0.5714285714285714,0.42105263157894735,0.4,1.0,1.0,0.2,0.2,0.2,0.2222222222222222,1.0,0.0,0.0,1.0,1.0,0.0,0.11913181361322864,0.107142857143117,0.5013888888888889,0.36408977556109723,0.5451263537906137,0.512,0.43275017079772726,0.6545454545454545,0.5,1.0,0.0,0.0,0.0,0.0,0.0,0.0,0.0,0.0,0.0,0.0,0.0,0.0,0.0,0.0
2 BHK,884.31,990.5,7,11,16,1,Unfurnished,1,2,2,1,2,Vitrified,1,1,0,1,1,Covered,0,Municipal,2438.76,Hinjewadi,411057,Society,5.69,1.12,2.57,2.39,22268.74,5376204.75,6079.55,Owner,10,3,0,2,2,0,0,0,1,0,0,0,0,0,0,0,0,0,0,0,0.29878153834373444,0.26926808444582434,0.3333333333333333,0.368421052631579,0.8,1.0,1.0,0.2,0.4,0.2,0.1111111111111111,1.0,1.0,0.0,1.0,1.0,0.0,0.18802520526318206,1.0,0.7625000000000001,0.07647547797173732,0.855595667870036,0.7080000000000001,0.04046578053634811,0.08181818181818182,1.0,0.0,0.0,0.0,1.0,0.0,0.0,0.0,0.0,0.0,0.0,0.0,0.0,0.0,0.0,0.0
4 BHK,1193.34,1513.6,13,17,9,1,Fully Furnished,1,4,2,2,8,Granite,1,1,0,0,0,Covered,1,Tanker,2957.12,Hadapsar,411028,Society,5.88,2.74,2.43,2.52,46239.18,9403576.44,7880.07,Broker,13,3,2,4,4,0,0,1,0,0,0,0,0,0,0,0,0,0,0,0,0.4466767487269803,0.4722718099968954,0.6190476190476191,0.6842105263157894,0.45,1.0,1.0,0.6000000000000001,0.4,0.4,0.7777777777777777,1.0,1.0,0.0,0.0,0.0,1.0,0.2474998967373595,0.482142857143117,0.7888888888888889,0.2111388196176226,0.8050541516245489,0.76,0.09607603803631415,0.10909090909090909,1.0,0.0,0.0,1.0,0.0,0.0,0.0,0.0,0.0,0.0,0.0,0.0,0.0,0.0,0.0,0.0
2 BHK,769.25,840.38,9,12,8,1,Semi-Furnished,1,3,2,1,3,Wooden,1,1,0,0,0,Stilt,1,Tanker,3127.8,Shivajinagar,411005,Society,0.71,7.76,0.71,1.29,28195.91,8941740.61,11623.92,Builder,14,2,1,2,2,0,0,0,0,0,0,0,0,0,0,0,0,1,0,0,0.24371626019372872,0.2110097795715617,0.42857142857142855,0.42105263157894735,0.4,1.0,1.0,0.4000000000000001,0.4,0.2,0.2222222222222222,1.0,1.0,0.0,0.0,0.0,1.0,0.2670830828258166,0.071428571429351,0.07083333333333333,0.6284289276807979,0.18411552346570392,0.268,0.21170733485126084,0.11818181818181817,0.5,0.0,0.0,0.0,0.0,0.0,0.0,0.0,0.0,0.0,0.0,0.0,0.0,1.0,0.0,0.0
1 RK,460.95,568.11,11,12,15,1,Unfurnished,1,2,0,0,2,Vitrified,1,1,0,0,0,Covered,1,Borewell,1470.98,Hadapsar,411028,Society,4.35,1.67,2.22,1.83,14477.04,3218840.21,6983.06,Broker,5,3,0,1,1,0,0,1,0,0,0,0,0,0,0,0,0,0,0,0,0.09617041234350472,0.10534771809996898,0.5238095238095237,0.42105263157894735,0.75,1.0,1.0,0.2,0.0,0.0,0.1111111111111111,1.0,1.0,0.0,0.0,0.0,1.0,0.07698574057671037,0.482142857143117,0.5763888888888888,0.12219451371571069,0.7292418772563178,0.4840000000000001,0.06837128769749842,0.03636363636363636,1.0,0.0,0.0,1.0,0.0,0.0,0.0,0.0,0.0,0.0,0.0,0.0,0.0,0.0,0.0,0.0
2 BHK,733.29,865.52,18,22,7,1,Unfurnished,0,3,2,1,2,Ceramic,1,1,0,0,0,Bike,1,Municipal,1977.91,Hadapsar,411028,Society,5.15,2.3,2.18,2.25,17595.46,6846844.6,9337.21,Broker,41,3,0,2,2,0,0,1,0,0,0,0,0,0,0,0,0,0,0,0,0.22650656610130554,0.22076606643899416,0.8571428571428571,0.9473684210526316,0.35000000000000003,1.0,0.0,0.4000000000000001,0.4,0.2,0.1111111111111111,1.0,1.0,0.0,0.0,0.0,1.0,0.13514899651660695,0.482142857143117,0.6875000000000001,0.17456359102244384,0.7148014440433214,0.652,0.14108077589732124,0.3636363636363636,1.0,0.0,0.0,1.0,0.0,0.0,0.0,0.0,0.0,0.0,0.0,0.0,0.0,0.0,0.0,0.0
4 BHK,1251.58,1420.75,10,13,3,1,Unfurnished,0,5,4,2,6,Wooden,1,0,1,1,0,Not Specified,1,Municipal,5373.63,Aundh,411007,Society,3.24,4.47,1.0,1.51,49602.63,10685591.08,8537.68,Broker,11,2,0,4,4,1,0,0,0,0,0,0,0,0,0,0,0,0,0,0,0.47454917875875796,0.43623874573113947,0.47619047619047616,0.4736842105263157,0.15000000000000002,1.0,0.0,0.8,0.8,0.4,0.5555555555555556,1.0,0.0,1.0,1.0,0.0,1.0,0.5247612338279233,0.107142857143117,0.4222222222222223,0.3549459684123025,0.2888086642599278,0.3560000000000001,0.11638676018022406,0.0909090909090909,0.5,1.0,0.0,0.0,0.0,0.0,0.0,0.0,0.0,0.0,0.0,0.0,0.0,0.0,0.0,0.0
1 BHK,384.72,445.22,3,4,6,1,Semi-Furnished,1,1,0,1,2,Vitrified,0,1,0,1,0,Covered,1,Corporation + Borewell,2185.64,Kalyani Nagar,411006,Standalone,2.52,5.43,1.42,1.75,25933.3,9581014.42,24903.77,Owner,22,1,1,1,1,0,0,0,0,1,0,0,0,0,0,0,0,0,0,0,0.05968834947739195,0.05765678360757531,0.14285714285714285,0.0,0.30000000000000004,1.0,1.0,0.0,0.0,0.2,0.1111111111111111,0.0,1.0,0.0,1.0,0.0,1.0,0.15898316130542334,0.089285714286234,0.32222222222222224,0.4347464671654197,0.4404332129963898,0.45200000000000007,0.6218643328634594,0.1909090909090909,0.0,0.0,0.0,0.0,0.0,1.0,0.0,0.0,0.0,0.0,0.0,0.0,0.0,0.0,0.0,0.0
4 BHK,1698.28,2000.01,4,13,12,1,Unfurnished,0,4,4,3,6,Wooden,1,1,0,0,0,Covered,0,Corporation + Borewell,4051.03,Hinjewadi,411057,Society,6.9,1.37,2.08,3.12,32306.91,18230623.9,10734.73,Builder,28,3,0,4,4,0,0,0,1,0,0,0,0,0,0,0,0,0,0,0,0.6883303342394426,0.6610369450481217,0.19047619047619047,0.4736842105263157,0.6000000000000001,1.0,0.0,0.6000000000000001,0.8,0.6000000000000001,0.5555555555555556,1.0,1.0,0.0,0.0,0.0,0.0,0.3730110468078076,1.0,0.9305555555555556,0.09725685785536159,0.6787003610108304,1.0000000000000002,0.18424411041254604,0.24545454545454543,1.0,0.0,0.0,0.0,1.0,0.0,0.0,0.0,0.0,0.0,0.0,0.0,0.0,0.0,0.0,0.0
4 BHK,1551.93,1845.05,3,13,7,1,Unfurnished,0,4,3,3,8,Vitrified,1,1,0,0,0,Not Specified,0,Corporation + Borewell,4216.14,Wakad,411057,Society,5.13,2.95,1.89,2.01,31346.07,8657423.91,5578.48,Broker,23,3,0,4,4,0,0,0,0,0,0,0,0,0,0,0,0,0,0,1,0.6182903250507295,0.6009003415088483,0.14285714285714285,0.4736842105263157,0.35000000000000003,1.0,0.0,0.6000000000000001,0.6000000000000001,0.6000000000000001,0.7777777777777777,1.0,1.0,0.0,0.0,0.0,0.0,0.3919551518878706,1.0,0.6847222222222222,0.22859517871986698,0.6101083032490975,0.5559999999999999,0.024989900387553332,0.19999999999999998,1.0,0.0,0.0,0.0,0.0,0.0,0.0,0.0,0.0,0.0,0.0,0.0,0.0,0.0,0.0,1.0
2 BHK,462.45,539.8,1,14,7,1,Semi-Furnished,1,3,2,1,4,Vitrified,1,1,0,1,0,Covered,0,Tanker,1986.69,Aundh,411007,Society,4.84,5.03,1.18,1.47,20905.86,4858958.43,10507.07,Owner,3,2,1,2,2,1,0,0,0,0,0,0,0,0,0,0,0,0,0,0,0.09688828056204295,0.09436122322260168,0.047619047619047616,0.5263157894736842,0.35000000000000003,1.0,1.0,0.4000000000000001,0.4,0.2,0.3333333333333333,1.0,1.0,0.0,1.0,0.0,0.0,0.13615638094276497,0.107142857143117,0.6444444444444445,0.4014962593516209,0.35379061371841153,0.33999999999999997,0.1772126799244413,0.01818181818181818,0.5,1.0,0.0,0.0,0.0,0.0,0.0,0.0,0.0,0.0,0.0,0.0,0.0,0.0,0.0,0.0
2 BHK,825.75,968.32,7,9,7,1,Fully Furnished,1,2,1,1,3,Wooden,1,1,1,0,1,Covered,0,Corporation + Borewell,3327.64,Aundh,411007,Society,2.54,4.2,1.24,1.52,45106.19,7998898.66,9686.79,Broker,5,2,2,2,2,1,0,0,0,0,0,0,0,0,0,0,0,0,0,0,0.270755963092002,0.26066050915864647,0.3333333333333333,0.2631578947368421,0.35000000000000003,1.0,1.0,0.2,0.2,0.2,0.2222222222222222,1.0,1.0,1.0,0.0,1.0,0.0,0.2900119784662974,0.107142857143117,0.325,0.3325020781379883,0.37545126353790614,0.3600000000000001,0.15187778665912235,0.03636363636363636,0.5,1.0,0.0,0.0,0.0,0.0,0.0,0.0,0.0,0.0,0.0,0.0,0.0,0.0,0.0,0.0
3 BHK,607.66,677.08,10,13,6,1,Semi-Furnished,0,3,2,1,5,Granite,1,0,0,0,0,Covered,0,Municipal,2629.86,Kharadi,411014,Standalone,3.96,3.41,2.24,2.09,18459.45,4752535.43,7821.02,Broker,44,2,1,3,3,0,0,0,0,0,1,0,0,0,0,0,0,0,0,0,0.16638270990466708,0.14763660353927355,0.47619047619047616,0.4736842105263157,0.30000000000000004,1.0,0.0,0.4000000000000001,0.4,0.2,0.4444444444444445,1.0,0.0,0.0,0.0,0.0,0.0,0.2099513059281935,0.232142857143117,0.5222222222222223,0.26683291770573564,0.736462093862816,0.588,0.09425223951956735,0.3909090909090909,0.5,0.0,0.0,0.0,0.0,0.0,1.0,0.0,0.0,0.0,0.0,0.0,0.0,0.0,0.0,0.0
3 BHK,888.39,1120.74,4,8,14,1,Unfurnished,0,3,3,1,4,Wooden,0,1,1,1,0,Covered,1,Municipal,3791.05,Kothrud,411038,Society,2.5,7.93,1.26,1.72,38357.7,10972675.84,12351.16,Owner,14,2,0,3,3,0,0,0,0,0,0,0,1,0,0,0,0,0,0,0,0.30073413989815845,0.31981139397702585,0.19047619047619047,0.21052631578947367,0.7000000000000001,1.0,0.0,0.4000000000000001,0.6000000000000001,0.2,0.3333333333333333,0.0,1.0,1.0,1.0,0.0,1.0,0.3431819120569459,0.6607142857146755,0.3194444444444444,0.6425602660016624,0.38267148014440433,0.44000000000000006,0.23416862584734824,0.11818181818181817,0.5,0.0,0.0,0.0,0.0,0.0,0.0,0.0,1.0,0.0,0.0,0.0,0.0,0.0,0.0,0.0
1 BHK,420.63,497.65,5,17,5,1,Fully Furnished,1,2,2,0,2,Not Specified,1,1,0,0,0,Stilt,1,Municipal,1501.02,Kothrud,411038,Society,1.78,6.54,1.31,1.64,19242.72,4937636.2,11738.68,Owner,14,2,2,1,1,0,0,0,0,0,0,0,1,0,0,0,0,0,0,0,0.07687411462919715,0.0780037255510711,0.23809523809523808,0.6842105263157894,0.25,1.0,1.0,0.2,0.4,0.0,0.1111111111111111,1.0,1.0,0.0,0.0,0.0,1.0,0.08043241804388432,0.6607142857146755,0.21944444444444444,0.5270157938487114,0.40072202166064985,0.40800000000000003,0.21525177376373952,0.11818181818181817,0.5,0.0,0.0,0.0,0.0,0.0,0.0,0.0,1.0,0.0,0.0,0.0,0.0,0.0,0.0,0.0
1 RK,355.57,804.04,0,12,8,1,Semi-Furnished,1,2,2,0,2,Granite,1,1,0,1,0,Covered,1,Corporation + Borewell,946.49,Viman Nagar,411014,Society,2.01,5.11,1.31,1.36,18227.2,2917750.46,8205.95,Owner,13,2,1,1,1,0,0,0,0,0,0,0,0,0,0,0,0,0,1,0,0.04573777709713235,0.19690701645451725,0.0,0.42105263157894735,0.4,1.0,1.0,0.2,0.4,0.0,0.1111111111111111,1.0,1.0,0.0,1.0,0.0,1.0,0.01680771578449776,0.232142857143117,0.2513888888888889,0.4081463009143807,0.40072202166064985,0.29600000000000004,0.10614105853821856,0.10909090909090909,0.5,0.0,0.0,0.0,0.0,0.0,0.0,0.0,0.0,0.0,0.0,0.0,0.0,0.0,1.0,0.0
4 BHK,1311.98,1480.26,4,15,16,1,Unfurnished,0,4,3,2,8,Ceramic,1,1,0,1,0,Bike,0,Municipal,4049.06,Wakad,411057,Standalone,4.58,3.06,1.61,2.38,28552.21,8347409.93,6362.43,Broker,15,3,0,4,4,0,0,0,0,0,0,0,0,0,0,0,0,0,0,1,0.5034553390252308,0.4593332815895685,0.19047619047619047,0.5789473684210527,0.8,1.0,0.0,0.6000000000000001,0.6000000000000001,0.4,0.7777777777777777,1.0,1.0,0.0,1.0,0.0,0.0,0.3727850163613917,1.0,0.6083333333333334,0.23773898586866166,0.5090252707581228,0.704,0.04920271744434715,0.12727272727272726,1.0,0.0,0.0,0.0,0.0,0.0,0.0,0.0,0.0,0.0,0.0,0.0,0.0,0.0,0.0,1.0
1 BHK,416.98,471.7,1,12,9,1,Fully Furnished,1,1,0,0,2,Vitrified,1,1,1,0,0,Covered,1,Corporation + Borewell,800.0,Viman Nagar,411014,Society,2.81,6.34,1.67,1.49,15633.66,3782822.28,9071.95,Owner,35,2,2,1,1,0,0,0,0,0,0,0,0,0,0,0,0,0,1,0,0.07512730196408747,0.06793309531201491,0.047619047619047616,0.42105263157894735,0.45,1.0,1.0,0.0,0.0,0.0,0.1111111111111111,1.0,1.0,1.0,0.0,0.0,1.0,0.0,0.232142857143117,0.3625,0.510390689941812,0.5306859205776173,0.348,0.13288804440617372,0.3090909090909091,0.5,0.0,0.0,0.0,0.0,0.0,0.0,0.0,0.0,0.0,0.0,0.0,0.0,0.0,1.0,0.0
3 BHK,942.58,1196.15,7,11,7,1,Semi-Furnished,1,3,2,1,5,Granite,1,1,0,0,1,Covered,1,Borewell,3343.26,Kothrud,411038,Society,1.59,7.71,1.07,2.1,33030.89,8842794.39,9381.44,Broker,14,2,1,3,3,0,0,0,0,0,0,0,1,0,0,0,0,0,0,0,0.32666832573988286,0.34907637379695755,0.3333333333333333,0.368421052631579,0.35000000000000003,1.0,1.0,0.4000000000000001,0.4,0.2,0.4444444444444445,1.0,1.0,0.0,0.0,1.0,1.0,0.2918041589602141,0.6607142857146755,0.19305555555555556,0.6242726517040731,0.3140794223826715,0.5920000000000001,0.14244684885914535,0.11818181818181817,0.5,0.0,0.0,0.0,0.0,0.0,0.0,0.0,1.0,0.0,0.0,0.0,0.0,0.0,0.0,0.0
2 BHK,681.57,828.77,6,13,14,1,Semi-Furnished,0,3,1,1,2,Ceramic,1,1,1,0,0,Not Specified,0,Tanker,3467.66,Hadapsar,411028,Society,5.62,3.08,2.06,2.11,19646.26,4912642.72,7207.88,Broker,16,3,1,2,2,0,0,1,0,0,0,0,0,0,0,0,0,0,0,0,0.20175446992610746,0.206504191244955,0.2857142857142857,0.4736842105263157,0.7000000000000001,1.0,0.0,0.4000000000000001,0.2,0.2,0.1111111111111111,1.0,1.0,1.0,0.0,0.0,0.0,0.30607735060190644,0.482142857143117,0.7527777777777778,0.2394014962593516,0.6714801444043321,0.596,0.0753150028970754,0.13636363636363635,1.0,0.0,0.0,1.0,0.0,0.0,0.0,0.0,0.0,0.0,0.0,0.0,0.0,0.0,0.0,0.0
1 RK,395.09,427.49,3,15,11,1,Semi-Furnished,0,2,0,0,2,Not Specified,1,1,1,0,0,Covered,0,Municipal,2301.32,Kharadi,411014,Society,4.24,1.6,2.35,1.69,12438.86,3440026.36,8707.04,Broker,14,2,1,1,1,0,0,0,0,0,1,0,0,0,0,0,0,0,0,0,0.06465121176155288,0.05077615647314501,0.14285714285714285,0.5789473684210527,0.55,1.0,0.0,0.2,0.0,0.0,0.1111111111111111,1.0,1.0,1.0,0.0,0.0,0.0,0.17225585269699073,0.232142857143117,0.5611111111111111,0.1163757273482959,0.776173285198556,0.42800000000000005,0.12161755640031288,0.11818181818181817,0.5,0.0,0.0,0.0,0.0,0.0,1.0,0.0,0.0,0.0,0.0,0.0,0.0,0.0,0.0,0.0
2 BHK,837.13,1009.53,6,15,9,1,Semi-Furnished,1,2,1,1,4,Vitrified,1,1,0,0,0,Covered,0,Borewell,3446.62,Nigdi,411044,Society,3.91,10.82,1.5,2.47,18415.41,7274101.88,8689.34,Owner,23,3,1,2,2,0,0,0,0,0,0,0,0,0,1,0,0,0,0,0,0.27620218997664536,0.27665321328779885,0.2857142857142857,0.5789473684210527,0.45,1.0,1.0,0.2,0.2,0.2,0.3333333333333333,1.0,1.0,0.0,0.0,0.0,0.0,0.3036632995396781,0.7678571428577925,0.5152777777777778,0.882793017456359,0.4693140794223827,0.7400000000000001,0.12107088013026343,0.19999999999999998,1.0,0.0,0.0,0.0,0.0,0.0,0.0,0.0,0.0,0.0,1.0,0.0,0.0,0.0,0.0,0.0
2 BHK,730.2,813.79,6,6,16,1,Fully Furnished,1,3,2,2,2,Vitrified,1,1,1,1,1,Not Specified,1,Tanker,2311.94,Koregaon Park,411001,Society,2.12,4.11,1.5,1.47,39673.23,19441887.83,26625.49,Broker,32,1,2,2,2,0,0,0,0,0,0,1,0,0,0,0,0,0,0,0,0.22502775757111682,0.20069077926109907,0.2857142857142857,0.10526315789473684,0.8,1.0,1.0,0.4000000000000001,0.4,0.4,0.1111111111111111,1.0,1.0,1.0,1.0,1.0,1.0,0.17347435185482651,0.0,0.26666666666666666,0.3250207813798836,0.4693140794223827,0.33999999999999997,0.6750407999634315,0.2818181818181818,0.0,0.0,0.0,0.0,0.0,0.0,0.0,1.0,0.0,0.0,0.0,0.0,0.0,0.0,0.0,0.0
2 BHK,614.7,728.93,5,15,10,1,Semi-Furnished,1,2,1,1,2,Granite,0,0,1,0,0,Stilt,0,Municipal,1577.61,Hinjewadi,411057,Standalone,6.09,0.63,2.95,2.67,16154.14,7511534.94,12219.86,Broker,11,3,1,2,2,0,0,0,1,0,0,0,0,0,0,0,0,0,0,0,0.1697519047436732,0.16775846010555728,0.23809523809523808,0.5789473684210527,0.5,1.0,1.0,0.2,0.2,0.2,0.1111111111111111,0.0,0.0,1.0,0.0,0.0,0.0,0.08922006874997132,1.0,0.8180555555555555,0.03574397339983375,0.9927797833935018,0.8200000000000001,0.23011333803619063,0.0909090909090909,1.0,0.0,0.0,0.0,1.0,0.0,0.0,0.0,0.0,0.0,0.0,0.0,0.0,0.0,0.0,0.0
2 BHK,528.02,655.35,4,10,11,1,Fully Furnished,1,2,1,1,3,Not Specified,1,1,1,0,0,Open,1,Corporation + Borewell,1718.02,Viman Nagar,411014,Standalone,3.05,5.67,1.63,1.6,22604.97,7809368.77,14789.84,Owner,35,2,2,2,2,0,0,0,0,0,0,0,0,0,0,0,0,0,1,0,0.12826869328841073,0.13920366345855328,0.19047619047619047,0.3157894736842105,0.55,1.0,1.0,0.2,0.2,0.2,0.2222222222222222,1.0,1.0,1.0,0.0,0.0,1.0,0.10533018802979471,0.232142857143117,0.3958333333333333,0.45469659185369904,0.516245487364621,0.3920000000000001,0.30948887930746927,0.3090909090909091,0.5,0.0,0.0,0.0,0.0,0.0,0.0,0.0,0.0,0.0,0.0,0.0,0.0,0.0,1.0,0.0
1 BHK,347.16,415.28,4,13,14,1,Unfurnished,0,2,1,0,2,Vitrified,1,1,0,1,0,Not Specified,0,Tanker,800.0,Pimple Saudagar,411027,Society,4.03,4.13,2.03,1.84,7500.0,2800000.0,8065.5,Owner,3,3,0,1,1,0,0,0,0,0,0,0,0,0,0,1,0,0,0,0,0.0417129292851947,0.046037721204594845,0.19047619047619047,0.4736842105263157,0.7000000000000001,1.0,0.0,0.2,0.2,0.0,0.1111111111111111,1.0,1.0,0.0,1.0,0.0,0.0,0.0,0.464285714286234,0.5319444444444444,0.32668329177057354,0.6606498194945848,0.4880000000000001,0.10180316689254384,0.01818181818181818,1.0,0.0,0.0,0.0,0.0,0.0,0.0,0.0,0.0,0.0,0.0,1.0,0.0,0.0,0.0,0.0
2 BHK,611.89,700.71,10,15,4,1,Semi-Furnished,1,3,2,1,3,Wooden,1,1,1,1,0,Covered,0,Municipal,2949.86,Kothrud,411038,Society,1.54,6.87,0.69,1.44,26563.06,12058223.74,19706.58,Owner,52,2,1,2,2,0,0,0,0,0,0,0,1,0,0,0,0,0,0,0,0.1684070982809449,0.15680689226948158,0.47619047619047616,0.5789473684210527,0.2,1.0,1.0,0.4000000000000001,0.4,0.2,0.2222222222222222,1.0,1.0,1.0,1.0,0.0,0.0,0.24666691143737007,0.6607142857146755,0.18611111111111112,0.5544472152950956,0.17689530685920574,0.32799999999999996,0.461345663714409,0.4636363636363636,0.5,0.0,0.0,0.0,0.0,0.0,0.0,0.0,1.0,0.0,0.0,0.0,0.0,0.0,0.0,0.0
2 BHK,467.49,589.17,8,8,3,1,Semi-Furnished,1,3,1,2,3,Marble,0,0,1,1,0,Not Specified,1,Corporation + Borewell,3090.71,Kalyani Nagar,411006,Standalone,2.0,5.57,1.49,1.68,25955.94,7112671.61,15214.51,Owner,15,1,1,2,2,0,0,0,0,1,0,0,0,0,0,0,0,0,0,0,0.09930031777633143,0.11352064576218568,0.38095238095238093,0.21052631578947367,0.15000000000000002,1.0,1.0,0.4000000000000001,0.2,0.4,0.2222222222222222,0.0,0.0,1.0,1.0,0.0,1.0,0.2628275146747686,0.089285714286234,0.25,0.44638403990024933,0.46570397111913353,0.42400000000000004,0.3226050946522089,0.12727272727272726,0.0,0.0,0.0,0.0,0.0,1.0,0.0,0.0,0.0,0.0,0.0,0.0,0.0,0.0,0.0,0.0
1 BHK,378.43,418.59,6,8,0,1,Fully Furnished,0,2,1,1,2,Vitrified,1,1,0,0,1,Covered,1,Corporation + Borewell,1657.45,Koregaon Park,411001,Society,1.87,6.81,1.09,1.18,25999.37,12630858.98,33377.08,Broker,12,1,2,1,1,0,0,0,0,0,0,1,0,0,0,0,0,0,0,0,0.05667808874765497,0.047322260167649816,0.2857142857142857,0.21052631578947367,0.0,1.0,0.0,0.2,0.2,0.2,0.1111111111111111,1.0,1.0,0.0,0.0,1.0,1.0,0.0983806123245109,0.0,0.23194444444444445,0.5494596841230257,0.3212996389891697,0.22399999999999998,0.8835681467489133,0.09999999999999999,0.0,0.0,0.0,0.0,0.0,0.0,0.0,1.0,0.0,0.0,0.0,0.0,0.0,0.0,0.0,0.0
2 BHK,635.14,704.84,16,17,11,1,Semi-Furnished,0,2,1,1,2,Granite,1,1,1,0,0,Covered,1,Municipal,2226.62,Kothrud,411038,Society,1.53,7.45,1.12,1.32,27252.65,5304794.31,8352.16,Broker,21,2,1,2,2,0,0,0,0,0,0,0,1,0,0,0,0,0,0,0,0.17953405566828745,0.15840965538652596,0.7619047619047619,0.6842105263157894,0.55,1.0,0.0,0.2,0.2,0.2,0.1111111111111111,1.0,1.0,1.0,0.0,0.0,1.0,0.16368505353594226,0.6607142857146755,0.18472222222222223,0.6026600166251038,0.332129963898917,0.28,0.11065685161414665,0.1818181818181818,0.5,0.0,0.0,0.0,0.0,0.0,0.0,0.0,1.0,0.0,0.0,0.0,0.0,0.0,0.0,0.0
1 BHK,528.48,588.54,9,11,8,1,Semi-Furnished,1,2,1,0,2,Wooden,0,1,0,1,0,Open,1,Tanker,1369.11,Aundh,411007,Standalone,3.67,4.0,1.57,2.11,22427.52,4557287.69,8623.43,Broker,53,2,1,1,1,1,0,0,0,0,0,0,0,0,0,0,0,0,0,0,0.12848883954209578,0.11327615647314501,0.42857142857142855,0.368421052631579,0.4,1.0,1.0,0.2,0.2,0.0,0.1111111111111111,0.0,1.0,0.0,1.0,0.0,1.0,0.06529755703539841,0.107142857143117,0.4819444444444444,0.3158769742310889,0.4945848375451264,0.596,0.1190352059517912,0.4727272727272727,0.5,1.0,0.0,0.0,0.0,0.0,0.0,0.0,0.0,0.0,0.0,0.0,0.0,0.0,0.0,0.0
3 BHK,759.5,858.54,11,12,4,1,Semi-Furnished,1,3,4,2,4,Ceramic,1,1,0,0,0,Covered,0,Tanker,2662.7,Viman Nagar,411014,Standalone,1.88,5.61,1.72,1.64,35994.71,7966898.37,10489.68,Broker,16,2,1,3,3,0,0,0,0,0,0,0,0,0,0,0,0,0,1,0,0.23905011677323024,0.21805728034771815,0.5238095238095237,0.42105263157894735,0.2,1.0,1.0,0.4000000000000001,0.8,0.4,0.3333333333333333,1.0,1.0,0.0,0.0,0.0,0.0,0.2137192449435727,0.232142857143117,0.23333333333333334,0.44970906068162925,0.5487364620938628,0.40800000000000003,0.176675578210534,0.13636363636363635,0.5,0.0,0.0,0.0,0.0,0.0,0.0,0.0,0.0,0.0,0.0,0.0,0.0,0.0,1.0,0.0
1 BHK,414.04,487.95,4,17,11,1,Semi-Furnished,1,1,0,0,2,Ceramic,0,0,0,1,0,Covered,0,Municipal,828.77,Wakad,411057,Standalone,4.95,2.89,2.1,1.96,14278.4,3027707.88,7312.67,Broker,28,3,1,1,1,0,0,0,0,0,0,0,0,0,0,0,0,0,0,1,0.07372028025575254,0.07423936665631792,0.19047619047619047,0.6842105263157894,0.55,1.0,1.0,0.0,0.0,0.0,0.1111111111111111,0.0,0.0,0.0,1.0,0.0,0.0,0.003300962407809402,1.0,0.6597222222222222,0.22360764754779716,0.6859205776173286,0.536,0.07855151172975786,0.24545454545454543,1.0,0.0,0.0,0.0,0.0,0.0,0.0,0.0,0.0,0.0,0.0,0.0,0.0,0.0,0.0,1.0
2 BHK,665.06,760.89,10,11,3,1,Fully Furnished,1,2,2,1,4,Vitrified,1,1,0,1,1,Covered,1,Municipal,3102.57,Kothrud,411038,Standalone,1.94,8.42,1.74,1.42,36218.14,7975978.7,11992.89,Broker,31,2,2,2,2,0,0,0,0,0,0,0,1,0,0,0,0,0,0,0,0.19385313373406332,0.1801614405464142,0.47619047619047616,0.368421052631579,0.15000000000000002,1.0,1.0,0.2,0.4,0.2,0.3333333333333333,1.0,1.0,0.0,1.0,1.0,1.0,0.26418828680395245,0.6607142857146755,0.24166666666666664,0.6832917705735659,0.555956678700361,0.31999999999999995,0.22310321865691832,0.2727272727272727,0.5,0.0,0.0,0.0,0.0,0.0,0.0,0.0,1.0,0.0,0.0,0.0,0.0,0.0,0.0,0.0
2 BHK,686.39,824.64,4,18,13,1,Semi-Furnished,1,3,1,1,3,Ceramic,1,0,0,0,0,Covered,1,Corporation + Borewell,1883.32,Wakad,411057,Society,5.37,3.05,2.0,1.95,17149.7,4466424.47,6507.16,Owner,42,3,1,2,2,0,0,0,0,0,0,0,0,0,0,0,0,0,0,1,0.2040612198016769,0.20490142812791062,0.19047619047619047,0.7368421052631579,0.65,1.0,1.0,0.4000000000000001,0.2,0.2,0.2222222222222222,1.0,0.0,0.0,0.0,0.0,1.0,0.12429609300062874,1.0,0.7180555555555556,0.23690773067331666,0.6498194945848376,0.532,0.053672799736112886,0.3727272727272727,1.0,0.0,0.0,0.0,0.0,0.0,0.0,0.0,0.0,0.0,0.0,0.0,0.0,0.0,0.0,1.0
4 BHK,1384.37,1520.57,8,9,7,1,Semi-Furnished,1,4,2,4,8,Marble,1,1,0,0,0,Covered,0,Municipal,4445.42,Hadapsar,411028,Society,5.51,2.68,1.94,2.14,33057.78,11981349.82,8654.76,Owner,34,3,1,4,4,0,0,1,0,0,0,0,0,0,0,0,0,0,0,0,0.5380996592518856,0.4749767153058057,0.38095238095238093,0.2631578947368421,0.35000000000000003,1.0,1.0,0.6000000000000001,0.4,0.8,0.7777777777777777,1.0,1.0,0.0,0.0,0.0,0.0,0.4182618832351956,0.482142857143117,0.7375,0.20615128844555278,0.628158844765343,0.6080000000000001,0.12000285383544365,0.3,1.0,0.0,0.0,1.0,0.0,0.0,0.0,0.0,0.0,0.0,0.0,0.0,0.0,0.0,0.0,0.0
1 BHK,494.01,576.53,7,13,8,1,Semi-Furnished,1,2,1,0,1,Wooden,1,1,1,1,0,Covered,1,Municipal,800.0,Magarpatta,411013,Society,5.01,1.38,2.52,1.91,17021.34,6322091.76,12797.61,Broker,24,3,1,1,1,0,0,0,0,0,0,0,0,1,0,0,0,0,0,0,0.1119922278800873,0.10861533685190936,0.3333333333333333,0.4736842105263157,0.4,1.0,1.0,0.2,0.2,0.0,0.0,1.0,1.0,1.0,1.0,0.0,1.0,0.0,0.214285714286234,0.6680555555555555,0.09808811305070654,0.8375451263537906,0.516,0.24795753097523346,0.20909090909090908,1.0,0.0,0.0,0.0,0.0,0.0,0.0,0.0,0.0,1.0,0.0,0.0,0.0,0.0,0.0,0.0
3 BHK,1165.4,1359.73,8,13,6,1,Unfurnished,0,3,4,2,3,Marble,1,1,0,1,0,Covered,0,Corporation + Borewell,4863.93,Nigdi,411044,Society,3.16,9.59,1.42,2.46,39254.27,8762163.21,7518.58,Broker,32,3,0,3,3,0,0,0,0,0,0,0,0,0,1,0,0,0,0,0,0.43330525670967496,0.41255821173548596,0.38095238095238093,0.4736842105263157,0.30000000000000004,1.0,0.0,0.4000000000000001,0.8,0.4,0.2222222222222222,1.0,1.0,0.0,1.0,0.0,0.0,0.4662801584278378,0.7678571428577925,0.41111111111111115,0.7805486284289276,0.4404332129963898,0.736,0.08491117900466622,0.2818181818181818,1.0,0.0,0.0,0.0,0.0,0.0,0.0,0.0,0.0,0.0,1.0,0.0,0.0,0.0,0.0,0.0
4 BHK,1316.67,1594.19,4,9,10,1,Semi-Furnished,1,5,3,2,5,Marble,1,1,0,0,0,Covered,1,Corporation + Borewell,3349.17,Nigdi,411044,Society,3.69,10.55,1.55,2.31,39277.39,8464395.04,6428.64,Broker,4,3,1,4,4,0,0,0,0,0,0,0,0,0,1,0,0,0,0,0,0.5056998736551936,0.5035470350822726,0.19047619047619047,0.2631578947368421,0.5,1.0,1.0,0.8,0.6000000000000001,0.4,0.4444444444444445,1.0,1.0,0.0,0.0,0.0,1.0,0.2924822502994617,0.7678571428577925,0.4847222222222223,0.8603491271820448,0.4873646209386282,0.676,0.05124765732231171,0.02727272727272727,1.0,0.0,0.0,0.0,0.0,0.0,0.0,0.0,0.0,0.0,1.0,0.0,0.0,0.0,0.0,0.0
3 BHK,812.33,839.46,1,18,17,1,Semi-Furnished,1,3,3,1,5,Granite,0,1,0,1,0,Covered,1,Corporation + Borewell,1713.35,Shivajinagar,411005,Standalone,1.15,6.12,1.12,1.26,35824.05,10159406.53,12506.57,Owner,6,2,1,3,3,0,0,0,0,0,0,0,0,0,0,0,0,1,0,0,0.26433343543014665,0.210652747593915,0.047619047619047616,0.7368421052631579,0.8500000000000001,1.0,1.0,0.4000000000000001,0.6000000000000001,0.2,0.4444444444444445,0.0,1.0,0.0,1.0,0.0,1.0,0.10479436966189518,0.071428571429351,0.13194444444444442,0.49210307564422273,0.332129963898917,0.256,0.2389685670410421,0.045454545454545456,0.5,0.0,0.0,0.0,0.0,0.0,0.0,0.0,0.0,0.0,0.0,0.0,0.0,1.0,0.0,0.0
3 BHK,1162.35,1401.04,6,16,8,1,Semi-Furnished,1,3,3,2,4,Vitrified,0,1,0,0,1,Stilt,1,Tanker,4858.73,Kharadi,411014,Standalone,3.6,1.47,2.55,2.18,36256.97,20659444.28,17773.92,Builder,22,2,1,3,3,0,0,0,0,0,1,0,0,0,0,0,0,0,0,0,0.43184559133198047,0.4285897236882957,0.2857142857142857,0.631578947368421,0.4,1.0,1.0,0.4000000000000001,0.6000000000000001,0.4,0.3333333333333333,0.0,1.0,0.0,0.0,1.0,1.0,0.46568352983831357,0.232142857143117,0.4722222222222222,0.10556940980881128,0.8483754512635379,0.6240000000000001,0.40165417444470664,0.1909090909090909,0.5,0.0,0.0,0.0,0.0,0.0,1.0,0.0,0.0,0.0,0.0,0.0,0.0,0.0,0.0,0.0
2 BHK,565.87,641.66,9,16,3,1,Semi-Furnished,1,3,1,1,3,Vitrified,0,0,0,0,0,Open,1,Corporation + Borewell,2384.03,Kothrud,411038,Standalone,2.36,8.12,0.71,1.39,20915.13,8403544.53,14850.69,Broker,37,2,1,2,2,0,0,0,0,0,0,0,1,0,0,0,0,0,0,0,0.14638290133619203,0.13389087239987582,0.42857142857142855,0.631578947368421,0.15000000000000002,1.0,1.0,0.4000000000000001,0.2,0.2,0.2222222222222222,0.0,0.0,0.0,0.0,0.0,1.0,0.1817456893584407,0.6607142857146755,0.3,0.6583541147132168,0.18411552346570392,0.30799999999999994,0.31136827202117034,0.32727272727272727,0.5,0.0,0.0,0.0,0.0,0.0,0.0,0.0,1.0,0.0,0.0,0.0,0.0,0.0,0.0,0.0
2 BHK,795.25,961.57,0,14,11,1,Semi-Furnished,1,3,2,1,2,Vitrified,1,1,0,1,0,Open,1,Municipal,1288.24,Hadapsar,411028,Society,5.73,2.48,2.37,2.19,23733.15,8797123.45,11062.04,Owner,6,3,1,2,2,0,0,1,0,0,0,0,0,0,0,0,0,0,0,0,0.256159309315058,0.25804098106178214,0.0,0.5263157894736842,0.55,1.0,1.0,0.4000000000000001,0.4,0.2,0.1111111111111111,1.0,1.0,0.0,1.0,0.0,1.0,0.05601883510562622,0.482142857143117,0.7680555555555556,0.18952618453865333,0.7833935018050542,0.628,0.19435329741536408,0.045454545454545456,1.0,0.0,0.0,1.0,0.0,0.0,0.0,0.0,0.0,0.0,0.0,0.0,0.0,0.0,0.0,0.0
1 BHK,431.31,495.15,2,12,1,1,Semi-Furnished,1,2,1,1,2,Ceramic,0,0,0,1,1,Open,1,Tanker,2198.33,Koregaon Park,411001,Standalone,2.73,3.17,1.16,1.07,27804.27,9845188.76,22826.34,Broker,36,1,1,1,1,0,0,0,0,0,0,1,0,0,0,0,0,0,0,0,0.08198533634518933,0.07703352995963988,0.09523809523809523,0.42105263157894735,0.05,1.0,1.0,0.2,0.2,0.2,0.1111111111111111,0.0,0.0,0.0,1.0,1.0,1.0,0.16043916453639662,0.0,0.3513888888888889,0.2468827930174563,0.34657039711191334,0.18000000000000005,0.5577015258753925,0.3181818181818182,0.0,0.0,0.0,0.0,0.0,0.0,0.0,1.0,0.0,0.0,0.0,0.0,0.0,0.0,0.0,0.0
4 BHK,1376.06,1588.45,7,13,8,1,Fully Furnished,1,5,5,3,5,Vitrified,1,1,1,0,1,Covered,1,Municipal,3444.99,Wakad,411057,Society,4.74,4.25,1.49,2.28,37677.2,17198895.73,12498.63,Owner,13,3,2,4,4,0,0,0,0,0,0,0,0,0,0,0,0,0,0,1,0.5341226693211839,0.5013194660043465,0.3333333333333333,0.4736842105263157,0.4,1.0,1.0,0.8,1.0,0.6000000000000001,0.4444444444444445,1.0,1.0,1.0,0.0,1.0,1.0,0.3034762794241157,1.0,0.6305555555555556,0.3366583541147132,0.46570397111913353,0.6639999999999999,0.23872333486114425,0.10909090909090909,1.0,0.0,0.0,0.0,0.0,0.0,0.0,0.0,0.0,0.0,0.0,0.0,0.0,0.0,0.0,1.0
4 BHK,1083.86,1324.46,13,17,7,1,Fully Furnished,0,4,5,2,4,Marble,1,0,1,0,0,Covered,0,Corporation + Borewell,2977.92,Hinjewadi,411057,Society,6.04,1.95,2.49,2.46,40418.69,9295353.39,8576.12,Not Specified,26,3,2,4,4,0,0,0,1,0,0,0,0,0,0,0,0,0,0,0,0.39428194034993674,0.3988706923315742,0.6190476190476191,0.6842105263157894,0.35000000000000003,1.0,0.0,0.6000000000000001,1.0,0.4,0.3333333333333333,1.0,0.0,1.0,0.0,0.0,0.0,0.249886411095456,1.0,0.8111111111111111,0.1454696591853699,0.8267148014440434,0.736,0.11757400514184554,0.22727272727272727,1.0,0.0,0.0,0.0,1.0,0.0,0.0,0.0,0.0,0.0,0.0,0.0,0.0,0.0,0.0,0.0
1 RK,511.15,637.87,9,13,10,1,Unfurnished,1,1,0,0,1,Vitrified,1,1,0,1,0,Covered,0,Tanker,1895.2,Nigdi,411044,Society,3.23,11.26,1.87,2.4,9047.54,3808881.44,7451.66,Owner,59,3,0,1,1,0,0,0,0,0,0,0,0,0,1,0,0,0,0,0,0.12019506872391746,0.1324200558832661,0.42857142857142855,0.4736842105263157,0.5,1.0,1.0,0.0,0.0,0.0,0.0,1.0,1.0,0.0,1.0,0.0,0.0,0.12565915985515694,0.7678571428577925,0.42083333333333334,0.9193682460515377,0.6028880866425993,0.712,0.08284431030456973,0.5272727272727273,1.0,0.0,0.0,0.0,0.0,0.0,0.0,0.0,0.0,0.0,1.0,0.0,0.0,0.0,0.0,0.0
3 BHK,1044.92,1311.44,5,15,6,1,Unfurnished,1,2,3,2,3,Granite,1,1,0,0,0,Stilt,0,Borewell,2151.48,Hadapsar,411028,Standalone,5.97,2.46,2.33,2.42,19228.72,6920430.66,6622.91,Builder,7,3,0,3,3,0,0,1,0,0,0,0,0,0,0,0,0,0,0,0,0.3756460813966845,0.39381791369140023,0.23809523809523808,0.5789473684210527,0.30000000000000004,1.0,1.0,0.2,0.6000000000000001,0.4,0.2222222222222222,1.0,1.0,0.0,0.0,0.0,0.0,0.15506377041731875,0.482142857143117,0.8013888888888889,0.1878636741479634,0.7689530685920578,0.72,0.05724781545691637,0.054545454545454536,1.0,0.0,0.0,1.0,0.0,0.0,0.0,0.0,0.0,0.0,0.0,0.0,0.0,0.0,0.0,0.0
2 BHK,671.65,789.19,2,12,12,1,Semi-Furnished,1,2,2,1,2,Granite,0,1,0,1,1,Stilt,1,Corporation + Borewell,2908.08,Aundh,411007,Standalone,3.02,3.95,1.75,1.52,26569.49,10080490.12,15008.65,Broker,39,2,1,2,2,1,0,0,0,0,0,0,0,0,0,0,0,0,0,0,0.19700696810750795,0.19114405464141576,0.09523809523809523,0.42105263157894735,0.6000000000000001,1.0,1.0,0.2,0.4,0.2,0.1111111111111111,0.0,1.0,0.0,1.0,1.0,1.0,0.24187323019307821,0.107142857143117,0.39166666666666666,0.31172069825436405,0.5595667870036102,0.3600000000000001,0.31624697166054927,0.34545454545454546,0.5,1.0,0.0,0.0,0.0,0.0,0.0,0.0,0.0,0.0,0.0,0.0,0.0,0.0,0.0,0.0
2 BHK,607.2,691.3,8,18,5,1,Unfurnished,0,2,3,0,3,Vitrified,0,0,1,0,0,Covered,1,Corporation + Borewell,2119.8,Nigdi,411044,Society,4.1,10.28,2.24,2.31,14843.44,3321212.28,5469.73,Builder,32,3,0,2,2,0,0,0,0,0,0,0,0,0,1,0,0,0,0,0,0.1661625636509821,0.1531550760633344,0.38095238095238093,0.7368421052631579,0.25,1.0,0.0,0.2,0.6000000000000001,0.0,0.2222222222222222,0.0,0.0,1.0,0.0,0.0,1.0,0.1514289254719103,0.7678571428577925,0.5416666666666666,0.8379052369077306,0.736462093862816,0.676,0.021631084321571653,0.2818181818181818,1.0,0.0,0.0,0.0,0.0,0.0,0.0,0.0,0.0,0.0,1.0,0.0,0.0,0.0,0.0,0.0
3 BHK,725.43,867.22,9,10,6,1,Fully Furnished,1,3,2,2,5,Marble,1,1,0,1,0,Not Specified,0,Not Specified,1982.19,Viman Nagar,411014,Society,2.89,5.65,2.0,0.89,31245.05,10857040.98,14966.39,Owner,13,2,2,3,3,0,0,0,0,0,0,0,0,0,0,0,0,0,1,0,0.22274493663616524,0.22142579944116741,0.42857142857142855,0.3157894736842105,0.30000000000000004,1.0,1.0,0.4000000000000001,0.4,0.4,0.4444444444444445,1.0,1.0,0.0,1.0,0.0,0.0,0.13564006774029216,0.232142857143117,0.3736111111111111,0.4530340814630091,0.6498194945848376,0.10800000000000004,0.31494174345872505,0.10909090909090909,0.5,0.0,0.0,0.0,0.0,0.0,0.0,0.0,0.0,0.0,0.0,0.0,0.0,0.0,1.0,0.0
2 BHK,618.3,714.79,8,13,10,1,Semi-Furnished,1,1,2,2,3,Wooden,0,1,1,1,1,Not Specified,0,Tanker,3653.17,Baner,411045,Society,3.95,1.76,1.99,2.42,31855.65,15767442.38,25501.35,Builder,20,1,1,2,2,0,1,0,0,0,0,0,0,0,0,0,0,0,0,0,0.17147478846816488,0.16227103384042224,0.38095238095238093,0.4736842105263157,0.5,1.0,1.0,0.0,0.4,0.4,0.2222222222222222,0.0,1.0,1.0,1.0,1.0,0.0,0.3273620755331795,0.7857142857146755,0.5208333333333334,0.12967581047381543,0.6462093862815884,0.72,0.6403209885389474,0.17272727272727273,0.0,0.0,1.0,0.0,0.0,0.0,0.0,0.0,0.0,0.0,0.0,0.0,0.0,0.0,0.0,0.0
2 BHK,626.82,683.19,8,15,0,1,Semi-Furnished,1,2,2,1,3,Vitrified,1,1,0,0,0,Covered,0,Borewell,800.0,Nigdi,411044,Society,3.38,10.93,1.67,2.42,18501.97,4940954.17,7882.52,Broker,6,3,1,2,2,0,0,0,0,0,0,0,0,0,1,0,0,0,0,0,0.1755522799494621,0.1500077615647315,0.38095238095238093,0.5789473684210527,0.0,1.0,1.0,0.2,0.4,0.2,0.2222222222222222,1.0,1.0,0.0,0.0,0.0,0.0,0.0,0.7678571428577925,0.44166666666666665,0.8919368246051537,0.5306859205776173,0.72,0.09615170791550179,0.045454545454545456,1.0,0.0,0.0,0.0,0.0,0.0,0.0,0.0,0.0,0.0,1.0,0.0,0.0,0.0,0.0,0.0
2 BHK,736.94,903.91,2,11,15,1,Unfurnished,1,3,2,2,2,Vitrified,1,1,0,0,0,Covered,1,Corporation + Borewell,3252.76,Baner,411045,Society,2.98,2.13,1.06,2.49,37201.35,10477773.81,14218.04,Broker,34,1,0,2,2,0,1,0,0,0,0,0,0,0,0,0,0,0,0,0,0.22825337876641527,0.23566438994101213,0.09523809523809523,0.368421052631579,0.75,1.0,1.0,0.4000000000000001,0.4,0.4,0.1111111111111111,1.0,1.0,0.0,0.0,0.0,1.0,0.28142052677715007,0.7857142857146755,0.3861111111111111,0.16043225270157935,0.3104693140794224,0.7480000000000001,0.29182845607502506,0.3,0.0,0.0,1.0,0.0,0.0,0.0,0.0,0.0,0.0,0.0,0.0,0.0,0.0,0.0,0.0,0.0
3 BHK,1045.59,1230.8,1,14,7,1,Unfurnished,0,3,3,2,5,Vitrified,0,0,1,1,0,Not Specified,1,Borewell,3225.22,Kharadi,411014,Standalone,4.4,1.37,2.36,1.76,45837.9,9525394.1,9110.07,Broker,48,2,0,3,3,0,0,0,0,0,1,0,0,0,0,0,0,0,0,0,0.3759667292009648,0.3625232846941944,0.047619047619047616,0.5263157894736842,0.35000000000000003,1.0,0.0,0.4000000000000001,0.6000000000000001,0.4,0.4444444444444445,0.0,0.0,1.0,1.0,0.0,1.0,0.2782606899780165,0.232142857143117,0.5833333333333334,0.09725685785536159,0.779783393501805,0.45600000000000007,0.1340654059550033,0.42727272727272725,0.5,0.0,0.0,0.0,0.0,0.0,1.0,0.0,0.0,0.0,0.0,0.0,0.0,0.0,0.0,0.0
2 BHK,476.47,535.18,3,12,8,1,Fully Furnished,1,2,1,1,3,Vitrified,1,1,1,0,0,Covered,1,Municipal,2221.54,Kharadi,411014,Society,4.47,0.81,1.73,1.99,16688.94,7594236.28,15938.63,Owner,20,2,2,2,2,0,0,0,0,0,1,0,0,0,0,0,0,0,0,0,0.10359795551131361,0.09256830176963676,0.14285714285714285,0.42105263157894735,0.4,1.0,1.0,0.2,0.2,0.2,0.2222222222222222,1.0,1.0,1.0,0.0,0.0,1.0,0.16310219329848413,0.232142857143117,0.5930555555555556,0.05070656691604322,0.5523465703971119,0.548,0.34497002237357577,0.17272727272727273,0.5,0.0,0.0,0.0,0.0,0.0,1.0,0.0,0.0,0.0,0.0,0.0,0.0,0.0,0.0,0.0
3 BHK,914.22,1062.33,5,9,1,1,Semi-Furnished,1,3,3,2,5,Vitrified,1,1,0,1,0,Bike,1,Municipal,1934.71,Pimple Saudagar,411027,Standalone,3.64,4.83,1.51,1.43,37136.06,7314481.86,8000.77,Builder,43,3,1,3,3,0,0,0,0,0,0,0,0,0,0,1,0,0,0,0,0.31309583062138674,0.2971437441788265,0.23809523809523808,0.2631578947368421,0.05,1.0,1.0,0.4000000000000001,0.6000000000000001,0.4,0.4444444444444445,1.0,1.0,0.0,1.0,0.0,1.0,0.1301923897728681,0.464285714286234,0.47777777777777786,0.3848711554447215,0.47292418772563183,0.32399999999999995,0.09980393779874164,0.3818181818181818,1.0,0.0,0.0,0.0,0.0,0.0,0.0,0.0,0.0,0.0,0.0,1.0,0.0,0.0,0.0,0.0
2 BHK,581.24,703.95,0,7,12,1,Semi-Furnished,1,2,1,1,3,Vitrified,0,0,0,0,0,Bike,1,Municipal,2146.84,Kharadi,411014,Society,3.88,1.72,1.83,2.01,15089.94,4993261.05,8590.67,Owner,21,2,1,2,2,0,0,0,0,0,1,0,0,0,0,0,0,0,0,0,0.15373865768214712,0.15806426575597643,0.0,0.15789473684210525,0.6000000000000001,1.0,1.0,0.2,0.2,0.2,0.2222222222222222,0.0,0.0,0.0,0.0,0.0,1.0,0.15453139413743572,0.232142857143117,0.5111111111111111,0.12635078969243554,0.5884476534296029,0.5559999999999999,0.11802339156722516,0.1818181818181818,0.5,0.0,0.0,0.0,0.0,0.0,1.0,0.0,0.0,0.0,0.0,0.0,0.0,0.0,0.0,0.0
2 BHK,492.21,539.07,7,14,14,1,Semi-Furnished,1,3,2,1,3,Wooden,0,0,0,0,0,Covered,0,Corporation + Borewell,2050.245,Magarpatta,411013,Standalone,4.91,2.86,2.14,1.9,14114.73,3407153.28,6922.14,Broker,22,3,1,2,2,0,0,0,0,0,0,0,0,1,0,0,0,0,0,0,0.11113078601784142,0.09407792610990381,0.3333333333333333,0.5263157894736842,0.7000000000000001,1.0,1.0,0.4000000000000001,0.4,0.2,0.2222222222222222,0.0,0.0,0.0,0.0,0.0,0.0,0.14344844440568907,0.214285714286234,0.6541666666666667,0.2211138819617622,0.700361010830325,0.512,0.0664897329872492,0.1909090909090909,1.0,0.0,0.0,0.0,0.0,0.0,0.0,0.0,0.0,1.0,0.0,0.0,0.0,0.0,0.0,0.0
1 RK,502.61,622.43,11,15,15,1,Semi-Furnished,1,1,1,0,2,Vitrified,0,1,0,1,0,Not Specified,0,Corporation + Borewell,1615.01,Hinjewadi,411057,Standalone,6.92,1.69,2.8,2.38,8821.64,4304401.31,8564.12,Broker,50,3,1,1,1,0,0,0,1,0,0,0,0,0,0,0,0,0,0,0,0.11610800566637315,0.12642812791058677,0.5238095238095237,0.5789473684210527,0.75,1.0,1.0,0.0,0.2,0.0,0.1111111111111111,0.0,1.0,0.0,1.0,0.0,0.0,0.09351120514385633,1.0,0.9333333333333333,0.12385702410640065,0.9386281588447652,0.704,0.11720337716215104,0.44545454545454544,1.0,0.0,0.0,0.0,1.0,0.0,0.0,0.0,0.0,0.0,0.0,0.0,0.0,0.0,0.0,0.0
4 BHK,1409.57,1652.77,11,12,9,1,Fully Furnished,1,4,3,2,7,Vitrified,1,1,1,0,0,Covered,1,Municipal,3953.03,Wakad,411057,Society,4.97,2.57,2.63,2.7,61205.85,13091337.14,9287.45,Broker,17,3,2,4,4,0,0,0,0,0,0,0,0,0,0,0,0,0,0,1,0.5501598453233278,0.5262806581806894,0.5238095238095237,0.42105263157894735,0.45,1.0,1.0,0.6000000000000001,0.6000000000000001,0.4,0.6666666666666665,1.0,1.0,1.0,0.0,0.0,1.0,0.3617668926206223,1.0,0.6625,0.19700748129675807,0.8772563176895307,0.8320000000000001,0.13954390520818796,0.14545454545454545,1.0,0.0,0.0,0.0,0.0,0.0,0.0,0.0,0.0,0.0,0.0,0.0,0.0,0.0,0.0,1.0
3 BHK,546.72,598.13,2,16,11,1,Fully Furnished,1,4,3,1,4,Vitrified,1,1,1,1,1,Not Specified,1,Corporation + Borewell,2498.05,Aundh,411007,Society,3.42,4.6,0.86,1.81,23805.2,8635188.02,15794.54,Not Specified,54,2,2,3,3,1,0,0,0,0,0,0,0,0,0,0,0,0,0,0,0.13721811707952064,0.11699782676187523,0.09523809523809523,0.631578947368421,0.55,1.0,1.0,0.6000000000000001,0.6000000000000001,0.2,0.3333333333333333,1.0,1.0,1.0,1.0,1.0,1.0,0.19482791854642922,0.107142857143117,0.44722222222222224,0.3657522859517871,0.23826714801444043,0.4760000000000001,0.34051970690739375,0.4818181818181818,0.5,1.0,0.0,0.0,0.0,0.0,0.0,0.0,0.0,0.0,0.0,0.0,0.0,0.0,0.0,0.0
2 BHK,523.97,618.09,13,17,15,1,Unfurnished,0,3,2,1,2,Vitrified,1,0,0,1,0,Covered,1,Corporation + Borewell,1657.25,Pune Camp,411001,Society,1.71,6.4,1.31,1.54,8622.41,3373105.4,6437.61,Broker,16,3,0,2,2,0,0,0,0,0,0,0,0,0,0,0,1,0,0,0,0.1263304490983575,0.1247438683638622,0.6190476190476191,0.6842105263157894,0.75,1.0,0.0,0.4000000000000001,0.4,0.2,0.1111111111111111,1.0,0.0,0.0,1.0,0.0,1.0,0.09835766507106766,0.0,0.20972222222222223,0.5153782211138819,0.40072202166064985,0.3680000000000001,0.05152470173713336,0.13636363636363635,1.0,0.0,0.0,0.0,0.0,0.0,0.0,0.0,0.0,0.0,0.0,0.0,1.0,0.0,0.0,0.0
4 BHK,1602.14,1965.64,10,11,14,1,Semi-Furnished,1,4,4,3,7,Ceramic,1,1,0,0,0,Not Specified,1,Tanker,4264.33,Hinjewadi,411057,Society,6.24,0.47,2.73,2.22,33561.08,12013967.62,7498.72,Broker,16,3,1,4,4,0,0,0,1,0,0,0,0,0,0,0,0,0,0,0,0.6423197672192658,0.6476986960571252,0.47619047619047616,0.368421052631579,0.7000000000000001,1.0,1.0,0.6000000000000001,0.8,0.6000000000000001,0.6666666666666665,1.0,1.0,0.0,0.0,0.0,1.0,0.3974842926050181,1.0,0.8388888888888889,0.022443890274314208,0.9133574007220217,0.6400000000000001,0.08429778969827179,0.13636363636363635,1.0,0.0,0.0,0.0,1.0,0.0,0.0,0.0,0.0,0.0,0.0,0.0,0.0,0.0,0.0,0.0
2 BHK,659.25,713.89,10,14,8,1,Unfurnished,1,2,1,1,2,Ceramic,1,1,0,0,0,Covered,0,Borewell,2330.16,Wakad,411057,Society,5.51,4.15,2.1,2.13,20586.99,4602663.22,6981.67,Broker,27,3,0,2,2,0,0,0,0,0,0,0,0,0,0,0,0,0,0,1,0.1910725908342586,0.16192176342750703,0.47619047619047616,0.5263157894736842,0.4,1.0,1.0,0.2,0.2,0.2,0.1111111111111111,1.0,1.0,0.0,0.0,0.0,0.0,0.17556484664350525,1.0,0.7375,0.32834580216126347,0.6859205776173286,0.604,0.06832835662318379,0.23636363636363636,1.0,0.0,0.0,0.0,0.0,0.0,0.0,0.0,0.0,0.0,0.0,0.0,0.0,0.0,0.0,1.0
3 BHK,916.91,1003.11,9,14,15,1,Semi-Furnished,1,4,3,2,4,Ceramic,1,1,1,0,1,Covered,0,Municipal,3097.84,Wakad,411057,Society,5.36,3.68,2.03,2.59,13499.07,9384281.32,10234.66,Broker,14,3,1,3,3,0,0,0,0,0,0,0,0,0,0,0,0,0,0,1,0.31438320762663197,0.2741617510090035,0.42857142857142855,0.5263157894736842,0.75,1.0,1.0,0.6000000000000001,0.6000000000000001,0.4,0.3333333333333333,1.0,1.0,1.0,0.0,1.0,0.0,0.26364558426001994,1.0,0.7166666666666668,0.28927680798004984,0.6606498194945848,0.788,0.1687991159287258,0.11818181818181817,1.0,0.0,0.0,0.0,0.0,0.0,0.0,0.0,0.0,0.0,0.0,0.0,0.0,0.0,0.0,1.0
3 BHK,1078.83,1357.93,4,12,10,1,Semi-Furnished,1,3,3,2,3,Ceramic,0,0,1,0,0,Covered,0,Tanker,2651.88,Wakad,411057,Standalone,4.8,3.43,1.94,2.98,36343.25,7726617.17,7162.06,Owner,16,3,1,3,3,0,0,0,0,0,0,0,0,0,0,0,0,0,0,1,0.3918746889237719,0.41185967090965553,0.19047619047619047,0.42105263157894735,0.5,1.0,1.0,0.4000000000000001,0.6000000000000001,0.4,0.2222222222222222,0.0,0.0,1.0,0.0,0.0,0.0,0.2124777985322937,1.0,0.6388888888888888,0.26849542809642557,0.628158844765343,0.944,0.0738998217279418,0.13636363636363635,1.0,0.0,0.0,0.0,0.0,0.0,0.0,0.0,0.0,0.0,0.0,0.0,0.0,0.0,0.0,1.0
1 BHK,423.84,493.48,3,17,3,1,Semi-Furnished,1,1,1,0,2,Granite,1,1,0,0,0,Covered,0,Corporation + Borewell,834.4,Nigdi,411044,Society,4.08,9.58,1.83,1.85,11025.78,3513445.81,8289.47,Owner,35,3,1,1,1,0,0,0,0,0,0,0,0,0,1,0,0,0,0,0,0.07841035261686895,0.07638543930456382,0.14285714285714285,0.6842105263157894,0.15000000000000002,1.0,1.0,0.0,0.2,0.0,0.1111111111111111,1.0,1.0,0.0,0.0,0.0,0.0,0.003946927592236485,0.7678571428577925,0.5388888888888889,0.7797173732335826,0.5884476534296029,0.4920000000000001,0.10872062927689244,0.3090909090909091,1.0,0.0,0.0,0.0,0.0,0.0,0.0,0.0,0.0,0.0,1.0,0.0,0.0,0.0,0.0,0.0
1 BHK,363.79,400.65,6,11,5,1,Fully Furnished,1,1,2,1,1,Marble,1,1,0,1,1,Not Specified,1,Borewell,800.0,Baner,411045,Society,3.31,3.72,1.92,2.34,19348.35,10592425.61,29116.52,Broker,19,1,2,1,1,0,1,0,0,0,0,0,0,0,0,0,0,0,0,0,0.04967169493472186,0.04036013660353929,0.2857142857142857,0.368421052631579,0.25,1.0,1.0,0.0,0.4,0.2,0.0,1.0,1.0,0.0,1.0,1.0,1.0,0.0,0.7857142857146755,0.43194444444444446,0.29260182876142976,0.6209386281588447,0.688,0.7519779179849698,0.16363636363636364,0.0,0.0,1.0,0.0,0.0,0.0,0.0,0.0,0.0,0.0,0.0,0.0,0.0,0.0,0.0,0.0
3 BHK,886.5,1120.56,6,15,11,1,Unfurnished,0,3,2,1,5,Wooden,1,1,0,0,1,Covered,0,Corporation + Borewell,3349.01,Shivajinagar,411005,Society,0.3,7.07,1.34,1.35,33562.84,7505284.64,8466.19,Owner,87,2,0,3,3,0,0,0,0,0,0,0,0,0,0,0,0,1,0,0,0.29982962594280027,0.31974153989444276,0.2857142857142857,0.5789473684210527,0.55,1.0,0.0,0.4000000000000001,0.4,0.2,0.4444444444444445,1.0,1.0,0.0,0.0,1.0,0.0,0.2924638924967071,0.071428571429351,0.013888888888888885,0.571072319201995,0.41155234657039713,0.29200000000000004,0.1141787439911939,0.7818181818181819,0.5,0.0,0.0,0.0,0.0,0.0,0.0,0.0,0.0,0.0,0.0,0.0,0.0,1.0,0.0,0.0
2 BHK,451.49,570.47,12,17,8,1,Semi-Furnished,1,3,2,1,3,Vitrified,0,0,0,1,1,Bike,0,Corporation + Borewell,1723.92,Kothrud,411038,Society,2.25,7.22,0.87,1.5,19625.07,3520139.13,7796.78,Owner,34,2,1,2,2,0,0,0,0,0,0,0,1,0,0,0,0,0,0,0,0.09164305677859032,0.10626358273828007,0.5714285714285714,0.6842105263157894,0.4,1.0,1.0,0.4000000000000001,0.4,0.2,0.2222222222222222,0.0,0.0,0.0,1.0,1.0,0.0,0.10600713200637016,0.6607142857146755,0.2847222222222222,0.5835411471321695,0.24187725631768953,0.3520000000000001,0.09350357100058437,0.3,0.5,0.0,0.0,0.0,0.0,0.0,0.0,0.0,1.0,0.0,0.0,0.0,0.0,0.0,0.0,0.0
1 BHK,590.98,723.5,14,15,11,1,Semi-Furnished,1,1,1,0,2,Granite,0,1,0,1,0,Covered,0,Corporation + Borewell,1670.2,Pune Camp,411001,Standalone,2.32,5.46,1.55,1.51,13989.84,4005826.87,6778.27,Owner,37,3,1,1,1,0,0,0,0,0,0,0,0,0,0,0,1,0,0,0,0.15840001531452202,0.16565119528096867,0.6666666666666666,0.5789473684210527,0.55,1.0,1.0,0.0,0.2,0.0,0.1111111111111111,0.0,1.0,0.0,1.0,0.0,0.0,0.09984349973151715,0.0,0.2944444444444444,0.4372402327514546,0.4873646209386282,0.3560000000000001,0.06204621236736155,0.32727272727272727,1.0,0.0,0.0,0.0,0.0,0.0,0.0,0.0,0.0,0.0,0.0,0.0,1.0,0.0,0.0,0.0
1 RK,489.94,543.44,8,9,1,1,Semi-Furnished,0,1,1,1,2,Marble,1,1,1,1,0,Covered,1,Municipal,1891.66,Baner,411045,Society,2.58,3.94,1.82,2.76,29424.96,14482418.38,29559.41,Broker,30,1,1,1,1,0,1,0,0,0,0,0,0,0,0,0,0,0,0,0,0.11004441211378689,0.09577382800372561,0.38095238095238093,0.2631578947368421,0.05,1.0,0.0,0.0,0.2,0.2,0.1111111111111111,1.0,1.0,1.0,1.0,0.0,1.0,0.12525299346921168,0.7857142857146755,0.33055555555555555,0.31088944305901905,0.5848375451263538,0.8559999999999999,0.7656568701455456,0.2636363636363636,0.0,0.0,1.0,0.0,0.0,0.0,0.0,0.0,0.0,0.0,0.0,0.0,0.0,0.0,0.0,0.0
2 BHK,474.6,516.09,7,11,15,1,Semi-Furnished,1,3,1,1,3,Ceramic,1,1,0,0,0,Covered,0,Tanker,2795.18,Kothrud,411038,Society,1.71,7.99,1.82,1.81,15778.76,7220789.64,15214.55,Owner,18,2,1,2,2,0,0,0,0,0,0,0,1,0,0,0,0,0,0,0,0.10270301313220263,0.0851598882334679,0.3333333333333333,0.368421052631579,0.75,1.0,1.0,0.4000000000000001,0.2,0.2,0.2222222222222222,1.0,1.0,0.0,0.0,0.0,0.0,0.2289195056243718,0.6607142857146755,0.20972222222222223,0.6475477971737322,0.5848375451263538,0.4760000000000001,0.3226063300788079,0.15454545454545454,0.5,0.0,0.0,0.0,0.0,0.0,0.0,0.0,1.0,0.0,0.0,0.0,0.0,0.0,0.0,0.0
2 BHK,399.0,445.36,0,14,7,1,Semi-Furnished,1,3,3,1,3,Vitrified,1,1,0,0,0,Covered,0,Borewell,800.0,Wakad,411057,Society,4.26,2.18,2.3,2.65,7803.01,2957829.16,7413.19,Owner,70,3,1,2,2,0,0,0,0,0,0,0,0,0,0,0,0,0,0,1,0.06652245491787588,0.05771111456069547,0.0,0.5263157894736842,0.35000000000000003,1.0,1.0,0.4000000000000001,0.6000000000000001,0.2,0.2222222222222222,1.0,1.0,0.0,0.0,0.0,0.0,0.0,1.0,0.5638888888888889,0.16458852867830423,0.7581227436823105,0.812,0.08165613877299902,0.6272727272727273,1.0,0.0,0.0,0.0,0.0,0.0,0.0,0.0,0.0,0.0,0.0,0.0,0.0,0.0,0.0,1.0
1 BHK,556.67,670.13,6,14,10,1,Fully Furnished,1,2,1,0,2,Vitrified,1,1,0,1,0,Covered,1,Borewell,3254.59,Aundh,411007,Society,3.94,2.6,1.48,1.53,31864.31,5081193.71,9127.82,Owner,13,2,2,1,1,1,0,0,0,0,0,0,0,0,0,0,0,0,0,0,0.14197997626249087,0.1449394597950947,0.2857142857142857,0.5263157894736842,0.5,1.0,1.0,0.2,0.2,0.0,0.1111111111111111,1.0,1.0,0.0,1.0,0.0,1.0,0.28163049414615565,0.107142857143117,0.5194444444444445,0.199501246882793,0.4620938628158845,0.3640000000000001,0.13461362650830147,0.10909090909090909,0.5,1.0,0.0,0.0,0.0,0.0,0.0,0.0,0.0,0.0,0.0,0.0,0.0,0.0,0.0,0.0
2 BHK,686.97,860.71,7,12,16,1,Unfurnished,1,3,1,1,3,Marble,1,1,1,0,0,Bike,0,Borewell,2424.4,Hadapsar,411028,Society,4.7,3.27,2.75,2.17,19427.11,6059753.75,8820.99,Owner,5,3,0,2,2,0,0,1,0,0,0,0,0,0,0,0,0,0,0,0,0.20433879551284506,0.2188994101210805,0.3333333333333333,0.42105263157894735,0.8,1.0,1.0,0.4000000000000001,0.2,0.2,0.2222222222222222,1.0,1.0,1.0,0.0,0.0,0.0,0.18637759246595775,0.482142857143117,0.625,0.255195344970906,0.92057761732852,0.62,0.1251369779241621,0.03636363636363636,1.0,0.0,0.0,1.0,0.0,0.0,0.0,0.0,0.0,0.0,0.0,0.0,0.0,0.0,0.0,0.0
2 BHK,757.82,928.88,0,15,9,1,Semi-Furnished,1,3,1,1,3,Vitrified,1,0,1,1,0,Covered,0,Municipal,3675.07,Kharadi,411014,Society,3.7,2.7,2.48,1.59,18764.13,6843515.66,9030.51,Broker,10,2,1,2,2,0,0,0,0,0,1,0,0,0,0,0,0,0,0,0,0.23824610436846744,0.2453547035082273,0.0,0.5789473684210527,0.45,1.0,1.0,0.4000000000000001,0.2,0.2,0.2222222222222222,1.0,0.0,1.0,1.0,0.0,0.0,0.3298747997852137,0.232142857143117,0.48611111111111116,0.2078137988362427,0.8231046931407943,0.3880000000000001,0.13160814244962862,0.08181818181818182,0.5,0.0,0.0,0.0,0.0,0.0,1.0,0.0,0.0,0.0,0.0,0.0,0.0,0.0,0.0,0.0
4 BHK,1128.23,1245.04,11,15,2,1,Semi-Furnished,1,5,4,2,8,Ceramic,1,1,1,1,1,Open,1,Corporation + Borewell,3653.57,Kharadi,411014,Standalone,4.56,1.43,1.74,1.96,54134.04,19118153.1,16945.29,Owner,53,2,1,4,4,0,0,0,0,0,1,0,0,0,0,0,0,0,0,0,0.41551648225429766,0.3680495187829867,0.5238095238095237,0.5789473684210527,0.1,1.0,1.0,0.8,0.8,0.4,0.7777777777777777,1.0,1.0,1.0,1.0,1.0,1.0,0.32740797004006594,0.232142857143117,0.6055555555555555,0.1022443890274314,0.555956678700361,0.536,0.37606138587685023,0.4727272727272727,0.5,0.0,0.0,0.0,0.0,0.0,1.0,0.0,0.0,0.0,0.0,0.0,0.0,0.0,0.0,0.0
1 RK,519.88,595.33,6,9,4,1,Semi-Furnished,1,1,1,1,2,Vitrified,1,1,1,1,1,Covered,1,Borewell,2784.58,Baner,411045,Standalone,3.36,2.44,1.4,2.22,34176.92,7269389.64,13982.83,Owner,38,1,1,1,1,0,1,0,0,0,0,0,0,0,0,0,0,0,0,0,0.12437306175580996,0.11591120769947225,0.2857142857142857,0.2631578947368421,0.2,1.0,1.0,0.0,0.2,0.2,0.1111111111111111,1.0,1.0,1.0,1.0,1.0,1.0,0.22770330119188037,0.7857142857146755,0.4388888888888889,0.18620116375727344,0.43321299638989164,0.6400000000000001,0.2845638388163625,0.33636363636363636,0.0,0.0,1.0,0.0,0.0,0.0,0.0,0.0,0.0,0.0,0.0,0.0,0.0,0.0,0.0,0.0
1 BHK,404.0,487.26,7,10,5,1,Unfurnished,0,1,1,0,2,Wooden,1,1,0,1,1,Stilt,0,Corporation + Borewell,2092.91,Hinjewadi,411057,Society,6.72,0.88,2.76,2.7,7500.0,3990562.3,9877.59,Owner,34,3,0,1,1,0,0,0,1,0,0,0,0,0,0,0,0,0,0,0,0.06891534897966999,0.07397159267308293,0.3333333333333333,0.3157894736842105,0.25,1.0,0.0,0.0,0.2,0.0,0.1111111111111111,1.0,1.0,0.0,1.0,1.0,0.0,0.14834366724646725,1.0,0.9055555555555556,0.05652535328345801,0.9241877256317689,0.8320000000000001,0.15777077153626537,0.3,1.0,0.0,0.0,0.0,1.0,0.0,0.0,0.0,0.0,0.0,0.0,0.0,0.0,0.0,0.0,0.0
3 BHK,846.69,1010.05,1,14,9,1,Semi-Furnished,1,4,2,1,5,Granite,1,1,1,0,0,Stilt,1,Municipal,1557.29,Viman Nagar,411014,Society,1.5,6.06,1.74,1.32,39469.43,11316304.85,13365.32,Owner,44,2,1,3,3,0,0,0,0,0,0,0,0,0,0,0,0,0,1,0,0.28077740342279567,0.2768550139708166,0.047619047619047616,0.5263157894736842,0.45,1.0,1.0,0.6000000000000001,0.4,0.2,0.4444444444444445,1.0,1.0,1.0,0.0,0.0,1.0,0.08688862780013859,0.232142857143117,0.18055555555555555,0.4871155444721529,0.555956678700361,0.28,0.2654916318379318,0.3909090909090909,0.5,0.0,0.0,0.0,0.0,0.0,0.0,0.0,0.0,0.0,0.0,0.0,0.0,0.0,1.0,0.0
2 BHK,548.72,651.28,7,10,16,1,Unfurnished,0,1,2,2,3,Not Specified,0,1,0,1,1,Covered,1,Tanker,2299.13,Koregaon Park,411001,Standalone,2.87,4.76,1.54,1.15,29278.94,11934702.34,21750.12,Broker,15,1,0,2,2,0,0,0,0,0,0,1,0,0,0,0,0,0,0,0,0.1381752747042383,0.13762418503570323,0.3333333333333333,0.3157894736842105,0.8,1.0,0.0,0.0,0.4,0.4,0.2222222222222222,0.0,1.0,0.0,1.0,1.0,1.0,0.17200458027178728,0.0,0.37083333333333335,0.37905236907730666,0.48375451263537905,0.21199999999999997,0.5244617555164885,0.12727272727272726,0.0,0.0,0.0,0.0,0.0,0.0,0.0,1.0,0.0,0.0,0.0,0.0,0.0,0.0,0.0,0.0
2 BHK,576.86,626.46,7,14,4,1,Fully Furnished,1,2,3,0,4,Vitrified,1,1,0,0,0,Covered,0,Corporation + Borewell,1834.64,Aundh,411007,Society,2.9,5.51,1.37,1.27,26108.74,5960598.07,10332.83,Broker,84,2,2,2,2,1,0,0,0,0,0,0,0,0,0,0,0,0,0,0,0.15164248248401546,0.12799208320397396,0.3333333333333333,0.5263157894736842,0.2,1.0,1.0,0.2,0.6000000000000001,0.0,0.3333333333333333,1.0,1.0,0.0,0.0,0.0,0.0,0.11871073151254527,0.107142857143117,0.375,0.4413965087281795,0.42238267148014447,0.26,0.17183116165927678,0.7545454545454545,0.5,1.0,0.0,0.0,0.0,0.0,0.0,0.0,0.0,0.0,0.0,0.0,0.0,0.0,0.0,0.0
1 BHK,499.43,553.44,8,11,12,1,Semi-Furnished,1,2,2,0,1,Granite,1,1,0,0,0,Open,1,Tanker,1144.08,Shivajinagar,411005,Society,1.17,6.54,0.29,1.55,25058.35,8073753.67,16165.78,Broker,46,2,1,1,1,0,0,0,0,0,0,0,0,0,0,0,0,1,0,0,0.1145861250430721,0.09965461036945053,0.38095238095238093,0.368421052631579,0.6000000000000001,1.0,1.0,0.2,0.4,0.0,0.0,1.0,1.0,0.0,0.0,0.0,1.0,0.039478454823742154,0.071428571429351,0.13472222222222222,0.5270157938487114,0.03249097472924187,0.3720000000000001,0.35198570117254346,0.40909090909090906,0.5,0.0,0.0,0.0,0.0,0.0,0.0,0.0,0.0,0.0,0.0,0.0,0.0,1.0,0.0,0.0
2 BHK,448.85,568.2,2,10,0,1,Fully Furnished,1,3,2,2,3,Granite,0,0,0,0,0,Covered,1,Municipal,1585.3,Baner,411045,Society,3.54,3.84,1.52,2.22,24661.42,11480772.53,25578.04,Owner,50,1,2,2,2,0,1,0,0,0,0,0,0,0,0,0,0,0,0,0,0.09037960871396304,0.10538264514126053,0.09523809523809523,0.3157894736842105,0.0,1.0,1.0,0.4000000000000001,0.4,0.4,0.2222222222222222,0.0,0.0,0.0,0.0,0.0,1.0,0.09010239064486372,0.7857142857146755,0.4638888888888889,0.30257689110556935,0.47653429602888087,0.6400000000000001,0.6426896101858453,0.44545454545454544,0.0,0.0,1.0,0.0,0.0,0.0,0.0,0.0,0.0,0.0,0.0,0.0,0.0,0.0,0.0,0.0
1 BHK,381.77,752.35,2,11,16,1,Fully Furnished,1,1,0,0,1,Granite,0,1,1,1,1,Covered,1,Municipal,1830.65,Kharadi,411014,Standalone,4.71,1.55,1.98,1.66,13833.13,3607706.52,9449.83,Owner,49,2,2,1,1,0,0,0,0,0,1,0,0,0,0,0,0,0,0,0,0.05827654198093342,0.17684725240608512,0.09523809523809523,0.368421052631579,0.8,1.0,1.0,0.0,0.0,0.0,0.0,0.0,1.0,1.0,1.0,1.0,1.0,0.11825293380635274,0.232142857143117,0.6263888888888889,0.11221945137157105,0.6425992779783394,0.41600000000000004,0.1445591194867544,0.43636363636363634,0.5,0.0,0.0,0.0,0.0,0.0,1.0,0.0,0.0,0.0,0.0,0.0,0.0,0.0,0.0,0.0
5 BHK,2331.0,865.89,1,7,5,1,Unfurnished,0,5,5,4,6,Vitrified,0,0,0,0,0,Stilt,1,Corporation + Borewell,6333.26,Wakad,411057,Standalone,4.8,1.92,1.79,2.17,42143.04,15765407.74,6763.38,Owner,33,3,0,5,5,0,0,0,0,0,0,0,0,0,0,0,0,0,0,1,0.9911367203951147,0.22090965538652596,0.047619047619047616,0.15789473684210525,0.25,1.0,0.0,0.8,1.0,0.8,0.5555555555555556,0.0,0.0,0.0,0.0,0.0,1.0,0.6348655979365829,1.0,0.6388888888888888,0.14297589359933496,0.5740072202166066,0.62,0.061586324815890575,0.2909090909090909,1.0,0.0,0.0,0.0,0.0,0.0,0.0,0.0,0.0,0.0,0.0,0.0,0.0,0.0,0.0,1.0
1 BHK,362.82,398.81,7,13,10,1,Fully Furnished,0,2,1,0,2,Ceramic,1,1,0,1,1,Open,1,Corporation + Borewell,2614.07,Kothrud,411038,Society,2.38,7.13,1.12,1.0,19668.04,3474296.7,9575.86,Owner,32,2,2,1,1,0,0,0,0,0,0,0,1,0,0,0,0,0,0,0,0.04920747348673381,0.039646072648245906,0.3333333333333333,0.4736842105263157,0.5,1.0,0.0,0.2,0.2,0.0,0.1111111111111111,1.0,1.0,0.0,1.0,1.0,1.0,0.20813962026885002,0.6607142857146755,0.30277777777777776,0.5760598503740647,0.332129963898917,0.15200000000000002,0.1484516398434962,0.2818181818181818,0.5,0.0,0.0,0.0,0.0,0.0,0.0,0.0,1.0,0.0,0.0,0.0,0.0,0.0,0.0,0.0
2 BHK,444.21,559.77,14,16,10,1,Unfurnished,1,3,2,1,3,Ceramic,1,1,0,1,0,Stilt,0,Corporation + Borewell,800.0,Nigdi,411044,Society,3.38,9.92,2.0,2.78,10766.61,2800000.0,6303.27,Owner,73,3,0,2,2,0,0,0,0,0,0,0,0,0,1,0,0,0,0,0,0.08815900302461809,0.10211114560695439,0.6666666666666666,0.631578947368421,0.5,1.0,1.0,0.4000000000000001,0.4,0.2,0.2222222222222222,1.0,1.0,0.0,1.0,0.0,0.0,0.0,0.7678571428577925,0.44166666666666665,0.8079800498753116,0.6498194945848376,0.8639999999999999,0.04737552150445312,0.6545454545454545,1.0,0.0,0.0,0.0,0.0,0.0,0.0,0.0,0.0,0.0,1.0,0.0,0.0,0.0,0.0,0.0
3 BHK,1169.55,1458.02,11,13,3,1,Unfurnished,0,3,2,2,3,Granite,1,1,0,1,1,Covered,1,Municipal,4701.71,Kharadi,411014,Society,4.41,1.56,1.9,2.17,50887.46,9477973.61,8103.92,Owner,17,2,0,3,3,0,0,0,0,0,1,0,0,0,0,0,0,0,0,0,0.4352913587809641,0.45070242160819624,0.5238095238095237,0.4736842105263157,0.15000000000000002,1.0,0.0,0.4000000000000001,0.4,0.4,0.2222222222222222,1.0,1.0,0.0,1.0,1.0,1.0,0.4476676411600296,0.232142857143117,0.5847222222222223,0.11305070656691604,0.6137184115523465,0.62,0.10298979414086581,0.14545454545454545,0.5,0.0,0.0,0.0,0.0,0.0,1.0,0.0,0.0,0.0,0.0,0.0,0.0,0.0,0.0,0.0
1 BHK,518.17,582.7,16,17,6,1,Semi-Furnished,1,1,0,1,2,Vitrified,0,0,0,0,1,Not Specified,1,Municipal,3251.53,Kalyani Nagar,411006,Society,2.2,5.95,1.29,1.55,23412.63,13318669.15,25703.1,Owner,37,1,1,1,1,0,0,0,0,1,0,0,0,0,0,0,0,0,0,0,0.12355469198667636,0.11100977957156166,0.7619047619047619,0.6842105263157894,0.30000000000000004,1.0,1.0,0.0,0.0,0.2,0.1111111111111111,0.0,0.0,0.0,0.0,1.0,1.0,0.28127940116847416,0.089285714286234,0.2777777777777778,0.47797173732335824,0.39350180505415167,0.3720000000000001,0.6465521714475617,0.32727272727272727,0.0,0.0,0.0,0.0,0.0,1.0,0.0,0.0,0.0,0.0,0.0,0.0,0.0,0.0,0.0,0.0
2 BHK,614.12,771.82,5,16,8,1,Semi-Furnished,1,2,2,0,3,Granite,0,0,1,0,0,Bike,0,Municipal,2732.59,Hadapsar,411028,Standalone,5.97,2.13,2.33,2.44,14192.73,5011455.9,8160.32,Owner,15,3,1,2,2,0,0,1,0,0,0,0,0,0,0,0,0,0,0,0,0.1694743290325051,0.18440313567215155,0.23809523809523808,0.631578947368421,0.4,1.0,1.0,0.2,0.4,0.0,0.2222222222222222,0.0,0.0,1.0,0.0,0.0,0.0,0.22173816265931134,0.482142857143117,0.8013888888888889,0.16043225270157935,0.7689530685920578,0.728,0.10473174564543011,0.12727272727272726,1.0,0.0,0.0,1.0,0.0,0.0,0.0,0.0,0.0,0.0,0.0,0.0,0.0,0.0,0.0,0.0
2 BHK,689.82,788.68,5,5,8,1,Fully Furnished,1,3,2,2,2,Vitrified,0,0,0,1,1,Covered,0,Municipal,3822.36,Kalyani Nagar,411006,Standalone,2.2,4.9,1.16,1.7,53960.17,12152131.94,17616.36,Owner,25,1,2,2,2,0,0,0,0,1,0,0,0,0,0,0,0,0,0,0,0.2057027451280677,0.19094613474076377,0.23809523809523808,0.05263157894736842,0.4,1.0,1.0,0.4000000000000001,0.4,0.4,0.1111111111111111,0.0,0.0,0.0,1.0,1.0,0.0,0.3467743045834844,0.089285714286234,0.2777777777777778,0.3906899418121363,0.34657039711191334,0.43200000000000005,0.3967878290713175,0.21818181818181817,0.0,0.0,0.0,0.0,0.0,1.0,0.0,0.0,0.0,0.0,0.0,0.0,0.0,0.0,0.0,0.0
2 BHK,493.52,629.27,8,14,15,1,Semi-Furnished,1,2,1,1,4,Vitrified,0,0,0,1,0,Stilt,1,Municipal,800.0,Wakad,411057,Standalone,5.44,2.55,2.18,2.13,13000.06,5871738.87,11897.7,Owner,42,3,1,2,2,0,0,0,0,0,0,0,0,0,0,0,0,0,0,1,0.11175772426203147,0.12908258304874265,0.38095238095238093,0.5263157894736842,0.75,1.0,1.0,0.2,0.2,0.2,0.3333333333333333,0.0,0.0,0.0,1.0,0.0,1.0,0.0,1.0,0.7277777777777779,0.19534497090606812,0.7148014440433214,0.604,0.22016321220799154,0.3727272727272727,1.0,0.0,0.0,0.0,0.0,0.0,0.0,0.0,0.0,0.0,0.0,0.0,0.0,0.0,0.0,1.0
3 BHK,901.69,1013.18,3,15,10,1,Semi-Furnished,1,3,3,1,4,Ceramic,1,1,0,0,0,Covered,1,Tanker,800.0,Pune Camp,411001,Society,3.07,6.79,1.6,1.73,23875.77,6080450.67,6743.41,Broker,31,3,1,3,3,0,0,0,0,0,0,0,0,0,0,0,1,0,0,0,0.30709923810253076,0.27806969885128846,0.14285714285714285,0.5789473684210527,0.5,1.0,1.0,0.4000000000000001,0.6000000000000001,0.2,0.3333333333333333,1.0,1.0,0.0,0.0,0.0,1.0,0.0,0.0,0.3986111111111111,0.5477971737323357,0.5054151624548737,0.44400000000000006,0.06096953808634892,0.2727272727272727,1.0,0.0,0.0,0.0,0.0,0.0,0.0,0.0,0.0,0.0,0.0,0.0,1.0,0.0,0.0,0.0
3 BHK,1040.51,1131.04,0,10,3,1,Semi-Furnished,1,3,3,2,4,Granite,0,0,0,0,1,Covered,1,Municipal,5325.73,Baner,411045,Standalone,3.32,2.79,2.21,1.68,55905.33,13367479.89,12846.99,Broker,9,1,1,3,3,0,1,0,0,0,0,0,0,0,0,0,0,0,0,0,0.373535548834182,0.3238085998137225,0.0,0.3157894736842105,0.15000000000000002,1.0,1.0,0.4000000000000001,0.6000000000000001,0.4,0.3333333333333333,0.0,0.0,0.0,0.0,1.0,1.0,0.5192653666282683,0.7857142857146755,0.4333333333333333,0.21529509559434745,0.7256317689530686,0.42400000000000004,0.2494826651116764,0.07272727272727272,0.0,0.0,1.0,0.0,0.0,0.0,0.0,0.0,0.0,0.0,0.0,0.0,0.0,0.0,0.0,0.0
2 BHK,823.15,996.02,0,17,9,1,Unfurnished,0,3,3,1,3,Granite,1,1,0,1,0,Covered,0,Not Specified,1502.35,Pune Camp,411001,Society,1.09,6.46,1.34,1.93,21414.88,7288295.29,8854.1,Broker,23,3,0,2,2,0,0,0,0,0,0,0,0,0,0,0,1,0,0,0,0.26951165817986905,0.2714102763117045,0.0,0.6842105263157894,0.45,1.0,0.0,0.4000000000000001,0.6000000000000001,0.2,0.2222222222222222,1.0,1.0,0.0,1.0,0.0,0.0,0.08058501727928183,0.0,0.12361111111111113,0.5203657522859517,0.41155234657039713,0.524,0.1261596022914693,0.19999999999999998,1.0,0.0,0.0,0.0,0.0,0.0,0.0,0.0,0.0,0.0,0.0,0.0,1.0,0.0,0.0,0.0
3 BHK,1396.84,1629.03,8,14,5,1,Unfurnished,1,3,3,2,4,Marble,1,1,0,0,0,Bike,0,Municipal,2543.29,Kothrud,411038,Society,1.78,7.09,1.18,1.64,45379.7,13224886.59,9467.69,Broker,19,2,0,3,3,0,0,0,0,0,0,0,1,0,0,0,0,0,0,0,0.5440675370420001,0.5170676808444583,0.38095238095238093,0.5263157894736842,0.25,1.0,1.0,0.4000000000000001,0.6000000000000001,0.4,0.3333333333333333,1.0,1.0,0.0,0.0,0.0,0.0,0.20001858727528904,0.6607142857146755,0.21944444444444444,0.5727348295926848,0.35379061371841153,0.40800000000000003,0.14511073746319977,0.16363636363636364,0.5,0.0,0.0,0.0,0.0,0.0,0.0,0.0,1.0,0.0,0.0,0.0,0.0,0.0,0.0,0.0
3 BHK,1058.99,1210.77,7,9,13,1,Semi-Furnished,1,2,5,2,5,Marble,1,1,0,0,0,Stilt,1,Municipal,2131.37,Nigdi,411044,Society,4.08,10.1,1.11,2.12,19635.2,8057367.94,7608.51,Owner,15,3,1,3,3,0,0,0,0,0,0,0,0,0,1,0,0,0,0,0,0.382379685286573,0.35475007761564736,0.3333333333333333,0.2631578947368421,0.65,1.0,1.0,0.2,1.0,0.4,0.4444444444444445,1.0,1.0,0.0,0.0,0.0,1.0,0.15275642408360143,0.7678571428577925,0.5388888888888889,0.822942643391521,0.32851985559566793,0.6000000000000001,0.08768872685582699,0.12727272727272726,1.0,0.0,0.0,0.0,0.0,0.0,0.0,0.0,0.0,0.0,1.0,0.0,0.0,0.0,0.0,0.0
3 BHK,1032.57,1251.18,7,9,6,1,Semi-Furnished,1,4,3,2,5,Granite,0,0,1,0,0,Covered,1,Tanker,4056.19,Kharadi,411014,Society,4.41,0.28,1.96,1.46,48176.73,19209054.46,18603.23,Owner,13,2,1,3,3,0,0,0,0,0,1,0,0,0,0,0,0,0,0,0,0.36973563306405294,0.37043231915554187,0.3333333333333333,0.2631578947368421,0.30000000000000004,1.0,1.0,0.6000000000000001,0.6000000000000001,0.4,0.4444444444444445,0.0,0.0,1.0,0.0,0.0,1.0,0.37360308594664304,0.232142857143117,0.5847222222222223,0.006650041562759768,0.6353790613718412,0.33599999999999997,0.42726796526474575,0.10909090909090909,0.5,0.0,0.0,0.0,0.0,0.0,1.0,0.0,0.0,0.0,0.0,0.0,0.0,0.0,0.0,0.0
3 BHK,1049.81,1184.65,5,10,0,1,Semi-Furnished,0,3,4,2,6,Wooden,1,1,0,1,0,Not Specified,0,Corporation + Borewell,4722.73,Aundh,411007,Society,2.96,4.49,1.84,1.48,37707.94,16931220.42,16127.96,Owner,13,2,1,3,3,1,0,0,0,0,0,0,0,0,0,0,0,0,0,0,0.37798633178911906,0.3446134740763739,0.23809523809523808,0.3157894736842105,0.0,1.0,0.0,0.4000000000000001,0.8,0.4,0.5555555555555556,1.0,1.0,0.0,1.0,0.0,0.0,0.45007939749691356,0.107142857143117,0.38333333333333336,0.3566084788029925,0.5920577617328521,0.344,0.35081760532320616,0.10909090909090909,0.5,1.0,0.0,0.0,0.0,0.0,0.0,0.0,0.0,0.0,0.0,0.0,0.0,0.0,0.0,0.0
4 BHK,1057.79,1351.46,10,11,8,1,Semi-Furnished,1,4,5,3,7,Ceramic,1,1,0,0,0,Covered,1,Borewell,3768.96,Aundh,411007,Standalone,3.19,3.63,1.94,1.48,30699.52,8713230.09,8237.23,Broker,36,2,1,4,4,1,0,0,0,0,0,0,0,0,0,0,0,0,0,0,0.3818053907117424,0.4093488047190314,0.47619047619047616,0.368421052631579,0.4,1.0,1.0,0.6000000000000001,1.0,0.6000000000000001,0.6666666666666665,1.0,1.0,0.0,0.0,0.0,1.0,0.34064738791414056,0.107142857143117,0.4152777777777778,0.285120532003325,0.628158844765343,0.344,0.10710716213862229,0.3181818181818182,0.5,1.0,0.0,0.0,0.0,0.0,0.0,0.0,0.0,0.0,0.0,0.0,0.0,0.0,0.0,0.0
3 BHK,854.47,1072.18,7,16,10,1,Unfurnished,1,3,2,2,5,Marble,0,0,1,0,0,Covered,0,Corporation + Borewell,3093.61,Pune Camp,411001,Standalone,1.59,7.53,1.2,1.61,16609.42,4365206.52,5108.69,Owner,32,3,0,3,3,0,0,0,0,0,0,0,0,0,0,0,1,0,0,0,0.2845007465829473,0.3009663148090656,0.3333333333333333,0.631578947368421,0.5,1.0,1.0,0.4000000000000001,0.4,0.4,0.4444444444444445,0.0,0.0,1.0,0.0,0.0,0.0,0.2631602498496955,0.0,0.19305555555555556,0.6093100581878637,0.3610108303249097,0.39600000000000013,0.010480123839162275,0.2818181818181818,1.0,0.0,0.0,0.0,0.0,0.0,0.0,0.0,0.0,0.0,0.0,0.0,1.0,0.0,0.0,0.0
3 BHK,897.44,1048.06,3,16,13,1,Unfurnished,0,3,3,2,4,Vitrified,1,1,0,0,0,Open,1,Municipal,1310.07,Magarpatta,411013,Society,4.92,0.79,1.82,1.74,22603.68,6767477.87,7540.84,Broker,26,3,0,3,3,0,0,0,0,0,0,0,0,1,0,0,0,0,0,0,0.3050652781500058,0.291605867742937,0.14285714285714285,0.631578947368421,0.65,1.0,0.0,0.4000000000000001,0.6000000000000001,0.4,0.3333333333333333,1.0,1.0,0.0,0.0,0.0,1.0,0.05852352781895534,0.214285714286234,0.6555555555555556,0.04904405652535328,0.5848375451263538,0.44800000000000006,0.08559869390699959,0.22727272727272727,1.0,0.0,0.0,0.0,0.0,0.0,0.0,0.0,0.0,1.0,0.0,0.0,0.0,0.0,0.0,0.0
2 BHK,792.2,876.39,0,10,8,1,Unfurnished,1,2,1,1,3,Vitrified,1,1,1,1,0,Bike,1,Municipal,3288.71,Kharadi,411014,Society,3.49,1.56,2.39,1.98,19720.74,7478227.08,9439.84,Owner,46,2,0,2,2,0,0,0,0,0,1,0,0,0,0,0,0,0,0,0,0.2546996439373636,0.22498447687053713,0.0,0.3157894736842105,0.4,1.0,1.0,0.2,0.2,0.2,0.2222222222222222,1.0,1.0,1.0,1.0,0.0,1.0,0.2855452955835716,0.232142857143117,0.4569444444444445,0.11305070656691604,0.7906137184115524,0.544,0.1442505716936587,0.40909090909090906,0.5,0.0,0.0,0.0,0.0,0.0,1.0,0.0,0.0,0.0,0.0,0.0,0.0,0.0,0.0,0.0
1 BHK,572.61,664.98,6,14,4,1,Fully Furnished,1,1,2,1,2,Vitrified,1,1,1,1,1,Covered,1,Municipal,2026.28,Baner,411045,Society,2.95,4.35,2.03,1.94,41272.36,18713486.29,32680.83,Owner,63,1,2,1,1,0,1,0,0,0,0,0,0,0,0,0,0,0,0,0,0.14960852253149048,0.1429408568767464,0.2857142857142857,0.5263157894736842,0.2,1.0,1.0,0.0,0.4,0.2,0.1111111111111111,1.0,1.0,1.0,1.0,1.0,1.0,0.1406987897618534,0.7857142857146755,0.3819444444444445,0.34497090606816283,0.6606498194945848,0.528,0.8620640025103868,0.5636363636363637,0.0,0.0,1.0,0.0,0.0,0.0,0.0,0.0,0.0,0.0,0.0,0.0,0.0,0.0,0.0,0.0
2 BHK,490.6,582.12,12,13,11,1,Semi-Furnished,1,3,2,1,4,Vitrified,1,1,0,0,0,Not Specified,0,Corporation + Borewell,800.0,Wakad,411057,Society,4.12,3.19,1.74,2.02,10843.5,3125831.43,6371.45,Owner,74,3,1,2,2,0,0,0,0,0,0,0,0,0,0,0,0,0,0,1,0.11036027412994374,0.11078469419434961,0.5714285714285714,0.4736842105263157,0.55,1.0,1.0,0.4000000000000001,0.4,0.2,0.3333333333333333,1.0,1.0,0.0,0.0,0.0,0.0,0.0,1.0,0.5444444444444445,0.2485453034081463,0.555956678700361,0.56,0.049481306142417525,0.6636363636363637,1.0,0.0,0.0,0.0,0.0,0.0,0.0,0.0,0.0,0.0,0.0,0.0,0.0,0.0,0.0,1.0
1 BHK,349.44,436.79,0,13,8,1,Semi-Furnished,1,1,1,1,2,Vitrified,1,1,1,0,1,Open,1,Municipal,2528.26,Koregaon Park,411001,Society,2.87,5.0,1.48,1.22,23908.59,9706381.23,27777.26,Broker,6,1,1,1,1,0,0,0,0,0,0,1,0,0,0,0,0,0,0,0,0.0428040889773728,0.0543852840732692,0.0,0.4736842105263157,0.4,1.0,1.0,0.0,0.2,0.2,0.1111111111111111,1.0,1.0,1.0,0.0,1.0,1.0,0.1982941011790299,0.0,0.37083333333333335,0.399002493765586,0.4620938628158845,0.24,0.7106139823111619,0.045454545454545456,0.0,0.0,0.0,0.0,0.0,0.0,0.0,1.0,0.0,0.0,0.0,0.0,0.0,0.0,0.0,0.0
1 BHK,371.69,450.3,5,5,10,1,Fully Furnished,1,1,0,1,1,Wooden,1,1,1,1,1,Stilt,1,Borewell,1990.01,Kalyani Nagar,411006,Society,2.25,4.66,1.18,1.49,17191.64,4902852.24,13190.66,Builder,24,1,2,1,1,0,0,0,0,1,0,0,0,0,0,0,0,0,0,0,0.05345246755235651,0.05962822104936358,0.23809523809523808,0.05263157894736842,0.5,1.0,1.0,0.0,0.0,0.2,0.0,1.0,1.0,1.0,1.0,1.0,1.0,0.13653730534992267,0.089285714286234,0.2847222222222222,0.370739817123857,0.35379061371841153,0.348,0.26009714159347797,0.20909090909090908,0.0,0.0,0.0,0.0,0.0,1.0,0.0,0.0,0.0,0.0,0.0,0.0,0.0,0.0,0.0,0.0
2 BHK,572.94,716.4,4,16,6,1,Semi-Furnished,0,2,2,1,3,Wooden,1,0,1,0,0,Bike,1,Municipal,2157.1,Pimple Saudagar,411027,Society,4.67,5.02,1.67,1.99,11367.94,4397432.08,7675.27,Owner,20,3,1,2,2,0,0,0,0,0,0,0,0,0,0,1,0,0,0,0,0.1497664535395689,0.16289583980130395,0.19047619047619047,0.631578947368421,0.30000000000000004,1.0,0.0,0.2,0.4,0.2,0.2222222222222222,1.0,0.0,1.0,0.0,0.0,1.0,0.15570858823907366,0.464285714286234,0.6208333333333333,0.4006650041562759,0.5306859205776173,0.548,0.08975065384952755,0.17272727272727273,1.0,0.0,0.0,0.0,0.0,0.0,0.0,0.0,0.0,0.0,0.0,1.0,0.0,0.0,0.0,0.0
1 RK,463.59,522.41,7,14,17,1,Semi-Furnished,1,2,0,0,1,Marble,0,0,0,0,0,Covered,0,Municipal,1288.37,Magarpatta,411013,Standalone,5.48,1.75,2.29,2.31,17272.6,3459148.45,7461.62,Builder,27,3,1,1,1,0,0,0,0,0,0,0,0,1,0,0,0,0,0,0,0.097433860408132,0.08761254268860602,0.3333333333333333,0.5263157894736842,0.8500000000000001,1.0,1.0,0.2,0.0,0.0,0.0,0.0,0.0,0.0,0.0,0.0,0.0,0.0560337508203643,0.214285714286234,0.7333333333333334,0.12884455527847047,0.7545126353790614,0.676,0.08315193152771619,0.23636363636363636,1.0,0.0,0.0,0.0,0.0,0.0,0.0,0.0,0.0,1.0,0.0,0.0,0.0,0.0,0.0,0.0
2 BHK,431.06,472.5,14,15,2,1,Semi-Furnished,1,2,2,1,3,Marble,1,1,0,0,0,Bike,0,Municipal,800.0,Hadapsar,411028,Society,5.73,2.94,2.25,2.34,12099.44,3613205.49,8382.08,Owner,16,3,1,2,2,0,0,1,0,0,0,0,0,0,0,0,0,0,0,0,0.08186569164209963,0.06824355790127293,0.6666666666666666,0.5789473684210527,0.1,1.0,1.0,0.2,0.4,0.2,0.2222222222222222,1.0,1.0,0.0,0.0,0.0,0.0,0.0,0.482142857143117,0.7680555555555556,0.227763923524522,0.740072202166065,0.688,0.111580950710185,0.13636363636363635,1.0,0.0,0.0,1.0,0.0,0.0,0.0,0.0,0.0,0.0,0.0,0.0,0.0,0.0,0.0,0.0
2 BHK,607.45,701.16,7,16,7,1,Unfurnished,0,2,3,1,3,Vitrified,0,0,0,0,1,Open,1,Tanker,1361.84,Hinjewadi,411057,Standalone,5.37,0.79,2.6,2.71,10567.19,4316116.95,7105.28,Owner,61,3,0,2,2,0,0,0,1,0,0,0,0,0,0,0,0,0,0,0,0.16628220835407176,0.1569815274759392,0.3333333333333333,0.631578947368421,0.35000000000000003,1.0,0.0,0.2,0.6000000000000001,0.2,0.2222222222222222,0.0,0.0,0.0,0.0,1.0,1.0,0.06446342437273683,1.0,0.7180555555555556,0.04904405652535328,0.8664259927797835,0.8360000000000001,0.07214613367068717,0.5454545454545455,1.0,0.0,0.0,0.0,1.0,0.0,0.0,0.0,0.0,0.0,0.0,0.0,0.0,0.0,0.0,0.0
3 BHK,991.82,1192.67,2,22,12,1,Unfurnished,0,4,1,1,3,Vitrified,0,0,0,0,0,Not Specified,1,Corporation + Borewell,4044.88,Wakad,411057,Standalone,4.66,3.88,2.31,2.5,20166.11,5861693.96,5910.03,Broker,25,3,0,3,3,0,0,0,0,0,0,0,0,0,0,0,0,0,0,1,0.35023354646043114,0.3477258615336853,0.09523809523809523,0.9473684210526316,0.6000000000000001,1.0,0.0,0.6000000000000001,0.2,0.2,0.2222222222222222,0.0,0.0,0.0,0.0,0.0,1.0,0.37230541876442813,1.0,0.6194444444444445,0.30590191188694926,0.7617328519855596,0.752,0.0352300426098634,0.21818181818181817,1.0,0.0,0.0,0.0,0.0,0.0,0.0,0.0,0.0,0.0,0.0,0.0,0.0,0.0,0.0,1.0
3 BHK,784.57,949.42,3,13,4,1,Semi-Furnished,1,4,3,1,6,Vitrified,1,1,0,1,1,Bike,0,Borewell,3012.51,Kharadi,411014,Society,4.48,2.9,1.97,2.05,26235.87,12561256.96,16010.46,Owner,35,2,1,3,3,0,0,0,0,0,1,0,0,0,0,0,0,0,0,0,0.25104808759906583,0.2533258304874263,0.14285714285714285,0.4736842105263157,0.2,1.0,1.0,0.6000000000000001,0.6000000000000001,0.2,0.5555555555555556,1.0,1.0,0.0,1.0,1.0,0.0,0.2538551385784636,0.232142857143117,0.5944444444444446,0.2244389027431421,0.6389891696750902,0.572,0.34718853968869723,0.3090909090909091,0.5,0.0,0.0,0.0,0.0,0.0,1.0,0.0,0.0,0.0,0.0,0.0,0.0,0.0,0.0,0.0
2 BHK,552.15,703.48,2,15,11,1,Fully Furnished,1,3,3,2,3,Vitrified,1,1,1,1,1,Bike,1,Borewell,1705.53,Kalyani Nagar,411006,Society,1.88,5.61,1.32,1.28,42768.15,16754352.57,30343.91,Owner,26,1,2,2,2,0,0,0,0,1,0,0,0,0,0,0,0,0,0,0,0.13981680003062902,0.1578818689847874,0.09523809523809523,0.5789473684210527,0.55,1.0,1.0,0.4000000000000001,0.6000000000000001,0.4,0.2222222222222222,1.0,1.0,1.0,1.0,1.0,1.0,0.10389713205226467,0.089285714286234,0.23333333333333334,0.44970906068162925,0.40433212996389895,0.264,0.7898866743180755,0.22727272727272727,0.0,0.0,0.0,0.0,0.0,1.0,0.0,0.0,0.0,0.0,0.0,0.0,0.0,0.0,0.0,0.0
3 BHK,1029.08,1215.21,7,10,11,1,Semi-Furnished,1,3,3,2,3,Vitrified,0,1,0,0,0,Covered,1,Corporation + Borewell,2556.68,Kharadi,411014,Standalone,4.17,1.17,1.83,1.73,38002.7,10528189.29,10230.71,Broker,25,2,1,3,3,0,0,0,0,0,1,0,0,0,0,0,0,0,0,0,0.36806539300892066,0.3564731449860293,0.3333333333333333,0.3157894736842105,0.55,1.0,1.0,0.4000000000000001,0.6000000000000001,0.4,0.2222222222222222,0.0,1.0,0.0,0.0,0.0,1.0,0.2015549058933136,0.232142857143117,0.5513888888888889,0.08063175394846216,0.5884476534296029,0.44400000000000006,0.1686771175520763,0.21818181818181817,0.5,0.0,0.0,0.0,0.0,0.0,1.0,0.0,0.0,0.0,0.0,0.0,0.0,0.0,0.0,0.0
2 BHK,601.06,731.795,8,11,11,1,Semi-Furnished,1,2,2,1,4,Granite,0,1,0,1,1,Covered,1,Corporation + Borewell,2775.95,Aundh,411007,Standalone,2.73,2.76,1.26,1.76,16434.09,5895261.35,9808.19,Broker,26,2,1,2,2,1,0,0,0,0,0,0,0,0,0,0,0,0,0,0,0.16322408974309888,0.1688703042533375,0.38095238095238093,0.368421052631579,0.55,1.0,1.0,0.2,0.4,0.2,0.3333333333333333,0.0,1.0,0.0,1.0,1.0,1.0,0.22671312720580472,0.107142857143117,0.3513888888888889,0.2128013300083125,0.38267148014440433,0.45600000000000007,0.155627306387032,0.22727272727272727,0.5,1.0,0.0,0.0,0.0,0.0,0.0,0.0,0.0,0.0,0.0,0.0,0.0,0.0,0.0,0.0
2 BHK,505.18,612.56,9,13,11,1,Semi-Furnished,1,3,1,1,3,Marble,1,1,0,0,1,Covered,1,Municipal,2070.49,Kothrud,411038,Society,2.25,8.45,1.23,1.23,21938.44,7610524.72,15064.83,Owner,13,2,1,2,2,0,0,0,0,0,0,0,1,0,0,0,0,0,0,0,0.1173379532141353,0.12259779571561627,0.42857142857142855,0.4736842105263157,0.55,1.0,1.0,0.4000000000000001,0.2,0.2,0.2222222222222222,1.0,1.0,0.0,0.0,1.0,1.0,0.14577128013548057,0.6607142857146755,0.2847222222222222,0.6857855361596008,0.37184115523465705,0.244,0.3179821283188191,0.10909090909090909,0.5,0.0,0.0,0.0,0.0,0.0,0.0,0.0,1.0,0.0,0.0,0.0,0.0,0.0,0.0,0.0
2 BHK,593.44,747.69,5,17,4,1,Semi-Furnished,1,2,2,0,4,Vitrified,1,1,0,0,1,Covered,0,Municipal,2278.53,Aundh,411007,Society,4.01,2.69,1.32,1.47,20788.26,6506871.49,10964.64,Owner,28,2,1,2,2,1,0,0,0,0,0,0,0,0,0,0,0,0,0,0,0.15957731919292473,0.17503880782365733,0.23809523809523808,0.6842105263157894,0.2,1.0,1.0,0.2,0.4,0.0,0.3333333333333333,1.0,1.0,0.0,0.0,1.0,0.0,0.16964101316713404,0.107142857143117,0.5291666666666667,0.20698254364089771,0.40433212996389895,0.33999999999999997,0.19134503364684344,0.24545454545454543,0.5,1.0,0.0,0.0,0.0,0.0,0.0,0.0,0.0,0.0,0.0,0.0,0.0,0.0,0.0,0.0
1 BHK,462.09,514.83,2,10,7,1,Semi-Furnished,1,2,2,1,2,Vitrified,1,1,1,1,1,Not Specified,1,Municipal,3640.39,Baner,411045,Society,3.05,3.33,1.56,2.46,29123.94,10411838.76,22531.82,Broker,15,1,1,1,1,0,1,0,0,0,0,0,0,0,0,0,0,0,0,0,0.09671599218959377,0.08467090965538657,0.09523809523809523,0.3157894736842105,0.35000000000000003,1.0,1.0,0.2,0.4,0.2,0.1111111111111111,1.0,1.0,1.0,1.0,1.0,1.0,0.3258957460381567,0.7857142857146755,0.3958333333333333,0.26018287614297586,0.49097472924187724,0.736,0.5486050798270897,0.12727272727272726,0.0,0.0,1.0,0.0,0.0,0.0,0.0,0.0,0.0,0.0,0.0,0.0,0.0,0.0,0.0,0.0
2 BHK,464.41,584.14,8,14,19,1,Unfurnished,0,2,1,1,3,Vitrified,0,0,0,0,0,Stilt,1,Corporation + Borewell,1082.6,Wakad,411057,Standalone,4.29,2.04,2.19,2.2,9373.32,2800000.0,6029.17,Broker,9,3,0,2,2,0,0,0,0,0,0,0,0,0,0,0,0,0,0,1,0.09782629503426625,0.11156861223222603,0.38095238095238093,0.5263157894736842,0.9500000000000001,1.0,0.0,0.2,0.2,0.2,0.2222222222222222,0.0,0.0,0.0,0.0,0.0,1.0,0.03242446911529158,1.0,0.5680555555555555,0.15295095594347463,0.7184115523465704,0.6320000000000001,0.038909760734930604,0.07272727272727272,1.0,0.0,0.0,0.0,0.0,0.0,0.0,0.0,0.0,0.0,0.0,0.0,0.0,0.0,0.0,1.0
1 BHK,543.18,683.59,8,11,9,1,Semi-Furnished,1,1,0,0,2,Wooden,1,1,1,1,0,Covered,1,Borewell,1297.56,Kharadi,411014,Society,4.39,1.6,2.14,2.25,32766.77,6664761.35,12269.82,Broker,25,2,1,1,1,0,0,0,0,0,1,0,0,0,0,0,0,0,0,0,0.13552394808377038,0.15016299285936047,0.38095238095238093,0.368421052631579,0.45,1.0,1.0,0.0,0.0,0.0,0.1111111111111111,1.0,1.0,1.0,1.0,0.0,1.0,0.05708817711608097,0.232142857143117,0.5819444444444444,0.1163757273482959,0.700361010830325,0.652,0.2316563858583188,0.21818181818181817,0.5,0.0,0.0,0.0,0.0,0.0,1.0,0.0,0.0,0.0,0.0,0.0,0.0,0.0,0.0,0.0
4 BHK,1294.7,1649.81,5,11,6,1,Fully Furnished,1,4,4,3,6,Granite,1,1,1,0,1,Not Specified,0,Borewell,3931.53,Kothrud,411038,Society,2.88,7.72,1.14,2.03,58328.76,13631360.41,10528.63,Broker,11,2,2,4,4,0,0,0,0,0,0,0,1,0,0,0,0,0,0,0,0.4951854971476703,0.5251319466004347,0.23809523809523808,0.368421052631579,0.30000000000000004,1.0,1.0,0.6000000000000001,0.8,0.6000000000000001,0.5555555555555556,1.0,1.0,1.0,0.0,1.0,0.0,0.35930006287547445,0.6607142857146755,0.37222222222222223,0.625103906899418,0.3393501805054151,0.564,0.17787857486129247,0.0909090909090909,0.5,0.0,0.0,0.0,0.0,0.0,0.0,0.0,1.0,0.0,0.0,0.0,0.0,0.0,0.0,0.0
1 BHK,422.15,468.85,8,15,14,1,Semi-Furnished,0,1,0,0,1,Ceramic,0,0,0,0,1,Covered,1,Corporation + Borewell,1400.33,Kothrud,411038,Standalone,1.45,7.88,1.3,1.64,19220.3,3355067.33,7947.64,Owner,15,2,1,1,1,0,0,0,0,0,0,0,1,0,0,0,0,0,0,0,0.07760155442398255,0.06682707233778332,0.38095238095238093,0.5789473684210527,0.7000000000000001,1.0,0.0,0.0,0.0,0.0,0.0,0.0,0.0,0.0,0.0,1.0,1.0,0.06887962329788747,0.6607142857146755,0.1736111111111111,0.6384039900249375,0.39711191335740076,0.40800000000000003,0.0981629824186441,0.12727272727272726,0.5,0.0,0.0,0.0,0.0,0.0,0.0,0.0,1.0,0.0,0.0,0.0,0.0,0.0,0.0,0.0
3 BHK,1078.75,1212.08,0,12,10,1,Fully Furnished,1,3,3,2,3,Granite,0,1,0,1,0,Covered,1,Municipal,4156.6,Shivajinagar,411005,Standalone,0.4,7.61,1.14,1.49,32468.07,9933811.07,9208.6,Broker,45,2,2,3,3,0,0,0,0,0,0,0,0,0,0,0,0,1,0,0,0.3918364026187832,0.35525846010555734,0.0,0.42105263157894735,0.5,1.0,1.0,0.4000000000000001,0.6000000000000001,0.4,0.2222222222222222,0.0,1.0,0.0,1.0,0.0,1.0,0.38512375453781944,0.071428571429351,0.02777777777777778,0.6159600997506234,0.3393501805054151,0.348,0.13710857052494516,0.39999999999999997,0.5,0.0,0.0,0.0,0.0,0.0,0.0,0.0,0.0,0.0,0.0,0.0,0.0,1.0,0.0,0.0
3 BHK,978.01,1218.1,7,13,13,1,Fully Furnished,1,4,2,1,5,Granite,1,1,1,1,0,Open,1,Borewell,4975.49,Kothrud,411038,Society,1.53,7.67,1.02,1.18,55011.14,8286310.74,8472.64,Owner,49,2,2,3,3,0,0,0,0,0,0,0,1,0,0,0,0,0,0,0,0.3436243730617558,0.3575946910897237,0.3333333333333333,0.4736842105263157,0.65,1.0,1.0,0.6000000000000001,0.4,0.2,0.4444444444444445,1.0,1.0,1.0,1.0,0.0,1.0,0.4790801363984744,0.6607142857146755,0.18472222222222223,0.6209476309226932,0.296028880866426,0.22399999999999998,0.11437795653027968,0.43636363636363634,0.5,0.0,0.0,0.0,0.0,0.0,0.0,0.0,1.0,0.0,0.0,0.0,0.0,0.0,0.0,0.0
3 BHK,1121.21,1411.6,12,13,5,1,Semi-Furnished,1,4,2,2,6,Vitrified,1,1,0,0,1,Covered,1,Tanker,2891.75,Pimple Saudagar,411027,Society,3.24,5.26,2.02,1.86,40074.73,9829634.29,8766.95,Owner,16,3,1,3,3,0,0,0,0,0,0,0,0,0,0,1,0,0,0,0,0.4121568589915387,0.4326878298665012,0.5714285714285714,0.4736842105263157,0.25,1.0,1.0,0.6000000000000001,0.4,0.4,0.5555555555555556,1.0,1.0,0.0,0.0,1.0,1.0,0.23999958694943802,0.464285714286234,0.4222222222222223,0.4206151288445552,0.6570397111913358,0.4960000000000001,0.12346791658893777,0.13636363636363635,1.0,0.0,0.0,0.0,0.0,0.0,0.0,0.0,0.0,0.0,0.0,1.0,0.0,0.0,0.0,0.0
1 BHK,392.18,491.47,12,15,7,1,Unfurnished,0,1,1,0,2,Ceramic,1,1,0,1,0,Covered,0,Municipal,992.04,Magarpatta,411013,Society,4.88,1.37,1.62,2.03,15123.79,5184000.82,13218.47,Builder,32,3,0,1,1,0,0,0,0,0,0,0,0,1,0,0,0,0,0,0,0.06325854741758873,0.07560540204905311,0.5714285714285714,0.5789473684210527,0.35000000000000003,1.0,0.0,0.0,0.2,0.0,0.1111111111111111,1.0,1.0,0.0,1.0,0.0,0.0,0.022033952756194602,0.214285714286234,0.65,0.09725685785536159,0.5126353790613719,0.564,0.26095607193642,0.2818181818181818,1.0,0.0,0.0,0.0,0.0,0.0,0.0,0.0,0.0,1.0,0.0,0.0,0.0,0.0,0.0,0.0
2 BHK,785.21,850.37,6,14,5,1,Unfurnished,1,3,2,1,3,Granite,1,1,0,1,0,Open,0,Tanker,1714.24,Magarpatta,411013,Society,5.04,2.62,1.97,2.22,17121.38,5195385.16,6616.55,Broker,32,3,0,2,2,0,0,0,0,0,0,0,0,1,0,0,0,0,0,0,0.2513543780389755,0.21488668115492088,0.2857142857142857,0.5263157894736842,0.25,1.0,1.0,0.4000000000000001,0.4,0.2,0.2222222222222222,1.0,1.0,0.0,1.0,0.0,0.0,0.10489648493971757,0.214285714286234,0.6722222222222223,0.20116375727348293,0.6389891696750902,0.6400000000000001,0.05705138262767828,0.2818181818181818,1.0,0.0,0.0,0.0,0.0,0.0,0.0,0.0,0.0,1.0,0.0,0.0,0.0,0.0,0.0,0.0
2 BHK,735.31,887.4,2,9,6,1,Fully Furnished,1,2,1,2,3,Ceramic,1,0,1,1,1,Covered,1,Corporation + Borewell,4324.56,Koregaon Park,411001,Society,2.45,3.95,1.12,1.4,40811.74,18371402.45,24984.68,Not Specified,5,1,2,2,2,0,0,0,0,0,0,1,0,0,0,0,0,0,0,0,0.22747329530227034,0.2292572182552003,0.09523809523809523,0.2631578947368421,0.30000000000000004,1.0,1.0,0.2,0.2,0.4,0.2222222222222222,1.0,0.0,1.0,1.0,1.0,1.0,0.4043948579794485,0.0,0.3125,0.31172069825436405,0.332129963898917,0.31199999999999994,0.6243632920165498,0.03636363636363636,0.0,0.0,0.0,0.0,0.0,0.0,0.0,1.0,0.0,0.0,0.0,0.0,0.0,0.0,0.0,0.0
1 BHK,445.27,527.21,4,12,9,1,Semi-Furnished,1,1,1,1,1,Vitrified,0,0,1,1,1,Covered,1,Municipal,1021.73,Kalyani Nagar,411006,Standalone,1.78,3.87,1.29,1.63,22581.23,7471265.4,16779.03,Owner,44,1,1,1,1,0,0,0,0,1,0,0,0,0,0,0,0,0,0,0,0.08866629656571844,0.08947531822415403,0.19047619047619047,0.42105263157894735,0.45,1.0,1.0,0.0,0.2,0.2,0.0,0.0,0.0,1.0,1.0,1.0,1.0,0.02544047252984291,0.089285714286234,0.21944444444444444,0.30507065669160427,0.39350180505415167,0.404,0.3709263352181825,0.3909090909090909,0.0,0.0,0.0,0.0,0.0,1.0,0.0,0.0,0.0,0.0,0.0,0.0,0.0,0.0,0.0,0.0
1 BHK,482.78,608.84,3,16,12,1,Unfurnished,0,1,1,0,1,Marble,1,1,0,0,0,Open,0,Corporation + Borewell,1454.42,Wakad,411057,Society,4.0,1.59,1.86,2.09,14996.08,3578782.58,7412.89,Owner,25,3,0,1,1,0,0,0,0,0,0,0,0,0,0,0,0,0,0,1,0.10661778781729774,0.12115414467556662,0.14285714285714285,0.631578947368421,0.6000000000000001,1.0,0.0,0.0,0.2,0.0,0.0,1.0,1.0,0.0,0.0,0.0,0.0,0.07508570799161049,1.0,0.5277777777777778,0.11554447215295094,0.5992779783393503,0.588,0.08164687307350668,0.21818181818181817,1.0,0.0,0.0,0.0,0.0,0.0,0.0,0.0,0.0,0.0,0.0,0.0,0.0,0.0,0.0,1.0
2 BHK,596.98,713.44,2,13,14,1,Semi-Furnished,1,2,1,0,3,Marble,1,0,0,0,0,Covered,1,Corporation + Borewell,1562.56,Hadapsar,411028,Society,5.55,2.41,2.03,2.2,11324.78,3269226.61,5476.32,Owner,41,3,1,2,2,0,0,1,0,0,0,0,0,0,0,0,0,0,0,0,0.16127148818867493,0.16174712822104942,0.09523809523809523,0.4736842105263157,0.7000000000000001,1.0,1.0,0.2,0.2,0.0,0.2222222222222222,1.0,0.0,0.0,0.0,0.0,1.0,0.08749328792836786,0.482142857143117,0.7430555555555556,0.18370739817123855,0.6606498194945848,0.6320000000000001,0.0218346208537539,0.3636363636363636,1.0,0.0,0.0,1.0,0.0,0.0,0.0,0.0,0.0,0.0,0.0,0.0,0.0,0.0,0.0,0.0
3 BHK,853.29,1018.97,12,17,5,1,Unfurnished,1,5,2,1,6,Vitrified,1,1,1,0,0,Bike,0,Tanker,3639.3,Kothrud,411038,Society,2.7,8.0,1.52,1.5,26781.82,8547931.1,10017.59,Broker,52,2,0,3,3,0,0,0,0,0,0,0,1,0,0,0,0,0,0,0,0.2839360235843639,0.2803166718410432,0.5714285714285714,0.6842105263157894,0.25,1.0,1.0,0.8,0.4,0.2,0.5555555555555556,1.0,1.0,1.0,0.0,0.0,0.0,0.3257706835068911,0.6607142857146755,0.34722222222222227,0.6483790523690772,0.47653429602888087,0.3520000000000001,0.16209476463270153,0.4636363636363636,0.5,0.0,0.0,0.0,0.0,0.0,0.0,0.0,1.0,0.0,0.0,0.0,0.0,0.0,0.0,0.0
1 BHK,438.81,477.91,3,14,9,1,Fully Furnished,1,1,1,1,1,Marble,0,0,1,1,0,Covered,1,Tanker,2934.09,Koregaon Park,411001,Standalone,1.63,4.33,1.19,1.26,24933.42,12987853.4,29597.73,Broker,49,1,2,1,1,0,0,0,0,0,0,1,0,0,0,0,0,0,0,0,0.08557467743788048,0.07034306116113012,0.14285714285714285,0.5263157894736842,0.45,1.0,1.0,0.0,0.2,0.2,0.0,0.0,0.0,1.0,1.0,0.0,1.0,0.244857520503371,0.0,0.1986111111111111,0.34330839567747296,0.3574007220216606,0.256,0.7668404088273701,0.43636363636363634,0.0,0.0,0.0,0.0,0.0,0.0,0.0,1.0,0.0,0.0,0.0,0.0,0.0,0.0,0.0,0.0
2 BHK,771.59,893.3,6,15,3,1,Semi-Furnished,1,3,2,1,3,Marble,1,1,1,0,1,Bike,0,Corporation + Borewell,1864.69,Pimple Saudagar,411027,Society,4.56,5.79,1.83,1.95,29784.8,10767121.81,13954.44,Broker,11,3,1,2,2,0,0,0,0,0,0,0,0,0,0,1,0,0,0,0,0.24483613461464837,0.231546879850978,0.2857142857142857,0.5789473684210527,0.15000000000000002,1.0,1.0,0.4000000000000001,0.4,0.2,0.2222222222222222,1.0,1.0,1.0,0.0,1.0,0.0,0.1221585563423914,0.464285714286234,0.6055555555555555,0.4646716541978387,0.5884476534296029,0.532,0.2836869947877352,0.0909090909090909,1.0,0.0,0.0,0.0,0.0,0.0,0.0,0.0,0.0,0.0,0.0,1.0,0.0,0.0,0.0,0.0
3 BHK,1111.43,1349.58,13,13,7,1,Semi-Furnished,1,3,3,2,5,Marble,1,1,0,0,0,Covered,1,Municipal,3273.4,Viman Nagar,411014,Society,1.59,6.7,1.55,1.38,37124.62,11995005.87,10792.42,Broker,10,2,1,3,3,0,0,0,0,0,0,0,0,0,0,0,0,0,1,0,0.40747635820666955,0.40861921763427517,0.6190476190476191,0.4736842105263157,0.35000000000000003,1.0,1.0,0.4000000000000001,0.6000000000000001,0.4,0.4444444444444445,1.0,1.0,0.0,0.0,0.0,1.0,0.28378868333249196,0.232142857143117,0.19305555555555556,0.540315876974231,0.4873646209386282,0.30399999999999994,0.18602590442492747,0.08181818181818182,0.5,0.0,0.0,0.0,0.0,0.0,0.0,0.0,0.0,0.0,0.0,0.0,0.0,0.0,1.0,0.0
2 BHK,643.59,748.26,4,6,4,1,Fully Furnished,1,3,2,2,4,Vitrified,0,0,1,1,1,Covered,1,Municipal,3619.82,Baner,411045,Society,2.82,2.08,2.27,2.74,60746.66,21759065.05,33809.13,Broker,31,1,2,2,2,0,1,0,0,0,0,0,0,0,0,0,0,0,0,0,0.18357804663271948,0.17526001241850359,0.19047619047619047,0.10526315789473684,0.2,1.0,1.0,0.4000000000000001,0.4,0.4,0.3333333333333333,0.0,0.0,1.0,1.0,1.0,1.0,0.32353562102151995,0.7857142857146755,0.3638888888888889,0.15627597672485452,0.7472924187725632,0.8480000000000001,0.8969122983011649,0.2727272727272727,0.0,0.0,1.0,0.0,0.0,0.0,0.0,0.0,0.0,0.0,0.0,0.0,0.0,0.0,0.0,0.0
2 BHK,790.23,924.86,8,19,4,1,Unfurnished,1,2,2,1,2,Vitrified,0,0,1,1,0,Not Specified,1,Corporation + Borewell,1671.13,Wakad,411057,Standalone,4.13,3.76,1.98,2.27,17487.34,5616331.14,7107.19,Owner,84,3,0,2,2,0,0,0,0,0,0,0,0,0,0,0,0,0,0,1,0.25375684367701673,0.2437946289972059,0.38095238095238093,0.7894736842105263,0.2,1.0,1.0,0.2,0.4,0.2,0.1111111111111111,0.0,0.0,1.0,1.0,0.0,1.0,0.0999502044600282,1.0,0.5458333333333333,0.29592684954280957,0.6425992779783394,0.66,0.07220512529078854,0.7545454545454545,1.0,0.0,0.0,0.0,0.0,0.0,0.0,0.0,0.0,0.0,0.0,0.0,0.0,0.0,0.0,1.0
1 BHK,392.35,482.58,3,13,10,1,Fully Furnished,1,1,1,1,2,Vitrified,1,1,0,1,1,Covered,1,Municipal,800.0,Kalyani Nagar,411006,Society,2.13,4.72,1.33,1.3,26081.86,11775369.68,30012.52,Broker,15,1,2,1,1,0,0,0,0,1,0,0,0,0,0,0,0,0,0,0,0.06333990581568975,0.07215538652592365,0.14285714285714285,0.4736842105263157,0.5,1.0,1.0,0.0,0.2,0.2,0.1111111111111111,1.0,1.0,0.0,1.0,1.0,1.0,0.0,0.089285714286234,0.26805555555555555,0.3757273482959268,0.40794223826714804,0.272,0.7796514738021613,0.12727272727272726,0.0,0.0,0.0,0.0,0.0,1.0,0.0,0.0,0.0,0.0,0.0,0.0,0.0,0.0,0.0,0.0
1 RK,440.59,503.04,3,9,13,1,Semi-Furnished,0,2,1,0,1,Vitrified,0,1,1,1,0,Not Specified,0,Corporation + Borewell,2559.56,Aundh,411007,Standalone,3.98,3.58,1.38,1.81,14063.34,4589609.02,10416.89,Owner,30,2,1,1,1,1,0,0,0,0,0,0,0,0,0,0,0,0,0,0,0.08642654772387916,0.08009546724619687,0.14285714285714285,0.2631578947368421,0.65,1.0,0.0,0.2,0.2,0.0,0.0,0.0,1.0,1.0,1.0,0.0,0.0,0.20188534634289623,0.107142857143117,0.525,0.28096425602660013,0.42599277978339345,0.4760000000000001,0.17442741065703696,0.2636363636363636,0.5,1.0,0.0,0.0,0.0,0.0,0.0,0.0,0.0,0.0,0.0,0.0,0.0,0.0,0.0,0.0
2 BHK,676.22,762.04,0,7,1,1,Fully Furnished,1,3,2,2,4,Vitrified,1,1,1,1,0,Not Specified,1,Municipal,3512.77,Koregaon Park,411001,Society,2.94,5.02,1.24,1.18,56828.17,21503598.96,31799.5,Broker,6,1,2,2,2,0,0,0,0,0,0,1,0,0,0,0,0,0,0,0,0.19919407327998778,0.18060773051847256,0.0,0.15789473684210525,0.05,1.0,1.0,0.4000000000000001,0.4,0.4,0.3333333333333333,1.0,1.0,1.0,1.0,0.0,1.0,0.3112531036160282,0.0,0.38055555555555554,0.4006650041562759,0.37545126353790614,0.22399999999999998,0.834843539398372,0.045454545454545456,0.0,0.0,0.0,0.0,0.0,0.0,0.0,1.0,0.0,0.0,0.0,0.0,0.0,0.0,0.0,0.0
2 BHK,755.28,877.45,9,11,10,1,Unfurnished,1,2,3,1,2,Vitrified,1,1,1,0,0,Open,0,Municipal,2221.11,Hinjewadi,411057,Society,6.31,0.98,2.38,2.47,16669.58,5774688.26,7645.75,Builder,35,3,0,2,2,0,0,0,1,0,0,0,0,0,0,0,0,0,0,0,0.23703051418507598,0.225395839801304,0.42857142857142855,0.368421052631579,0.5,1.0,1.0,0.2,0.6000000000000001,0.2,0.1111111111111111,1.0,1.0,1.0,0.0,0.0,0.0,0.16305285670358116,1.0,0.8486111111111111,0.06483790523690772,0.7870036101083032,0.7400000000000001,0.088838909019479,0.3090909090909091,1.0,0.0,0.0,0.0,1.0,0.0,0.0,0.0,0.0,0.0,0.0,0.0,0.0,0.0,0.0,0.0
4 BHK,1584.93,1969.13,10,18,10,1,Unfurnished,1,5,3,2,5,Marble,0,1,0,0,0,Covered,1,Municipal,4101.92,Wakad,411057,Standalone,3.98,3.05,2.58,1.63,41585.57,11799819.62,7445.02,Owner,32,3,0,4,4,0,0,0,0,0,0,0,0,0,0,0,0,0,0,1,0.6340834258585705,0.6490530891027633,0.47619047619047616,0.7368421052631579,0.5,1.0,1.0,0.8,0.6000000000000001,0.4,0.4444444444444445,0.0,1.0,0.0,0.0,0.0,1.0,0.37884997544643884,1.0,0.525,0.23690773067331666,0.8592057761732853,0.404,0.08263922948913877,0.2818181818181818,1.0,0.0,0.0,0.0,0.0,0.0,0.0,0.0,0.0,0.0,0.0,0.0,0.0,0.0,0.0,1.0
2 BHK,751.33,909.21,2,13,5,1,Semi-Furnished,1,2,2,1,4,Wooden,1,0,0,0,0,Covered,0,Corporation + Borewell,2639.79,Wakad,411057,Society,4.59,2.84,1.71,1.98,24232.17,5922265.18,7882.41,Broker,1,3,1,2,2,0,0,0,0,0,0,0,0,0,0,0,0,0,0,1,0.23514012787625865,0.23772120459484636,0.09523809523809523,0.4736842105263157,0.25,1.0,1.0,0.2,0.4,0.2,0.3333333333333333,1.0,0.0,0.0,0.0,0.0,0.0,0.2110906370616501,1.0,0.6097222222222222,0.21945137157107228,0.5451263537906137,0.544,0.09614831049235459,0.0,1.0,0.0,0.0,0.0,0.0,0.0,0.0,0.0,0.0,0.0,0.0,0.0,0.0,0.0,0.0,1.0
4 BHK,1346.02,1648.94,10,12,10,1,Fully Furnished,1,4,3,3,8,Ceramic,1,1,0,1,0,Covered,1,Corporation + Borewell,3799.33,Nigdi,411044,Society,3.1,9.87,2.0,2.36,53682.63,11487063.82,8534.13,Not Specified,35,3,2,4,4,0,0,0,0,0,0,0,0,0,1,0,0,0,0,0,0.519746161797925,0.5247943185346167,0.47619047619047616,0.42105263157894735,0.5,1.0,1.0,0.6000000000000001,0.6000000000000001,0.6000000000000001,0.7777777777777777,1.0,1.0,0.0,1.0,0.0,1.0,0.34413192834949585,0.7678571428577925,0.4027777777777778,0.8038237738985867,0.6498194945848376,0.696,0.1162771160695644,0.3090909090909091,1.0,0.0,0.0,0.0,0.0,0.0,0.0,0.0,0.0,0.0,1.0,0.0,0.0,0.0,0.0,0.0
3 BHK,869.03,1049.68,0,6,11,1,Fully Furnished,1,4,2,3,6,Granite,1,1,1,0,0,Bike,0,Municipal,3462.32,Koregaon Park,411001,Society,1.56,5.1,1.05,0.99,67571.99,17845444.02,20534.98,Owner,13,1,2,3,3,0,0,0,0,0,0,1,0,0,0,0,0,0,0,0,0.2914688540908917,0.2922345544861845,0.0,0.10526315789473684,0.55,1.0,1.0,0.6000000000000001,0.4,0.6000000000000001,0.5555555555555556,1.0,1.0,1.0,0.0,0.0,0.0,0.3054646589349721,0.0,0.18888888888888888,0.40731504571903565,0.3068592057761733,0.14800000000000002,0.4869313485793212,0.10909090909090909,0.0,0.0,0.0,0.0,0.0,0.0,0.0,1.0,0.0,0.0,0.0,0.0,0.0,0.0,0.0,0.0
2 BHK,835.39,973.79,9,10,6,1,Unfurnished,0,3,2,1,3,Wooden,1,1,1,0,0,Covered,1,Tanker,3376.43,Kothrud,411038,Society,1.56,8.26,1.47,1.5,34403.93,7198251.56,8616.61,Owner,60,2,0,2,2,0,0,0,0,0,0,0,1,0,0,0,0,0,0,0,0.275369462843141,0.26278329711269793,0.42857142857142855,0.3157894736842105,0.30000000000000004,1.0,0.0,0.4000000000000001,0.4,0.2,0.2222222222222222,1.0,1.0,1.0,0.0,0.0,1.0,0.2956099609437746,0.6607142857146755,0.18888888888888888,0.6699916874480465,0.45848375451263534,0.3520000000000001,0.1188245657166648,0.5363636363636364,0.5,0.0,0.0,0.0,0.0,0.0,0.0,0.0,1.0,0.0,0.0,0.0,0.0,0.0,0.0,0.0
3 BHK,1185.63,1481.17,0,9,10,1,Unfurnished,1,3,3,1,4,Marble,1,1,0,0,1,Covered,0,Corporation + Borewell,3281.14,Aundh,411007,Society,3.18,4.08,1.54,1.64,38931.96,10607032.85,8946.3,Owner,29,2,0,3,3,1,0,0,0,0,0,0,0,0,0,0,0,0,0,0,0.4429869060836939,0.4596864327848495,0.0,0.2631578947368421,0.5,1.0,1.0,0.4000000000000001,0.6000000000000001,0.2,0.3333333333333333,1.0,1.0,0.0,0.0,1.0,0.0,0.28467674204074517,0.107142857143117,0.4138888888888889,0.3225270157938487,0.48375451263537905,0.40800000000000003,0.12900726060212223,0.2545454545454545,0.5,1.0,0.0,0.0,0.0,0.0,0.0,0.0,0.0,0.0,0.0,0.0,0.0,0.0,0.0,0.0
2 BHK,700.26,781.97,11,17,11,1,Unfurnished,0,2,2,1,3,Ceramic,1,1,0,0,0,Covered,1,Corporation + Borewell,2866.15,Hadapsar,411028,Society,5.16,1.14,1.76,2.25,13641.41,5103274.54,7287.68,Broker,25,3,0,2,2,0,0,1,0,0,0,0,0,0,0,0,0,0,0,0,0.21069910792909374,0.18834212977336234,0.5238095238095237,0.6842105263157894,0.55,1.0,0.0,0.2,0.4,0.2,0.2222222222222222,1.0,1.0,0.0,0.0,0.0,1.0,0.2370623385087039,0.482142857143117,0.6888888888888889,0.07813798836242725,0.5631768953068592,0.652,0.07777967896204402,0.21818181818181817,1.0,0.0,0.0,1.0,0.0,0.0,0.0,0.0,0.0,0.0,0.0,0.0,0.0,0.0,0.0,0.0
1 RK,441.9,506.88,2,18,9,1,Unfurnished,0,2,0,0,1,Marble,1,1,0,0,0,Stilt,0,Borewell,1852.72,Hadapsar,411028,Society,4.99,1.02,2.26,2.23,15166.85,2800000.0,6336.22,Owner,16,3,0,1,1,0,0,1,0,0,0,0,0,0,0,0,0,0,0,0,0.08705348596806921,0.08158568767463523,0.09523809523809523,0.7368421052631579,0.45,1.0,0.0,0.2,0.0,0.0,0.0,1.0,1.0,0.0,0.0,0.0,0.0,0.12078516322381375,0.482142857143117,0.6652777777777779,0.0681629260182876,0.743682310469314,0.644,0.048393204165364356,0.13636363636363635,1.0,0.0,0.0,1.0,0.0,0.0,0.0,0.0,0.0,0.0,0.0,0.0,0.0,0.0,0.0,0.0
1 BHK,488.89,611.28,5,10,0,1,Unfurnished,1,1,0,0,2,Vitrified,0,0,1,1,0,Covered,1,Corporation + Borewell,1251.78,Hinjewadi,411057,Society,6.16,1.37,2.38,2.44,8922.3,5161036.42,10556.74,Broker,12,3,0,1,1,0,0,0,1,0,0,0,0,0,0,0,0,0,0,0,0.10954190436081014,0.12210105557280349,0.23809523809523808,0.3157894736842105,0.0,1.0,1.0,0.0,0.0,0.0,0.1111111111111111,0.0,0.0,1.0,1.0,0.0,1.0,0.0518355508029244,1.0,0.8277777777777778,0.09725685785536159,0.7870036101083032,0.728,0.17874677090372695,0.09999999999999999,1.0,0.0,0.0,0.0,1.0,0.0,0.0,0.0,0.0,0.0,0.0,0.0,0.0,0.0,0.0,0.0
3 BHK,776.29,979.73,1,14,15,1,Semi-Furnished,1,3,3,2,3,Vitrified,1,1,0,0,0,Open,0,Corporation + Borewell,2028.44,Magarpatta,411013,Society,4.66,0.2,1.78,1.93,12795.51,7133155.66,9188.78,Broker,9,3,1,3,3,0,0,0,0,0,0,0,0,1,0,0,0,0,0,0,0.24708545503273477,0.2650884818379386,0.047619047619047616,0.5263157894736842,0.75,1.0,1.0,0.4000000000000001,0.6000000000000001,0.4,0.2222222222222222,1.0,1.0,0.0,0.0,0.0,0.0,0.14094662009904035,0.214285714286234,0.6194444444444445,0.0,0.5703971119133574,0.524,0.1364964166451497,0.07272727272727272,1.0,0.0,0.0,0.0,0.0,0.0,0.0,0.0,0.0,1.0,0.0,0.0,0.0,0.0,0.0,0.0
2 BHK,735.56,848.44,14,17,8,1,Fully Furnished,1,2,1,1,3,Vitrified,1,1,0,1,0,Bike,1,Borewell,3694.63,Kharadi,411014,Society,3.94,1.18,2.13,1.65,22363.27,6887938.32,9364.15,Builder,7,2,2,2,2,0,0,0,0,0,1,0,0,0,0,0,0,0,0,0,0.22759294000536007,0.214137690158336,0.6666666666666666,0.6842105263157894,0.4,1.0,1.0,0.2,0.2,0.2,0.2222222222222222,1.0,1.0,0.0,1.0,0.0,1.0,0.33211904117196217,0.232142857143117,0.5194444444444445,0.08146300914380714,0.6967509025270758,0.41200000000000003,0.14191283571173544,0.054545454545454536,0.5,0.0,0.0,0.0,0.0,0.0,1.0,0.0,0.0,0.0,0.0,0.0,0.0,0.0,0.0,0.0
1 BHK,372.03,408.49,4,13,8,1,Semi-Furnished,1,1,1,0,1,Granite,1,1,0,0,0,Covered,1,Borewell,2340.07,Wakad,411057,Society,4.77,2.48,2.06,1.85,14325.46,5049812.97,13573.52,Owner,30,3,1,1,1,0,0,0,0,0,0,0,0,0,0,0,0,0,0,1,0.05361518434855851,0.04340266997826764,0.19047619047619047,0.4736842105263157,0.4,1.0,1.0,0.0,0.2,0.0,0.0,1.0,1.0,0.0,0.0,0.0,1.0,0.1767018830516176,1.0,0.6347222222222222,0.18952618453865333,0.6714801444043321,0.4920000000000001,0.27192202728563186,0.2636363636363636,1.0,0.0,0.0,0.0,0.0,0.0,0.0,0.0,0.0,0.0,0.0,0.0,0.0,0.0,0.0,1.0
2 BHK,522.89,799.71,14,16,4,1,Unfurnished,0,2,0,1,3,Ceramic,0,1,0,1,0,Covered,1,Tanker,1811.68,Hinjewadi,411057,Standalone,6.54,0.2,2.32,3.03,12146.85,6913964.68,13222.52,Owner,39,3,0,2,2,0,0,0,1,0,0,0,0,0,0,0,0,0,0,0,0.12581358398101,0.1952266376901584,0.6666666666666666,0.631578947368421,0.2,1.0,0.0,0.2,0.0,0.2,0.2222222222222222,0.0,1.0,0.0,1.0,0.0,1.0,0.11607638681726185,1.0,0.8805555555555555,0.0,0.7653429602888087,0.964,0.26108115887956695,0.34545454545454546,1.0,0.0,0.0,0.0,1.0,0.0,0.0,0.0,0.0,0.0,0.0,0.0,0.0,0.0,0.0,0.0
3 BHK,829.95,1015.27,9,15,12,1,Unfurnished,1,4,3,1,4,Not Specified,1,0,0,1,0,Covered,0,Municipal,1299.24,Hinjewadi,411057,Society,5.47,1.13,2.42,2.65,21981.46,4858136.01,5853.5,Owner,43,3,0,3,3,0,0,0,1,0,0,0,0,0,0,0,0,0,0,0,0.27276599410390906,0.278880782365725,0.42857142857142855,0.5789473684210527,0.6000000000000001,1.0,1.0,0.6000000000000001,0.6000000000000001,0.2,0.3333333333333333,1.0,0.0,0.0,1.0,0.0,0.0,0.057280934045004145,1.0,0.7319444444444444,0.07730673316708227,0.8014440433212996,0.812,0.033484075968852445,0.3818181818181818,1.0,0.0,0.0,0.0,1.0,0.0,0.0,0.0,0.0,0.0,0.0,0.0,0.0,0.0,0.0,0.0
4 BHK,1240.36,1519.89,9,17,3,1,Semi-Furnished,1,5,5,3,6,Marble,1,1,1,1,0,Stilt,0,Borewell,4251.66,Kothrud,411038,Society,2.19,9.44,1.29,1.24,48518.78,14039604.73,11319.02,Broker,13,2,1,4,4,0,0,0,0,0,0,0,1,0,0,0,0,0,0,0,0.469179524484092,0.4747128221049364,0.42857142857142855,0.6842105263157894,0.15000000000000002,1.0,1.0,0.8,1.0,0.6000000000000001,0.5555555555555556,1.0,1.0,1.0,1.0,0.0,0.0,0.3960305840993891,0.6607142857146755,0.2763888888888889,0.768079800498753,0.39350180505415167,0.248,0.2022902956005224,0.10909090909090909,0.5,0.0,0.0,0.0,0.0,0.0,0.0,0.0,1.0,0.0,0.0,0.0,0.0,0.0,0.0,0.0
1 RK,411.05,455.17,3,10,12,1,Semi-Furnished,1,2,0,1,1,Granite,0,0,1,0,1,Covered,1,Borewell,2588.36,Kalyani Nagar,411006,Society,2.73,5.1,1.54,1.47,18952.61,7924323.01,19278.04,Owner,34,1,1,1,1,0,0,0,0,1,0,0,0,0,0,0,0,0,0,0,0.07228932960679967,0.06151816206147162,0.14285714285714285,0.3157894736842105,0.6000000000000001,1.0,1.0,0.2,0.0,0.2,0.0,0.0,0.0,1.0,0.0,1.0,1.0,0.20518975083872215,0.089285714286234,0.3513888888888889,0.40731504571903565,0.48375451263537905,0.33999999999999997,0.4481099208462178,0.3,0.0,0.0,0.0,0.0,0.0,1.0,0.0,0.0,0.0,0.0,0.0,0.0,0.0,0.0,0.0,0.0
1 BHK,476.05,546.96,11,13,3,1,Semi-Furnished,0,2,2,0,1,Marble,1,1,1,0,0,Covered,0,Municipal,1497.85,Kharadi,411014,Society,4.68,2.44,2.19,2.16,14472.16,8076601.91,16965.87,Broker,53,2,1,1,1,0,0,0,0,0,1,0,0,0,0,0,0,0,0,0,0.10339695241012291,0.09713986339646077,0.5238095238095237,0.4736842105263157,0.15000000000000002,1.0,0.0,0.2,0.4,0.0,0.0,1.0,1.0,1.0,0.0,0.0,0.0,0.08006870407680905,0.232142857143117,0.6222222222222222,0.18620116375727344,0.7184115523465704,0.6160000000000001,0.3766970128620263,0.4727272727272727,0.5,0.0,0.0,0.0,0.0,0.0,1.0,0.0,0.0,0.0,0.0,0.0,0.0,0.0,0.0,0.0
2 BHK,804.88,877.11,1,15,5,1,Semi-Furnished,0,2,3,0,3,Marble,1,1,0,0,1,Covered,0,Borewell,2324.43,Viman Nagar,411014,Society,2.75,4.68,1.94,1.98,33870.45,6870899.25,8536.52,Broker,30,2,1,2,2,0,0,0,0,0,0,0,0,0,0,0,0,0,1,0,0.2607680232780734,0.22526389320086937,0.047619047619047616,0.5789473684210527,0.25,1.0,0.0,0.2,0.6000000000000001,0.0,0.2222222222222222,1.0,1.0,0.0,0.0,1.0,0.0,0.17490740783235653,0.232142857143117,0.3541666666666667,0.3724023275145469,0.628158844765343,0.544,0.11635093280885359,0.2636363636363636,0.5,0.0,0.0,0.0,0.0,0.0,0.0,0.0,0.0,0.0,0.0,0.0,0.0,0.0,1.0,0.0
2 BHK,495.93,544.68,3,12,7,1,Semi-Furnished,1,3,1,1,4,Vitrified,1,1,0,0,1,Covered,0,Municipal,2550.09,Kharadi,411014,Society,3.17,1.97,1.76,1.83,13566.62,7388157.81,14897.59,Owner,33,2,1,2,2,0,0,0,0,0,1,0,0,0,0,0,0,0,0,0,0.11291109919981625,0.09625504501707544,0.14285714285714285,0.42105263157894735,0.35000000000000003,1.0,1.0,0.4000000000000001,0.2,0.2,0.3333333333333333,1.0,1.0,0.0,0.0,1.0,0.0,0.20079879389235905,0.232142857143117,0.4125,0.14713216957605982,0.5631768953068592,0.4840000000000001,0.3128168097084765,0.2909090909090909,0.5,0.0,0.0,0.0,0.0,0.0,1.0,0.0,0.0,0.0,0.0,0.0,0.0,0.0,0.0,0.0
2 BHK,651.27,757.83,2,9,10,1,Semi-Furnished,1,2,1,1,2,Granite,1,1,0,0,0,Stilt,0,Tanker,2341.94,Kharadi,411014,Society,3.73,1.25,2.0,2.1,22329.99,6472127.19,9937.65,Broker,41,2,1,2,2,0,0,0,0,0,1,0,0,0,0,0,0,0,0,0,0.18725353191163518,0.17897392114250238,0.09523809523809523,0.2631578947368421,0.5,1.0,1.0,0.2,0.2,0.2,0.1111111111111111,1.0,1.0,0.0,0.0,0.0,0.0,0.17691643987131184,0.232142857143117,0.4902777777777778,0.08728179551122194,0.6498194945848376,0.5920000000000001,0.15962576457463648,0.3636363636363636,0.5,0.0,0.0,0.0,0.0,0.0,1.0,0.0,0.0,0.0,0.0,0.0,0.0,0.0,0.0,0.0
1 RK,410.65,516.21,15,16,12,1,Semi-Furnished,1,2,1,0,2,Granite,1,1,1,1,0,Covered,0,Borewell,803.71,Viman Nagar,411014,Society,2.55,5.51,1.65,1.46,17845.83,5289192.16,12879.9,Broker,12,2,1,1,1,0,0,0,0,0,0,0,0,0,0,0,0,0,1,0,0.07209789808185611,0.08520645762185661,0.7142857142857142,0.631578947368421,0.6000000000000001,1.0,1.0,0.2,0.2,0.0,0.1111111111111111,1.0,1.0,1.0,1.0,0.0,0.0,0.00042567155137201995,0.232142857143117,0.3263888888888889,0.4413965087281795,0.5234657039711191,0.33599999999999997,0.25049911234598865,0.09999999999999999,0.5,0.0,0.0,0.0,0.0,0.0,0.0,0.0,0.0,0.0,0.0,0.0,0.0,0.0,1.0,0.0
3 BHK,965.11,1216.56,8,19,10,1,Semi-Furnished,1,3,3,2,4,Vitrified,0,0,0,0,0,Covered,0,Tanker,2644.86,Nigdi,411044,Standalone,3.4,8.5,1.88,2.59,27892.66,7562457.41,7835.81,Broker,20,3,1,3,3,0,0,0,0,0,0,0,0,0,1,0,0,0,0,0,0.33745070638232705,0.3569970506054021,0.38095238095238093,0.7894736842105263,0.5,1.0,1.0,0.4000000000000001,0.6000000000000001,0.4,0.3333333333333333,0.0,0.0,0.0,0.0,0.0,0.0,0.21167234993643613,0.7678571428577925,0.4444444444444444,0.6899418121363258,0.6064981949458483,0.788,0.09470903850454085,0.17272727272727273,1.0,0.0,0.0,0.0,0.0,0.0,0.0,0.0,0.0,0.0,1.0,0.0,0.0,0.0,0.0,0.0
3 BHK,1262.95,1612.42,13,17,8,1,Fully Furnished,0,3,3,2,4,Vitrified,0,0,0,1,0,Covered,1,Borewell,4022.67,Wakad,411057,Standalone,4.84,1.62,2.19,1.8,48941.71,9194863.87,7280.45,Broker,37,3,2,3,3,0,0,0,0,0,0,0,0,0,0,0,0,0,0,1,0.47999061985527774,0.5106217013349892,0.6190476190476191,0.6842105263157894,0.4,1.0,0.0,0.4000000000000001,0.6000000000000001,0.4,0.3333333333333333,0.0,0.0,0.0,1.0,0.0,1.0,0.3697571262695568,1.0,0.6444444444444445,0.11803823773898586,0.7184115523465704,0.4720000000000001,0.07755637560427805,0.32727272727272727,1.0,0.0,0.0,0.0,0.0,0.0,0.0,0.0,0.0,0.0,0.0,0.0,0.0,0.0,0.0,1.0
2 BHK,649.66,822.83,15,16,5,1,Semi-Furnished,1,3,1,1,3,Vitrified,1,1,0,1,0,Open,0,Municipal,2048.79,Pune Camp,411001,Society,2.98,6.08,1.22,1.72,18103.83,4609130.52,7094.66,Owner,24,3,1,2,2,0,0,0,0,0,0,0,0,0,0,0,1,0,0,0,0.1864830200237375,0.20419900651971445,0.7142857142857142,0.631578947368421,0.25,1.0,1.0,0.4000000000000001,0.2,0.2,0.2222222222222222,1.0,1.0,0.0,1.0,0.0,0.0,0.14328150313688956,0.0,0.3861111111111111,0.48877805486284287,0.36823104693140796,0.44000000000000006,0.07181812790865752,0.20909090909090908,1.0,0.0,0.0,0.0,0.0,0.0,0.0,0.0,0.0,0.0,0.0,0.0,1.0,0.0,0.0,0.0
2 BHK,542.69,591.63,6,14,13,1,Unfurnished,0,2,2,0,2,Marble,1,1,0,0,0,Covered,1,Borewell,1539.85,Magarpatta,411013,Society,4.87,2.02,2.27,2.14,11080.67,3855575.74,7104.52,Broker,26,3,0,2,2,0,0,0,0,0,0,0,0,1,0,0,0,0,0,0,0.13528944446571461,0.11447531822415402,0.2857142857142857,0.5263157894736842,0.65,1.0,0.0,0.2,0.4,0.0,0.1111111111111111,1.0,1.0,0.0,0.0,0.0,1.0,0.08488762729988847,0.214285714286234,0.6486111111111111,0.15128844555278467,0.7472924187725632,0.6080000000000001,0.07212266056530653,0.22727272727272727,1.0,0.0,0.0,0.0,0.0,0.0,0.0,0.0,0.0,1.0,0.0,0.0,0.0,0.0,0.0,0.0
1 BHK,493.17,590.31,16,17,3,1,Unfurnished,1,1,1,0,2,Wooden,1,1,0,1,0,Covered,1,Borewell,1678.58,Aundh,411007,Society,3.69,3.44,1.83,1.42,19045.91,5191612.06,10526.95,Owner,16,2,0,1,1,1,0,0,0,0,0,0,0,0,0,0,0,0,0,0,0.1115902216777059,0.1139630549518783,0.7619047619047619,0.6842105263157894,0.15000000000000002,1.0,1.0,0.0,0.2,0.0,0.1111111111111111,1.0,1.0,0.0,1.0,0.0,1.0,0.10080498965078868,0.107142857143117,0.4847222222222223,0.2693266832917705,0.5884476534296029,0.31999999999999995,0.1778266869441353,0.13636363636363635,0.5,1.0,0.0,0.0,0.0,0.0,0.0,0.0,0.0,0.0,0.0,0.0,0.0,0.0,0.0,0.0
2 BHK,738.79,885.57,8,11,11,1,Semi-Furnished,1,1,2,1,2,Ceramic,1,1,0,0,0,Bike,0,Tanker,2214.22,Nigdi,411044,Society,2.7,10.95,1.99,2.23,24053.13,5728603.64,7754.02,Owner,22,3,1,2,2,0,0,0,0,0,0,0,0,0,1,0,0,0,0,0,0.22913874956927904,0.22854703508227264,0.38095238095238093,0.368421052631579,0.55,1.0,1.0,0.0,0.4,0.2,0.1111111111111111,1.0,1.0,0.0,0.0,0.0,0.0,0.1622623238224617,0.7678571428577925,0.34722222222222227,0.8935993349958435,0.6462093862815884,0.644,0.09218289996627288,0.1909090909090909,1.0,0.0,0.0,0.0,0.0,0.0,0.0,0.0,0.0,0.0,1.0,0.0,0.0,0.0,0.0,0.0
3 BHK,660.04,794.7,19,19,9,1,Fully Furnished,1,4,3,3,6,Wooden,0,1,1,1,1,Covered,1,Corporation + Borewell,3712.54,Baner,411045,Standalone,2.45,3.51,1.84,2.38,44329.27,21867251.05,33129.97,Broker,23,1,2,3,3,0,1,0,0,0,0,0,0,0,0,0,0,0,0,0,0.19145066809602201,0.19328236572493018,0.9047619047619047,0.7894736842105263,0.45,1.0,1.0,0.6000000000000001,0.6000000000000001,0.6000000000000001,0.5555555555555556,0.0,1.0,1.0,1.0,1.0,1.0,0.3341739677178039,0.7857142857146755,0.3125,0.2751454696591853,0.5920577617328521,0.704,0.8759359900770537,0.19999999999999998,0.0,0.0,1.0,0.0,0.0,0.0,0.0,0.0,0.0,0.0,0.0,0.0,0.0,0.0,0.0,0.0
3 BHK,833.98,1016.52,5,16,14,1,Fully Furnished,1,4,3,2,6,Vitrified,0,0,1,1,1,Covered,0,Corporation + Borewell,2990.59,Kothrud,411038,Standalone,2.36,7.57,1.53,1.8,40291.06,14057712.85,16856.17,Broker,37,2,2,3,3,0,0,0,0,0,0,0,1,0,0,0,0,0,0,0,0.2746946667177151,0.2793658801614406,0.23809523809523808,0.631578947368421,0.7000000000000001,1.0,1.0,0.6000000000000001,0.6000000000000001,0.4,0.5555555555555556,0.0,0.0,1.0,1.0,1.0,0.0,0.251340119601085,0.6607142857146755,0.3,0.6126350789692435,0.48014440433213,0.4720000000000001,0.3733088554143188,0.32727272727272727,0.5,0.0,0.0,0.0,0.0,0.0,0.0,0.0,1.0,0.0,0.0,0.0,0.0,0.0,0.0,0.0
2 BHK,508.88,605.28,4,12,7,1,Semi-Furnished,1,3,2,1,2,Granite,0,0,1,1,0,Open,1,Borewell,800.0,Viman Nagar,411014,Standalone,3.03,5.11,1.67,1.48,23432.13,6976746.96,13709.99,Owner,10,2,1,2,2,0,0,0,0,0,0,0,0,0,0,0,0,0,1,0,0.11910869481986293,0.11977258615336853,0.19047619047619047,0.42105263157894735,0.35000000000000003,1.0,1.0,0.4000000000000001,0.4,0.2,0.1111111111111111,0.0,0.0,1.0,1.0,0.0,1.0,0.0,0.232142857143117,0.39305555555555555,0.4081463009143807,0.5306859205776173,0.344,0.2761369939847079,0.08181818181818182,0.5,0.0,0.0,0.0,0.0,0.0,0.0,0.0,0.0,0.0,0.0,0.0,0.0,0.0,1.0,0.0
2 BHK,633.3,787.93,7,11,7,1,Fully Furnished,1,2,2,1,4,Granite,1,1,0,0,0,Not Specified,1,Corporation + Borewell,1774.65,Wakad,411057,Society,5.76,2.75,1.6,2.37,18563.27,5852437.5,9241.24,Owner,41,3,2,2,2,0,0,0,0,0,0,0,0,0,0,0,0,0,0,1,0.1786534706535472,0.19065507606333437,0.3333333333333333,0.368421052631579,0.35000000000000003,1.0,1.0,0.2,0.4,0.2,0.3333333333333333,1.0,1.0,0.0,0.0,0.0,1.0,0.11182770284224683,1.0,0.7722222222222223,0.21197007481296756,0.5054151624548737,0.7000000000000001,0.13811667862971425,0.3636363636363636,1.0,0.0,0.0,0.0,0.0,0.0,0.0,0.0,0.0,0.0,0.0,0.0,0.0,0.0,0.0,1.0
1 BHK,387.55,443.17,8,13,5,1,Unfurnished,1,2,2,0,1,Not Specified,1,1,0,0,1,Bike,1,Borewell,912.29,Kharadi,411014,Society,4.86,0.96,1.53,1.64,7500.0,6287963.11,16224.81,Owner,15,2,0,1,1,0,0,0,0,0,1,0,0,0,0,0,0,0,0,0,0.0610427275163674,0.0568612232226017,0.38095238095238093,0.4736842105263157,0.25,1.0,1.0,0.2,0.4,0.0,0.0,1.0,1.0,0.0,0.0,1.0,1.0,0.012883735445704494,0.232142857143117,0.6472222222222223,0.06317539484621777,0.48014440433213,0.40800000000000003,0.3538088819759907,0.12727272727272726,0.5,0.0,0.0,0.0,0.0,0.0,1.0,0.0,0.0,0.0,0.0,0.0,0.0,0.0,0.0,0.0
1 RK,406.58,465.36,7,14,11,1,Semi-Furnished,1,1,1,1,2,Granite,1,1,1,1,1,Covered,0,Corporation + Borewell,1630.01,Kalyani Nagar,411006,Society,1.52,4.28,1.1,1.03,20165.25,12459466.05,30644.79,Broker,16,1,1,1,1,0,0,0,0,1,0,0,0,0,0,0,0,0,0,0,0.07015008231555571,0.06547267929214531,0.3333333333333333,0.5263157894736842,0.55,1.0,1.0,0.0,0.2,0.2,0.1111111111111111,1.0,1.0,1.0,1.0,1.0,0.0,0.09523224915209899,0.089285714286234,0.18333333333333332,0.3391521197007481,0.3249097472924188,0.16400000000000003,0.7991795531956163,0.13636363636363635,0.0,0.0,0.0,0.0,0.0,1.0,0.0,0.0,0.0,0.0,0.0,0.0,0.0,0.0,0.0,0.0
2 BHK,561.46,619.24,4,13,3,1,Semi-Furnished,1,2,1,1,3,Vitrified,1,1,0,1,0,Covered,1,Corporation + Borewell,1649.5,Kharadi,411014,Society,4.6,2.47,2.13,1.9,23106.33,9050905.44,16120.44,Broker,21,2,1,2,2,0,0,0,0,0,1,0,0,0,0,0,0,0,0,0,0.14427236877368965,0.12519015833592056,0.19047619047619047,0.4736842105263157,0.15000000000000002,1.0,1.0,0.2,0.2,0.2,0.2222222222222222,1.0,1.0,0.0,1.0,0.0,1.0,0.09746845900014228,0.232142857143117,0.611111111111111,0.1886949293433084,0.6967509025270758,0.512,0.35058534512259765,0.1818181818181818,0.5,0.0,0.0,0.0,0.0,0.0,1.0,0.0,0.0,0.0,0.0,0.0,0.0,0.0,0.0,0.0
1 BHK,415.9,489.9,3,13,4,1,Fully Furnished,1,2,2,0,2,Granite,0,0,0,1,0,Covered,0,Municipal,800.0,Kothrud,411038,Society,1.72,7.8,1.54,1.39,20181.52,5027201.04,12087.46,Owner,25,2,2,1,1,0,0,0,0,0,0,0,1,0,0,0,0,0,0,0,0.07461043684673992,0.0749961192176343,0.14285714285714285,0.4736842105263157,0.2,1.0,1.0,0.2,0.4,0.0,0.1111111111111111,0.0,0.0,0.0,1.0,0.0,0.0,0.0,0.6607142857146755,0.2111111111111111,0.6317539484621778,0.48375451263537905,0.30799999999999994,0.22602407599356097,0.21818181818181817,0.5,0.0,0.0,0.0,0.0,0.0,0.0,0.0,1.0,0.0,0.0,0.0,0.0,0.0,0.0,0.0
1 BHK,376.84,470.1,1,9,8,1,Fully Furnished,1,1,1,0,2,Ceramic,1,1,1,0,0,Covered,1,Not Specified,1404.4,Aundh,411007,Society,3.62,4.2,1.88,1.72,19322.07,6074961.49,16120.71,Owner,8,2,2,1,1,1,0,0,0,0,0,0,0,0,0,0,0,0,0,0,0.05591714843600444,0.06731217013349894,0.047619047619047616,0.2631578947368421,0.4,1.0,1.0,0.0,0.2,0.0,0.1111111111111111,1.0,1.0,1.0,0.0,0.0,1.0,0.06934659990545733,0.107142857143117,0.475,0.3325020781379883,0.6064981949458483,0.44000000000000006,0.35059368425214066,0.06363636363636363,0.5,1.0,0.0,0.0,0.0,0.0,0.0,0.0,0.0,0.0,0.0,0.0,0.0,0.0,0.0,0.0
1 BHK,357.37,451.33,5,6,6,1,Semi-Furnished,0,2,1,1,2,Ceramic,0,0,1,1,1,Not Specified,1,Corporation + Borewell,2482.67,Koregaon Park,411001,Standalone,2.72,4.73,1.83,1.04,15850.22,7580749.35,21212.84,Owner,18,1,1,1,1,0,0,0,0,0,0,1,0,0,0,0,0,0,0,0,0.04659921895937823,0.06002794163303324,0.23809523809523808,0.10526315789473684,0.30000000000000004,1.0,0.0,0.2,0.2,0.2,0.1111111111111111,0.0,0.0,1.0,1.0,1.0,1.0,0.19306327475664442,0.0,0.35000000000000003,0.3765586034912718,0.5884476534296029,0.16800000000000004,0.5078675054389656,0.15454545454545454,0.0,0.0,0.0,0.0,0.0,0.0,0.0,1.0,0.0,0.0,0.0,0.0,0.0,0.0,0.0,0.0
2 BHK,395.76,491.15,2,11,12,1,Unfurnished,1,2,2,0,2,Marble,0,0,1,0,0,Not Specified,0,Corporation + Borewell,1491.81,Kharadi,411014,Standalone,4.41,1.44,1.83,2.11,15866.35,3216849.15,8128.31,Owner,21,2,0,2,2,0,0,0,0,0,1,0,0,0,0,0,0,0,0,0,0.0649718595658333,0.0754812170133499,0.09523809523809523,0.368421052631579,0.6000000000000001,1.0,1.0,0.2,0.4,0.0,0.1111111111111111,0.0,0.0,1.0,0.0,0.0,0.0,0.07937569702282335,0.232142857143117,0.5847222222222223,0.10307564422277637,0.5884476534296029,0.596,0.10374309550959496,0.1818181818181818,0.5,0.0,0.0,0.0,0.0,0.0,1.0,0.0,0.0,0.0,0.0,0.0,0.0,0.0,0.0,0.0
2 BHK,620.75,784.75,4,11,4,1,Semi-Furnished,1,1,2,1,3,Granite,0,0,1,1,1,Covered,0,Borewell,3451.24,Aundh,411007,Standalone,3.7,3.38,1.35,1.3,29082.31,10467127.05,16862.05,Builder,16,2,1,2,2,1,0,0,0,0,0,0,0,0,0,0,0,0,0,0,0.172647306558444,0.1894209872710339,0.19047619047619047,0.368421052631579,0.2,1.0,1.0,0.0,0.4,0.2,0.2222222222222222,0.0,0.0,1.0,1.0,1.0,0.0,0.30419338109421684,0.107142857143117,0.48611111111111116,0.2643391521197007,0.4151624548736462,0.272,0.3734904631243692,0.13636363636363635,0.5,1.0,0.0,0.0,0.0,0.0,0.0,0.0,0.0,0.0,0.0,0.0,0.0,0.0,0.0,0.0
2 BHK,510.72,613.92,3,17,9,1,Semi-Furnished,1,2,1,1,4,Ceramic,1,1,0,0,0,Covered,0,Corporation + Borewell,2148.67,Wakad,411057,Society,5.26,2.49,1.82,1.96,17321.91,3200202.13,6266.03,Owner,19,3,1,2,2,0,0,0,0,0,0,0,0,0,0,0,0,0,0,1,0.11998927983460318,0.12312558211735486,0.14285714285714285,0.6842105263157894,0.45,1.0,1.0,0.2,0.2,0.2,0.3333333333333333,1.0,1.0,0.0,0.0,0.0,0.0,0.1547413615064413,1.0,0.7027777777777777,0.19035743973399832,0.5848375451263538,0.536,0.046225339340801086,0.16363636363636364,1.0,0.0,0.0,0.0,0.0,0.0,0.0,0.0,0.0,0.0,0.0,0.0,0.0,0.0,0.0,1.0
2 BHK,525.5,657.43,1,13,1,1,Fully Furnished,0,1,2,1,3,Granite,1,1,1,0,0,Open,1,Corporation + Borewell,2022.6,Shivajinagar,411005,Society,0.2,6.76,0.5,1.44,19343.78,9590417.33,18250.14,Owner,13,2,2,2,2,0,0,0,0,0,0,0,0,0,0,0,0,1,0,0,0.12706267468126653,0.14001086619062403,0.047619047619047616,0.4736842105263157,0.05,1.0,0.0,0.0,0.4,0.2,0.2222222222222222,1.0,1.0,1.0,0.0,0.0,1.0,0.14027656029849786,0.071428571429351,0.0,0.5453034081463008,0.10830324909747292,0.32799999999999996,0.416362545818884,0.10909090909090909,0.5,0.0,0.0,0.0,0.0,0.0,0.0,0.0,0.0,0.0,0.0,0.0,0.0,1.0,0.0,0.0
4 BHK,1508.28,1722.39,8,17,3,1,Unfurnished,0,5,4,1,5,Marble,1,1,0,0,0,Covered,1,Corporation + Borewell,4115.2,Hadapsar,411028,Society,5.56,2.35,2.32,1.88,24441.39,10468755.64,6940.86,Owner,5,3,0,4,4,0,0,1,0,0,0,0,0,0,0,0,0,0,0,0,0.5974003598912669,0.5532986650108662,0.38095238095238093,0.6842105263157894,0.15000000000000002,1.0,0.0,0.8,0.8,0.2,0.4444444444444445,1.0,1.0,0.0,0.0,0.0,1.0,0.38037367307506964,0.482142857143117,0.7444444444444445,0.17871986699916872,0.7653429602888087,0.504,0.06706791263557263,0.03636363636363636,1.0,0.0,0.0,1.0,0.0,0.0,0.0,0.0,0.0,0.0,0.0,0.0,0.0,0.0,0.0,0.0
3 BHK,1013.19,1108.12,8,11,6,1,Semi-Furnished,1,5,4,1,4,Granite,1,1,0,0,0,Covered,1,Corporation + Borewell,3521.19,Shivajinagar,411005,Society,0.89,7.49,1.22,1.41,34028.62,11001307.01,10858.07,Owner,28,2,1,3,3,0,0,0,0,0,0,0,0,0,0,0,0,1,0,0,0.3604607756805391,0.3149138466314809,0.38095238095238093,0.368421052631579,0.30000000000000004,1.0,1.0,0.8,0.8,0.2,0.3333333333333333,1.0,1.0,0.0,0.0,0.0,1.0,0.31221918298598844,0.071428571429351,0.09583333333333334,0.6059850374064837,0.36823104693140796,0.31599999999999995,0.18805354833050628,0.24545454545454543,0.5,0.0,0.0,0.0,0.0,0.0,0.0,0.0,0.0,0.0,0.0,0.0,0.0,1.0,0.0,0.0
2 BHK,632.31,714.99,15,16,6,1,Semi-Furnished,1,2,1,1,3,Ceramic,1,1,1,1,1,Covered,0,Municipal,1805.27,Kharadi,411014,Society,3.99,3.17,2.33,1.79,22465.76,6175656.77,9766.81,Owner,40,2,1,2,2,0,0,0,0,0,1,0,0,0,0,0,0,0,0,0,0.17817967762931197,0.16234864948773675,0.7142857142857142,0.631578947368421,0.30000000000000004,1.0,1.0,0.2,0.2,0.2,0.2222222222222222,1.0,1.0,1.0,1.0,1.0,0.0,0.11534092734440615,0.232142857143117,0.5263888888888889,0.2468827930174563,0.7689530685920578,0.4680000000000001,0.15434925757038534,0.35454545454545455,0.5,0.0,0.0,0.0,0.0,0.0,1.0,0.0,0.0,0.0,0.0,0.0,0.0,0.0,0.0,0.0
2 BHK,566.3,865.89,13,13,8,1,Semi-Furnished,1,2,3,1,4,Vitrified,0,1,0,0,0,Stilt,1,Corporation + Borewell,1665.02,Wakad,411057,Society,5.12,2.18,2.1,2.04,7500.0,3485156.08,6154.26,Not Specified,58,3,1,2,2,0,0,0,0,0,0,0,0,0,0,0,0,0,0,1,0.1465886902255063,0.22090965538652596,0.6190476190476191,0.4736842105263157,0.4,1.0,1.0,0.2,0.6000000000000001,0.2,0.3333333333333333,0.0,1.0,0.0,0.0,0.0,1.0,0.09924916586733734,1.0,0.6833333333333333,0.16458852867830423,0.6859205776173286,0.5680000000000001,0.04277324856659631,0.5181818181818182,1.0,0.0,0.0,0.0,0.0,0.0,0.0,0.0,0.0,0.0,0.0,0.0,0.0,0.0,0.0,1.0
1 BHK,456.66,962.365,9,9,9,1,Unfurnished,1,2,2,0,2,Wooden,0,0,0,0,0,Bike,1,Municipal,1674.25,Hadapsar,411028,Standalone,5.43,3.08,2.32,2.09,7500.0,4452410.77,9749.91,Owner,47,3,0,1,1,0,0,1,0,0,0,0,0,0,0,0,0,0,0,0,0.09411730923848542,0.2583495032598572,0.42857142857142855,0.2631578947368421,0.45,1.0,1.0,0.2,0.4,0.0,0.1111111111111111,0.0,0.0,0.0,0.0,0.0,1.0,0.10030818161374266,0.482142857143117,0.7263888888888889,0.2394014962593516,0.7653429602888087,0.588,0.15382728983231556,0.41818181818181815,1.0,0.0,0.0,1.0,0.0,0.0,0.0,0.0,0.0,0.0,0.0,0.0,0.0,0.0,0.0,0.0
1 BHK,291.49,371.7,4,8,7,1,Semi-Furnished,1,1,0,1,2,Marble,0,0,0,1,1,Open,1,Municipal,1551.75,Baner,411045,Society,3.42,2.81,2.42,2.08,15639.1,4427050.97,15187.66,Owner,54,1,1,1,1,0,1,0,0,0,0,0,0,0,0,0,0,0,0,0,0.015070446801179235,0.02912527165476561,0.19047619047619047,0.21052631578947367,0.35000000000000003,1.0,1.0,0.0,0.0,0.2,0.1111111111111111,0.0,0.0,0.0,1.0,1.0,1.0,0.08625298887976099,0.7857142857146755,0.44722222222222224,0.21695760598503738,0.8014440433212996,0.5840000000000001,0.32177581454764237,0.4818181818181818,0.0,0.0,1.0,0.0,0.0,0.0,0.0,0.0,0.0,0.0,0.0,0.0,0.0,0.0,0.0,0.0
2 BHK,619.69,689.98,3,7,10,1,Fully Furnished,1,2,2,1,3,Granite,0,0,1,0,0,Covered,1,Corporation + Borewell,2981.45,Koregaon Park,411001,Society,2.88,5.87,1.92,1.33,30450.05,9476512.93,15292.22,Owner,23,1,2,2,2,0,0,0,0,0,0,1,0,0,0,0,0,0,0,0,0.17214001301734372,0.15264281279105874,0.14285714285714285,0.15789473684210525,0.5,1.0,1.0,0.2,0.4,0.2,0.2222222222222222,0.0,0.0,1.0,0.0,0.0,1.0,0.25029143011872906,0.0,0.37222222222222223,0.47132169576059846,0.6209386281588447,0.28400000000000003,0.3250052196773807,0.19999999999999998,0.0,0.0,0.0,0.0,0.0,0.0,0.0,1.0,0.0,0.0,0.0,0.0,0.0,0.0,0.0,0.0
2 BHK,570.39,713.3,12,19,7,1,Unfurnished,1,2,3,1,2,Ceramic,1,1,0,0,0,Not Specified,0,Municipal,2101.84,Wakad,411057,Society,5.11,3.42,1.7,2.38,14371.21,3930035.28,6890.06,Owner,29,3,0,2,2,0,0,0,0,0,0,0,0,0,0,0,0,0,0,1,0.14854607756805388,0.16169279726792923,0.5714285714285714,0.7894736842105263,0.35000000000000003,1.0,1.0,0.2,0.6000000000000001,0.2,0.1111111111111111,1.0,1.0,0.0,0.0,0.0,0.0,0.14936826211270776,1.0,0.6819444444444445,0.2676641729010806,0.5415162454873647,0.704,0.0654989208548658,0.2545454545454545,1.0,0.0,0.0,0.0,0.0,0.0,0.0,0.0,0.0,0.0,0.0,0.0,0.0,0.0,0.0,1.0
2 BHK,916.64,1016.82,7,13,7,1,Semi-Furnished,1,2,2,1,4,Marble,1,1,1,0,1,Covered,0,Corporation + Borewell,2709.47,Viman Nagar,411014,Society,2.42,5.25,1.62,1.52,30191.49,8650208.15,9436.83,Broker,22,2,1,2,2,0,0,0,0,0,0,0,0,0,0,0,0,0,1,0,0.3142539913472951,0.2794823036324124,0.3333333333333333,0.4736842105263157,0.35000000000000003,1.0,1.0,0.2,0.4,0.2,0.3333333333333333,1.0,1.0,1.0,0.0,1.0,0.0,0.21908546016127328,0.232142857143117,0.30833333333333335,0.41978387364921027,0.5126353790613719,0.3600000000000001,0.14415760584208534,0.1909090909090909,0.5,0.0,0.0,0.0,0.0,0.0,0.0,0.0,0.0,0.0,0.0,0.0,0.0,0.0,1.0,0.0
1 BHK,499.57,551.48,2,15,0,1,Unfurnished,1,1,1,0,1,Granite,1,1,1,0,0,Covered,0,Municipal,1330.21,Hinjewadi,411057,Standalone,5.51,0.2,2.41,2.46,14652.89,3536482.81,7079.04,Owner,23,3,0,1,1,0,0,0,1,0,0,0,0,0,0,0,0,0,0,0,0.11465312607680232,0.09889397702576844,0.09523809523809523,0.5789473684210527,0.0,1.0,1.0,0.0,0.2,0.0,0.0,1.0,1.0,1.0,0.0,0.0,0.0,0.06083431624068916,1.0,0.7375,0.0,0.7978339350180507,0.736,0.07133569382175514,0.19999999999999998,1.0,0.0,0.0,0.0,1.0,0.0,0.0,0.0,0.0,0.0,0.0,0.0,0.0,0.0,0.0,0.0
3 BHK,835.69,953.9,7,11,10,1,Fully Furnished,1,3,2,2,5,Marble,1,1,0,0,1,Not Specified,1,Corporation + Borewell,3334.04,Viman Nagar,411014,Society,2.76,4.92,1.95,1.25,37568.35,10003261.12,11970.02,Owner,40,2,2,3,3,0,0,0,0,0,0,0,0,0,0,0,0,0,1,0,0.27551303648684866,0.25506442098727106,0.3333333333333333,0.368421052631579,0.5,1.0,1.0,0.4000000000000001,0.4,0.4,0.4444444444444445,1.0,1.0,0.0,0.0,1.0,1.0,0.29074629057648094,0.232142857143117,0.3555555555555555,0.3923524522028262,0.631768953068592,0.252,0.22239686349895052,0.35454545454545455,0.5,0.0,0.0,0.0,0.0,0.0,0.0,0.0,0.0,0.0,0.0,0.0,0.0,0.0,1.0,0.0
1 BHK,401.64,478.13,8,17,10,1,Semi-Furnished,1,2,1,0,1,Ceramic,1,1,1,1,0,Covered,0,Tanker,1628.43,Shivajinagar,411005,Society,1.2,8.22,0.2,1.76,16110.62,4355390.19,10844.13,Owner,98,2,1,1,1,0,0,0,0,0,0,0,0,0,0,0,0,1,0,0,0.06778590298250316,0.07042843837317606,0.38095238095238093,0.6842105263157894,0.5,1.0,1.0,0.2,0.2,0.0,0.0,1.0,1.0,1.0,1.0,0.0,0.0,0.09505096584989745,0.071428571429351,0.13888888888888887,0.6666666666666666,0.0,0.45600000000000007,0.18762300216076114,0.8818181818181818,0.5,0.0,0.0,0.0,0.0,0.0,0.0,0.0,0.0,0.0,0.0,0.0,0.0,1.0,0.0,0.0
1 BHK,458.13,514.14,0,8,4,1,Semi-Furnished,1,3,0,0,2,Not Specified,0,0,0,1,0,Bike,1,Municipal,2923.82,Kharadi,411014,Standalone,3.9,0.81,2.1,1.79,19254.27,7808541.02,17044.43,Owner,5,2,1,1,1,0,0,0,0,0,1,0,0,0,0,0,0,0,0,0,0.09482082009265287,0.08440313567215152,0.0,0.21052631578947367,0.2,1.0,1.0,0.4000000000000001,0.0,0.0,0.1111111111111111,0.0,0.0,0.0,1.0,0.0,1.0,0.24367917903906083,0.232142857143117,0.5138888888888888,0.05070656691604322,0.6859205776173286,0.4680000000000001,0.3791233907024265,0.03636363636363636,0.5,0.0,0.0,0.0,0.0,0.0,1.0,0.0,0.0,0.0,0.0,0.0,0.0,0.0,0.0,0.0
4 BHK,1415.5,1638.15,6,15,6,1,Unfurnished,1,4,3,3,8,Ceramic,1,1,1,1,1,Covered,0,Corporation + Borewell,4164.78,Pune Camp,411001,Society,2.16,5.53,1.97,1.69,44158.05,11051354.5,7807.4,Builder,17,3,0,4,4,0,0,0,0,0,0,0,0,0,0,0,1,0,0,0,0.5529978176806157,0.5206069543619996,0.2857142857142857,0.5789473684210527,0.30000000000000004,1.0,1.0,0.6000000000000001,0.6000000000000001,0.6000000000000001,0.7777777777777777,1.0,1.0,1.0,1.0,1.0,0.0,0.3860622972036477,0.0,0.27222222222222225,0.44305901911886947,0.6389891696750902,0.42800000000000005,0.09383157676261403,0.14545454545454545,1.0,0.0,0.0,0.0,0.0,0.0,0.0,0.0,0.0,0.0,0.0,0.0,1.0,0.0,0.0,0.0
1 RK,260.0,324.05,9,14,6,1,Semi-Furnished,1,2,0,0,2,Not Specified,1,1,0,1,0,Stilt,0,Municipal,1360.55,Magarpatta,411013,Society,4.71,2.87,1.49,2.69,7500.0,2800000.0,10769.23,Owner,10,3,1,1,1,0,0,0,0,0,0,0,0,1,0,0,0,0,0,0,0.0,0.010633343682086321,0.42857142857142855,0.5263157894736842,0.30000000000000004,1.0,1.0,0.2,0.0,0.0,0.1111111111111111,1.0,1.0,0.0,1.0,0.0,0.0,0.06431541458802795,0.214285714286234,0.6263888888888889,0.2219451371571072,0.46570397111913353,0.8280000000000001,0.18530966585416778,0.08181818181818182,1.0,0.0,0.0,0.0,0.0,0.0,0.0,0.0,0.0,1.0,0.0,0.0,0.0,0.0,0.0,0.0
1 BHK,558.86,624.74,0,17,14,1,Semi-Furnished,0,1,0,0,1,Marble,0,0,0,0,0,Covered,1,Tanker,2173.81,Hadapsar,411028,Standalone,4.87,1.37,2.38,2.62,9737.47,4070510.8,7283.55,Owner,12,3,1,1,1,0,0,1,0,0,0,0,0,0,0,0,0,0,0,0,0.1430280638615567,0.12732458863706927,0.0,0.6842105263157894,0.7000000000000001,1.0,0.0,0.0,0.0,0.0,0.0,0.0,0.0,0.0,0.0,0.0,1.0,0.15762583126425597,0.482142857143117,0.6486111111111111,0.09725685785536159,0.7870036101083032,0.8,0.07765212116569914,0.09999999999999999,1.0,0.0,0.0,1.0,0.0,0.0,0.0,0.0,0.0,0.0,0.0,0.0,0.0,0.0,0.0,0.0
2 BHK,577.58,661.25,9,18,16,1,Semi-Furnished,1,2,2,1,3,Vitrified,0,0,1,1,0,Covered,0,Municipal,1144.02,Nigdi,411044,Standalone,3.5,9.89,1.74,1.8,10366.24,3775940.93,6537.5,Owner,20,3,1,2,2,0,0,0,0,0,0,0,0,0,1,0,0,0,0,0,0.1519870592289138,0.141493325054331,0.42857142857142855,0.7368421052631579,0.8,1.0,1.0,0.2,0.4,0.2,0.2222222222222222,0.0,0.0,1.0,1.0,0.0,0.0,0.039471570647709175,0.7678571428577925,0.45833333333333337,0.8054862842892767,0.555956678700361,0.4720000000000001,0.05460987081144056,0.17272727272727273,1.0,0.0,0.0,0.0,0.0,0.0,0.0,0.0,0.0,0.0,1.0,0.0,0.0,0.0,0.0,0.0
2 BHK,1014.88,1127.02,2,17,12,1,Unfurnished,1,2,1,1,3,Ceramic,1,1,0,0,0,Not Specified,0,Borewell,2993.36,Wakad,411057,Society,5.74,1.95,1.54,2.01,21086.03,10697427.57,10540.55,Builder,34,3,0,2,2,0,0,0,0,0,0,0,0,0,0,0,0,0,0,1,0.36126957387342545,0.3222485253027011,0.09523809523809523,0.6842105263157894,0.6000000000000001,1.0,1.0,0.2,0.2,0.2,0.2222222222222222,1.0,1.0,0.0,0.0,0.0,0.0,0.25165793906127376,1.0,0.7694444444444445,0.1454696591853699,0.48375451263537905,0.5559999999999999,0.17824673198778904,0.3,1.0,0.0,0.0,0.0,0.0,0.0,0.0,0.0,0.0,0.0,0.0,0.0,0.0,0.0,0.0,1.0
2 BHK,746.8,916.73,1,19,15,1,Semi-Furnished,1,2,2,1,3,Granite,1,1,1,1,0,Covered,0,Municipal,2649.11,Wakad,411057,Society,4.48,3.04,2.33,1.86,11377.0,5032538.07,6738.81,Owner,7,3,1,2,2,0,0,0,0,0,0,0,0,0,0,0,0,0,0,1,0.23297216585627317,0.24063955293387151,0.047619047619047616,0.7894736842105263,0.75,1.0,1.0,0.2,0.4,0.2,0.2222222222222222,1.0,1.0,1.0,1.0,0.0,0.0,0.21215997907210488,1.0,0.5944444444444446,0.23607647547797173,0.7689530685920578,0.4960000000000001,0.06082746402746603,0.054545454545454536,1.0,0.0,0.0,0.0,0.0,0.0,0.0,0.0,0.0,0.0,0.0,0.0,0.0,0.0,0.0,1.0
1 RK,408.66,510.75,3,11,3,1,Semi-Furnished,1,1,1,0,2,Vitrified,0,0,0,0,1,Open,1,Municipal,1682.55,Aundh,411007,Society,4.38,3.8,1.62,2.17,17192.77,4334104.34,10605.59,Owner,30,2,1,1,1,1,0,0,0,0,0,0,0,0,0,0,0,0,0,0,0.07114552624526209,0.08308755045017077,0.14285714285714285,0.368421052631579,0.15000000000000002,1.0,1.0,0.0,0.2,0.0,0.1111111111111111,0.0,0.0,0.0,0.0,1.0,1.0,0.10126049263163692,0.107142857143117,0.5805555555555556,0.2992518703241895,0.5126353790613719,0.62,0.18025553563773342,0.2636363636363636,0.5,1.0,0.0,0.0,0.0,0.0,0.0,0.0,0.0,0.0,0.0,0.0,0.0,0.0,0.0,0.0
1 BHK,346.6,388.3,6,17,3,1,Semi-Furnished,1,2,1,0,2,Marble,1,1,0,0,0,Covered,1,Municipal,1182.37,Viman Nagar,411014,Society,2.16,6.25,2.13,1.38,14550.37,5728007.29,16526.2,Builder,1,2,1,1,1,0,0,0,0,0,0,0,0,0,0,0,0,0,1,0,0.04144492515027377,0.035567370381868996,0.2857142857142857,0.6842105263157894,0.15000000000000002,1.0,1.0,0.2,0.2,0.0,0.1111111111111111,1.0,1.0,0.0,0.0,0.0,1.0,0.04387170649544955,0.232142857143117,0.27222222222222225,0.5029093931837073,0.6967509025270758,0.30399999999999994,0.36311751254266855,0.0,0.5,0.0,0.0,0.0,0.0,0.0,0.0,0.0,0.0,0.0,0.0,0.0,0.0,0.0,1.0,0.0
2 BHK,725.48,873.09,3,12,11,1,Fully Furnished,1,2,2,2,4,Ceramic,1,1,1,0,1,Covered,1,Corporation + Borewell,4134.81,Baner,411045,Standalone,2.26,3.21,1.65,2.02,44940.2,19187720.97,26448.45,Owner,10,1,2,2,2,0,1,0,0,0,0,0,0,0,0,0,0,0,0,0,0.22276886557678321,0.22370381868984796,0.14285714285714285,0.42105263157894735,0.55,1.0,1.0,0.2,0.4,0.4,0.3333333333333333,1.0,1.0,1.0,0.0,1.0,1.0,0.38262365127517894,0.7857142857146755,0.2861111111111111,0.2502078137988362,0.5234657039711191,0.56,0.6695728018363382,0.08181818181818182,0.0,0.0,1.0,0.0,0.0,0.0,0.0,0.0,0.0,0.0,0.0,0.0,0.0,0.0,0.0,0.0
4 BHK,1138.66,1249.85,9,14,5,1,Semi-Furnished,1,3,4,2,5,Ceramic,1,1,0,1,0,Covered,0,Municipal,3922.36,Wakad,411057,Society,5.73,1.51,2.32,1.96,31980.54,9769578.66,8579.86,Broker,64,3,1,4,4,0,0,0,0,0,0,0,0,0,0,0,0,0,0,1,0.4205080592672002,0.36991617510090036,0.42857142857142855,0.5263157894736842,0.25,1.0,1.0,0.4000000000000001,0.8,0.4,0.4444444444444445,1.0,1.0,0.0,1.0,0.0,0.0,0.35824793130510213,1.0,0.7680555555555556,0.10889443059019116,0.7653429602888087,0.536,0.11768951752885035,0.5727272727272728,1.0,0.0,0.0,0.0,0.0,0.0,0.0,0.0,0.0,0.0,0.0,0.0,0.0,0.0,0.0,1.0
2 BHK,813.3,950.03,16,16,9,1,Unfurnished,0,2,1,1,3,Vitrified,1,1,0,0,0,Not Specified,0,Borewell,1696.35,Pimple Saudagar,411027,Society,4.89,5.35,2.27,1.91,24155.82,6664619.98,8194.56,Broker,12,3,0,2,2,0,0,0,0,0,0,0,0,0,0,1,0,0,0,0,0.26479765687813467,0.2535625582117355,0.7619047619047619,0.631578947368421,0.45,1.0,0.0,0.2,0.2,0.2,0.2222222222222222,1.0,1.0,0.0,0.0,0.0,0.0,0.10284385311922015,0.464285714286234,0.6513888888888889,0.4280964256026599,0.7472924187725632,0.516,0.10578927081415848,0.09999999999999999,1.0,0.0,0.0,0.0,0.0,0.0,0.0,0.0,0.0,0.0,0.0,1.0,0.0,0.0,0.0,0.0
2 BHK,409.27,470.79,16,17,13,1,Semi-Furnished,1,2,2,1,2,Vitrified,1,1,1,0,0,Bike,0,Municipal,800.0,Wakad,411057,Society,3.97,2.89,1.82,2.06,10999.77,3785102.21,9248.38,Broker,34,3,1,2,2,0,0,0,0,0,0,0,0,0,0,0,0,0,0,1,0.07143745932080094,0.06757994411673396,0.7619047619047619,0.6842105263157894,0.65,1.0,1.0,0.2,0.4,0.2,0.1111111111111111,1.0,1.0,1.0,0.0,0.0,0.0,0.0,1.0,0.5236111111111111,0.22360764754779716,0.5848375451263538,0.5760000000000001,0.1383372022776325,0.3,1.0,0.0,0.0,0.0,0.0,0.0,0.0,0.0,0.0,0.0,0.0,0.0,0.0,0.0,0.0,1.0
3 BHK,969.21,1083.23,11,11,8,1,Unfurnished,0,3,3,2,4,Wooden,1,1,0,1,0,Bike,0,Tanker,2777.14,Hinjewadi,411057,Society,6.23,1.34,2.22,2.97,22398.74,7527296.18,7766.45,Owner,23,3,0,3,3,0,0,0,1,0,0,0,0,0,0,0,0,0,0,0,0.3394128795129982,0.3052545793231916,0.5238095238095237,0.368421052631579,0.4,1.0,0.0,0.4000000000000001,0.6000000000000001,0.4,0.3333333333333333,1.0,1.0,0.0,1.0,0.0,0.0,0.22684966336379198,1.0,0.8375000000000001,0.09476309226932668,0.7292418772563178,0.9400000000000002,0.09256680878190646,0.19999999999999998,1.0,0.0,0.0,0.0,1.0,0.0,0.0,0.0,0.0,0.0,0.0,0.0,0.0,0.0,0.0,0.0
2 BHK,637.38,744.33,10,11,12,1,Unfurnished,1,2,2,1,2,Marble,0,1,1,1,0,Covered,0,Municipal,1741.65,Kothrud,411038,Standalone,1.65,7.32,1.27,1.52,17480.12,5002937.42,7849.18,Owner,11,2,0,2,2,0,0,0,0,0,0,0,1,0,0,0,0,0,0,0,0.1806060722079712,0.17373486494877372,0.47619047619047616,0.368421052631579,0.6000000000000001,1.0,1.0,0.2,0.4,0.2,0.1111111111111111,0.0,1.0,1.0,1.0,0.0,0.0,0.108041406024113,0.6607142857146755,0.20138888888888887,0.5918536990856192,0.3862815884476534,0.3600000000000001,0.0951219798452505,0.0909090909090909,0.5,0.0,0.0,0.0,0.0,0.0,0.0,0.0,1.0,0.0,0.0,0.0,0.0,0.0,0.0,0.0
3 BHK,986.5,1110.58,13,14,5,1,Fully Furnished,1,4,4,2,6,Granite,1,1,0,0,1,Open,1,Corporation + Borewell,3291.09,Kharadi,411014,Society,4.21,1.44,1.5,1.8,55115.41,15532872.39,15745.43,Broker,86,2,2,3,3,0,0,0,0,0,1,0,0,0,0,0,0,0,0,0,0.3476875071786822,0.31586851909344926,0.6190476190476191,0.5263157894736842,0.25,1.0,1.0,0.6000000000000001,0.8,0.4,0.5555555555555556,1.0,1.0,0.0,0.0,1.0,1.0,0.2858183678995461,0.232142857143117,0.5569444444444445,0.10307564422277637,0.4693140794223827,0.4720000000000001,0.3390029119004938,0.7727272727272727,0.5,0.0,0.0,0.0,0.0,0.0,1.0,0.0,0.0,0.0,0.0,0.0,0.0,0.0,0.0,0.0
4 BHK,1117.62,1381.59,7,12,5,1,Semi-Furnished,1,4,5,3,7,Wooden,1,1,1,1,0,Open,1,Municipal,3573.64,Aundh,411007,Society,3.13,4.67,1.02,2.2,42817.49,12432642.02,11124.2,Broker,23,2,1,4,4,1,0,0,0,0,0,0,0,0,0,0,0,0,0,0,0.4104387610551706,0.42104160198696067,0.3333333333333333,0.42105263157894735,0.25,1.0,1.0,0.6000000000000001,1.0,0.6000000000000001,0.6666666666666665,1.0,1.0,1.0,1.0,0.0,1.0,0.3182371002014769,0.107142857143117,0.40694444444444444,0.37157107231920194,0.296028880866426,0.6320000000000001,0.1962731503501817,0.19999999999999998,0.5,1.0,0.0,0.0,0.0,0.0,0.0,0.0,0.0,0.0,0.0,0.0,0.0,0.0,0.0,0.0
3 BHK,831.08,1030.52,8,8,11,1,Semi-Furnished,1,3,3,2,5,Wooden,0,0,0,1,0,Covered,1,Corporation + Borewell,4160.79,Kalyani Nagar,411006,Society,1.82,5.26,1.32,1.84,33145.64,22564024.38,27150.09,Broker,25,1,1,3,3,0,0,0,0,1,0,0,0,0,0,0,0,0,0,0,0.27330678816187454,0.2847989754734555,0.38095238095238093,0.21052631578947367,0.55,1.0,1.0,0.4000000000000001,0.6000000000000001,0.4,0.4444444444444445,0.0,0.0,0.0,1.0,0.0,1.0,0.3856044994974552,0.089285714286234,0.22500000000000003,0.4206151288445552,0.40433212996389895,0.4880000000000001,0.6912434198090772,0.21818181818181817,0.0,0.0,0.0,0.0,0.0,1.0,0.0,0.0,0.0,0.0,0.0,0.0,0.0,0.0,0.0,0.0
3 BHK,816.88,1017.62,13,17,10,1,Unfurnished,0,3,2,1,4,Marble,1,1,1,0,0,Not Specified,1,Municipal,2161.55,Wakad,411057,Society,4.29,3.67,2.13,2.5,24218.0,4949877.67,6059.47,Owner,6,3,0,3,3,0,0,0,0,0,0,0,0,0,0,0,0,0,0,1,0.2665109690263793,0.2797927662216703,0.6190476190476191,0.6842105263157894,0.5,1.0,0.0,0.4000000000000001,0.4,0.2,0.3333333333333333,1.0,1.0,1.0,0.0,0.0,1.0,0.1562191646281857,1.0,0.5680555555555555,0.28844555278470485,0.6967509025270758,0.752,0.03984559638365928,0.045454545454545456,1.0,0.0,0.0,0.0,0.0,0.0,0.0,0.0,0.0,0.0,0.0,0.0,0.0,0.0,0.0,1.0
1 BHK,433.06,478.76,12,15,17,1,Unfurnished,0,1,0,0,1,Wooden,1,1,0,1,0,Covered,0,Tanker,800.0,Hinjewadi,411057,Society,6.67,1.48,2.62,2.03,13585.18,2800000.0,6465.66,Owner,32,3,0,1,1,0,0,0,1,0,0,0,0,0,0,0,0,0,0,0,0.08282284926681725,0.07067292766221672,0.5714285714285714,0.5789473684210527,0.8500000000000001,1.0,0.0,0.0,0.0,0.0,0.0,1.0,1.0,0.0,1.0,0.0,0.0,0.0,1.0,0.8986111111111111,0.10640066500415626,0.8736462093862817,0.564,0.052391044639669315,0.2818181818181818,1.0,0.0,0.0,0.0,1.0,0.0,0.0,0.0,0.0,0.0,0.0,0.0,0.0,0.0,0.0,0.0
3 BHK,809.58,900.82,6,12,9,1,Semi-Furnished,0,3,2,2,6,Granite,0,0,1,1,1,Not Specified,0,Municipal,3587.42,Aundh,411007,Society,3.65,4.15,1.28,1.7,25493.93,8480096.87,10474.66,Owner,73,2,1,3,3,1,0,0,0,0,0,0,0,0,0,0,0,0,0,0,0.2630173436961599,0.23446522819000315,0.2857142857142857,0.42105263157894735,0.45,1.0,0.0,0.4000000000000001,0.4,0.4,0.5555555555555556,0.0,0.0,1.0,1.0,1.0,0.0,0.3198181659637158,0.107142857143117,0.47916666666666663,0.32834580216126347,0.3898916967509025,0.43200000000000005,0.17621167552261638,0.6545454545454545,0.5,1.0,0.0,0.0,0.0,0.0,0.0,0.0,0.0,0.0,0.0,0.0,0.0,0.0,0.0,0.0
2 BHK,508.18,577.63,9,10,17,1,Semi-Furnished,1,2,2,1,4,Vitrified,0,0,1,1,1,Stilt,1,Tanker,1678.72,Kharadi,411014,Standalone,4.75,1.39,1.68,1.92,16042.39,8967590.33,17646.44,Owner,13,2,1,2,2,0,0,0,0,0,1,0,0,0,0,0,0,0,0,0,0.11877368965121178,0.10904222291213911,0.42857142857142855,0.3157894736842105,0.8500000000000001,1.0,1.0,0.2,0.4,0.2,0.3333333333333333,0.0,0.0,1.0,1.0,1.0,1.0,0.10082105272819897,0.232142857143117,0.6319444444444444,0.09891936824605152,0.5342960288808665,0.52,0.39771686987375177,0.10909090909090909,0.5,0.0,0.0,0.0,0.0,0.0,1.0,0.0,0.0,0.0,0.0,0.0,0.0,0.0,0.0,0.0
1 BHK,432.81,499.71,12,15,12,1,Unfurnished,0,1,1,0,1,Ceramic,1,1,0,0,0,Bike,1,Municipal,2430.985,Hadapsar,411028,Society,5.29,2.13,2.2,2.25,9902.63,2902721.46,6706.7,Owner,19,3,0,1,1,0,0,1,0,0,0,0,0,0,0,0,0,0,0,0,0.08270320456372755,0.07880316671841045,0.5714285714285714,0.5789473684210527,0.6000000000000001,1.0,0.0,0.0,0.2,0.0,0.0,1.0,1.0,0.0,0.0,0.0,1.0,0.1871331307855763,0.482142857143117,0.7069444444444445,0.16043225270157935,0.7220216606498195,0.652,0.0598357253251334,0.16363636363636364,1.0,0.0,0.0,1.0,0.0,0.0,0.0,0.0,0.0,0.0,0.0,0.0,0.0,0.0,0.0,0.0
1 BHK,442.47,527.99,12,17,10,1,Semi-Furnished,1,1,0,0,1,Wooden,0,1,0,0,0,Covered,0,Corporation + Borewell,2627.4,Aundh,411007,Society,3.18,4.57,1.18,1.6,18935.42,5944428.98,13434.69,Broker,16,2,1,1,1,1,0,0,0,0,0,0,0,0,0,0,0,0,0,0,0.08732627589111376,0.08977801924868056,0.5714285714285714,0.6842105263157894,0.5,1.0,1.0,0.0,0.0,0.0,0.0,0.0,1.0,0.0,0.0,0.0,0.0,0.20966905471084168,0.107142857143117,0.4138888888888889,0.36325852036575224,0.35379061371841153,0.3920000000000001,0.26763417041721593,0.13636363636363635,0.5,1.0,0.0,0.0,0.0,0.0,0.0,0.0,0.0,0.0,0.0,0.0,0.0,0.0,0.0,0.0
1 BHK,326.95,399.41,5,8,8,1,Fully Furnished,1,1,0,1,2,Granite,1,1,1,1,1,Stilt,1,Municipal,800.0,Baner,411045,Society,2.79,3.1,1.94,2.04,16380.32,9728362.53,29755.22,Not Specified,16,1,2,1,1,0,1,0,0,0,0,0,0,0,0,0,0,0,0,0,0.03204085148742296,0.03987891959018941,0.23809523809523808,0.21052631578947367,0.4,1.0,1.0,0.0,0.0,0.2,0.1111111111111111,1.0,1.0,1.0,1.0,1.0,1.0,0.0,0.7857142857146755,0.3597222222222222,0.24106400665004152,0.628158844765343,0.5680000000000001,0.7717045922042112,0.13636363636363635,0.0,0.0,1.0,0.0,0.0,0.0,0.0,0.0,0.0,0.0,0.0,0.0,0.0,0.0,0.0,0.0
2 BHK,542.95,635.54,3,17,13,1,Semi-Furnished,1,1,2,1,3,Vitrified,1,1,0,1,0,Covered,1,Tanker,2348.67,Aundh,411007,Society,3.45,3.81,1.48,2.04,16250.95,4263870.43,7853.2,Broker,36,2,1,2,2,1,0,0,0,0,0,0,0,0,0,0,0,0,0,0,0.13541387495692792,0.13151583359205218,0.14285714285714285,0.6842105263157894,0.65,1.0,1.0,0.0,0.4,0.2,0.2222222222222222,1.0,1.0,0.0,1.0,0.0,1.0,0.1776886149496767,0.107142857143117,0.4513888888888889,0.3000831255195345,0.4620938628158845,0.5680000000000001,0.09524614021844816,0.3181818181818182,0.5,1.0,0.0,0.0,0.0,0.0,0.0,0.0,0.0,0.0,0.0,0.0,0.0,0.0,0.0,0.0
3 BHK,870.22,1002.0,4,16,11,1,Unfurnished,1,3,2,2,3,Granite,1,1,0,0,0,Open,0,Borewell,872.12,Magarpatta,411013,Standalone,5.08,1.09,2.31,2.3,17521.67,5488008.16,6306.43,Owner,26,3,0,3,3,0,0,0,0,0,0,0,0,1,0,0,0,0,0,0,0.2920383628775987,0.273730984166408,0.19047619047619047,0.631578947368421,0.55,1.0,1.0,0.4000000000000001,0.4,0.4,0.2222222222222222,1.0,1.0,0.0,0.0,0.0,0.0,0.008274779591630685,0.214285714286234,0.6777777777777778,0.0739817123857024,0.7617328519855596,0.6719999999999999,0.047473120205772684,0.22727272727272727,1.0,0.0,0.0,0.0,0.0,0.0,0.0,0.0,0.0,1.0,0.0,0.0,0.0,0.0,0.0,0.0
1 RK,413.93,457.28,5,12,10,1,Semi-Furnished,1,2,0,0,1,Marble,1,1,0,0,0,Bike,0,Borewell,1823.47,Nigdi,411044,Society,3.37,10.57,1.92,2.17,12915.96,2800000.0,6764.35,Broker,84,3,1,1,1,0,0,0,0,0,0,0,0,0,1,0,0,0,0,0,0.07366763658639304,0.062337007140639555,0.23809523809523808,0.42105263157894735,0.5,1.0,1.0,0.2,0.0,0.0,0.0,1.0,1.0,0.0,0.0,0.0,0.0,0.11742912740774059,0.7678571428577925,0.4402777777777778,0.8620116375727347,0.6209386281588447,0.62,0.06161628391091589,0.7545454545454545,1.0,0.0,0.0,0.0,0.0,0.0,0.0,0.0,0.0,0.0,1.0,0.0,0.0,0.0,0.0,0.0
1 BHK,422.26,459.07,14,14,7,1,Semi-Furnished,1,1,1,0,1,Ceramic,1,1,0,0,1,Stilt,1,Corporation + Borewell,1422.0,Wakad,411057,Society,5.75,4.04,1.9,2.13,10126.49,3871138.46,9167.61,Owner,33,3,1,1,1,0,0,0,0,0,0,0,0,0,0,0,0,0,0,1,0.07765419809334202,0.06303166718410433,0.6666666666666666,0.5263157894736842,0.35000000000000003,1.0,1.0,0.0,0.2,0.0,0.0,1.0,1.0,0.0,0.0,1.0,1.0,0.07136595820846203,1.0,0.7708333333333334,0.31920199501246876,0.6137184115523465,0.604,0.13584256711763862,0.2909090909090909,1.0,0.0,0.0,0.0,0.0,0.0,0.0,0.0,0.0,0.0,0.0,0.0,0.0,0.0,0.0,1.0
1 BHK,269.87,296.65,6,13,9,1,Semi-Furnished,1,2,0,0,2,Vitrified,1,1,0,0,0,Open,1,Corporation + Borewell,800.0,Pimple Saudagar,411027,Society,3.08,4.48,1.85,1.89,7950.0,2800000.0,10375.43,Broker,20,3,1,1,1,0,0,0,0,0,0,0,0,0,0,1,0,0,0,0,0.004723572877981544,0.0,0.2857142857142857,0.4736842105263157,0.45,1.0,1.0,0.2,0.0,0.0,0.1111111111111111,1.0,1.0,0.0,0.0,0.0,1.0,0.0,0.464285714286234,0.4,0.3557772236076475,0.5956678700361011,0.508,0.17314689098719235,0.17272727272727273,1.0,0.0,0.0,0.0,0.0,0.0,0.0,0.0,0.0,0.0,0.0,1.0,0.0,0.0,0.0,0.0
2 BHK,627.85,752.47,5,10,12,1,Unfurnished,1,2,1,0,3,Vitrified,1,1,0,0,0,Covered,1,Municipal,2758.46,Hadapsar,411028,Society,5.35,2.11,1.89,2.26,13201.07,3439376.57,5478.02,Broker,13,3,0,2,2,0,0,1,0,0,0,0,0,0,0,0,0,0,0,0,0.17604521612619167,0.17689382179447383,0.23809523809523808,0.3157894736842105,0.6000000000000001,1.0,1.0,0.2,0.2,0.0,0.2222222222222222,1.0,1.0,0.0,0.0,0.0,1.0,0.22470638989219383,0.482142857143117,0.7152777777777778,0.15876974231088942,0.6101083032490975,0.6559999999999999,0.02188712648421065,0.10909090909090909,1.0,0.0,0.0,1.0,0.0,0.0,0.0,0.0,0.0,0.0,0.0,0.0,0.0,0.0,0.0,0.0
2 BHK,581.45,680.91,2,18,9,1,Unfurnished,0,2,2,1,4,Vitrified,1,1,0,0,0,Bike,0,Municipal,2039.96,Hinjewadi,411057,Society,6.01,1.4,1.94,2.16,16599.03,2871990.75,4939.38,Broker,32,3,0,2,2,0,0,0,1,0,0,0,0,0,0,0,0,0,0,0,0.15383915923274244,0.1491229431853462,0.09523809523809523,0.7368421052631579,0.45,1.0,0.0,0.2,0.4,0.2,0.3333333333333333,1.0,1.0,0.0,0.0,0.0,0.0,0.1422683818973707,1.0,0.8069444444444445,0.09975062344139649,0.628158844765343,0.6160000000000001,0.005250871902322235,0.2818181818181818,1.0,0.0,0.0,0.0,1.0,0.0,0.0,0.0,0.0,0.0,0.0,0.0,0.0,0.0,0.0,0.0
3 BHK,923.74,1078.47,3,10,12,1,Semi-Furnished,1,3,3,2,4,Wooden,1,1,1,0,1,Covered,1,Municipal,2826.61,Viman Nagar,411014,Society,2.7,5.15,1.78,1.54,40499.83,9394644.32,10170.25,Broker,18,2,1,3,3,0,0,0,0,0,0,0,0,0,0,0,0,0,1,0,0.3176519009150427,0.30340732691710653,0.14285714285714285,0.3157894736842105,0.6000000000000001,1.0,1.0,0.4000000000000001,0.6000000000000001,0.4,0.3333333333333333,1.0,1.0,1.0,0.0,1.0,1.0,0.2325256665029763,0.232142857143117,0.34722222222222227,0.41147132169576056,0.5703971119133574,0.3680000000000001,0.1668097702477154,0.15454545454545454,0.5,0.0,0.0,0.0,0.0,0.0,0.0,0.0,0.0,0.0,0.0,0.0,0.0,0.0,1.0,0.0
2 BHK,363.62,432.79,7,17,12,1,Semi-Furnished,1,2,2,1,3,Vitrified,0,0,0,1,0,Not Specified,1,Municipal,800.0,Wakad,411057,Standalone,5.5,2.84,1.9,1.97,8550.78,3118743.12,8576.96,Broker,75,3,1,2,2,0,0,0,0,0,0,0,0,0,0,0,0,0,0,1,0.04959033653662086,0.05283297112697924,0.3333333333333333,0.6842105263157894,0.6000000000000001,1.0,1.0,0.2,0.4,0.2,0.2222222222222222,0.0,0.0,0.0,1.0,0.0,1.0,0.0,1.0,0.7361111111111112,0.21945137157107228,0.6137184115523465,0.54,0.11759994910042412,0.6727272727272727,1.0,0.0,0.0,0.0,0.0,0.0,0.0,0.0,0.0,0.0,0.0,0.0,0.0,0.0,0.0,1.0
3 BHK,1151.91,1290.26,7,12,12,1,Unfurnished,0,4,3,2,5,Granite,0,0,0,0,0,Not Specified,0,Borewell,2554.99,Wakad,411057,Standalone,4.09,2.71,1.74,2.45,30861.01,6166765.4,5353.5,Owner,26,3,0,3,3,0,0,0,0,0,0,0,0,0,0,0,0,0,0,1,0.42684922853095447,0.3855984166407948,0.3333333333333333,0.42105263157894735,0.6000000000000001,1.0,0.0,0.6000000000000001,0.6000000000000001,0.4,0.4444444444444445,0.0,0.0,0.0,0.0,0.0,0.0,0.20136100160171827,1.0,0.5402777777777777,0.20864505403158767,0.555956678700361,0.7320000000000001,0.018041243481580427,0.22727272727272727,1.0,0.0,0.0,0.0,0.0,0.0,0.0,0.0,0.0,0.0,0.0,0.0,0.0,0.0,0.0,1.0
2 BHK,420.19,537.05,2,4,10,0,Fully Furnished,1,3,1,2,3,Wooden,0,1,1,1,1,Covered,1,Municipal,1200.03,Kalyani Nagar,411006,Standalone,1.93,5.26,1.27,1.29,25520.1,5034932.27,11982.4,Broker,21,1,2,2,2,0,0,0,0,1,0,0,0,0,0,0,0,0,0,0,0.07666353995175927,0.09329400807202734,0.09523809523809523,0.0,0.5,0.0,1.0,0.4000000000000001,0.2,0.4,0.2222222222222222,0.0,1.0,1.0,1.0,1.0,1.0,0.045897948974487235,0.089285714286234,0.24027777777777776,0.4206151288445552,0.3862815884476534,0.268,0.22277922803133535,0.1818181818181818,0.0,0.0,0.0,0.0,0.0,1.0,0.0,0.0,0.0,0.0,0.0,0.0,0.0,0.0,0.0,0.0
2 BHK,759.04,882.61,6,16,13,1,Fully Furnished,1,3,1,1,3,Wooden,1,1,0,0,0,Open,0,Corporation + Borewell,2322.55,Pimple Saudagar,411027,Society,2.87,4.97,1.44,1.58,16078.41,5052162.6,6656.0,Broker,14,3,2,2,2,0,0,0,0,0,0,0,0,0,0,1,0,0,0,0,0.23882997051954513,0.22739832350201805,0.2857142857142857,0.631578947368421,0.65,1.0,1.0,0.4000000000000001,0.2,0.2,0.2222222222222222,1.0,1.0,0.0,0.0,0.0,0.0,0.17469170364999015,0.464285714286234,0.37083333333333335,0.3965087281795511,0.4476534296028881,0.3840000000000001,0.05826982211092402,0.11818181818181817,1.0,0.0,0.0,0.0,0.0,0.0,0.0,0.0,0.0,0.0,0.0,1.0,0.0,0.0,0.0,0.0
3 BHK,754.55,944.74,1,16,7,1,Semi-Furnished,1,4,2,2,5,Vitrified,1,1,0,0,0,Bike,0,Municipal,2437.57,Hadapsar,411028,Society,5.23,1.49,2.41,2.07,15727.53,5736764.4,7602.89,Not Specified,25,3,1,3,3,0,0,1,0,0,0,0,0,0,0,0,0,0,0,0,0.23668115165205406,0.251509624340267,0.047619047619047616,0.631578947368421,0.35000000000000003,1.0,1.0,0.6000000000000001,0.4,0.4,0.4444444444444445,1.0,1.0,0.0,0.0,0.0,0.0,0.1878886691051948,0.482142857143117,0.6986111111111112,0.10723192019950123,0.7978339350180507,0.58,0.08751514941867003,0.21818181818181817,1.0,0.0,0.0,1.0,0.0,0.0,0.0,0.0,0.0,0.0,0.0,0.0,0.0,0.0,0.0,0.0
1 RK,447.02,519.8,12,18,9,1,Unfurnished,0,1,0,0,1,Granite,1,1,0,1,0,Covered,0,Corporation + Borewell,1772.37,Kothrud,411038,Standalone,1.86,8.77,1.67,1.44,22306.5,3705398.87,8289.08,Broker,12,2,0,1,1,0,0,0,0,0,0,0,1,0,0,0,0,0,0,0,0.08950380948734636,0.08659965849115181,0.5714285714285714,0.7368421052631579,0.45,1.0,0.0,0.0,0.0,0.0,0.0,1.0,1.0,0.0,1.0,0.0,0.0,0.11156610415299392,0.6607142857146755,0.23055555555555557,0.7123857024106399,0.5306859205776173,0.32799999999999996,0.10870858386755242,0.09999999999999999,0.5,0.0,0.0,0.0,0.0,0.0,0.0,0.0,1.0,0.0,0.0,0.0,0.0,0.0,0.0,0.0
2 BHK,682.43,847.85,5,8,13,1,Semi-Furnished,1,2,2,1,3,Marble,1,1,0,1,0,Not Specified,1,Municipal,2475.53,Kothrud,411038,Society,1.36,7.56,1.4,1.17,23961.47,11310065.67,16573.27,Broker,7,2,1,2,2,0,0,0,0,0,0,0,1,0,0,0,0,0,0,0,0.202166047704736,0.2139087239987582,0.23809523809523808,0.21052631578947367,0.65,1.0,1.0,0.2,0.4,0.2,0.2222222222222222,1.0,1.0,0.0,1.0,0.0,1.0,0.1922440578087209,0.6607142857146755,0.16111111111111112,0.6118038237738985,0.43321299638989164,0.21999999999999997,0.36457130079302036,0.054545454545454536,0.5,0.0,0.0,0.0,0.0,0.0,0.0,0.0,1.0,0.0,0.0,0.0,0.0,0.0,0.0,0.0
1 RK,413.11,462.27,4,13,1,1,Unfurnished,0,2,1,0,1,Vitrified,1,1,0,0,0,Covered,0,Corporation + Borewell,800.0,Hinjewadi,411057,Society,6.51,0.93,2.16,2.81,7500.0,3177048.59,7690.52,Broker,17,3,0,1,1,0,0,0,1,0,0,0,0,0,0,0,0,0,0,0,0.07327520196025882,0.0642735175411363,0.19047619047619047,0.4736842105263157,0.05,1.0,0.0,0.2,0.2,0.0,0.0,1.0,1.0,0.0,0.0,0.0,0.0,0.0,1.0,0.8763888888888889,0.060681629260182876,0.7075812274368232,0.8760000000000001,0.09022166024038933,0.14545454545454545,1.0,0.0,0.0,0.0,1.0,0.0,0.0,0.0,0.0,0.0,0.0,0.0,0.0,0.0,0.0,0.0
2 BHK,628.71,772.39,11,13,1,1,Semi-Furnished,1,2,2,2,2,Vitrified,1,1,1,1,0,Covered,1,Tanker,3596.24,Kalyani Nagar,411006,Society,2.59,5.17,0.65,1.11,45713.2,21020553.43,33434.55,Builder,64,1,1,2,2,0,0,0,0,1,0,0,0,0,0,0,0,0,0,0,0.17645679390482027,0.18462434026699787,0.5238095238095237,0.4736842105263157,0.05,1.0,1.0,0.2,0.4,0.4,0.1111111111111111,1.0,1.0,1.0,1.0,0.0,1.0,0.32083013984056247,0.089285714286234,0.33194444444444443,0.4131338320864505,0.16245487364620942,0.19600000000000006,0.8853431459150004,0.5727272727272728,0.0,0.0,0.0,0.0,0.0,1.0,0.0,0.0,0.0,0.0,0.0,0.0,0.0,0.0,0.0,0.0
1 RK,457.6,542.78,2,11,4,1,Semi-Furnished,1,2,0,0,1,Granite,1,1,0,1,0,Stilt,1,Municipal,2510.07,Hinjewadi,411057,Society,6.5,0.84,2.37,2.69,14884.17,6735268.6,14718.77,Owner,37,3,1,1,1,0,0,0,1,0,0,0,0,0,0,0,0,0,0,0,0.0945671733221027,0.09551769636758772,0.09523809523809523,0.368421052631579,0.2,1.0,1.0,0.2,0.0,0.0,0.0,1.0,1.0,0.0,1.0,0.0,1.0,0.19620704847836767,1.0,0.875,0.05320033250207813,0.7833935018050542,0.8280000000000001,0.30729383509772845,0.32727272727272727,1.0,0.0,0.0,0.0,1.0,0.0,0.0,0.0,0.0,0.0,0.0,0.0,0.0,0.0,0.0,0.0
2 BHK,687.53,804.88,9,16,14,1,Unfurnished,0,3,1,1,2,Vitrified,1,1,1,1,0,Open,0,Corporation + Borewell,2865.09,Hadapsar,411028,Society,4.59,2.59,2.44,2.33,8875.29,8064306.5,11729.46,Broker,60,3,0,2,2,0,0,1,0,0,0,0,0,0,0,0,0,0,0,0,0.20460679964776596,0.19723300217323814,0.42857142857142855,0.631578947368421,0.7000000000000001,1.0,0.0,0.4000000000000001,0.2,0.2,0.1111111111111111,1.0,1.0,1.0,1.0,0.0,0.0,0.23694071806545475,0.482142857143117,0.6097222222222222,0.198669991687448,0.8086642599277979,0.684,0.21496700793267418,0.5363636363636364,1.0,0.0,0.0,1.0,0.0,0.0,0.0,0.0,0.0,0.0,0.0,0.0,0.0,0.0,0.0,0.0
3 BHK,1237.9,1491.36,13,15,6,1,Semi-Furnished,1,3,3,1,3,Wooden,1,1,0,0,0,Open,1,Municipal,4746.64,Viman Nagar,411014,Standalone,2.14,4.84,1.32,1.44,36345.29,21558655.62,17415.56,Not Specified,39,2,1,3,3,0,0,0,0,0,0,0,0,0,0,0,0,0,1,0,0.46800222060568936,0.46364095001552313,0.6190476190476191,0.5789473684210527,0.30000000000000004,1.0,1.0,0.4000000000000001,0.6000000000000001,0.2,0.2222222222222222,1.0,1.0,0.0,0.0,0.0,1.0,0.45282274164605246,0.232142857143117,0.2694444444444445,0.38570241064006644,0.40433212996389895,0.32799999999999996,0.3905859875444291,0.34545454545454546,0.5,0.0,0.0,0.0,0.0,0.0,0.0,0.0,0.0,0.0,0.0,0.0,0.0,0.0,1.0,0.0
3 BHK,1257.56,1390.14,3,16,8,1,Unfurnished,1,3,4,2,6,Ceramic,1,1,0,1,0,Covered,0,Not Specified,3071.73,Hadapsar,411028,Society,5.57,3.27,1.94,1.92,30497.94,6491023.92,5161.61,Builder,35,3,0,3,3,0,0,1,0,0,0,0,0,0,0,0,0,0,0,0,0.4774110800566637,0.4243596709096555,0.14285714285714285,0.631578947368421,0.4,1.0,1.0,0.4000000000000001,0.8,0.4,0.5555555555555556,1.0,1.0,0.0,1.0,0.0,0.0,0.26064982032300554,0.482142857143117,0.7458333333333333,0.255195344970906,0.628158844765343,0.52,0.012114593229615167,0.3090909090909091,1.0,0.0,0.0,1.0,0.0,0.0,0.0,0.0,0.0,0.0,0.0,0.0,0.0,0.0,0.0,0.0
2 BHK,510.97,639.95,1,7,4,1,Semi-Furnished,1,2,2,2,3,Not Specified,1,1,1,0,1,Open,1,Municipal,3032.87,Koregaon Park,411001,Society,2.32,5.65,1.92,1.31,32201.24,8552091.98,16736.86,Builder,33,1,1,2,2,0,0,0,0,0,0,1,0,0,0,0,0,0,0,0,0.12010892453769288,0.1332272586153369,0.047619047619047616,0.15789473684210525,0.2,1.0,1.0,0.2,0.4,0.4,0.2222222222222222,1.0,1.0,1.0,0.0,1.0,1.0,0.2561911689789849,0.0,0.2944444444444444,0.4530340814630091,0.6209386281588447,0.276,0.36962388672620605,0.2909090909090909,0.0,0.0,0.0,0.0,0.0,0.0,0.0,1.0,0.0,0.0,0.0,0.0,0.0,0.0,0.0,0.0
1 RK,508.33,568.11,6,15,3,1,Fully Furnished,1,1,0,1,1,Ceramic,0,1,0,1,0,Open,1,Tanker,1930.57,Kalyani Nagar,411006,Standalone,1.94,4.38,1.46,1.25,38579.77,13970127.9,27482.47,Owner,8,1,2,1,1,0,0,0,0,1,0,0,0,0,0,0,0,0,0,0,0.11884547647306558,0.10534771809996898,0.2857142857142857,0.5789473684210527,0.15000000000000002,1.0,1.0,0.0,0.0,0.2,0.0,0.0,1.0,0.0,1.0,0.0,1.0,0.1297173816265931,0.089285714286234,0.24166666666666664,0.3474646716541978,0.4548736462093863,0.252,0.7015091971333162,0.06363636363636363,0.0,0.0,0.0,0.0,0.0,1.0,0.0,0.0,0.0,0.0,0.0,0.0,0.0,0.0,0.0,0.0
2 BHK,429.61,494.8,10,10,1,1,Fully Furnished,1,3,2,2,3,Vitrified,1,1,1,0,1,Stilt,1,Corporation + Borewell,1743.8,Koregaon Park,411001,Society,2.48,5.29,1.32,1.42,39667.3,7833303.99,18233.65,Broker,34,1,2,2,2,0,0,0,0,0,0,1,0,0,0,0,0,0,0,0,0.08117175236417935,0.0768977025768395,0.47619047619047616,0.3157894736842105,0.05,1.0,1.0,0.4000000000000001,0.4,0.4,0.2222222222222222,1.0,1.0,1.0,0.0,1.0,1.0,0.10828808899862777,0.0,0.31666666666666665,0.42310889443059013,0.40433212996389895,0.31999999999999995,0.4158532412034538,0.3,0.0,0.0,0.0,0.0,0.0,0.0,0.0,1.0,0.0,0.0,0.0,0.0,0.0,0.0,0.0,0.0
2 BHK,554.88,639.74,4,13,7,1,Semi-Furnished,1,3,1,1,3,Marble,0,1,0,0,1,Stilt,0,Corporation + Borewell,1408.22,Aundh,411007,Standalone,3.91,4.0,0.9,1.48,18347.05,8952692.85,16134.34,Owner,59,2,1,2,2,1,0,0,0,0,0,0,0,0,0,0,0,0,0,0,0.1411233201883686,0.13314576218565666,0.19047619047619047,0.4736842105263157,0.35000000000000003,1.0,1.0,0.4000000000000001,0.2,0.2,0.2222222222222222,0.0,1.0,0.0,0.0,1.0,0.0,0.06978489244622313,0.107142857143117,0.5152777777777778,0.3158769742310889,0.2527075812274368,0.344,0.35101465586574376,0.5272727272727273,0.5,1.0,0.0,0.0,0.0,0.0,0.0,0.0,0.0,0.0,0.0,0.0,0.0,0.0,0.0,0.0
1 BHK,374.27,458.37,5,10,6,1,Semi-Furnished,1,1,1,0,1,Vitrified,0,0,0,1,0,Open,1,Tanker,1208.97,Kharadi,411014,Standalone,3.86,1.74,2.15,2.26,14753.7,4242449.5,11335.36,Owner,24,2,1,1,1,0,0,0,0,0,1,0,0,0,0,0,0,0,0,0,0.05468720088824226,0.0627600124185036,0.23809523809523808,0.3157894736842105,0.30000000000000004,1.0,1.0,0.0,0.2,0.0,0.0,0.0,0.0,0.0,1.0,0.0,1.0,0.04692369120339987,0.232142857143117,0.5083333333333333,0.1280133000831255,0.703971119133574,0.6559999999999999,0.20279496736620642,0.20909090909090908,0.5,0.0,0.0,0.0,0.0,0.0,1.0,0.0,0.0,0.0,0.0,0.0,0.0,0.0,0.0,0.0
1 BHK,291.6,362.68,6,15,8,1,Unfurnished,0,2,1,0,2,Ceramic,1,1,0,0,0,Covered,1,Tanker,1193.54,Viman Nagar,411014,Society,2.2,5.51,1.43,1.09,9293.06,3247508.21,11136.82,Not Specified,11,2,0,1,1,0,0,0,0,0,0,0,0,0,0,0,0,0,1,0,0.015123090470538711,0.025624805960881736,0.2857142857142857,0.5789473684210527,0.4,1.0,0.0,0.2,0.2,0.0,0.1111111111111111,1.0,1.0,0.0,0.0,0.0,1.0,0.045153310600254265,0.232142857143117,0.2777777777777778,0.4413965087281795,0.44404332129963897,0.18800000000000006,0.19666292744216043,0.0909090909090909,0.5,0.0,0.0,0.0,0.0,0.0,0.0,0.0,0.0,0.0,0.0,0.0,0.0,0.0,1.0,0.0
2 BHK,588.3,670.61,0,14,14,1,Unfurnished,0,2,2,1,4,Vitrified,1,1,1,0,0,Covered,1,Municipal,2218.15,Nigdi,411044,Standalone,3.85,11.27,2.07,1.95,10430.04,3881041.17,6597.09,Owner,35,3,0,2,2,0,0,0,0,0,0,0,0,0,1,0,0,0,0,0,0.15711742409740032,0.14512573734864953,0.0,0.5263157894736842,0.7000000000000001,1.0,0.0,0.2,0.4,0.2,0.3333333333333333,1.0,1.0,1.0,0.0,0.0,1.0,0.16271323735262128,0.7678571428577925,0.5069444444444444,0.9201995012468827,0.6750902527075812,0.532,0.05645034758727366,0.3090909090909091,1.0,0.0,0.0,0.0,0.0,0.0,0.0,0.0,0.0,0.0,1.0,0.0,0.0,0.0,0.0,0.0
3 BHK,1309.54,1477.98,3,19,17,1,Semi-Furnished,1,3,3,2,3,Vitrified,1,1,0,1,0,Covered,1,Municipal,4998.44,Shivajinagar,411005,Society,1.43,6.43,0.8,1.25,34734.92,16288237.56,12438.18,Owner,11,2,1,3,3,0,0,0,0,0,0,0,0,0,0,0,0,1,0,0,0.5022876067230752,0.45844846321018323,0.14285714285714285,0.7894736842105263,0.8500000000000001,1.0,1.0,0.4000000000000001,0.6000000000000001,0.4,0.2222222222222222,1.0,1.0,0.0,1.0,0.0,1.0,0.48171333373108566,0.071428571429351,0.1708333333333333,0.5178719866999167,0.21660649819494587,0.252,0.23685629641343306,0.0909090909090909,0.5,0.0,0.0,0.0,0.0,0.0,0.0,0.0,0.0,0.0,0.0,0.0,0.0,1.0,0.0,0.0
3 BHK,1198.74,1500.32,6,15,8,1,Unfurnished,1,3,3,2,5,Vitrified,0,0,1,1,0,Stilt,0,Municipal,2597.67,Wakad,411057,Society,4.99,4.17,1.72,2.17,18147.07,7232384.34,6033.32,Owner,17,3,0,3,3,0,0,0,0,0,0,0,0,0,0,0,0,0,0,1,0.44926107431371803,0.46711813101521277,0.2857142857142857,0.5789473684210527,0.4,1.0,1.0,0.4000000000000001,0.6000000000000001,0.4,0.4444444444444445,0.0,0.0,1.0,1.0,0.0,0.0,0.20625794548650472,1.0,0.6652777777777779,0.3300083125519534,0.5487364620938628,0.62,0.03903793624457494,0.14545454545454545,1.0,0.0,0.0,0.0,0.0,0.0,0.0,0.0,0.0,0.0,0.0,0.0,0.0,0.0,0.0,1.0
3 BHK,1053.33,1222.36,17,17,11,1,Fully Furnished,1,3,2,2,5,Wooden,0,0,1,1,0,Covered,1,Municipal,4415.09,Viman Nagar,411014,Standalone,1.54,6.1,2.01,2.05,50841.01,9628574.83,9141.06,Owner,19,2,2,3,3,0,0,0,0,0,0,0,0,0,0,0,0,0,1,0,0.37967092920862205,0.3592479043775225,0.8095238095238095,0.6842105263157894,0.55,1.0,1.0,0.4000000000000001,0.4,0.4,0.4444444444444445,0.0,0.0,1.0,1.0,0.0,1.0,0.414781932250529,0.232142857143117,0.18611111111111112,0.49044056525353275,0.6534296028880866,0.572,0.13502255271256444,0.16363636363636364,0.5,0.0,0.0,0.0,0.0,0.0,0.0,0.0,0.0,0.0,0.0,0.0,0.0,0.0,1.0,0.0
3 BHK,1113.77,1364.38,3,14,18,1,Semi-Furnished,1,4,3,2,4,Wooden,0,0,0,0,0,Open,0,Municipal,2712.45,Magarpatta,411013,Standalone,5.32,2.27,2.02,2.38,29574.86,7067749.8,6345.78,Owner,28,3,1,3,3,0,0,0,0,0,0,0,0,1,0,0,0,0,0,0,0.4085962326275891,0.41436277553554807,0.14285714285714285,0.5263157894736842,0.9,1.0,1.0,0.6000000000000001,0.6000000000000001,0.4,0.3333333333333333,0.0,0.0,0.0,0.0,0.0,0.0,0.21942737423757747,0.214285714286234,0.7111111111111111,0.17206982543640895,0.6570397111913358,0.704,0.04868847112252098,0.24545454545454543,1.0,0.0,0.0,0.0,0.0,0.0,0.0,0.0,0.0,1.0,0.0,0.0,0.0,0.0,0.0,0.0
2 BHK,564.89,825.92,8,8,6,1,Fully Furnished,1,2,1,2,4,Granite,0,1,0,1,1,Open,1,Corporation + Borewell,2601.56,Baner,411045,Standalone,3.01,4.97,1.65,2.55,44867.17,10283005.0,18203.45,Broker,21,1,2,2,2,0,1,0,0,0,0,0,0,0,0,0,0,0,0,0,0.14591389410008038,0.20539816827072338,0.38095238095238093,0.21052631578947367,0.30000000000000004,1.0,1.0,0.2,0.2,0.4,0.3333333333333333,0.0,1.0,0.0,1.0,1.0,1.0,0.20670426956597565,0.7857142857146755,0.3902777777777778,0.3965087281795511,0.5234657039711191,0.772,0.41492049412122256,0.1818181818181818,0.0,0.0,1.0,0.0,0.0,0.0,0.0,0.0,0.0,0.0,0.0,0.0,0.0,0.0,0.0,0.0
3 BHK,901.84,979.98,9,12,13,1,Semi-Furnished,1,4,2,3,5,Ceramic,0,0,0,1,0,Not Specified,1,Municipal,3745.85,Kalyani Nagar,411006,Standalone,1.34,4.0,1.04,1.46,47928.33,9060877.51,10047.06,Builder,8,1,1,3,3,0,0,0,0,1,0,0,0,0,0,0,0,0,0,0,0.3071710249243846,0.2651855013970817,0.42857142857142855,0.42105263157894735,0.65,1.0,1.0,0.6000000000000001,0.4,0.6000000000000001,0.4444444444444445,0.0,0.0,0.0,1.0,0.0,1.0,0.3379958327787747,0.089285714286234,0.15833333333333335,0.3158769742310889,0.3032490974729242,0.33599999999999997,0.16300496517950133,0.06363636363636363,0.0,0.0,0.0,0.0,0.0,1.0,0.0,0.0,0.0,0.0,0.0,0.0,0.0,0.0,0.0,0.0
4 BHK,1626.75,1770.76,6,12,5,1,Unfurnished,1,4,5,1,6,Wooden,0,0,0,0,1,Covered,0,Municipal,4464.65,Hadapsar,411028,Standalone,5.44,2.13,2.32,1.86,41587.6,11039902.37,6786.47,Broker,52,3,0,4,4,0,0,1,0,0,0,0,0,0,0,0,0,0,0,0,0.6540975917914162,0.5720700093138777,0.2857142857142857,0.42105263157894735,0.25,1.0,1.0,0.6000000000000001,1.0,0.2,0.5555555555555556,0.0,0.0,0.0,0.0,1.0,0.0,0.42046826165376266,0.482142857143117,0.7277777777777779,0.16043225270157935,0.7653429602888087,0.4960000000000001,0.0622994748201528,0.4636363636363636,1.0,0.0,0.0,1.0,0.0,0.0,0.0,0.0,0.0,0.0,0.0,0.0,0.0,0.0,0.0,0.0
3 BHK,1022.35,804.04,13,15,1,1,Unfurnished,0,3,3,2,4,Ceramic,0,1,0,0,0,Covered,1,Corporation + Borewell,3610.06,Viman Nagar,411014,Standalone,2.49,4.46,2.47,1.28,31272.76,10709906.22,10475.79,Owner,8,2,0,3,3,0,0,0,0,0,0,0,0,0,0,0,0,0,1,0,0.3648445576017459,0.19690701645451725,0.6190476190476191,0.5789473684210527,0.05,1.0,0.0,0.4000000000000001,0.6000000000000001,0.4,0.3333333333333333,0.0,1.0,0.0,0.0,0.0,1.0,0.32241579505349005,0.232142857143117,0.3180555555555556,0.35411471321695753,0.8194945848375452,0.264,0.17624657632403765,0.06363636363636363,0.5,0.0,0.0,0.0,0.0,0.0,0.0,0.0,0.0,0.0,0.0,0.0,0.0,0.0,1.0,0.0
1 BHK,414.09,457.57,2,13,10,1,Semi-Furnished,1,1,1,1,2,Granite,1,0,1,1,1,Not Specified,0,Corporation + Borewell,2299.61,Kalyani Nagar,411006,Society,2.54,3.24,1.03,1.71,22434.97,10115675.36,24428.78,Owner,30,1,1,1,1,0,0,0,0,1,0,0,0,0,0,0,0,0,0,0,0.07374420919637044,0.06244954982924558,0.09523809523809523,0.4736842105263157,0.5,1.0,1.0,0.0,0.2,0.2,0.1111111111111111,1.0,0.0,1.0,1.0,1.0,0.0,0.17205965368005105,0.089285714286234,0.325,0.25270157938487114,0.2996389891696751,0.43600000000000005,0.6071939508572007,0.2636363636363636,0.0,0.0,0.0,0.0,0.0,1.0,0.0,0.0,0.0,0.0,0.0,0.0,0.0,0.0,0.0,0.0
3 BHK,991.44,1077.23,2,15,6,1,Semi-Furnished,1,4,3,2,5,Wooden,0,0,0,0,0,Covered,0,Borewell,2522.29,Wakad,411057,Society,3.88,3.24,1.48,2.16,36685.0,12150563.73,12255.47,Owner,21,3,1,3,3,0,0,0,0,0,0,0,0,0,0,0,0,0,0,1,0.3500516865117348,0.3029261099037567,0.09523809523809523,0.5789473684210527,0.30000000000000004,1.0,1.0,0.6000000000000001,0.6000000000000001,0.4,0.4444444444444445,0.0,0.0,0.0,0.0,0.0,0.0,0.19760912566374933,1.0,0.5111111111111111,0.25270157938487114,0.4620938628158845,0.6160000000000001,0.23121317656593413,0.1818181818181818,1.0,0.0,0.0,0.0,0.0,0.0,0.0,0.0,0.0,0.0,0.0,0.0,0.0,0.0,0.0,1.0
1 BHK,452.86,522.3,4,11,2,1,Unfurnished,0,1,1,0,1,Wooden,1,1,0,0,0,Covered,1,Municipal,2242.94,Kothrud,411038,Society,1.16,7.3,0.97,1.5,12126.33,7851416.4,17337.42,Broker,38,2,0,1,1,0,0,0,0,0,0,0,1,0,0,0,0,0,0,0,0.09229870975152189,0.08756985408258305,0.19047619047619047,0.368421052631579,0.1,1.0,0.0,0.0,0.2,0.0,0.0,1.0,1.0,0.0,0.0,0.0,1.0,0.1655575494169103,0.6607142857146755,0.1333333333333333,0.5901911886949293,0.2779783393501805,0.3520000000000001,0.38817258168331814,0.33636363636363636,0.5,0.0,0.0,0.0,0.0,0.0,0.0,0.0,1.0,0.0,0.0,0.0,0.0,0.0,0.0,0.0
1 BHK,365.74,398.79,8,14,6,1,Unfurnished,1,1,1,0,2,Vitrified,0,0,0,0,0,Covered,1,Borewell,800.0,Pune Camp,411001,Society,2.03,5.76,1.61,1.57,11022.09,4688147.7,12818.1,Owner,78,3,0,1,1,0,0,0,0,0,0,0,0,0,0,0,1,0,0,0,0.05060492361882156,0.039638311083514455,0.38095238095238093,0.5263157894736842,0.30000000000000004,1.0,1.0,0.0,0.2,0.0,0.1111111111111111,0.0,0.0,0.0,0.0,0.0,1.0,0.0,0.0,0.25416666666666665,0.46217788861180376,0.5090252707581228,0.3800000000000001,0.24859037825056182,0.7000000000000001,1.0,0.0,0.0,0.0,0.0,0.0,0.0,0.0,0.0,0.0,0.0,0.0,1.0,0.0,0.0,0.0
2 BHK,656.52,804.11,9,13,6,1,Semi-Furnished,1,2,1,1,2,Vitrified,1,1,1,1,0,Covered,1,Municipal,1805.82,Kharadi,411014,Society,4.31,1.83,2.13,1.9,35600.89,7133680.12,10865.91,Owner,22,2,1,2,2,0,0,0,0,0,1,0,0,0,0,0,0,0,0,0,0.18976607067651902,0.19693418193107737,0.42857142857142855,0.4736842105263157,0.30000000000000004,1.0,1.0,0.2,0.2,0.2,0.1111111111111111,1.0,1.0,1.0,1.0,0.0,1.0,0.11540403229137505,0.232142857143117,0.5708333333333333,0.13549459684123025,0.6967509025270758,0.512,0.1882956919439067,0.1909090909090909,0.5,0.0,0.0,0.0,0.0,0.0,1.0,0.0,0.0,0.0,0.0,0.0,0.0,0.0,0.0,0.0
1 BHK,417.23,528.04,10,12,0,1,Fully Furnished,1,2,1,1,1,Vitrified,0,0,1,1,1,Open,0,Corporation + Borewell,934.31,Baner,411045,Standalone,3.07,2.94,1.39,2.79,27880.24,15165293.79,36347.39,Broker,34,1,2,1,1,0,1,0,0,0,0,0,0,0,0,0,0,0,0,0,0.07524694666717717,0.08979742316050918,0.47619047619047616,0.42105263157894735,0.0,1.0,1.0,0.2,0.2,0.2,0.0,0.0,0.0,1.0,1.0,1.0,0.0,0.015410228049804714,0.7857142857146755,0.3986111111111111,0.227763923524522,0.4296028880866426,0.8680000000000001,0.975308146279451,0.3,0.0,0.0,1.0,0.0,0.0,0.0,0.0,0.0,0.0,0.0,0.0,0.0,0.0,0.0,0.0,0.0
1 BHK,446.21,489.8,7,12,9,1,Unfurnished,0,1,1,0,2,Vitrified,0,1,1,1,1,Open,0,Municipal,1250.16,Viman Nagar,411014,Society,2.01,5.22,1.43,1.24,20647.7,4855572.18,10881.83,Broker,40,2,0,1,1,0,0,0,0,0,0,0,0,0,0,0,0,0,1,0,0.08911616064933574,0.07495731139397704,0.3333333333333333,0.42105263157894735,0.45,1.0,0.0,0.0,0.2,0.0,0.1111111111111111,0.0,1.0,1.0,1.0,1.0,0.0,0.0516496780500342,0.232142857143117,0.2513888888888889,0.41729010806317535,0.44404332129963897,0.248,0.18878739173030143,0.35454545454545455,0.5,0.0,0.0,0.0,0.0,0.0,0.0,0.0,0.0,0.0,0.0,0.0,0.0,0.0,1.0,0.0
2 BHK,654.23,713.43,6,14,5,1,Semi-Furnished,1,3,2,1,4,Ceramic,1,1,1,0,0,Stilt,0,Municipal,3125.48,Kharadi,411014,Society,5.39,1.5,2.27,1.85,26235.05,5292433.95,8089.51,Owner,70,2,1,2,2,0,0,0,0,0,1,0,0,0,0,0,0,0,0,0,0.18867012519621734,0.16174324743868368,0.2857142857142857,0.5263157894736842,0.25,1.0,1.0,0.4000000000000001,0.4,0.2,0.3333333333333333,1.0,1.0,1.0,0.0,0.0,0.0,0.26681689468587505,0.232142857143117,0.7208333333333333,0.1080631753948462,0.7472924187725632,0.4920000000000001,0.10254473170858266,0.6272727272727273,0.5,0.0,0.0,0.0,0.0,0.0,1.0,0.0,0.0,0.0,0.0,0.0,0.0,0.0,0.0,0.0
3 BHK,913.66,1091.88,8,18,15,1,Fully Furnished,1,3,3,1,5,Marble,1,1,1,0,0,Open,0,Corporation + Borewell,2568.89,Wakad,411057,Society,5.33,2.77,2.26,1.73,18169.29,7715879.32,8445.05,Broker,40,3,2,3,3,0,0,0,0,0,0,0,0,0,0,0,0,0,0,1,0.3128278264864658,0.3086114560695437,0.38095238095238093,0.7368421052631579,0.75,1.0,1.0,0.4000000000000001,0.6000000000000001,0.2,0.4444444444444445,1.0,1.0,1.0,0.0,0.0,0.0,0.20295583571602316,1.0,0.7125,0.2136325852036575,0.743682310469314,0.44400000000000006,0.11352582103363204,0.35454545454545455,1.0,0.0,0.0,0.0,0.0,0.0,0.0,0.0,0.0,0.0,0.0,0.0,0.0,0.0,0.0,1.0
3 BHK,724.17,823.68,11,11,2,1,Unfurnished,1,4,4,2,5,Ceramic,1,1,0,0,0,Stilt,1,Municipal,2578.4,Shivajinagar,411005,Society,0.48,6.74,1.28,1.67,36610.81,7562708.47,10443.31,Owner,74,2,0,3,3,0,0,0,0,0,0,0,0,0,0,0,0,1,0,0,0.22214192733259314,0.20452887302080103,0.5238095238095237,0.368421052631579,0.1,1.0,1.0,0.6000000000000001,0.8,0.4,0.4444444444444445,1.0,1.0,0.0,0.0,0.0,1.0,0.204046977617249,0.071428571429351,0.03888888888888889,0.543640897755611,0.3898916967509025,0.42000000000000004,0.17524340992566437,0.6636363636363637,0.5,0.0,0.0,0.0,0.0,0.0,0.0,0.0,0.0,0.0,0.0,0.0,0.0,1.0,0.0,0.0
2 BHK,403.63,468.48,7,12,2,1,Semi-Furnished,1,3,2,1,3,Vitrified,0,1,0,1,0,Stilt,1,Municipal,1441.3,Aundh,411007,Standalone,3.64,4.67,1.17,1.6,11687.04,6737396.13,16692.11,Broker,12,2,1,2,2,1,0,0,0,0,0,0,0,0,0,0,0,0,0,0,0.06873827481909721,0.06668348339025151,0.3333333333333333,0.42105263157894735,0.1,1.0,1.0,0.4000000000000001,0.4,0.2,0.2222222222222222,0.0,1.0,0.0,1.0,0.0,1.0,0.07358036816573424,0.107142857143117,0.47777777777777786,0.37157107231920194,0.35018050541516244,0.3920000000000001,0.3682417532185952,0.09999999999999999,0.5,1.0,0.0,0.0,0.0,0.0,0.0,0.0,0.0,0.0,0.0,0.0,0.0,0.0,0.0,0.0
2 BHK,532.79,752.61,7,12,12,1,Semi-Furnished,1,2,2,1,3,Vitrified,1,1,1,1,1,Stilt,1,Borewell,2191.51,Kothrud,411038,Society,1.66,6.19,1.16,1.28,22426.27,9017060.59,16924.14,Owner,55,2,1,2,2,0,0,0,0,0,0,0,1,0,0,0,0,0,0,0,0.13055151422336225,0.17694815274759396,0.3333333333333333,0.42105263157894735,0.6000000000000001,1.0,1.0,0.2,0.4,0.2,0.2222222222222222,1.0,1.0,1.0,1.0,1.0,1.0,0.15965666319398236,0.6607142857146755,0.20277777777777775,0.4979218620116376,0.34657039711191334,0.264,0.3754081540626386,0.4909090909090909,0.5,0.0,0.0,0.0,0.0,0.0,0.0,0.0,1.0,0.0,0.0,0.0,0.0,0.0,0.0,0.0
1 BHK,378.64,417.46,11,18,7,1,Semi-Furnished,1,1,1,0,1,Vitrified,1,1,0,0,0,Open,1,Tanker,1434.04,Wakad,411057,Society,4.45,2.07,2.23,2.09,12957.63,2902089.65,7664.52,Owner,12,3,1,1,1,0,0,0,0,0,0,0,0,0,0,0,0,0,0,1,0.05677859029825032,0.0468837317603229,0.5238095238095237,0.7368421052631579,0.35000000000000003,1.0,1.0,0.0,0.2,0.0,0.0,1.0,1.0,0.0,0.0,0.0,1.0,0.07274738286574481,1.0,0.5902777777777778,0.15544472152950953,0.7328519855595668,0.588,0.08941863295105121,0.09999999999999999,1.0,0.0,0.0,0.0,0.0,0.0,0.0,0.0,0.0,0.0,0.0,0.0,0.0,0.0,0.0,1.0
1 BHK,383.6,470.17,3,14,6,1,Fully Furnished,1,2,2,0,1,Ceramic,1,1,0,0,0,Open,0,Borewell,1132.58,Hadapsar,411028,Society,5.39,3.14,2.14,1.92,17649.26,2817597.5,7345.1,Owner,8,3,2,1,1,0,0,1,0,0,0,0,0,0,0,0,0,0,0,0,0.05915234120755007,0.067339335610059,0.14285714285714285,0.5263157894736842,0.30000000000000004,1.0,1.0,0.2,0.4,0.0,0.0,1.0,1.0,0.0,0.0,0.0,0.0,0.0381589877507561,0.482142857143117,0.7208333333333333,0.24438902743142144,0.700361010830325,0.52,0.07955313384488233,0.06363636363636363,1.0,0.0,0.0,1.0,0.0,0.0,0.0,0.0,0.0,0.0,0.0,0.0,0.0,0.0,0.0,0.0
3 BHK,989.19,1176.02,0,11,13,1,Semi-Furnished,1,3,3,1,6,Vitrified,0,1,0,1,0,Covered,1,Corporation + Borewell,3433.88,Viman Nagar,411014,Standalone,2.5,4.75,1.7,1.58,43579.28,15513057.18,15682.59,Owner,10,2,1,3,3,0,0,0,0,0,0,0,0,0,0,0,0,0,1,0,0.3489748841839274,0.34126435889475326,0.0,0.368421052631579,0.65,1.0,1.0,0.4000000000000001,0.6000000000000001,0.2,0.5555555555555556,0.0,1.0,0.0,1.0,0.0,1.0,0.30220155949534405,0.232142857143117,0.3194444444444444,0.3782211138819617,0.5415162454873647,0.3840000000000001,0.33706205671349354,0.08181818181818182,0.5,0.0,0.0,0.0,0.0,0.0,0.0,0.0,0.0,0.0,0.0,0.0,0.0,0.0,1.0,0.0
1 BHK,405.5,512.4,7,13,2,1,Semi-Furnished,1,1,1,1,1,Ceramic,1,1,0,1,1,Covered,1,Municipal,2058.41,Kalyani Nagar,411006,Society,1.43,3.93,0.95,1.13,24460.32,12153798.67,29972.19,Owner,25,1,1,1,1,0,0,0,0,1,0,0,0,0,0,0,0,0,0,0,0.06963321719820821,0.08372787954051539,0.3333333333333333,0.4736842105263157,0.1,1.0,1.0,0.0,0.2,0.2,0.0,1.0,1.0,0.0,1.0,1.0,1.0,0.14438526602750915,0.089285714286234,0.1708333333333333,0.3100581878636741,0.2707581227436823,0.20399999999999996,0.7784058549337379,0.21818181818181817,0.0,0.0,0.0,0.0,0.0,1.0,0.0,0.0,0.0,0.0,0.0,0.0,0.0,0.0,0.0,0.0
2 BHK,871.25,1045.58,5,11,7,1,Semi-Furnished,1,2,1,2,2,Marble,0,0,0,1,0,Open,1,Tanker,5046.23,Baner,411045,Standalone,3.89,2.7,1.59,1.75,48077.01,20831551.12,23909.97,Broker,9,1,1,2,2,0,1,0,0,0,0,0,0,0,0,0,0,0,0,0,0.2925312990543283,0.29064343371623724,0.23809523809523808,0.368421052631579,0.35000000000000003,1.0,1.0,0.2,0.2,0.4,0.1111111111111111,0.0,0.0,0.0,1.0,0.0,1.0,0.48719657994134674,0.7857142857146755,0.5125000000000001,0.2078137988362427,0.5018050541516246,0.45200000000000007,0.5911701590117576,0.07272727272727272,0.0,0.0,1.0,0.0,0.0,0.0,0.0,0.0,0.0,0.0,0.0,0.0,0.0,0.0,0.0,0.0
1 BHK,311.64,367.09,10,12,11,1,Unfurnished,1,2,2,1,1,Vitrified,1,1,1,0,1,Covered,1,Borewell,1142.55,Baner,411045,Society,2.67,3.86,1.06,2.23,22159.1,6949951.36,22301.4,Builder,33,1,0,1,1,0,1,0,0,0,0,0,0,0,0,0,0,0,0,0,0.02471380987020942,0.027336230984166404,0.47619047619047616,0.42105263157894735,0.55,1.0,1.0,0.2,0.4,0.2,0.0,1.0,1.0,1.0,0.0,1.0,1.0,0.03930290833490138,0.7857142857146755,0.34305555555555556,0.3042394014962593,0.3104693140794224,0.644,0.5414884049036554,0.2909090909090909,0.0,0.0,1.0,0.0,0.0,0.0,0.0,0.0,0.0,0.0,0.0,0.0,0.0,0.0,0.0,0.0
3 BHK,1009.71,1277.18,0,9,8,1,Unfurnished,0,3,3,3,5,Marble,1,1,0,1,1,Stilt,1,Corporation + Borewell,4703.19,Koregaon Park,411001,Society,3.11,5.18,1.51,1.22,65738.65,21577316.22,21369.77,Builder,12,1,0,3,3,0,0,0,0,0,0,1,0,0,0,0,0,0,0,0,0.3587953214135304,0.3805223533064267,0.0,0.2631578947368421,0.4,1.0,0.0,0.4000000000000001,0.6000000000000001,0.6000000000000001,0.4444444444444445,1.0,1.0,0.0,1.0,1.0,1.0,0.44783745083550947,0.0,0.4041666666666667,0.41396508728179543,0.47292418772563183,0.24,0.5127143928434208,0.09999999999999999,0.0,0.0,0.0,0.0,0.0,0.0,0.0,1.0,0.0,0.0,0.0,0.0,0.0,0.0,0.0,0.0
3 BHK,1028.48,1279.79,6,14,8,1,Unfurnished,0,3,1,2,5,Ceramic,1,1,0,1,0,Not Specified,0,Borewell,2689.23,Magarpatta,411013,Society,5.79,2.16,1.4,2.35,15705.2,5897459.71,5734.16,Owner,14,3,0,3,3,0,0,0,0,0,0,0,0,1,0,0,0,0,0,0,0.3677782457215054,0.38153523750388085,0.2857142857142857,0.5263157894736842,0.4,1.0,0.0,0.4000000000000001,0.2,0.4,0.4444444444444445,1.0,1.0,0.0,1.0,0.0,0.0,0.2167631981128179,0.214285714286234,0.7763888888888889,0.1629260182876143,0.43321299638989164,0.6920000000000001,0.02979818071079035,0.11818181818181817,1.0,0.0,0.0,0.0,0.0,0.0,0.0,0.0,0.0,1.0,0.0,0.0,0.0,0.0,0.0,0.0
3 BHK,814.17,938.94,4,10,11,1,Semi-Furnished,1,3,2,1,3,Ceramic,0,0,1,0,0,Covered,0,Corporation + Borewell,2580.7,Hinjewadi,411057,Standalone,5.98,2.9,2.39,2.61,12981.94,5076917.13,6235.69,Builder,13,3,1,3,3,0,0,0,1,0,0,0,0,0,0,0,0,0,0,0,0.26521402044488684,0.2492587705681466,0.19047619047619047,0.3157894736842105,0.55,1.0,1.0,0.4000000000000001,0.4,0.2,0.2222222222222222,0.0,0.0,1.0,0.0,0.0,0.0,0.2043108710318462,1.0,0.8027777777777778,0.2244389027431421,0.7906137184115524,0.796,0.045288268265473414,0.10909090909090909,1.0,0.0,0.0,0.0,1.0,0.0,0.0,0.0,0.0,0.0,0.0,0.0,0.0,0.0,0.0,0.0
2 BHK,672.1,840.11,4,7,11,1,Semi-Furnished,1,2,1,2,3,Not Specified,1,1,1,0,0,Covered,0,Municipal,3150.43,Kalyani Nagar,411006,Society,2.36,4.66,1.09,1.22,44633.62,7979109.41,11871.83,Broker,13,1,1,2,2,0,0,0,0,1,0,0,0,0,0,0,0,0,0,0,0.19722232857306943,0.21090499844768712,0.19047619047619047,0.15789473684210525,0.55,1.0,1.0,0.2,0.2,0.4,0.2222222222222222,1.0,1.0,1.0,0.0,0.0,0.0,0.26967956455291864,0.089285714286234,0.3,0.370739817123857,0.3212996389891697,0.24,0.21936420005510007,0.10909090909090909,0.0,0.0,0.0,0.0,0.0,1.0,0.0,0.0,0.0,0.0,0.0,0.0,0.0,0.0,0.0,0.0
2 BHK,743.88,831.25,16,17,3,1,Semi-Furnished,1,2,1,1,2,Vitrified,1,1,0,1,1,Covered,0,Corporation + Borewell,2550.01,Wakad,411057,Society,4.19,2.41,1.88,2.3,16449.14,7196164.23,9673.79,Owner,35,3,1,2,2,0,0,0,0,0,0,0,0,0,0,0,0,0,0,1,0.23157471572418548,0.20746662527165483,0.7619047619047619,0.6842105263157894,0.15000000000000002,1.0,1.0,0.2,0.2,0.2,0.1111111111111111,1.0,1.0,0.0,1.0,1.0,0.0,0.20078961499098175,1.0,0.5541666666666667,0.18370739817123855,0.6064981949458483,0.6719999999999999,0.1514762730144533,0.3090909090909091,1.0,0.0,0.0,0.0,0.0,0.0,0.0,0.0,0.0,0.0,0.0,0.0,0.0,0.0,0.0,1.0
1 BHK,469.49,532.06,0,13,1,1,Semi-Furnished,1,2,1,0,1,Ceramic,0,1,1,1,0,Covered,1,Municipal,1890.09,Shivajinagar,411005,Standalone,0.73,6.61,0.89,1.75,20939.55,8629532.65,18380.47,Owner,28,2,1,1,1,0,0,0,0,0,0,0,0,0,0,0,0,1,0,0,0.10025747540104905,0.09135749767153059,0.0,0.4736842105263157,0.05,1.0,1.0,0.2,0.2,0.0,0.0,0.0,1.0,1.0,1.0,0.0,1.0,0.12507285752968228,0.071428571429351,0.07361111111111111,0.5328345802161263,0.2490974729241877,0.45200000000000007,0.42038787453501636,0.24545454545454543,0.5,0.0,0.0,0.0,0.0,0.0,0.0,0.0,0.0,0.0,0.0,0.0,0.0,1.0,0.0,0.0
2 BHK,717.58,784.62,9,14,8,1,Unfurnished,1,2,1,1,3,Ceramic,0,0,0,1,0,Covered,0,Corporation + Borewell,2059.74,Nigdi,411044,Standalone,3.58,11.32,1.55,2.53,24213.38,4052228.37,5647.06,Owner,49,3,0,2,2,0,0,0,0,0,0,0,0,0,1,0,0,0,0,0,0.2189880929591485,0.18937053710027946,0.42857142857142855,0.5263157894736842,0.4,1.0,1.0,0.2,0.2,0.2,0.2222222222222222,0.0,0.0,0.0,1.0,0.0,0.0,0.14453786526290666,0.7678571428577925,0.46944444444444444,0.9243557772236075,0.4873646209386282,0.764,0.02710803929150757,0.43636363636363634,1.0,0.0,0.0,0.0,0.0,0.0,0.0,0.0,0.0,0.0,1.0,0.0,0.0,0.0,0.0,0.0
2 BHK,656.65,782.42,10,13,14,1,Semi-Furnished,1,3,2,1,3,Ceramic,1,1,0,1,0,Covered,1,Municipal,1524.17,Magarpatta,411013,Society,4.49,1.18,2.14,2.11,17992.03,4962049.82,7556.56,Owner,13,3,1,2,2,0,0,0,0,0,0,0,0,1,0,0,0,0,0,0,0.18982828592212564,0.18851676497981995,0.47619047619047616,0.4736842105263157,0.7000000000000001,1.0,1.0,0.4000000000000001,0.4,0.2,0.2222222222222222,1.0,1.0,0.0,1.0,0.0,1.0,0.08308856262993883,0.214285714286234,0.5958333333333333,0.08146300914380714,0.700361010830325,0.596,0.08608421656039941,0.10909090909090909,1.0,0.0,0.0,0.0,0.0,0.0,0.0,0.0,0.0,1.0,0.0,0.0,0.0,0.0,0.0,0.0
4 BHK,1192.4,1480.62,8,20,7,1,Unfurnished,1,5,3,3,5,Granite,1,1,0,0,0,Open,1,Not Specified,2830.85,Hadapsar,411028,Society,4.63,3.48,1.99,1.97,39737.86,8544951.32,7166.18,Builder,18,3,0,4,4,0,0,1,0,0,0,0,0,0,0,0,0,0,0,0,0.4462268846433631,0.45947298975473455,0.38095238095238093,0.8421052631578947,0.35000000000000003,1.0,1.0,0.8,0.6000000000000001,0.6000000000000001,0.4444444444444445,1.0,1.0,0.0,0.0,0.0,1.0,0.23301214827597283,0.482142857143117,0.6152777777777778,0.2726517040731504,0.6462093862815884,0.54,0.07402707066763692,0.15454545454545454,1.0,0.0,0.0,1.0,0.0,0.0,0.0,0.0,0.0,0.0,0.0,0.0,0.0,0.0,0.0,0.0
2 BHK,754.3,838.29,8,11,12,1,Fully Furnished,1,2,2,1,2,Wooden,1,1,1,1,0,Covered,1,Borewell,3150.21,Shivajinagar,411005,Society,0.79,7.4,0.59,1.44,28163.33,8001289.32,10607.52,Broker,2,2,2,2,2,0,0,0,0,0,0,0,0,0,0,0,0,1,0,0,0.23656150694896433,0.21019869605712516,0.38095238095238093,0.368421052631579,0.6000000000000001,1.0,1.0,0.2,0.4,0.2,0.1111111111111111,1.0,1.0,1.0,1.0,0.0,1.0,0.26965432257413113,0.071428571429351,0.08194444444444446,0.598503740648379,0.1407942238267148,0.32799999999999996,0.1803151449711343,0.00909090909090909,0.5,0.0,0.0,0.0,0.0,0.0,0.0,0.0,0.0,0.0,0.0,0.0,0.0,1.0,0.0,0.0
1 BHK,545.6,616.71,13,14,0,1,Fully Furnished,1,1,0,0,2,Marble,1,1,1,0,0,Covered,1,Tanker,2363.11,Aundh,411007,Society,3.9,4.44,1.66,1.71,30867.19,8507769.3,15593.56,Owner,19,2,2,1,1,1,0,0,0,0,0,0,0,0,0,0,0,0,0,0,0.1366821088096788,0.12420832039739216,0.6190476190476191,0.5263157894736842,0.0,1.0,1.0,0.0,0.0,0.0,0.1111111111111111,1.0,1.0,1.0,0.0,0.0,1.0,0.1793454066482783,0.107142857143117,0.5138888888888888,0.35245220282626766,0.5270758122743682,0.43600000000000005,0.33431230596080985,0.16363636363636364,0.5,1.0,0.0,0.0,0.0,0.0,0.0,0.0,0.0,0.0,0.0,0.0,0.0,0.0,0.0,0.0
1 BHK,428.58,488.67,6,12,9,1,Semi-Furnished,1,1,0,0,1,Vitrified,0,1,1,0,0,Covered,1,Tanker,1367.06,Pune Camp,411001,Society,2.65,6.04,1.76,1.7,7500.0,2800000.0,6533.22,Broker,25,3,1,1,1,0,0,0,0,0,0,0,0,0,0,0,1,0,0,0,0.08067881618744975,0.07451878298665013,0.2857142857142857,0.42105263157894735,0.45,1.0,1.0,0.0,0.0,0.0,0.0,0.0,1.0,1.0,0.0,0.0,1.0,0.06506234768760527,0.0,0.3402777777777778,0.4854530340814629,0.5631768953068592,0.43200000000000005,0.05447768016534951,0.21818181818181817,1.0,0.0,0.0,0.0,0.0,0.0,0.0,0.0,0.0,0.0,0.0,0.0,1.0,0.0,0.0,0.0
2 BHK,634.03,748.21,12,12,4,1,Semi-Furnished,1,2,2,1,3,Vitrified,1,0,0,1,0,Covered,1,Borewell,2944.18,Kharadi,411014,Society,3.89,2.39,2.58,2.06,25061.87,11867512.48,18717.54,Broker,12,2,1,2,2,0,0,0,0,0,1,0,0,0,0,0,0,0,0,0,0.17900283318656912,0.175240608506675,0.5714285714285714,0.42105263157894735,0.2,1.0,1.0,0.2,0.4,0.2,0.2222222222222222,1.0,0.0,0.0,1.0,0.0,1.0,0.24601520943958216,0.232142857143117,0.5125000000000001,0.18204488778054861,0.8592057761732853,0.5760000000000001,0.43079850562798594,0.09999999999999999,0.5,0.0,0.0,0.0,0.0,0.0,1.0,0.0,0.0,0.0,0.0,0.0,0.0,0.0,0.0,0.0
2 BHK,588.67,728.9,3,8,11,1,Semi-Furnished,1,2,2,2,4,Marble,1,0,1,1,1,Bike,1,Tanker,1615.97,Koregaon Park,411001,Society,3.2,5.07,1.59,0.93,36104.38,14799205.82,25140.12,Broker,49,1,1,2,2,0,0,0,0,0,0,1,0,0,0,0,0,0,0,0,0.1572944982579731,0.16774681775846012,0.14285714285714285,0.21052631578947367,0.55,1.0,1.0,0.2,0.4,0.4,0.3333333333333333,1.0,0.0,1.0,1.0,1.0,1.0,0.09362135196038388,0.0,0.4166666666666667,0.4048212801330008,0.5018050541516246,0.12400000000000005,0.6291641597801929,0.43636363636363634,0.0,0.0,0.0,0.0,0.0,0.0,0.0,1.0,0.0,0.0,0.0,0.0,0.0,0.0,0.0,0.0
1 BHK,378.44,444.14,7,9,6,1,Unfurnished,1,2,0,1,2,Vitrified,1,1,1,1,1,Open,1,Municipal,1644.04,Baner,411045,Standalone,3.9,2.79,1.43,1.87,24378.2,8101427.81,21407.33,Owner,22,1,0,1,1,0,1,0,0,0,0,0,0,0,0,0,0,0,0,0,0.05668287453577854,0.05723765911207701,0.3333333333333333,0.2631578947368421,0.30000000000000004,1.0,1.0,0.2,0.0,0.2,0.1111111111111111,1.0,1.0,1.0,1.0,1.0,1.0,0.09684199898114196,0.7857142857146755,0.5138888888888888,0.21529509559434745,0.44404332129963897,0.5000000000000001,0.5138744584198648,0.1909090909090909,0.0,0.0,1.0,0.0,0.0,0.0,0.0,0.0,0.0,0.0,0.0,0.0,0.0,0.0,0.0,0.0
3 BHK,795.14,929.93,11,11,6,1,Semi-Furnished,1,3,2,3,3,Wooden,0,0,1,1,1,Covered,1,Municipal,3539.48,Baner,411045,Society,3.26,2.55,1.84,2.33,45309.36,10559833.86,13280.4,Builder,31,1,1,3,3,0,1,0,0,0,0,0,0,0,0,0,0,0,0,0,0.2561066656456985,0.24576218565662838,0.5238095238095237,0.368421052631579,0.30000000000000004,1.0,1.0,0.4000000000000001,0.4,0.6000000000000001,0.2222222222222222,0.0,0.0,1.0,1.0,1.0,1.0,0.3143177093133723,0.7857142857146755,0.425,0.19534497090606812,0.5920577617328521,0.684,0.2628688211682936,0.2727272727272727,0.0,0.0,1.0,0.0,0.0,0.0,0.0,0.0,0.0,0.0,0.0,0.0,0.0,0.0,0.0,0.0
1 BHK,412.89,505.11,0,6,10,1,Semi-Furnished,1,2,0,1,2,Granite,0,0,1,1,1,Open,1,Borewell,1170.1,Baner,411045,Society,2.57,2.82,1.77,2.24,18493.9,11434306.47,27693.02,Owner,8,1,1,1,1,0,1,0,0,0,0,0,0,0,0,0,0,0,0,0,0.07316991462153986,0.08089878919590193,0.0,0.10526315789473684,0.5,1.0,1.0,0.2,0.0,0.2,0.1111111111111111,0.0,0.0,1.0,1.0,1.0,1.0,0.04246389249670707,0.7857142857146755,0.32916666666666666,0.21778886118038235,0.5667870036101084,0.6480000000000001,0.7080121738937064,0.06363636363636363,0.0,0.0,1.0,0.0,0.0,0.0,0.0,0.0,0.0,0.0,0.0,0.0,0.0,0.0,0.0,0.0
3 BHK,678.19,839.21,9,13,11,1,Unfurnished,1,2,2,2,6,Vitrified,1,1,0,1,0,Covered,1,Corporation + Borewell,3108.86,Kharadi,411014,Society,3.73,0.57,2.0,1.78,21429.74,6084514.46,8971.63,Broker,70,2,0,3,3,0,0,0,0,0,1,0,0,0,0,0,0,0,0,0,0.20013687354033466,0.21055572803477185,0.42857142857142855,0.4736842105263157,0.55,1.0,1.0,0.2,0.4,0.4,0.5555555555555556,1.0,1.0,0.0,1.0,0.0,1.0,0.2649099779247422,0.232142857143117,0.4902777777777778,0.030756442227763917,0.6498194945848376,0.4640000000000001,0.1297895944959274,0.6272727272727273,0.5,0.0,0.0,0.0,0.0,0.0,1.0,0.0,0.0,0.0,0.0,0.0,0.0,0.0,0.0,0.0
3 BHK,1218.76,827.62,7,12,14,1,Fully Furnished,1,4,3,1,3,Vitrified,1,1,0,0,0,Not Specified,0,Borewell,3389.04,Nigdi,411044,Society,3.14,11.75,1.07,2.62,39046.68,9372020.77,7689.79,Broker,27,3,2,3,3,0,0,0,0,0,0,0,0,0,1,0,0,0,0,0,0.4588422221371416,0.20605790127289664,0.3333333333333333,0.42105263157894735,0.7000000000000001,1.0,1.0,0.6000000000000001,0.6000000000000001,0.2,0.2222222222222222,1.0,1.0,0.0,0.0,0.0,0.0,0.29705678527337065,0.7678571428577925,0.4083333333333334,0.9600997506234413,0.3140794223826715,0.8,0.0901991137049579,0.23636363636363636,1.0,0.0,0.0,0.0,0.0,0.0,0.0,0.0,0.0,0.0,1.0,0.0,0.0,0.0,0.0,0.0
5 BHK,1785.86,1987.84,14,18,8,1,Unfurnished,1,4,5,3,5,Ceramic,1,1,0,1,0,Bike,0,Borewell,3414.89,Magarpatta,411013,Society,5.17,1.65,1.82,2.62,42588.03,10855312.9,6078.47,Owner,20,3,0,5,5,0,0,0,0,0,0,0,0,1,0,0,0,0,0,0,0.730244266625828,0.6563140329090345,0.6666666666666666,0.7368421052631579,0.4,1.0,1.0,0.6000000000000001,1.0,0.6000000000000001,0.4444444444444445,1.0,1.0,0.0,1.0,0.0,0.0,0.3000227177809088,0.214285714286234,0.6902777777777778,0.12053200332502076,0.5848375451263538,0.8,0.04043242401817562,0.17272727272727273,1.0,0.0,0.0,0.0,0.0,0.0,0.0,0.0,0.0,1.0,0.0,0.0,0.0,0.0,0.0,0.0
1 BHK,431.28,474.27,12,12,13,1,Fully Furnished,1,1,0,0,1,Vitrified,1,1,1,0,0,Bike,1,Tanker,841.71,Pimple Saudagar,411027,Society,5.17,4.94,1.43,2.02,12392.09,3257456.24,7553.04,Owner,19,3,2,1,1,0,0,0,0,0,0,0,0,0,0,1,0,0,0,0,0.08197097898081855,0.06893045638000622,0.5714285714285714,0.42105263157894735,0.65,1.0,1.0,0.0,0.0,0.0,0.0,1.0,1.0,1.0,0.0,0.0,1.0,0.004785649705586745,0.464285714286234,0.6902777777777778,0.3940149625935162,0.44404332129963897,0.56,0.08597549901968901,0.16363636363636364,1.0,0.0,0.0,0.0,0.0,0.0,0.0,0.0,0.0,0.0,0.0,1.0,0.0,0.0,0.0,0.0
4 BHK,1240.68,1486.96,8,9,11,1,Semi-Furnished,1,4,5,3,4,Marble,1,1,0,1,1,Covered,1,Corporation + Borewell,4327.94,Shivajinagar,411005,Society,1.56,6.22,0.64,1.77,54047.24,11094444.97,8942.22,Broker,11,2,1,4,4,0,0,0,0,0,0,0,0,0,0,0,0,1,0,0,0.4693326697040469,0.46193340577460423,0.38095238095238093,0.2631578947368421,0.55,1.0,1.0,0.6000000000000001,1.0,0.6000000000000001,0.3333333333333333,1.0,1.0,0.0,1.0,1.0,1.0,0.4047826665626391,0.071428571429351,0.18888888888888888,0.5004156275976724,0.15884476534296027,0.4600000000000001,0.12888124708902607,0.0909090909090909,0.5,0.0,0.0,0.0,0.0,0.0,0.0,0.0,0.0,0.0,0.0,0.0,0.0,1.0,0.0,0.0
3 BHK,1129.98,1380.71,17,18,8,1,Semi-Furnished,1,3,2,2,5,Ceramic,1,1,0,0,0,Open,1,Municipal,2634.5,Wakad,411057,Society,4.43,3.71,2.21,2.47,37320.74,7780672.62,6885.65,Owner,29,3,1,3,3,0,0,0,0,0,0,0,0,0,0,0,0,0,0,1,0.4163539951759256,0.4207000931387768,0.8095238095238095,0.7368421052631579,0.4,1.0,1.0,0.4000000000000001,0.4,0.4,0.4444444444444445,1.0,1.0,0.0,0.0,0.0,1.0,0.2104836822080765,1.0,0.5875,0.29177057356608477,0.7256317689530686,0.7400000000000001,0.06536271507232805,0.2545454545454545,1.0,0.0,0.0,0.0,0.0,0.0,0.0,0.0,0.0,0.0,0.0,0.0,0.0,0.0,0.0,1.0
4 BHK,1445.69,1670.19,0,15,5,1,Unfurnished,0,5,4,3,5,Granite,1,0,1,0,0,Covered,1,Municipal,5498.64,Kharadi,411014,Society,5.37,2.44,2.1,2.39,41980.2,20346045.82,14073.62,Broker,46,2,0,4,4,0,0,0,0,0,1,0,0,0,0,0,0,0,0,0,0.5674461120257285,0.5330409810617822,0.0,0.5789473684210527,0.25,1.0,0.0,0.8,0.8,0.6000000000000001,0.4444444444444445,1.0,0.0,1.0,0.0,0.0,1.0,0.5391044145926174,0.232142857143117,0.7180555555555556,0.18620116375727344,0.6859205776173286,0.7080000000000001,0.2873679483394014,0.40909090909090906,0.5,0.0,0.0,0.0,0.0,0.0,1.0,0.0,0.0,0.0,0.0,0.0,0.0,0.0,0.0,0.0
1 BHK,446.67,536.01,4,12,6,1,Unfurnished,1,2,2,0,1,Marble,0,1,1,1,0,Covered,1,Municipal,2251.44,Viman Nagar,411014,Standalone,3.03,4.95,1.42,1.52,18173.93,4220646.17,9449.14,Not Specified,31,2,0,1,1,0,0,0,0,0,0,0,0,0,0,0,0,0,1,0,0.08933630690302079,0.09289040670599194,0.19047619047619047,0.42105263157894735,0.30000000000000004,1.0,1.0,0.2,0.4,0.0,0.0,0.0,1.0,1.0,1.0,0.0,1.0,0.1665328076882478,0.232142857143117,0.39305555555555555,0.39484621778886114,0.4404332129963898,0.3600000000000001,0.14453780837792193,0.2727272727272727,0.5,0.0,0.0,0.0,0.0,0.0,0.0,0.0,0.0,0.0,0.0,0.0,0.0,0.0,1.0,0.0
4 BHK,1417.8,1630.53,14,17,17,1,Semi-Furnished,1,4,3,2,6,Wooden,1,1,0,1,0,Covered,0,Borewell,3288.94,Wakad,411057,Society,4.43,2.59,2.27,2.58,47232.5,16922538.39,11935.74,Broker,53,3,1,4,4,0,0,0,0,0,0,0,0,0,0,0,0,0,0,1,0.554098548949041,0.5176497981993171,0.6666666666666666,0.6842105263157894,0.8500000000000001,1.0,1.0,0.6000000000000001,0.6000000000000001,0.4,0.5555555555555556,1.0,1.0,0.0,1.0,0.0,0.0,0.2855716849250313,1.0,0.5875,0.198669991687448,0.7472924187725632,0.784,0.22133810290362313,0.4727272727272727,1.0,0.0,0.0,0.0,0.0,0.0,0.0,0.0,0.0,0.0,0.0,0.0,0.0,0.0,0.0,1.0
3 BHK,779.31,972.21,10,12,4,1,Fully Furnished,1,3,2,3,6,Ceramic,1,1,0,1,1,Stilt,0,Municipal,3674.68,Kalyani Nagar,411006,Society,2.18,5.35,1.11,1.67,57220.12,12305992.54,15790.83,Owner,30,1,2,3,3,0,0,0,0,1,0,0,0,0,0,0,0,0,0,0,0.24853076304605842,0.26217013349891344,0.47619047619047616,0.42105263157894735,0.2,1.0,1.0,0.4000000000000001,0.4,0.6000000000000001,0.5555555555555556,1.0,1.0,0.0,1.0,1.0,0.0,0.3298300526409994,0.089285714286234,0.275,0.4280964256026599,0.32851985559566793,0.42000000000000004,0.34040512109033816,0.2636363636363636,0.0,0.0,0.0,0.0,0.0,1.0,0.0,0.0,0.0,0.0,0.0,0.0,0.0,0.0,0.0,0.0
3 BHK,1062.22,1181.6,5,17,11,1,Semi-Furnished,1,3,3,2,6,Granite,1,1,1,0,0,Covered,1,Corporation + Borewell,3263.36,Nigdi,411044,Society,2.88,10.96,1.56,2.48,19128.79,7995989.62,7527.64,Builder,78,3,1,3,3,0,0,0,0,0,0,0,0,0,1,0,0,0,0,0,0.38392549485049204,0.34342983545482775,0.23809523809523808,0.6842105263157894,0.55,1.0,1.0,0.4000000000000001,0.6000000000000001,0.4,0.5555555555555556,1.0,1.0,1.0,0.0,0.0,1.0,0.28263673120964156,0.7678571428577925,0.37222222222222223,0.8944305901911886,0.49097472924187724,0.744,0.08519100312933561,0.7000000000000001,1.0,0.0,0.0,0.0,0.0,0.0,0.0,0.0,0.0,0.0,1.0,0.0,0.0,0.0,0.0,0.0
4 BHK,1435.16,1788.82,1,13,11,1,Fully Furnished,1,5,4,3,7,Wooden,1,1,0,0,0,Open,0,Municipal,4977.24,Aundh,411007,Society,3.27,4.32,1.44,1.16,52498.59,14280291.1,9950.3,Owner,47,2,2,4,4,1,0,0,0,0,0,0,0,0,0,0,0,0,0,0,0.5624066771315901,0.579078702266377,0.047619047619047616,0.4736842105263157,0.55,1.0,1.0,0.8,0.8,0.6000000000000001,0.6666666666666665,1.0,1.0,0.0,0.0,0.0,0.0,0.4792809248661028,0.107142857143117,0.4263888888888889,0.342477140482128,0.4476534296028881,0.21599999999999997,0.16001646823656443,0.41818181818181815,0.5,1.0,0.0,0.0,0.0,0.0,0.0,0.0,0.0,0.0,0.0,0.0,0.0,0.0,0.0,0.0
2 BHK,612.88,777.19,4,11,7,1,Semi-Furnished,1,2,2,1,2,Granite,1,1,0,1,0,Not Specified,1,Tanker,2049.04,Kothrud,411038,Society,2.43,7.24,0.96,1.47,29380.38,5884929.75,9602.07,Owner,25,2,1,2,2,0,0,0,0,0,0,0,1,0,0,0,0,0,0,0,0.16888089130518014,0.18648711580254584,0.19047619047619047,0.368421052631579,0.35000000000000003,1.0,1.0,0.2,0.4,0.2,0.1111111111111111,1.0,1.0,0.0,1.0,0.0,1.0,0.1433101872036936,0.6607142857146755,0.30972222222222223,0.5852036575228594,0.27436823104693137,0.33999999999999997,0.14926115312247898,0.21818181818181817,0.5,0.0,0.0,0.0,0.0,0.0,0.0,0.0,1.0,0.0,0.0,0.0,0.0,0.0,0.0,0.0
2 BHK,644.39,799.36,12,14,8,1,Unfurnished,0,3,2,0,2,Wooden,1,1,0,1,0,Covered,1,Municipal,3109.1,Kothrud,411038,Standalone,1.18,8.62,0.84,1.33,25319.95,6224934.65,9660.19,Broker,37,2,0,2,2,0,0,0,0,0,0,0,1,0,0,0,0,0,0,0,0.18396090968260653,0.19509081030735803,0.5714285714285714,0.5263157894736842,0.4,1.0,0.0,0.4000000000000001,0.4,0.0,0.1111111111111111,1.0,1.0,0.0,1.0,0.0,1.0,0.26493751462887405,0.6607142857146755,0.1361111111111111,0.6999168744804654,0.23104693140794225,0.28400000000000003,0.1510562279707995,0.32727272727272727,0.5,0.0,0.0,0.0,0.0,0.0,0.0,0.0,1.0,0.0,0.0,0.0,0.0,0.0,0.0,0.0
1 BHK,395.65,460.36,1,10,7,1,Unfurnished,0,2,1,0,1,Ceramic,0,0,1,0,0,Covered,0,Corporation + Borewell,800.0,Magarpatta,411013,Society,4.92,2.78,1.45,2.11,10064.77,2831762.44,7157.29,Builder,8,3,0,1,1,0,0,0,0,0,0,0,0,1,0,0,0,0,0,0,0.06491921589647383,0.06353228810928285,0.047619047619047616,0.3157894736842105,0.35000000000000003,1.0,0.0,0.2,0.2,0.0,0.0,0.0,0.0,1.0,0.0,0.0,0.0,0.0,0.214285714286234,0.6555555555555556,0.21446384039900246,0.45126353790613716,0.596,0.0737524971060132,0.06363636363636363,1.0,0.0,0.0,0.0,0.0,0.0,0.0,0.0,0.0,1.0,0.0,0.0,0.0,0.0,0.0,0.0
1 BHK,393.29,458.33,8,12,17,1,Unfurnished,0,1,0,0,2,Vitrified,1,1,0,1,0,Covered,0,Corporation + Borewell,1563.14,Kothrud,411038,Standalone,2.23,7.81,0.97,1.75,13230.06,4710934.12,11978.21,Broker,43,2,0,1,1,0,0,0,0,0,0,0,1,0,0,0,0,0,0,0,0.06378976989930703,0.0627444892890407,0.38095238095238093,0.42105263157894735,0.8500000000000001,1.0,0.0,0.0,0.0,0.0,0.1111111111111111,1.0,1.0,0.0,1.0,0.0,0.0,0.08755983496335326,0.6607142857146755,0.28194444444444444,0.6325852036575228,0.2779783393501805,0.45200000000000007,0.22264981709509205,0.3818181818181818,0.5,0.0,0.0,0.0,0.0,0.0,0.0,0.0,1.0,0.0,0.0,0.0,0.0,0.0,0.0,0.0
2 BHK,622.44,783.34,2,4,6,1,Semi-Furnished,1,2,3,1,2,Not Specified,0,0,0,0,0,Covered,1,Municipal,2576.29,Kothrud,411038,Standalone,1.95,6.38,1.3,1.48,26572.81,6191995.58,9947.96,Broker,33,2,1,2,2,0,0,0,0,0,0,0,1,0,0,0,0,0,0,0,0.1734561047513305,0.1888737969574667,0.09523809523809523,0.0,0.30000000000000004,1.0,1.0,0.2,0.6000000000000001,0.2,0.1111111111111111,0.0,0.0,0.0,0.0,0.0,1.0,0.20380488409342284,0.6607142857146755,0.24305555555555552,0.513715710723192,0.39711191335740076,0.344,0.15994419578052396,0.2909090909090909,0.5,0.0,0.0,0.0,0.0,0.0,0.0,0.0,1.0,0.0,0.0,0.0,0.0,0.0,0.0,0.0
2 BHK,776.6,927.23,1,17,13,1,Fully Furnished,1,2,2,1,2,Vitrified,1,0,1,0,0,Covered,0,Municipal,1494.77,Wakad,411057,Society,4.79,1.62,1.69,1.94,22250.3,6235095.83,8028.68,Owner,7,3,2,2,2,0,0,0,0,0,0,0,0,0,0,0,0,0,0,1,0.24723381446456605,0.24471437441788269,0.047619047619047616,0.6842105263157894,0.65,1.0,1.0,0.2,0.4,0.2,0.1111111111111111,1.0,0.0,1.0,0.0,0.0,0.0,0.07971531637378323,1.0,0.6375000000000001,0.11803823773898586,0.5379061371841155,0.528,0.10066595670818115,0.054545454545454536,1.0,0.0,0.0,0.0,0.0,0.0,0.0,0.0,0.0,0.0,0.0,0.0,0.0,0.0,0.0,1.0
1 BHK,489.75,610.78,4,8,12,1,Unfurnished,1,1,1,0,1,Vitrified,1,1,1,0,1,Covered,1,Municipal,2005.13,Shivajinagar,411005,Society,0.81,7.38,1.15,1.02,23611.63,4338412.32,8858.45,Broker,16,2,0,1,1,0,0,0,0,0,0,0,0,0,0,0,0,1,0,0,0.10995348213943872,0.12190701645451724,0.19047619047619047,0.21052631578947367,0.6000000000000001,1.0,1.0,0.0,0.2,0.0,0.0,1.0,1.0,1.0,0.0,1.0,1.0,0.1382721177102313,0.071428571429351,0.08472222222222224,0.596841230257689,0.34296028880866425,0.16000000000000003,0.12629395493410858,0.13636363636363635,0.5,0.0,0.0,0.0,0.0,0.0,0.0,0.0,0.0,0.0,0.0,0.0,0.0,1.0,0.0,0.0
4 BHK,1187.1,1367.53,15,16,13,1,Semi-Furnished,1,4,3,3,6,Ceramic,1,1,1,1,0,Covered,1,Municipal,4608.31,Kharadi,411014,Society,4.4,1.78,1.95,2.41,66505.39,18302699.55,15417.93,Owner,30,2,1,4,4,0,0,0,0,0,1,0,0,0,0,0,0,0,0,0,0.4436904169378613,0.4155852219807514,0.7142857142857142,0.631578947368421,0.65,1.0,1.0,0.6000000000000001,0.6000000000000001,0.6000000000000001,0.5555555555555556,1.0,1.0,1.0,1.0,0.0,1.0,0.43695127380203874,0.232142857143117,0.5833333333333334,0.1313383208645054,0.631768953068592,0.7160000000000001,0.3288878566213307,0.2636363636363636,0.5,0.0,0.0,0.0,0.0,0.0,1.0,0.0,0.0,0.0,0.0,0.0,0.0,0.0,0.0,0.0
2 BHK,451.1,513.56,4,12,11,1,Semi-Furnished,1,3,1,2,2,Vitrified,1,1,1,1,1,Covered,1,Municipal,1421.93,Kalyani Nagar,411006,Society,1.58,5.31,0.63,1.4,22872.98,4963519.53,11003.23,Broker,19,1,1,2,2,0,0,0,0,1,0,0,0,0,0,0,0,0,0,0,0.09145641104177037,0.08417805029493947,0.19047619047619047,0.42105263157894735,0.55,1.0,1.0,0.4000000000000001,0.2,0.4,0.1111111111111111,1.0,1.0,1.0,1.0,1.0,1.0,0.0713579266697569,0.089285714286234,0.19166666666666668,0.42477140482128006,0.15523465703971118,0.31199999999999994,0.19253691145821109,0.16363636363636364,0.0,0.0,0.0,0.0,0.0,1.0,0.0,0.0,0.0,0.0,0.0,0.0,0.0,0.0,0.0,0.0
1 BHK,400.11,478.57,3,17,7,1,Semi-Furnished,1,1,1,0,2,Vitrified,1,1,0,1,1,Stilt,1,Borewell,1166.5,Aundh,411007,Society,3.82,3.63,1.33,1.42,19502.25,3268718.02,8169.53,Broker,28,2,1,1,1,1,0,0,0,0,0,0,0,0,0,0,0,0,0,0,0.06705367739959418,0.07059919279726795,0.14285714285714285,0.6842105263157894,0.35000000000000003,1.0,1.0,0.0,0.2,0.0,0.1111111111111111,1.0,1.0,0.0,1.0,1.0,1.0,0.04205084193472883,0.107142857143117,0.5027777777777778,0.285120532003325,0.40794223826714804,0.31999999999999995,0.10501620261984565,0.24545454545454543,0.5,1.0,0.0,0.0,0.0,0.0,0.0,0.0,0.0,0.0,0.0,0.0,0.0,0.0,0.0,0.0
1 BHK,515.22,565.15,3,6,4,1,Unfurnished,1,1,0,0,2,Granite,1,1,0,1,0,Not Specified,1,Borewell,1379.08,Shivajinagar,411005,Society,0.86,7.67,1.14,1.53,17845.4,5207743.54,10107.83,Broker,25,2,0,1,1,0,0,0,0,0,0,0,0,0,0,0,0,1,0,0,0.12214288449021786,0.1041990065197144,0.14285714285714285,0.10526315789473684,0.2,1.0,1.0,0.0,0.0,0.0,0.1111111111111111,1.0,1.0,0.0,1.0,0.0,1.0,0.06644147761954372,0.071428571429351,0.09166666666666667,0.6209476309226932,0.3393501805054151,0.3640000000000001,0.16488188704000437,0.21818181818181817,0.5,0.0,0.0,0.0,0.0,0.0,0.0,0.0,0.0,0.0,0.0,0.0,0.0,1.0,0.0,0.0
3 BHK,816.26,966.37,2,16,11,1,Semi-Furnished,1,4,4,2,3,Granite,1,1,1,1,1,Covered,1,Municipal,2535.54,Kothrud,411038,Society,1.36,7.53,1.5,1.53,41153.63,8010259.2,9813.38,Owner,11,2,1,3,3,0,0,0,0,0,0,0,1,0,0,0,0,0,0,0,0.26621425016271677,0.25990375659733006,0.09523809523809523,0.631578947368421,0.55,1.0,1.0,0.6000000000000001,0.8,0.4,0.2222222222222222,1.0,1.0,1.0,1.0,1.0,1.0,0.19912938120436363,0.6607142857146755,0.16111111111111112,0.6093100581878637,0.4693140794223827,0.3640000000000001,0.15578760298824987,0.0909090909090909,0.5,0.0,0.0,0.0,0.0,0.0,0.0,0.0,1.0,0.0,0.0,0.0,0.0,0.0,0.0,0.0
1 RK,435.7,486.16,10,15,5,1,Unfurnished,0,1,1,0,1,Granite,0,0,0,0,0,Covered,1,Borewell,830.63,Magarpatta,411013,Standalone,4.13,1.65,2.09,1.99,17527.28,3270130.99,7505.38,Broker,54,3,0,1,1,0,0,0,0,0,0,0,0,1,0,0,0,0,0,0,0.08408629733144453,0.07354470661285317,0.47619047619047616,0.5789473684210527,0.25,1.0,0.0,0.0,0.2,0.0,0.0,0.0,0.0,0.0,0.0,0.0,1.0,0.0035143718648315003,0.214285714286234,0.5458333333333333,0.12053200332502076,0.6823104693140793,0.548,0.08450348822700224,0.4818181818181818,1.0,0.0,0.0,0.0,0.0,0.0,0.0,0.0,0.0,1.0,0.0,0.0,0.0,0.0,0.0,0.0
3 BHK,996.13,1112.29,1,10,0,1,Unfurnished,0,2,3,2,4,Ceramic,0,0,0,0,0,Covered,1,Municipal,2169.51,Hadapsar,411028,Standalone,4.95,3.26,2.18,1.53,28053.3,6436996.84,6461.98,Owner,28,3,0,3,3,0,0,1,0,0,0,0,0,0,0,0,0,0,0,0,0.3522962211416976,0.31653213287798826,0.047619047619047616,0.3157894736842105,0.0,1.0,0.0,0.2,0.6000000000000001,0.4,0.3333333333333333,0.0,0.0,0.0,0.0,0.0,1.0,0.15713246531522645,0.482142857143117,0.6597222222222222,0.254364089775561,0.7148014440433214,0.3640000000000001,0.05227738539256299,0.24545454545454543,1.0,0.0,0.0,1.0,0.0,0.0,0.0,0.0,0.0,0.0,0.0,0.0,0.0,0.0,0.0,0.0
4 BHK,1461.3,1666.54,0,11,13,1,Unfurnished,1,5,3,4,6,Not Specified,0,0,0,0,0,Covered,0,Corporation + Borewell,4290.44,Wakad,411057,Standalone,5.57,2.2,1.94,2.2,22881.51,8503861.53,5819.36,Owner,11,3,0,4,4,0,0,0,0,0,0,0,0,0,0,0,0,0,0,1,0.5749167272866497,0.5316244954982925,0.0,0.368421052631579,0.65,1.0,1.0,0.8,0.6000000000000001,0.8,0.5555555555555556,0.0,0.0,0.0,0.0,0.0,0.0,0.40048005654203245,1.0,0.7458333333333333,0.16625103906899416,0.628158844765343,0.6320000000000001,0.03242963936662149,0.0909090909090909,1.0,0.0,0.0,0.0,0.0,0.0,0.0,0.0,0.0,0.0,0.0,0.0,0.0,0.0,0.0,1.0
3 BHK,1006.98,1277.75,9,12,7,1,Unfurnished,0,4,4,1,5,Granite,1,1,0,0,0,Bike,0,Borewell,2194.38,Wakad,411057,Society,5.28,2.05,2.07,2.46,29589.46,6644601.97,6598.51,Owner,34,3,0,3,3,0,0,0,0,0,0,0,0,0,0,0,0,0,0,1,0.3574888012557908,0.38074355790127296,0.42857142857142855,0.42105263157894735,0.35000000000000003,1.0,0.0,0.6000000000000001,0.8,0.2,0.4444444444444445,1.0,1.0,0.0,0.0,0.0,0.0,0.15998595628089274,1.0,0.7055555555555556,0.15378221113881957,0.6750902527075812,0.736,0.0564942052315375,0.3,1.0,0.0,0.0,0.0,0.0,0.0,0.0,0.0,0.0,0.0,0.0,0.0,0.0,0.0,0.0,1.0
2 BHK,679.52,793.54,7,8,11,1,Unfurnished,0,3,0,0,4,Granite,0,0,1,0,1,Open,0,Municipal,1714.83,Kharadi,411014,Standalone,3.76,1.28,1.64,1.78,19098.28,4929588.74,7254.57,Broker,46,2,0,2,2,0,0,0,0,0,1,0,0,0,0,0,0,0,0,0,0.20077338336077183,0.19283219497050608,0.3333333333333333,0.21052631578947367,0.55,1.0,0.0,0.4000000000000001,0.0,0.0,0.3333333333333333,0.0,0.0,1.0,0.0,1.0,0.0,0.10496417933737512,0.232142857143117,0.49444444444444446,0.08977556109725685,0.51985559566787,0.4640000000000001,0.07675705459473683,0.40909090909090906,0.5,0.0,0.0,0.0,0.0,0.0,1.0,0.0,0.0,0.0,0.0,0.0,0.0,0.0,0.0,0.0
3 BHK,1023.79,1276.37,2,14,7,1,Semi-Furnished,1,3,3,2,6,Wooden,1,1,1,0,0,Stilt,1,Tanker,2000.62,Pune Camp,411001,Standalone,1.3,6.83,1.52,1.61,32411.44,12023924.4,11744.57,Owner,7,3,1,3,3,0,0,0,0,0,0,0,0,0,0,0,1,0,0,0,0.36553371109154253,0.38020800993480286,0.09523809523809523,0.5263157894736842,0.35000000000000003,1.0,1.0,0.4000000000000001,0.6000000000000001,0.4,0.5555555555555556,1.0,1.0,1.0,0.0,0.0,1.0,0.1377546571450863,0.0,0.1527777777777778,0.5511221945137157,0.47653429602888087,0.39600000000000013,0.21543369033043955,0.054545454545454536,1.0,0.0,0.0,0.0,0.0,0.0,0.0,0.0,0.0,0.0,0.0,0.0,1.0,0.0,0.0,0.0
1 BHK,325.8,367.59,9,10,10,1,Unfurnished,0,1,0,0,2,Vitrified,1,1,0,0,0,Open,0,Corporation + Borewell,1254.15,Shivajinagar,411005,Society,1.13,8.54,0.9,1.48,10897.82,2800000.0,8594.34,Broker,21,2,0,1,1,0,0,0,0,0,0,0,0,0,0,0,0,1,0,0,0.03149048585321031,0.027530270102452653,0.42857142857142855,0.3157894736842105,0.5,1.0,0.0,0.0,0.0,0.0,0.1111111111111111,1.0,1.0,0.0,0.0,0.0,0.0,0.05210747575622676,0.071428571429351,0.12916666666666665,0.6932668329177055,0.2527075812274368,0.344,0.11813674195768173,0.1818181818181818,0.5,0.0,0.0,0.0,0.0,0.0,0.0,0.0,0.0,0.0,0.0,0.0,0.0,1.0,0.0,0.0
3 BHK,1413.29,1645.42,3,20,10,1,Semi-Furnished,0,3,3,2,3,Vitrified,1,1,1,0,0,Covered,0,Municipal,4841.86,Kharadi,411014,Society,3.73,2.05,2.37,2.11,43767.03,11508235.22,8142.89,Broker,16,2,1,3,3,0,0,0,0,0,1,0,0,0,0,0,0,0,0,0,0.5519401585053028,0.5234282831418815,0.14285714285714285,0.8421052631578947,0.5,1.0,0.0,0.4000000000000001,0.6000000000000001,0.4,0.2222222222222222,1.0,1.0,1.0,0.0,0.0,0.0,0.4637479290103767,0.232142857143117,0.4902777777777778,0.15378221113881957,0.7833935018050542,0.596,0.10419340850492384,0.13636363636363635,0.5,0.0,0.0,0.0,0.0,0.0,1.0,0.0,0.0,0.0,0.0,0.0,0.0,0.0,0.0,0.0
4 BHK,1643.45,1986.55,10,12,12,1,Semi-Furnished,1,4,4,2,6,Granite,1,0,0,1,0,Bike,0,Municipal,4613.3,Viman Nagar,411014,Society,2.48,5.53,1.41,1.55,56960.16,14764986.5,8984.15,Not Specified,8,2,1,4,4,0,0,0,0,0,0,0,0,0,0,0,0,0,1,0,0.6620898579578086,0.6558134119838561,0.47619047619047616,0.42105263157894735,0.6000000000000001,1.0,1.0,0.6000000000000001,0.8,0.4,0.5555555555555556,1.0,0.0,0.0,1.0,0.0,0.0,0.43752380777544736,0.232142857143117,0.31666666666666665,0.44305901911886947,0.4368231046931408,0.3720000000000001,0.13017628302140874,0.06363636363636363,0.5,0.0,0.0,0.0,0.0,0.0,0.0,0.0,0.0,0.0,0.0,0.0,0.0,0.0,1.0,0.0
2 BHK,432.9,508.21,6,16,11,1,Unfurnished,1,3,3,1,3,Marble,1,0,0,1,0,Open,0,Municipal,800.0,Kharadi,411014,Society,4.45,2.02,2.15,2.29,19043.13,3883988.23,8972.02,Owner,28,2,0,2,2,0,0,0,0,0,1,0,0,0,0,0,0,0,0,0,0.08274627665683985,0.08210183172927663,0.2857142857142857,0.631578947368421,0.55,1.0,1.0,0.4000000000000001,0.6000000000000001,0.2,0.2222222222222222,1.0,0.0,0.0,1.0,0.0,0.0,0.0,0.232142857143117,0.5902777777777778,0.15128844555278467,0.703971119133574,0.668,0.12980163990526752,0.24545454545454543,0.5,0.0,0.0,0.0,0.0,0.0,1.0,0.0,0.0,0.0,0.0,0.0,0.0,0.0,0.0,0.0
3 BHK,835.23,1013.7,2,11,7,1,Semi-Furnished,1,3,3,3,3,Vitrified,1,1,1,0,1,Covered,1,Corporation + Borewell,4564.67,Baner,411045,Society,3.14,2.75,2.46,2.0,44903.16,19425527.38,23257.77,Broker,30,1,1,3,3,0,1,0,0,0,0,0,0,0,0,0,0,0,0,0,0.2752928902331636,0.2782714995343062,0.09523809523809523,0.368421052631579,0.35000000000000003,1.0,1.0,0.4000000000000001,0.6000000000000001,0.6000000000000001,0.2222222222222222,1.0,1.0,1.0,0.0,1.0,1.0,0.43194418310072474,0.7857142857146755,0.4083333333333334,0.21197007481296756,0.8158844765342961,0.552,0.5710265283153599,0.2636363636363636,0.0,0.0,1.0,0.0,0.0,0.0,0.0,0.0,0.0,0.0,0.0,0.0,0.0,0.0,0.0,0.0
3 BHK,1001.81,1122.05,8,10,8,1,Semi-Furnished,0,3,3,2,5,Marble,1,1,0,1,1,Not Specified,0,Borewell,2277.3,Kharadi,411014,Society,4.15,2.36,2.26,2.49,34992.77,18093646.68,18060.94,Owner,20,2,1,3,3,0,0,0,0,0,1,0,0,0,0,0,0,0,0,0,0.35501454879589567,0.32031977646693577,0.38095238095238093,0.3157894736842105,0.4,1.0,0.0,0.4000000000000001,0.6000000000000001,0.4,0.4444444444444445,1.0,1.0,0.0,1.0,1.0,0.0,0.16949988755845818,0.232142857143117,0.5486111111111112,0.1795511221945137,0.743682310469314,0.7480000000000001,0.41051897800570025,0.17272727272727273,0.5,0.0,0.0,0.0,0.0,0.0,1.0,0.0,0.0,0.0,0.0,0.0,0.0,0.0,0.0,0.0
2 BHK,453.92,525.61,6,7,6,1,Fully Furnished,1,3,2,2,4,Granite,1,1,1,1,1,Open,1,Municipal,2576.62,Kalyani Nagar,411006,Society,2.34,4.41,1.53,1.04,34994.37,14998678.86,33042.58,Owner,20,1,2,2,2,0,0,0,0,1,0,0,0,0,0,0,0,0,0,0,0.09280600329262224,0.08885439304563802,0.2857142857142857,0.15789473684210525,0.30000000000000004,1.0,1.0,0.4000000000000001,0.4,0.4,0.3333333333333333,1.0,1.0,1.0,1.0,1.0,1.0,0.2038427470616042,0.089285714286234,0.2972222222222222,0.34995843724023273,0.48014440433213,0.16800000000000004,0.8732368918149281,0.17272727272727273,0.0,0.0,0.0,0.0,0.0,1.0,0.0,0.0,0.0,0.0,0.0,0.0,0.0,0.0,0.0,0.0
1 BHK,384.97,427.11,4,4,10,1,Fully Furnished,1,2,2,1,1,Vitrified,0,1,1,1,1,Covered,1,Municipal,2116.8,Baner,411045,Society,2.3,3.49,2.1,2.25,24748.56,12307398.45,31970.13,Owner,14,1,2,1,1,0,1,0,0,0,0,0,0,0,0,0,0,0,0,0,0.05980799418048165,0.05062868674324747,0.19047619047619047,0.0,0.5,1.0,1.0,0.2,0.4,0.2,0.0,0.0,1.0,1.0,1.0,1.0,1.0,0.15108471667026177,0.7857142857146755,0.29166666666666663,0.2734829592684954,0.6859205776173286,0.652,0.8401135604129785,0.11818181818181817,0.0,0.0,1.0,0.0,0.0,0.0,0.0,0.0,0.0,0.0,0.0,0.0,0.0,0.0,0.0,0.0
3 BHK,1015.58,1212.09,18,18,11,1,Unfurnished,0,3,3,1,5,Marble,0,1,0,0,0,Covered,1,Corporation + Borewell,2436.94,Magarpatta,411013,Society,5.03,1.81,1.94,2.14,22954.9,8034443.44,7911.21,Broker,34,3,0,3,3,0,0,0,0,0,0,0,0,1,0,0,0,0,0,0,0.36160457904207666,0.355262340887923,0.8571428571428571,0.7368421052631579,0.55,1.0,0.0,0.4000000000000001,0.6000000000000001,0.2,0.4444444444444445,0.0,1.0,0.0,0.0,0.0,1.0,0.18781638525684863,0.214285714286234,0.6708333333333334,0.1338320864505403,0.628158844765343,0.6080000000000001,0.09703781764362146,0.3,1.0,0.0,0.0,0.0,0.0,0.0,0.0,0.0,0.0,1.0,0.0,0.0,0.0,0.0,0.0,0.0
1 BHK,392.73,425.05,8,11,3,1,Fully Furnished,1,2,1,1,1,Marble,1,1,0,1,1,Covered,1,Corporation + Borewell,1902.59,Baner,411045,Society,2.99,3.73,1.61,2.5,27816.23,11082599.24,28219.19,Owner,30,1,2,1,1,0,1,0,0,0,0,0,0,0,0,0,0,0,0,0,0.0635217657643861,0.04982924557590812,0.38095238095238093,0.368421052631579,0.15000000000000002,1.0,1.0,0.2,0.2,0.2,0.0,1.0,1.0,0.0,1.0,1.0,1.0,0.12650706086988447,0.7857142857146755,0.3875,0.2934330839567747,0.5090252707581228,0.752,0.7242632842333622,0.2636363636363636,0.0,0.0,1.0,0.0,0.0,0.0,0.0,0.0,0.0,0.0,0.0,0.0,0.0,0.0,0.0,0.0
1 BHK,498.41,594.72,1,10,3,1,Semi-Furnished,1,2,0,0,2,Granite,0,0,0,1,1,Open,0,Corporation + Borewell,2403.04,Kothrud,411038,Standalone,1.65,6.58,1.12,1.32,15571.91,4613151.03,9255.69,Owner,22,2,1,1,1,0,0,0,0,0,0,0,1,0,0,0,0,0,0,0,0.11409797465446612,0.11567447997516303,0.047619047619047616,0.3157894736842105,0.15000000000000002,1.0,1.0,0.2,0.0,0.0,0.1111111111111111,0.0,0.0,0.0,1.0,1.0,0.0,0.18392682579822023,0.6607142857146755,0.20138888888888887,0.5303408146300914,0.332129963898917,0.28,0.13856297648859642,0.1909090909090909,0.5,0.0,0.0,0.0,0.0,0.0,0.0,0.0,1.0,0.0,0.0,0.0,0.0,0.0,0.0,0.0
1 BHK,476.65,607.44,9,11,12,1,Fully Furnished,1,1,2,1,1,Marble,0,0,1,1,1,Open,1,Corporation + Borewell,2295.76,Kalyani Nagar,411006,Society,2.37,4.95,1.77,1.18,28599.52,15136528.67,31756.37,Builder,22,1,2,1,1,0,0,0,0,1,0,0,0,0,0,0,0,0,0,0,0.10368409969753818,0.12061083514436516,0.42857142857142855,0.368421052631579,0.6000000000000001,1.0,1.0,0.0,0.4,0.2,0.0,0.0,0.0,1.0,1.0,1.0,1.0,0.17161791905126877,0.089285714286234,0.30138888888888893,0.39484621778886114,0.5667870036101084,0.22399999999999998,0.8335114406680199,0.1909090909090909,0.0,0.0,0.0,0.0,0.0,1.0,0.0,0.0,0.0,0.0,0.0,0.0,0.0,0.0,0.0,0.0
3 BHK,1146.08,1389.31,10,13,18,1,Fully Furnished,1,3,2,2,4,Vitrified,1,1,0,0,0,Covered,0,Tanker,3696.5,Pimple Saudagar,411027,Society,3.92,5.01,1.51,1.98,40577.37,9251306.46,8072.15,Builder,55,3,2,3,3,0,0,0,0,0,0,0,0,0,0,1,0,0,0,0,0.42405911405490254,0.4240375659733003,0.47619047619047616,0.4736842105263157,0.9,1.0,1.0,0.4000000000000001,0.4,0.4,0.3333333333333333,1.0,1.0,0.0,0.0,0.0,0.0,0.3323335979916564,0.464285714286234,0.5166666666666667,0.39983374896093093,0.47292418772563183,0.544,0.10200855656462454,0.4909090909090909,1.0,0.0,0.0,0.0,0.0,0.0,0.0,0.0,0.0,0.0,0.0,1.0,0.0,0.0,0.0,0.0
1 RK,531.21,623.68,3,15,10,1,Fully Furnished,1,2,1,0,1,Wooden,1,1,1,1,0,Covered,0,Corporation + Borewell,1335.17,Shivajinagar,411005,Society,1.67,4.49,1.08,1.59,19988.98,6156515.61,11589.69,Owner,23,2,2,1,1,0,0,0,0,0,0,0,0,0,0,0,0,1,0,0,0.12979535969983536,0.1269132257063024,0.14285714285714285,0.5789473684210527,0.5,1.0,1.0,0.2,0.2,0.0,0.0,1.0,1.0,1.0,1.0,0.0,0.0,0.06140340812608139,0.071428571429351,0.20416666666666666,0.3566084788029925,0.3176895306859206,0.3880000000000001,0.21065011853918222,0.19999999999999998,0.5,0.0,0.0,0.0,0.0,0.0,0.0,0.0,0.0,0.0,0.0,0.0,0.0,1.0,0.0,0.0
2 BHK,567.09,708.35,2,9,13,1,Fully Furnished,1,3,2,1,3,Wooden,0,0,1,1,0,Covered,1,Borewell,1294.38,Shivajinagar,411005,Standalone,1.31,7.82,0.64,1.54,28795.21,4548237.97,8020.36,Owner,23,2,2,2,2,0,0,0,0,0,0,0,0,0,0,0,0,1,0,0,0.14696676748726983,0.15977180999689544,0.09523809523809523,0.2631578947368421,0.65,1.0,1.0,0.4000000000000001,0.4,0.2,0.2222222222222222,0.0,0.0,1.0,1.0,0.0,1.0,0.05672331578633355,0.071428571429351,0.15416666666666667,0.6334164588528678,0.15884476534296027,0.3680000000000001,0.10040898797559292,0.19999999999999998,0.5,0.0,0.0,0.0,0.0,0.0,0.0,0.0,0.0,0.0,0.0,0.0,0.0,1.0,0.0,0.0
1 RK,514.11,574.84,2,15,11,1,Unfurnished,0,2,1,0,1,Vitrified,1,1,1,0,1,Not Specified,1,Corporation + Borewell,800.0,Hinjewadi,411057,Society,5.68,0.77,2.67,2.37,17851.96,2824478.68,5493.88,Owner,36,3,0,1,1,0,0,0,1,0,0,0,0,0,0,0,0,0,0,0,0.12161166200849959,0.10795948463210187,0.09523809523809523,0.5789473684210527,0.55,1.0,0.0,0.2,0.2,0.0,0.0,1.0,1.0,1.0,0.0,1.0,1.0,0.0,1.0,0.7611111111111111,0.04738154613466333,0.8916967509025271,0.7000000000000001,0.022376973130706912,0.3181818181818182,1.0,0.0,0.0,0.0,1.0,0.0,0.0,0.0,0.0,0.0,0.0,0.0,0.0,0.0,0.0,0.0
4 BHK,1404.61,1585.38,2,16,13,1,Fully Furnished,1,4,4,2,4,Marble,1,1,0,0,0,Not Specified,1,Borewell,4449.78,Hadapsar,411028,Society,5.3,1.99,2.97,2.12,52053.61,11412490.95,8125.05,Owner,15,3,2,4,4,0,0,1,0,0,0,0,0,0,0,0,0,0,0,0,0.5477860944140281,0.5001280658180691,0.09523809523809523,0.631578947368421,0.65,1.0,1.0,0.6000000000000001,0.8,0.4,0.3333333333333333,1.0,1.0,0.0,0.0,0.0,1.0,0.4187621333602581,0.482142857143117,0.7083333333333334,0.14879467996674978,1.0000000000000002,0.6000000000000001,0.10364240824177798,0.12727272727272726,1.0,0.0,0.0,1.0,0.0,0.0,0.0,0.0,0.0,0.0,0.0,0.0,0.0,0.0,0.0,0.0
1 RK,385.31,454.71,0,17,0,1,Semi-Furnished,1,1,1,0,2,Vitrified,0,0,0,1,1,Covered,0,Corporation + Borewell,2194.49,Kharadi,411014,Standalone,4.38,1.57,1.84,1.98,16751.69,7104159.32,18437.66,Broker,8,2,1,1,1,0,0,0,0,0,1,0,0,0,0,0,0,0,0,0,0.05997071097668365,0.061339646072648246,0.0,0.6842105263157894,0.0,1.0,1.0,0.0,0.2,0.0,0.1111111111111111,0.0,0.0,0.0,1.0,1.0,0.0,0.1599985772702865,0.232142857143117,0.5805555555555556,0.11388196176226101,0.5920577617328521,0.544,0.42215422571491046,0.06363636363636363,0.5,0.0,0.0,0.0,0.0,0.0,1.0,0.0,0.0,0.0,0.0,0.0,0.0,0.0,0.0,0.0
2 BHK,706.82,804.04,3,13,9,1,Fully Furnished,1,3,3,1,4,Ceramic,1,1,0,1,0,Covered,1,Borewell,2378.43,Viman Nagar,411014,Society,2.23,5.62,2.14,1.69,38159.21,12639662.81,17882.55,Broker,11,2,2,2,2,0,0,0,0,0,0,0,0,0,0,0,0,0,1,0,0.21383858493816765,0.19690701645451725,0.14285714285714285,0.4736842105263157,0.45,1.0,1.0,0.4000000000000001,0.6000000000000001,0.2,0.3333333333333333,1.0,1.0,0.0,1.0,0.0,1.0,0.1811031662620301,0.232142857143117,0.28194444444444444,0.4505403158769742,0.700361010830325,0.42800000000000005,0.40500928423089133,0.0909090909090909,0.5,0.0,0.0,0.0,0.0,0.0,0.0,0.0,0.0,0.0,0.0,0.0,0.0,0.0,1.0,0.0
2 BHK,441.82,507.7,12,14,7,1,Semi-Furnished,1,2,2,1,3,Marble,0,0,1,1,1,Open,1,Corporation + Borewell,1260.87,Viman Nagar,411014,Standalone,2.47,4.57,2.1,1.42,24182.15,7191484.13,16277.05,Owner,16,2,1,2,2,0,0,0,0,0,0,0,0,0,0,0,0,0,1,0,0.08701519966308051,0.08190391182862466,0.5714285714285714,0.5263157894736842,0.35000000000000003,1.0,1.0,0.2,0.4,0.2,0.2222222222222222,0.0,0.0,1.0,1.0,1.0,1.0,0.05287850347191944,0.232142857143117,0.3152777777777778,0.36325852036575224,0.6859205776173286,0.31999999999999995,0.35542234911426085,0.13636363636363635,0.5,0.0,0.0,0.0,0.0,0.0,0.0,0.0,0.0,0.0,0.0,0.0,0.0,0.0,1.0,0.0
2 BHK,528.41,632.81,8,12,8,1,Semi-Furnished,1,2,2,1,3,Marble,1,1,0,0,0,Bike,0,Municipal,1836.4,Viman Nagar,411014,Society,1.69,5.04,1.56,1.11,21694.36,8531232.01,16145.09,Broker,30,2,1,2,2,0,0,0,0,0,0,0,0,0,0,0,0,0,1,0,0.12845533902523065,0.13045638000620927,0.38095238095238093,0.42105263157894735,0.4,1.0,1.0,0.2,0.4,0.2,0.2222222222222222,1.0,1.0,0.0,0.0,0.0,0.0,0.11891266734284575,0.232142857143117,0.20694444444444443,0.40232751454696586,0.49097472924187724,0.19600000000000006,0.35134667676422016,0.2636363636363636,0.5,0.0,0.0,0.0,0.0,0.0,0.0,0.0,0.0,0.0,0.0,0.0,0.0,0.0,1.0,0.0
2 BHK,663.6,738.79,10,13,7,1,Unfurnished,0,2,3,1,3,Vitrified,0,1,0,1,0,Covered,1,Municipal,2825.87,Kothrud,411038,Society,2.2,9.07,1.02,1.88,29000.03,5909733.49,8905.52,Owner,9,2,0,2,2,0,0,0,0,0,0,0,1,0,0,0,0,0,0,0,0.19315440866801947,0.17158491151816208,0.47619047619047616,0.4736842105263157,0.35000000000000003,1.0,0.0,0.2,0.6000000000000001,0.2,0.2222222222222222,0.0,1.0,0.0,1.0,0.0,1.0,0.2324407616652363,0.6607142857146755,0.2777777777777778,0.7373233582709892,0.296028880866426,0.504,0.12774774318446033,0.07272727272727272,0.5,0.0,0.0,0.0,0.0,0.0,0.0,0.0,1.0,0.0,0.0,0.0,0.0,0.0,0.0,0.0
1 RK,416.03,463.38,1,17,15,1,Semi-Furnished,1,1,2,0,2,Ceramic,0,0,0,0,0,Bike,1,Municipal,1942.98,Hadapsar,411028,Society,5.61,2.1,2.09,2.18,7500.0,3087343.8,7421.03,Broker,41,3,1,1,1,0,0,1,0,0,0,0,0,0,0,0,0,0,0,0,0.07467265209234657,0.06470428438373177,0.047619047619047616,0.6842105263157894,0.75,1.0,1.0,0.0,0.4,0.0,0.1111111111111111,0.0,0.0,0.0,0.0,0.0,1.0,0.13114125870274587,0.482142857143117,0.751388888888889,0.15793848711554445,0.6823104693140793,0.6240000000000001,0.08189828238639946,0.3636363636363636,1.0,0.0,0.0,1.0,0.0,0.0,0.0,0.0,0.0,0.0,0.0,0.0,0.0,0.0,0.0,0.0
1 BHK,422.12,757.6,9,14,7,1,Fully Furnished,1,1,1,1,1,Marble,1,0,1,1,0,Covered,1,Corporation + Borewell,1736.62,Kalyani Nagar,411006,Society,2.25,4.62,1.45,1.44,32849.08,10858737.77,25724.49,Owner,28,1,2,1,1,0,0,0,0,1,0,0,0,0,0,0,0,0,0,0,0.07758719705961177,0.1788846631480907,0.42857142857142855,0.5263157894736842,0.35000000000000003,1.0,1.0,0.0,0.2,0.2,0.0,1.0,0.0,1.0,1.0,0.0,1.0,0.10746428260001559,0.089285714286234,0.2847222222222222,0.3674147963424771,0.45126353790613716,0.32799999999999996,0.6472128158213672,0.24545454545454543,0.0,0.0,0.0,0.0,0.0,1.0,0.0,0.0,0.0,0.0,0.0,0.0,0.0,0.0,0.0,0.0
1 BHK,393.18,456.84,10,13,8,1,Semi-Furnished,1,1,1,0,2,Granite,1,1,0,0,1,Covered,1,Corporation + Borewell,800.0,Viman Nagar,411014,Society,3.52,5.36,1.29,1.23,18021.63,4162836.92,10587.67,Owner,18,2,1,1,1,0,0,0,0,0,0,0,0,0,0,0,0,0,1,0,0.06373712622994755,0.06216625271654766,0.47619047619047616,0.4736842105263157,0.4,1.0,1.0,0.0,0.2,0.0,0.1111111111111111,1.0,1.0,0.0,0.0,1.0,1.0,0.0,0.232142857143117,0.46111111111111114,0.428927680798005,0.39350180505415167,0.244,0.17970206452138957,0.15454545454545454,0.5,0.0,0.0,0.0,0.0,0.0,0.0,0.0,0.0,0.0,0.0,0.0,0.0,0.0,1.0,0.0
1 BHK,374.94,449.93,2,14,8,1,Fully Furnished,1,2,0,0,1,Ceramic,1,1,0,0,0,Open,1,Corporation + Borewell,800.0,Nigdi,411044,Society,3.92,10.11,1.48,2.51,11389.7,2942285.87,7847.37,Owner,17,3,2,1,1,0,0,0,0,0,0,0,0,0,1,0,0,0,0,0,0.05500784869252269,0.05948463210183175,0.09523809523809523,0.5263157894736842,0.4,1.0,1.0,0.2,0.0,0.0,0.0,1.0,1.0,0.0,0.0,0.0,1.0,0.0,0.7678571428577925,0.5166666666666667,0.823773898586866,0.4620938628158845,0.756,0.09506607679164655,0.14545454545454545,1.0,0.0,0.0,0.0,0.0,0.0,0.0,0.0,0.0,0.0,1.0,0.0,0.0,0.0,0.0,0.0
3 BHK,736.48,815.5,8,14,5,1,Unfurnished,0,4,4,3,4,Marble,0,0,0,0,1,Covered,1,Municipal,4135.48,Koregaon Park,411001,Society,2.73,4.91,1.39,1.14,52149.58,14120946.52,19173.6,Builder,68,1,0,3,3,0,0,0,0,0,0,1,0,0,0,0,0,0,0,0,0.22803323251273022,0.20135439304563807,0.38095238095238093,0.5263157894736842,0.25,1.0,0.0,0.6000000000000001,0.8,0.6000000000000001,0.3333333333333333,0.0,0.0,0.0,0.0,1.0,1.0,0.38270052457421366,0.0,0.3513888888888889,0.3915211970074813,0.4296028880866426,0.20799999999999996,0.4448842219962764,0.6090909090909091,0.0,0.0,0.0,0.0,0.0,0.0,0.0,1.0,0.0,0.0,0.0,0.0,0.0,0.0,0.0,0.0
2 BHK,703.68,899.29,0,8,10,1,Semi-Furnished,1,2,1,2,2,Marble,1,1,1,1,1,Covered,1,Municipal,4166.2,Baner,411045,Standalone,2.91,3.49,2.01,2.13,33810.16,15370376.45,21842.8,Broker,8,1,1,2,2,0,1,0,0,0,0,0,0,0,0,0,0,0,0,0,0.2123358474673609,0.23387146848804724,0.0,0.21052631578947367,0.5,1.0,1.0,0.2,0.2,0.4,0.1111111111111111,1.0,1.0,1.0,1.0,1.0,1.0,0.3862252227030947,0.7857142857146755,0.37638888888888894,0.2734829592684954,0.6534296028880866,0.604,0.5273242389463294,0.06363636363636363,0.0,0.0,1.0,0.0,0.0,0.0,0.0,0.0,0.0,0.0,0.0,0.0,0.0,0.0,0.0,0.0
1 BHK,450.11,731.795,9,10,7,1,Fully Furnished,1,1,0,0,2,Vitrified,1,1,0,1,1,Covered,1,Municipal,1841.26,Aundh,411007,Society,3.8,3.37,1.27,1.72,22288.43,4425375.9,9831.8,Broker,13,2,2,1,1,1,0,0,0,0,0,0,0,0,0,0,0,0,0,0,0.09098261801753514,0.1688703042533375,0.42857142857142855,0.3157894736842105,0.35000000000000003,1.0,1.0,0.0,0.0,0.0,0.1111111111111111,1.0,1.0,0.0,1.0,1.0,1.0,0.11947028560151635,0.107142857143117,0.5,0.2635078969243558,0.3862815884476534,0.44000000000000006,0.15635651693708094,0.10909090909090909,0.5,1.0,0.0,0.0,0.0,0.0,0.0,0.0,0.0,0.0,0.0,0.0,0.0,0.0,0.0,0.0
3 BHK,1098.89,1251.47,9,14,12,1,Semi-Furnished,1,3,3,1,5,Wooden,0,0,0,0,0,Covered,0,Borewell,4413.78,Kothrud,411038,Society,3.07,7.2,0.91,2.0,34227.21,11283236.8,10267.87,Broker,8,2,1,3,3,0,0,0,0,0,0,0,1,0,0,0,0,0,0,0,0.4014749798996899,0.37054486184414787,0.42857142857142855,0.5263157894736842,0.6000000000000001,1.0,1.0,0.4000000000000001,0.6000000000000001,0.2,0.4444444444444445,0.0,0.0,0.0,0.0,0.0,0.0,0.41463162774047574,0.6607142857146755,0.3986111111111111,0.5818786367414795,0.2563176895306859,0.552,0.16982482886253045,0.06363636363636363,0.5,0.0,0.0,0.0,0.0,0.0,0.0,0.0,1.0,0.0,0.0,0.0,0.0,0.0,0.0,0.0
4 BHK,1278.11,1586.17,7,9,9,1,Semi-Furnished,1,5,5,2,7,Vitrified,1,1,1,1,0,Covered,0,Municipal,5521.84,Aundh,411007,Society,2.65,4.99,1.66,1.54,64471.54,13270727.06,10383.1,Broker,6,2,1,4,4,1,0,0,0,0,0,0,0,0,0,0,0,0,0,0,0.48724587465063746,0.5004346476249613,0.3333333333333333,0.2631578947368421,0.45,1.0,1.0,0.8,1.0,0.4,0.6666666666666665,1.0,1.0,1.0,1.0,0.0,0.0,0.5417662959920329,0.107142857143117,0.3402777777777778,0.398171238570241,0.5270758122743682,0.3680000000000001,0.17338378403754715,0.045454545454545456,0.5,1.0,0.0,0.0,0.0,0.0,0.0,0.0,0.0,0.0,0.0,0.0,0.0,0.0,0.0,0.0
1 BHK,465.05,537.34,2,14,3,1,Semi-Furnished,1,1,1,0,2,Ceramic,1,1,0,0,0,Covered,1,Corporation + Borewell,800.0,Pune Camp,411001,Society,2.39,6.51,2.02,1.78,11315.69,4038879.87,8684.92,Builder,75,3,1,1,1,0,0,0,0,0,0,0,0,0,0,0,1,0,0,0,0.0981325854741759,0.0934065507606334,0.09523809523809523,0.5263157894736842,0.15000000000000002,1.0,1.0,0.0,0.2,0.0,0.1111111111111111,1.0,1.0,0.0,0.0,0.0,1.0,0.0,0.0,0.3041666666666667,0.5245220282626766,0.6570397111913358,0.4640000000000001,0.12093436549107592,0.6727272727272727,1.0,0.0,0.0,0.0,0.0,0.0,0.0,0.0,0.0,0.0,0.0,0.0,1.0,0.0,0.0,0.0
1 BHK,508.61,596.94,17,18,2,1,Semi-Furnished,1,1,1,0,1,Vitrified,1,1,0,0,0,Covered,1,Corporation + Borewell,800.0,Hinjewadi,411057,Society,5.84,1.76,1.8,2.74,16133.64,6067324.87,11929.13,Broker,14,3,1,1,1,0,0,0,1,0,0,0,0,0,0,0,0,0,0,0,0.11897947854052605,0.11653601366035399,0.8095238095238095,0.7368421052631579,0.1,1.0,1.0,0.0,0.2,0.0,0.0,1.0,1.0,0.0,0.0,0.0,1.0,0.0,1.0,0.7833333333333333,0.12967581047381543,0.5776173285198556,0.8480000000000001,0.22113394865814143,0.11818181818181817,1.0,0.0,0.0,0.0,1.0,0.0,0.0,0.0,0.0,0.0,0.0,0.0,0.0,0.0,0.0,0.0
1 BHK,402.44,500.79,0,11,5,1,Semi-Furnished,1,1,1,0,2,Wooden,1,1,0,0,0,Covered,1,Borewell,800.0,Viman Nagar,411014,Society,2.28,6.94,2.25,1.72,11337.07,7660257.89,19034.57,Broker,49,2,1,1,1,0,0,0,0,0,0,0,0,0,0,0,0,0,1,0,0.06816876603239021,0.07922229121390875,0.0,0.368421052631579,0.25,1.0,1.0,0.0,0.2,0.0,0.1111111111111111,1.0,1.0,0.0,0.0,0.0,1.0,0.0,0.232142857143117,0.28888888888888886,0.5602660016625104,0.740072202166065,0.44000000000000006,0.4405901879948656,0.43636363636363634,0.5,0.0,0.0,0.0,0.0,0.0,0.0,0.0,0.0,0.0,0.0,0.0,0.0,0.0,1.0,0.0
2 BHK,793.4,903.76,0,6,3,1,Fully Furnished,1,2,2,2,3,Vitrified,0,1,1,1,1,Open,1,Municipal,3336.78,Baner,411045,Standalone,2.87,3.03,1.71,2.09,41611.36,20938560.1,26391.04,Broker,2,1,2,2,2,0,1,0,0,0,0,0,0,0,0,0,0,0,0,0,0.25527393851219415,0.23560617820552626,0.0,0.10526315789473684,0.15000000000000002,1.0,1.0,0.2,0.4,0.4,0.2222222222222222,0.0,1.0,1.0,1.0,1.0,1.0,0.29106066794865326,0.7857142857146755,0.37083333333333335,0.23524522028262673,0.5451263537906137,0.588,0.6677996558101496,0.00909090909090909,0.0,0.0,1.0,0.0,0.0,0.0,0.0,0.0,0.0,0.0,0.0,0.0,0.0,0.0,0.0,0.0
2 BHK,639.57,715.03,10,15,3,1,Semi-Furnished,1,3,2,2,3,Vitrified,1,1,1,1,0,Open,1,Corporation + Borewell,3485.8,Koregaon Park,411001,Society,3.04,5.26,1.19,1.36,30779.05,13919916.99,21764.53,Owner,23,1,1,2,2,0,0,0,0,0,0,1,0,0,0,0,0,0,0,0,0.18165415980703703,0.16236417261719965,0.47619047619047616,0.5789473684210527,0.15000000000000002,1.0,1.0,0.4000000000000001,0.4,0.4,0.2222222222222222,1.0,1.0,1.0,1.0,0.0,1.0,0.3081586664892079,0.0,0.39444444444444443,0.4206151288445552,0.3574007220216606,0.29600000000000004,0.5249068179487718,0.19999999999999998,0.0,0.0,0.0,0.0,0.0,0.0,0.0,1.0,0.0,0.0,0.0,0.0,0.0,0.0,0.0,0.0
2 BHK,710.06,886.54,9,10,4,1,Semi-Furnished,1,3,1,1,3,Granite,1,1,0,1,0,Covered,1,Borewell,2363.11,Aundh,411007,Society,2.91,4.69,1.2,1.19,20437.08,13832803.47,19481.07,Owner,23,2,1,2,2,1,0,0,0,0,0,0,0,0,0,0,0,0,0,0,0.21538918029021015,0.22892347097174792,0.42857142857142855,0.3157894736842105,0.2,1.0,1.0,0.4000000000000001,0.2,0.2,0.2222222222222222,1.0,1.0,0.0,1.0,0.0,1.0,0.1793454066482783,0.107142857143117,0.37638888888888894,0.37323358270989193,0.3610108303249097,0.22799999999999998,0.45438063740599943,0.19999999999999998,0.5,1.0,0.0,0.0,0.0,0.0,0.0,0.0,0.0,0.0,0.0,0.0,0.0,0.0,0.0,0.0
2 BHK,583.17,645.77,8,12,14,1,Fully Furnished,1,2,3,2,3,Wooden,1,1,1,1,1,Covered,1,Corporation + Borewell,2502.53,Baner,411045,Society,2.97,3.07,1.72,2.48,46793.04,9230202.51,15827.53,Not Specified,10,1,2,2,2,0,1,0,0,0,0,0,0,0,0,0,0,0,0,0,0.1546623147899996,0.1354858739521888,0.38095238095238093,0.42105263157894735,0.7000000000000001,1.0,1.0,0.2,0.6000000000000001,0.4,0.2222222222222222,1.0,1.0,1.0,1.0,1.0,1.0,0.19534193702355768,0.7857142857146755,0.38472222222222224,0.2385702410640066,0.5487364620938628,0.744,0.34153862499490395,0.08181818181818182,0.0,0.0,1.0,0.0,0.0,0.0,0.0,0.0,0.0,0.0,0.0,0.0,0.0,0.0,0.0,0.0
1 RK,313.58,389.88,4,8,5,1,Fully Furnished,1,2,2,1,2,Vitrified,0,1,1,0,1,Stilt,1,Borewell,1316.55,Kalyani Nagar,411006,Society,2.15,4.48,1.6,1.4,26026.44,4348406.5,13867.04,Broker,22,1,2,1,1,0,0,0,0,1,0,0,0,0,0,0,0,0,0,0,0.025642252766185522,0.03618053399565355,0.19047619047619047,0.21052631578947367,0.25,1.0,1.0,0.2,0.4,0.2,0.1111111111111111,0.0,1.0,1.0,0.0,1.0,1.0,0.05926701883051616,0.089285714286234,0.2708333333333333,0.3557772236076475,0.5054151624548737,0.31199999999999994,0.28098758766896004,0.1909090909090909,0.0,0.0,0.0,0.0,0.0,1.0,0.0,0.0,0.0,0.0,0.0,0.0,0.0,0.0,0.0,0.0
3 BHK,1181.74,1386.12,5,12,18,1,Semi-Furnished,1,3,1,1,4,Wooden,1,1,0,0,0,Bike,1,Municipal,2830.52,Nigdi,411044,Society,4.14,10.11,1.95,2.3,21333.02,8166122.18,6910.26,Owner,37,3,1,3,3,0,0,0,0,0,0,0,0,0,1,0,0,0,0,0,0.4411252345036181,0.422799596398634,0.23809523809523808,0.42105263157894735,0.9,1.0,1.0,0.4000000000000001,0.2,0.2,0.3333333333333333,1.0,1.0,0.0,0.0,0.0,1.0,0.23297428530779152,0.7678571428577925,0.5472222222222222,0.823773898586866,0.631768953068592,0.6719999999999999,0.06612281128735159,0.32727272727272727,1.0,0.0,0.0,0.0,0.0,0.0,0.0,0.0,0.0,0.0,1.0,0.0,0.0,0.0,0.0,0.0
3 BHK,1334.45,1666.51,14,14,11,1,Semi-Furnished,1,2,3,1,5,Wooden,1,0,0,0,0,Covered,0,Tanker,4321.64,Nigdi,411044,Society,4.02,9.42,1.27,2.55,39094.81,12901807.3,9668.25,Owner,15,3,1,3,3,0,0,0,0,0,0,0,0,0,1,0,0,0,0,0,0.5142090049389334,0.5316128531511954,0.6666666666666666,0.5263157894736842,0.55,1.0,1.0,0.2,0.6000000000000001,0.2,0.4444444444444445,1.0,0.0,0.0,0.0,0.0,0.0,0.4040598280791773,0.7678571428577925,0.5305555555555556,0.766417290108063,0.3862815884476534,0.772,0.15130516643049433,0.12727272727272726,1.0,0.0,0.0,0.0,0.0,0.0,0.0,0.0,0.0,0.0,1.0,0.0,0.0,0.0,0.0,0.0
3 BHK,765.05,878.94,1,4,5,1,Fully Furnished,1,3,3,2,6,Marble,0,1,0,1,1,Covered,1,Municipal,3038.4,Baner,411045,Standalone,3.37,3.56,1.77,2.13,66508.12,17594233.14,22997.39,Owner,52,1,2,3,3,0,1,0,0,0,0,0,0,0,0,0,0,0,0,0,0.24170622918182166,0.22597407637379702,0.047619047619047616,0.0,0.25,1.0,1.0,0.4000000000000001,0.6000000000000001,0.4,0.5555555555555556,0.0,1.0,0.0,1.0,1.0,1.0,0.25682566053669037,0.7857142857146755,0.4402777777777778,0.2793017456359102,0.5667870036101084,0.604,0.5629845188692881,0.4636363636363636,0.0,0.0,1.0,0.0,0.0,0.0,0.0,0.0,0.0,0.0,0.0,0.0,0.0,0.0,0.0,0.0
2 BHK,582.89,733.02,8,12,6,1,Unfurnished,1,2,3,1,2,Wooden,1,1,0,1,0,Stilt,0,Municipal,1771.57,Kothrud,411038,Society,1.4,8.74,1.17,1.12,20391.02,4639828.19,7959.98,Broker,44,2,0,2,2,0,0,0,0,0,0,0,1,0,0,0,0,0,0,0,0.15452831272253914,0.16934570009313882,0.38095238095238093,0.42105263157894735,0.30000000000000004,1.0,1.0,0.2,0.6000000000000001,0.2,0.1111111111111111,1.0,1.0,0.0,1.0,0.0,0.0,0.11147431513922099,0.6607142857146755,0.16666666666666666,0.709891936824605,0.35018050541516244,0.20000000000000007,0.09854411152442996,0.3909090909090909,0.5,0.0,0.0,0.0,0.0,0.0,0.0,0.0,1.0,0.0,0.0,0.0,0.0,0.0,0.0,0.0
3 BHK,1033.79,1252.84,2,14,12,1,Fully Furnished,0,3,3,2,3,Marble,1,1,0,0,0,Open,0,Municipal,3264.31,Hinjewadi,411057,Society,7.15,0.2,2.69,2.16,21238.61,8679516.84,8395.79,Broker,24,3,2,3,3,0,0,0,1,0,0,0,0,0,0,0,0,0,0,0,0.37031949921513074,0.3710765290282521,0.09523809523809523,0.5263157894736842,0.6000000000000001,1.0,0.0,0.4000000000000001,0.6000000000000001,0.4,0.2222222222222222,1.0,1.0,0.0,0.0,0.0,0.0,0.2827457306634969,1.0,0.9652777777777779,0.0,0.8989169675090253,0.6160000000000001,0.11200439317698604,0.20909090909090908,1.0,0.0,0.0,0.0,1.0,0.0,0.0,0.0,0.0,0.0,0.0,0.0,0.0,0.0,0.0,0.0
4 BHK,727.37,894.95,7,12,8,1,Unfurnished,1,4,3,2,7,Vitrified,1,1,0,0,0,Covered,1,Corporation + Borewell,1320.23,Magarpatta,411013,Society,5.01,1.44,2.29,2.13,16737.58,5400673.58,7424.92,Owner,24,3,0,4,4,0,0,0,0,0,0,0,0,1,0,0,0,0,0,0,0.22367337953214134,0.2321872089413226,0.3333333333333333,0.42105263157894735,0.4,1.0,1.0,0.6000000000000001,0.6000000000000001,0.4,0.6666666666666665,1.0,1.0,0.0,0.0,0.0,1.0,0.059689248293871705,0.214285714286234,0.6680555555555555,0.10307564422277637,0.7545126353790614,0.604,0.08201842762315043,0.20909090909090908,1.0,0.0,0.0,0.0,0.0,0.0,0.0,0.0,0.0,1.0,0.0,0.0,0.0,0.0,0.0,0.0
1 BHK,492.1,542.31,1,11,2,1,Semi-Furnished,1,1,1,0,2,Ceramic,1,1,0,0,0,Covered,0,Borewell,1896.19,Nigdi,411044,Society,4.12,10.47,1.24,2.16,10630.92,4317531.47,8773.67,Owner,26,3,1,1,1,0,0,0,0,0,0,0,0,0,1,0,0,0,0,0,0.11107814234848197,0.09533529959639864,0.047619047619047616,0.368421052631579,0.1,1.0,1.0,0.0,0.2,0.0,0.1111111111111111,1.0,1.0,0.0,0.0,0.0,0.0,0.12577274875970096,0.7678571428577925,0.5444444444444445,0.8536990856192851,0.37545126353790614,0.6160000000000001,0.12367546825756673,0.22727272727272727,1.0,0.0,0.0,0.0,0.0,0.0,0.0,0.0,0.0,0.0,1.0,0.0,0.0,0.0,0.0,0.0
3 BHK,1238.65,1540.09,5,17,8,1,Semi-Furnished,1,4,2,1,4,Vitrified,1,1,0,0,0,Covered,1,Tanker,3520.13,Hinjewadi,411057,Society,5.84,1.26,2.13,2.58,29932.11,9950720.4,8033.54,Broker,94,3,1,3,3,0,0,0,1,0,0,0,0,0,0,0,0,0,0,0,0.4683611547149585,0.4825520024837007,0.23809523809523808,0.6842105263157894,0.4,1.0,1.0,0.6000000000000001,0.4,0.2,0.3333333333333333,1.0,1.0,0.0,0.0,0.0,1.0,0.3120975625427393,1.0,0.7833333333333333,0.0881130507065669,0.6967509025270758,0.784,0.10081606103995741,0.8454545454545455,1.0,0.0,0.0,0.0,1.0,0.0,0.0,0.0,0.0,0.0,0.0,0.0,0.0,0.0,0.0,0.0
2 BHK,805.34,884.16,12,12,11,1,Semi-Furnished,0,2,2,1,2,Wooden,1,1,1,0,0,Open,0,Tanker,2310.98,Hadapsar,411028,Society,5.64,2.27,2.47,2.19,20223.83,5713740.83,7094.85,Broker,20,3,1,2,2,0,0,1,0,0,0,0,0,0,0,0,0,0,0,0,0.2609881695317585,0.22799984476870538,0.5714285714285714,0.42105263157894735,0.55,1.0,0.0,0.2,0.4,0.2,0.1111111111111111,1.0,1.0,1.0,0.0,0.0,0.0,0.17336420503829897,0.482142857143117,0.7555555555555555,0.17206982543640895,0.8194945848375452,0.628,0.07182399618500268,0.17272727272727273,1.0,0.0,0.0,1.0,0.0,0.0,0.0,0.0,0.0,0.0,0.0,0.0,0.0,0.0,0.0,0.0
2 BHK,395.57,488.33,3,9,6,1,Fully Furnished,1,1,1,0,2,Granite,1,1,0,0,0,Not Specified,1,Borewell,800.0,Aundh,411007,Society,3.62,4.17,1.47,1.43,13949.25,6304502.68,15937.66,Broker,36,2,2,2,2,1,0,0,0,0,0,0,0,0,0,0,0,0,0,0,0.06488092959148513,0.07438683638621549,0.14285714285714285,0.2631578947368421,0.30000000000000004,1.0,1.0,0.0,0.2,0.0,0.1111111111111111,1.0,1.0,0.0,0.0,0.0,1.0,0.0,0.107142857143117,0.475,0.3300083125519534,0.45848375451263534,0.32399999999999995,0.3449400632785504,0.3181818181818182,0.5,1.0,0.0,0.0,0.0,0.0,0.0,0.0,0.0,0.0,0.0,0.0,0.0,0.0,0.0,0.0
3 BHK,821.52,908.04,1,6,11,1,Fully Furnished,1,3,2,2,4,Marble,1,1,1,1,1,Stilt,1,Municipal,3464.08,Aundh,411007,Standalone,4.49,3.89,0.89,1.56,27635.6,14403087.94,17532.23,Broker,19,2,2,3,3,1,0,0,0,0,0,0,0,0,0,0,0,0,0,0,0.2687315747157242,0.2372671530580565,0.047619047619047616,0.10526315789473684,0.55,1.0,1.0,0.4000000000000001,0.4,0.4,0.3333333333333333,1.0,1.0,1.0,1.0,1.0,1.0,0.3056665947652725,0.107142857143117,0.5958333333333333,0.30673316708229426,0.2490974729241877,0.3760000000000001,0.394189418077009,0.16363636363636364,0.5,1.0,0.0,0.0,0.0,0.0,0.0,0.0,0.0,0.0,0.0,0.0,0.0,0.0,0.0,0.0
2 BHK,531.37,619.06,14,16,9,1,Semi-Furnished,0,2,2,1,2,Vitrified,0,1,1,0,0,Open,0,Municipal,1548.27,Shivajinagar,411005,Standalone,1.02,7.22,0.79,1.66,31207.73,5122659.44,9640.4,Broker,13,2,1,2,2,0,0,0,0,0,0,0,0,0,0,0,0,1,0,0,0.12987193230981275,0.12512030425333748,0.6666666666666666,0.631578947368421,0.45,1.0,0.0,0.2,0.4,0.2,0.1111111111111111,0.0,1.0,1.0,0.0,0.0,0.0,0.08585370666984868,0.071428571429351,0.11388888888888889,0.5835411471321695,0.21299638989169678,0.41600000000000004,0.15044500066095326,0.10909090909090909,0.5,0.0,0.0,0.0,0.0,0.0,0.0,0.0,0.0,0.0,0.0,0.0,0.0,1.0,0.0,0.0
3 BHK,1355.12,1572.19,5,15,16,1,Semi-Furnished,1,3,2,1,4,Marble,1,1,0,0,0,Covered,1,Municipal,2050.245,Magarpatta,411013,Society,5.37,0.84,1.8,2.09,27294.66,8830007.36,6516.06,Broker,46,3,1,3,3,0,0,0,0,0,0,0,0,1,0,0,0,0,0,0,0.5241012289903901,0.4950093138776778,0.23809523809523808,0.5789473684210527,0.8,1.0,1.0,0.4000000000000001,0.4,0.2,0.3333333333333333,1.0,1.0,0.0,0.0,0.0,1.0,0.14344844440568907,0.214285714286234,0.7180555555555556,0.05320033250207813,0.5776173285198556,0.588,0.05394768215438636,0.40909090909090906,1.0,0.0,0.0,0.0,0.0,0.0,0.0,0.0,0.0,1.0,0.0,0.0,0.0,0.0,0.0,0.0
4 BHK,1503.64,1801.79,4,16,11,1,Semi-Furnished,1,5,5,2,6,Wooden,1,1,0,0,1,Not Specified,0,Municipal,4783.98,Wakad,411057,Standalone,5.07,2.07,2.27,1.98,38590.76,9830723.6,6537.95,Owner,31,3,1,4,4,0,0,0,0,0,0,0,0,0,0,0,0,0,0,1,0.595179754201922,0.5841120769947221,0.19047619047619047,0.631578947368421,0.55,1.0,1.0,0.8,1.0,0.4,0.5555555555555556,1.0,1.0,0.0,0.0,1.0,0.0,0.45710699386390435,1.0,0.6763888888888889,0.15544472152950953,0.7472924187725632,0.544,0.054623769360679086,0.2727272727272727,1.0,0.0,0.0,0.0,0.0,0.0,0.0,0.0,0.0,0.0,0.0,0.0,0.0,0.0,0.0,1.0
1 BHK,379.74,426.41,8,11,11,1,Semi-Furnished,1,1,1,0,1,Vitrified,0,1,0,0,0,Not Specified,1,Corporation + Borewell,1008.9,Wakad,411057,Standalone,4.8,2.44,2.2,2.29,7500.0,2800000.0,7373.48,Owner,4,3,1,1,1,0,0,0,0,0,0,0,0,0,0,0,0,0,0,1,0.05730502699184502,0.05035703197764671,0.38095238095238093,0.368421052631579,0.55,1.0,1.0,0.0,0.2,0.0,0.0,0.0,1.0,0.0,0.0,0.0,1.0,0.02396840622145935,1.0,0.6388888888888888,0.18620116375727344,0.7220216606498195,0.668,0.08042966901685988,0.02727272727272727,1.0,0.0,0.0,0.0,0.0,0.0,0.0,0.0,0.0,0.0,0.0,0.0,0.0,0.0,0.0,1.0
1 BHK,458.57,536.53,5,7,5,1,Fully Furnished,1,1,0,1,1,Vitrified,1,1,0,1,0,Covered,1,Municipal,3948.34,Baner,411045,Society,2.39,4.24,1.9,2.23,33159.6,14648238.01,31943.24,Broker,13,1,2,1,1,0,1,0,0,0,0,0,0,0,0,0,0,0,0,0,0.09503139477009075,0.09309220738900964,0.23809523809523808,0.15789473684210525,0.25,1.0,1.0,0.0,0.0,0.2,0.0,1.0,1.0,0.0,1.0,0.0,1.0,0.3612287795273784,0.7857142857146755,0.3041666666666667,0.33582709891936824,0.6137184115523465,0.644,0.839283044881813,0.10909090909090909,0.0,0.0,1.0,0.0,0.0,0.0,0.0,0.0,0.0,0.0,0.0,0.0,0.0,0.0,0.0,0.0
2 BHK,513.55,649.24,3,11,13,1,Semi-Furnished,1,2,1,1,3,Vitrified,1,1,1,0,0,Open,0,Municipal,1841.75,Wakad,411057,Society,5.16,2.28,2.5,2.31,7616.08,2822953.2,5496.96,Owner,29,3,1,2,2,0,0,0,0,0,0,0,0,0,0,0,0,0,0,1,0.1213436578735786,0.13683250543309533,0.14285714285714285,0.368421052631579,0.65,1.0,1.0,0.2,0.2,0.2,0.2222222222222222,1.0,1.0,1.0,0.0,0.0,0.0,0.1195265063724523,1.0,0.6888888888888889,0.1729010806317539,0.8303249097472925,0.676,0.022472100978828513,0.2545454545454545,1.0,0.0,0.0,0.0,0.0,0.0,0.0,0.0,0.0,0.0,0.0,0.0,0.0,0.0,0.0,1.0
2 BHK,622.51,719.44,9,10,11,1,Fully Furnished,0,2,2,2,3,Vitrified,0,0,1,1,0,Stilt,1,Borewell,2857.78,Baner,411045,Society,3.78,2.8,1.63,2.18,37686.4,7370820.84,11840.45,Owner,24,1,2,2,2,0,1,0,0,0,0,0,0,0,0,0,0,0,0,0,0.17348960526819557,0.1640755976404844,0.42857142857142855,0.3157894736842105,0.55,1.0,0.0,0.2,0.4,0.4,0.2222222222222222,0.0,0.0,1.0,1.0,0.0,1.0,0.23610199595210452,0.7857142857146755,0.49722222222222223,0.2161263507896924,0.516245487364621,0.6240000000000001,0.2183950078881989,0.20909090909090908,0.0,0.0,1.0,0.0,0.0,0.0,0.0,0.0,0.0,0.0,0.0,0.0,0.0,0.0,0.0,0.0
3 BHK,868.61,1089.53,5,15,13,1,Fully Furnished,1,4,3,2,5,Marble,1,1,1,1,1,Covered,1,Not Specified,3750.73,Koregaon Park,411001,Society,2.35,5.4,1.01,0.93,50699.44,22150475.68,25501.15,Builder,32,1,2,3,3,0,0,0,0,0,0,1,0,0,0,0,0,0,0,0,0.291267850989701,0.30769947221359834,0.23809523809523808,0.5789473684210527,0.65,1.0,1.0,0.6000000000000001,0.6000000000000001,0.4,0.4444444444444445,1.0,1.0,1.0,1.0,1.0,1.0,0.3385557457627897,0.0,0.2986111111111111,0.43225270157938483,0.2924187725631769,0.12400000000000005,0.6403148114059526,0.2818181818181818,0.0,0.0,0.0,0.0,0.0,0.0,0.0,1.0,0.0,0.0,0.0,0.0,0.0,0.0,0.0,0.0
2 BHK,529.71,610.98,13,13,5,1,Semi-Furnished,1,3,1,1,3,Wooden,0,1,0,1,0,Not Specified,1,Borewell,2333.94,Kothrud,411038,Society,2.49,6.85,1.32,2.09,21791.29,6093916.1,11504.26,Broker,4,2,1,2,2,0,0,0,0,0,0,0,1,0,0,0,0,0,0,0,0.12907749148129716,0.12198463210183177,0.6190476190476191,0.4736842105263157,0.25,1.0,1.0,0.4000000000000001,0.2,0.2,0.2222222222222222,0.0,1.0,0.0,1.0,0.0,1.0,0.17599854973358242,0.6607142857146755,0.3180555555555556,0.5527847049044056,0.40433212996389895,0.588,0.20801155618040693,0.02727272727272727,0.5,0.0,0.0,0.0,0.0,0.0,0.0,0.0,1.0,0.0,0.0,0.0,0.0,0.0,0.0,0.0
2 BHK,643.32,779.72,0,18,9,1,Fully Furnished,1,3,1,1,2,Granite,1,1,0,0,0,Bike,0,Borewell,1491.62,Viman Nagar,411014,Society,1.98,5.65,1.62,1.19,21221.74,11533381.65,17927.88,Owner,68,2,2,2,2,0,0,0,0,0,0,0,0,0,0,0,0,0,1,0,0.1834488303533826,0.18746895374107425,0.0,0.7368421052631579,0.45,1.0,1.0,0.4000000000000001,0.2,0.2,0.1111111111111111,1.0,1.0,0.0,0.0,0.0,0.0,0.07935389713205226,0.232142857143117,0.24722222222222223,0.4530340814630091,0.5126353790613719,0.22799999999999998,0.40640933142418745,0.6090909090909091,0.5,0.0,0.0,0.0,0.0,0.0,0.0,0.0,0.0,0.0,0.0,0.0,0.0,0.0,1.0,0.0
2 BHK,602.84,679.52,0,7,14,1,Semi-Furnished,1,2,3,1,3,Wooden,0,0,1,0,0,Covered,1,Municipal,971.35,Kharadi,411014,Standalone,3.85,1.61,2.46,2.21,19652.84,8588643.15,14246.95,Owner,16,2,1,2,2,0,0,0,0,0,1,0,0,0,0,0,0,0,0,0,0.16407596002909758,0.1485835144365104,0.0,0.15789473684210525,0.7000000000000001,1.0,1.0,0.2,0.6000000000000001,0.2,0.2222222222222222,0.0,0.0,1.0,0.0,0.0,1.0,0.01966005938749192,0.232142857143117,0.5069444444444444,0.1172069825436409,0.8158844765342961,0.636,0.2927213606494391,0.13636363636363635,0.5,0.0,0.0,0.0,0.0,0.0,1.0,0.0,0.0,0.0,0.0,0.0,0.0,0.0,0.0,0.0
3 BHK,981.31,1190.7,5,11,5,1,Semi-Furnished,1,3,2,2,6,Granite,1,1,0,1,0,Covered,1,Corporation + Borewell,4505.99,Kothrud,411038,Society,1.46,6.12,1.16,1.54,44563.42,8967728.08,9138.48,Owner,3,2,1,3,3,0,0,0,0,0,0,0,1,0,0,0,0,0,0,0,0.3452036831425399,0.34696134740763745,0.23809523809523808,0.368421052631579,0.25,1.0,1.0,0.4000000000000001,0.4,0.4,0.5555555555555556,1.0,1.0,0.0,1.0,0.0,1.0,0.42521145894047946,0.6607142857146755,0.175,0.49210307564422273,0.34657039711191334,0.3680000000000001,0.13494286769693012,0.01818181818181818,0.5,0.0,0.0,0.0,0.0,0.0,0.0,0.0,1.0,0.0,0.0,0.0,0.0,0.0,0.0,0.0
3 BHK,752.31,897.21,0,7,16,1,Unfurnished,1,4,4,2,3,Vitrified,1,1,0,0,0,Not Specified,0,Not Specified,1576.18,Kothrud,411038,Society,1.78,7.97,1.29,1.2,32315.14,7992785.19,10624.36,Broker,42,2,0,3,3,0,0,0,0,0,0,0,1,0,0,0,0,0,0,0,0.2356091351123703,0.23306426575597644,0.0,0.15789473684210525,0.8,1.0,1.0,0.6000000000000001,0.8,0.4,0.2222222222222222,1.0,1.0,0.0,0.0,0.0,0.0,0.08905599588785221,0.6607142857146755,0.21944444444444444,0.6458852867830422,0.39350180505415167,0.23199999999999998,0.1808352595693056,0.3727272727272727,0.5,0.0,0.0,0.0,0.0,0.0,0.0,0.0,1.0,0.0,0.0,0.0,0.0,0.0,0.0,0.0
2 BHK,656.17,762.34,3,7,2,1,Semi-Furnished,1,2,2,2,3,Wooden,1,1,1,1,0,Not Specified,1,Municipal,3073.34,Baner,411045,Society,2.56,3.5,1.85,2.08,45842.65,20781890.6,31671.55,Owner,19,1,1,2,2,0,1,0,0,0,0,0,0,0,0,0,0,0,0,0,0.1895985680921934,0.1807241539894443,0.14285714285714285,0.15789473684210525,0.1,1.0,1.0,0.2,0.4,0.4,0.2222222222222222,1.0,1.0,1.0,1.0,0.0,1.0,0.2608345457132236,0.7857142857146755,0.3277777777777778,0.27431421446384036,0.5956678700361011,0.5840000000000001,0.8308917185648791,0.16363636363636364,0.0,0.0,1.0,0.0,0.0,0.0,0.0,0.0,0.0,0.0,0.0,0.0,0.0,0.0,0.0,0.0
1 RK,357.26,456.47,2,5,13,1,Semi-Furnished,1,1,1,0,2,Ceramic,1,1,0,1,0,Open,1,Borewell,800.0,Shivajinagar,411005,Society,1.48,7.84,0.74,1.58,12323.74,5249010.64,14692.32,Owner,8,2,1,1,1,0,0,0,0,0,0,0,0,0,0,0,0,1,0,0,0.04654657529001875,0.06202266376901586,0.09523809523809523,0.05263157894736842,0.65,1.0,1.0,0.0,0.2,0.0,0.1111111111111111,1.0,1.0,0.0,1.0,0.0,1.0,0.0,0.071428571429351,0.17777777777777778,0.6350789692435577,0.19494584837545126,0.3840000000000001,0.3064769092591517,0.06363636363636363,0.5,0.0,0.0,0.0,0.0,0.0,0.0,0.0,0.0,0.0,0.0,0.0,0.0,1.0,0.0,0.0
2 BHK,735.79,837.41,11,13,18,1,Fully Furnished,1,2,1,1,3,Ceramic,1,1,1,0,0,Covered,0,Corporation + Borewell,3141.66,Pune Camp,411001,Society,1.87,6.97,1.13,2.06,23343.66,5007908.66,6806.17,Builder,40,3,2,2,2,0,0,0,0,0,0,0,0,0,0,0,1,0,0,0,0.2277030131322026,0.20985718720894136,0.5238095238095237,0.4736842105263157,0.9,1.0,1.0,0.2,0.2,0.2,0.2222222222222222,1.0,1.0,1.0,0.0,0.0,0.0,0.2686733274894328,0.0,0.23194444444444445,0.5627597672485453,0.335740072202166,0.5760000000000001,0.06290792242015131,0.35454545454545455,1.0,0.0,0.0,0.0,0.0,0.0,0.0,0.0,0.0,0.0,0.0,0.0,1.0,0.0,0.0,0.0
3 BHK,996.45,1196.2,1,14,11,1,Semi-Furnished,1,4,3,2,4,Not Specified,1,0,0,0,0,Open,0,Municipal,2348.07,Magarpatta,411013,Society,5.23,0.99,2.16,2.15,26761.0,6423536.07,6446.4,Broker,23,3,1,3,3,0,0,0,0,0,0,0,0,1,0,0,0,0,0,0,0.35244936636165247,0.3490957777087862,0.047619047619047616,0.5263157894736842,0.55,1.0,1.0,0.6000000000000001,0.6000000000000001,0.4,0.3333333333333333,1.0,0.0,0.0,0.0,0.0,0.0,0.17761977318934702,0.214285714286234,0.6986111111111112,0.0656691604322527,0.7075812274368232,0.612,0.05179618673225958,0.19999999999999998,1.0,0.0,0.0,0.0,0.0,0.0,0.0,0.0,0.0,1.0,0.0,0.0,0.0,0.0,0.0,0.0
1 BHK,516.93,637.13,4,14,11,1,Fully Furnished,1,1,1,1,2,Vitrified,1,1,1,1,0,Open,1,Municipal,2462.15,Kalyani Nagar,411006,Society,2.18,6.06,1.45,1.47,27682.41,14793951.7,28619.01,Broker,46,1,2,1,1,0,0,0,0,1,0,0,0,0,0,0,0,0,0,0,0.12296125425935141,0.13213287798820245,0.19047619047619047,0.5263157894736842,0.55,1.0,1.0,0.0,0.2,0.2,0.1111111111111111,1.0,1.0,1.0,1.0,0.0,1.0,0.19070888655336843,0.089285714286234,0.275,0.4871155444721529,0.45126353790613716,0.33999999999999997,0.7366119908034844,0.40909090909090906,0.0,0.0,0.0,0.0,0.0,1.0,0.0,0.0,0.0,0.0,0.0,0.0,0.0,0.0,0.0,0.0
1 BHK,367.28,402.54,12,12,5,1,Unfurnished,0,1,3,0,2,Wooden,1,1,1,1,0,Stilt,0,Tanker,2150.79,Kharadi,411014,Society,3.18,1.34,2.85,2.27,10658.98,6687522.07,18208.3,Owner,6,2,0,1,1,0,0,0,0,0,1,0,0,0,0,0,0,0,0,0,0.05134193498985411,0.04109360447066132,0.5714285714285714,0.42105263157894735,0.25,1.0,0.0,0.0,0.6000000000000001,0.0,0.1111111111111111,1.0,1.0,1.0,1.0,0.0,0.0,0.1549846023929396,0.232142857143117,0.4138888888888889,0.09476309226932668,0.956678700361011,0.66,0.41507028959634906,0.045454545454545456,0.5,0.0,0.0,0.0,0.0,0.0,1.0,0.0,0.0,0.0,0.0,0.0,0.0,0.0,0.0,0.0
4 BHK,1422.17,1595.15,5,9,7,1,Semi-Furnished,1,4,3,3,8,Vitrified,1,1,0,0,0,Stilt,0,Municipal,3635.78,Wakad,411057,Society,5.02,2.37,1.26,2.01,44620.93,11298009.99,7944.23,Broker,29,3,1,4,4,0,0,0,0,0,0,0,0,0,0,0,0,0,0,1,0.5561899383590491,0.5039195901893823,0.23809523809523808,0.2631578947368421,0.35000000000000003,1.0,1.0,0.6000000000000001,0.6000000000000001,0.6000000000000001,0.7777777777777777,1.0,1.0,0.0,0.0,0.0,0.0,0.3253668118462901,1.0,0.6694444444444444,0.18038237738985868,0.38267148014440433,0.5559999999999999,0.09805766230108087,0.2545454545454545,1.0,0.0,0.0,0.0,0.0,0.0,0.0,0.0,0.0,0.0,0.0,0.0,0.0,0.0,0.0,1.0
1 BHK,335.66,401.65,16,18,11,1,Fully Furnished,1,1,1,0,1,Vitrified,1,1,0,0,0,Bike,0,Tanker,800.0,Hadapsar,411028,Society,5.19,2.14,2.44,2.23,7500.0,3852876.61,11478.35,Owner,26,3,2,1,1,0,0,1,0,0,0,0,0,0,0,0,0,0,0,0,0.03620927294306829,0.04074821484011176,0.7619047619047619,0.7368421052631579,0.55,1.0,1.0,0.0,0.2,0.0,0.0,1.0,1.0,0.0,0.0,0.0,0.0,0.0,0.482142857143117,0.6930555555555556,0.16126350789692434,0.8086642599277979,0.644,0.2072113086009165,0.22727272727272727,1.0,0.0,0.0,1.0,0.0,0.0,0.0,0.0,0.0,0.0,0.0,0.0,0.0,0.0,0.0,0.0
2 BHK,606.34,705.42,4,11,10,1,Fully Furnished,1,2,1,2,3,Vitrified,1,1,1,1,1,Covered,0,Municipal,3145.79,Baner,411045,Society,3.77,3.45,1.47,1.66,49093.45,17505047.0,28870.21,Broker,6,1,2,2,2,0,1,0,0,0,0,0,0,0,0,0,0,0,0,0,0.16575098587235348,0.158634740763738,0.19047619047619047,0.368421052631579,0.5,1.0,1.0,0.2,0.2,0.4,0.2222222222222222,1.0,1.0,1.0,1.0,1.0,0.0,0.26914718827303563,0.7857142857146755,0.49583333333333335,0.2701579384871155,0.45848375451263534,0.41600000000000004,0.7443704698450898,0.045454545454545456,0.0,0.0,1.0,0.0,0.0,0.0,0.0,0.0,0.0,0.0,0.0,0.0,0.0,0.0,0.0,0.0
3 BHK,1033.14,1176.6,3,18,11,1,Unfurnished,0,4,4,2,5,Ceramic,1,1,1,1,0,Stilt,0,Municipal,2811.88,Hadapsar,411028,Standalone,5.18,2.45,2.36,2.0,19509.84,6888660.33,6667.67,Broker,30,3,0,3,3,0,0,1,0,0,0,0,0,0,0,0,0,0,0,0,0.3700084229870976,0.34148944427196526,0.14285714285714285,0.7368421052631579,0.55,1.0,0.0,0.6000000000000001,0.8,0.4,0.4444444444444445,1.0,1.0,1.0,1.0,0.0,0.0,0.23083560128688202,0.482142857143117,0.6916666666666667,0.18703241895261843,0.779783393501805,0.552,0.05863025782117695,0.2636363636363636,1.0,0.0,0.0,1.0,0.0,0.0,0.0,0.0,0.0,0.0,0.0,0.0,0.0,0.0,0.0,0.0
1 BHK,279.39,345.68,2,14,15,1,Fully Furnished,1,1,0,0,2,Ceramic,1,1,1,1,0,Stilt,0,Municipal,1092.3,Aundh,411007,Society,3.52,4.83,1.08,1.68,10594.3,2800000.0,10021.84,Builder,12,2,2,1,1,1,0,0,0,0,0,0,0,0,0,0,0,0,0,0,0.0092796431716375,0.019027475939149358,0.09523809523809523,0.5263157894736842,0.75,1.0,1.0,0.0,0.0,0.0,0.1111111111111111,1.0,1.0,1.0,1.0,0.0,0.0,0.03353741090728851,0.107142857143117,0.46111111111111114,0.3848711554447215,0.3176895306859206,0.42400000000000004,0.1622260287088433,0.09999999999999999,0.5,1.0,0.0,0.0,0.0,0.0,0.0,0.0,0.0,0.0,0.0,0.0,0.0,0.0,0.0,0.0
2 BHK,730.18,863.1,1,20,11,1,Unfurnished,1,2,3,1,3,Vitrified,1,1,0,0,0,Stilt,1,Municipal,2430.985,Hadapsar,411028,Society,5.77,1.86,2.59,1.56,9879.52,4282003.99,5864.31,Owner,7,3,0,2,2,0,0,1,0,0,0,0,0,0,0,0,0,0,0,0,0.2250181859948696,0.21982691710648872,0.047619047619047616,0.8421052631578947,0.55,1.0,1.0,0.2,0.6000000000000001,0.2,0.2222222222222222,1.0,1.0,0.0,0.0,0.0,1.0,0.1871331307855763,0.482142857143117,0.773611111111111,0.13798836242726517,0.8628158844765342,0.3760000000000001,0.03381795000722726,0.054545454545454536,1.0,0.0,0.0,1.0,0.0,0.0,0.0,0.0,0.0,0.0,0.0,0.0,0.0,0.0,0.0,0.0
3 BHK,910.24,1083.35,6,14,14,1,Semi-Furnished,1,4,2,2,5,Ceramic,1,1,1,1,0,Open,0,Tanker,4172.67,Kothrud,411038,Society,1.94,7.86,1.38,1.27,25600.55,7758747.64,8523.83,Owner,24,2,1,3,3,0,0,0,0,0,0,0,1,0,0,0,0,0,0,0,0.31119108694819864,0.30530114871158026,0.2857142857142857,0.5263157894736842,0.7000000000000001,1.0,1.0,0.6000000000000001,0.4,0.4,0.4444444444444445,1.0,1.0,1.0,1.0,0.0,0.0,0.38696756635198337,0.6607142857146755,0.24166666666666664,0.6367414796342477,0.42599277978339345,0.26,0.11595899372032661,0.20909090909090908,0.5,0.0,0.0,0.0,0.0,0.0,0.0,0.0,1.0,0.0,0.0,0.0,0.0,0.0,0.0,0.0
3 BHK,726.76,902.86,12,13,7,1,Semi-Furnished,1,4,3,2,5,Vitrified,0,0,0,1,0,Covered,1,Municipal,901.39,Wakad,411057,Society,4.9,3.09,1.95,2.22,16479.0,5579100.01,7676.67,Broker,3,3,1,3,3,0,0,0,0,0,0,0,0,0,0,0,0,0,0,1,0.22338144645660246,0.23525690779261105,0.5714285714285714,0.4736842105263157,0.35000000000000003,1.0,1.0,0.6000000000000001,0.6000000000000001,0.4,0.4444444444444445,0.0,0.0,0.0,1.0,0.0,1.0,0.011633110133048172,1.0,0.6527777777777778,0.24023275145469652,0.631768953068592,0.6400000000000001,0.0897938937804919,0.01818181818181818,1.0,0.0,0.0,0.0,0.0,0.0,0.0,0.0,0.0,0.0,0.0,0.0,0.0,0.0,0.0,1.0
2 BHK,678.56,838.54,4,8,17,1,Semi-Furnished,1,2,1,0,2,Granite,0,0,0,0,0,Covered,1,Borewell,2452.04,Shivajinagar,411005,Standalone,0.41,7.39,1.0,1.05,26290.33,6222663.26,9170.33,Broker,5,2,1,2,2,0,0,0,0,0,0,0,0,0,0,0,0,1,0,0,0.20031394770090738,0.21029571561626825,0.19047619047619047,0.21052631578947367,0.8500000000000001,1.0,1.0,0.2,0.2,0.0,0.1111111111111111,0.0,0.0,0.0,0.0,0.0,1.0,0.18954890289181286,0.071428571429351,0.029166666666666664,0.597672485453034,0.2888086642599278,0.17200000000000004,0.13592657612636935,0.03636363636363636,0.5,0.0,0.0,0.0,0.0,0.0,0.0,0.0,0.0,0.0,0.0,0.0,0.0,1.0,0.0,0.0
3 BHK,795.04,979.58,3,13,6,1,Fully Furnished,1,3,3,2,3,Marble,1,1,1,0,0,Covered,0,Municipal,2383.6,Wakad,411057,Society,5.27,2.49,2.54,1.99,29751.64,6212217.09,7813.68,Owner,20,3,2,3,3,0,0,0,0,0,0,0,0,0,0,0,0,0,0,1,0.25605880776446266,0.2650302701024527,0.14285714285714285,0.4736842105263157,0.30000000000000004,1.0,1.0,0.4000000000000001,0.6000000000000001,0.4,0.2222222222222222,1.0,1.0,1.0,0.0,0.0,0.0,0.18169635276353774,1.0,0.7041666666666666,0.19035743973399832,0.8447653429602888,0.548,0.09402553873865419,0.17272727272727273,1.0,0.0,0.0,0.0,0.0,0.0,0.0,0.0,0.0,0.0,0.0,0.0,0.0,0.0,0.0,1.0
3 BHK,796.04,886.84,2,9,6,1,Semi-Furnished,1,3,2,2,4,Wooden,1,1,0,0,0,Covered,1,Borewell,4387.04,Kharadi,411014,Society,4.4,1.5,2.05,1.98,39927.15,7267404.09,9129.41,Owner,39,2,1,3,3,0,0,0,0,0,1,0,0,0,0,0,0,0,0,0,0.25653738657682146,0.22903989444271972,0.09523809523809523,0.2631578947368421,0.30000000000000004,1.0,1.0,0.4000000000000001,0.4,0.4,0.3333333333333333,1.0,1.0,0.0,0.0,0.0,1.0,0.4115635799551152,0.232142857143117,0.5833333333333334,0.1080631753948462,0.667870036101083,0.544,0.134662734715611,0.34545454545454546,0.5,0.0,0.0,0.0,0.0,0.0,1.0,0.0,0.0,0.0,0.0,0.0,0.0,0.0,0.0,0.0
3 BHK,907.96,1018.11,12,13,9,1,Fully Furnished,1,3,3,1,3,Not Specified,1,1,1,1,0,Open,1,Municipal,3689.34,Kharadi,411014,Society,3.68,2.34,2.31,2.06,45387.79,15122943.49,16655.89,Broker,3,2,2,3,3,0,0,0,0,0,1,0,0,0,0,0,0,0,0,0,0.31009992725602054,0.2799829245575909,0.5714285714285714,0.4736842105263157,0.45,1.0,1.0,0.4000000000000001,0.6000000000000001,0.2,0.2222222222222222,1.0,1.0,1.0,1.0,0.0,1.0,0.3315120863183886,0.232142857143117,0.4833333333333334,0.17788861180382373,0.7617328519855596,0.5760000000000001,0.3671230744332171,0.01818181818181818,0.5,0.0,0.0,0.0,0.0,0.0,1.0,0.0,0.0,0.0,0.0,0.0,0.0,0.0,0.0,0.0
3 BHK,1205.74,1382.19,0,16,17,1,Semi-Furnished,0,4,2,1,5,Wooden,0,0,1,1,0,Bike,0,Borewell,5313.66,Kothrud,411038,Society,1.35,6.05,1.16,1.44,42075.1,16890198.17,14008.1,Owner,46,2,1,3,3,0,0,0,0,0,0,0,1,0,0,0,0,0,0,0,0.45261112600022974,0.42127444892890414,0.0,0.631578947368421,0.8500000000000001,1.0,0.0,0.6000000000000001,0.4,0.2,0.4444444444444445,0.0,0.0,1.0,1.0,0.0,0.0,0.5178804998829689,0.6607142857146755,0.15972222222222224,0.4862842892768079,0.34657039711191334,0.32799999999999996,0.2853443195702693,0.40909090909090906,0.5,0.0,0.0,0.0,0.0,0.0,0.0,0.0,1.0,0.0,0.0,0.0,0.0,0.0,0.0,0.0
1 BHK,413.88,482.74,3,11,6,1,Semi-Furnished,1,1,0,0,1,Granite,1,1,1,1,0,Covered,0,Borewell,2153.94,Kharadi,411014,Society,4.41,2.51,1.73,1.6,13110.34,4869952.01,11766.51,Builder,11,2,1,1,1,0,0,0,0,0,1,0,0,0,0,0,0,0,0,0,0.07364370764577512,0.07221747904377526,0.14285714285714285,0.368421052631579,0.30000000000000004,1.0,1.0,0.0,0.0,0.0,0.0,1.0,1.0,1.0,1.0,0.0,0.0,0.15534602163467057,0.232142857143117,0.5847222222222223,0.19201995012468823,0.5523465703971119,0.3920000000000001,0.21611132181998108,0.0909090909090909,0.5,0.0,0.0,0.0,0.0,0.0,1.0,0.0,0.0,0.0,0.0,0.0,0.0,0.0,0.0,0.0
3 BHK,927.56,1158.33,2,11,12,1,Unfurnished,1,4,3,2,6,Ceramic,1,1,0,1,0,Bike,0,Corporation + Borewell,3436.05,Kharadi,411014,Society,4.22,0.93,2.24,2.05,37463.73,7510786.27,8097.39,Owner,3,2,0,3,3,0,0,0,0,0,1,0,0,0,0,0,0,0,0,0,0.31948007197825334,0.33439925488978584,0.09523809523809523,0.368421052631579,0.6000000000000001,1.0,1.0,0.6000000000000001,0.6000000000000001,0.4,0.5555555555555556,1.0,1.0,0.0,1.0,0.0,0.0,0.30245053719520315,0.232142857143117,0.5583333333333333,0.060681629260182876,0.736462093862816,0.572,0.10278811074858205,0.01818181818181818,0.5,0.0,0.0,0.0,0.0,0.0,1.0,0.0,0.0,0.0,0.0,0.0,0.0,0.0,0.0,0.0
2 BHK,599.49,721.0,2,11,16,1,Unfurnished,0,3,1,1,2,Wooden,1,1,1,0,0,Bike,0,Corporation + Borewell,800.0,Wakad,411057,Society,5.25,1.93,1.67,2.07,10567.46,3830857.61,6390.23,Owner,28,3,0,2,2,0,0,0,0,0,0,0,0,0,0,0,0,0,0,1,0.16247272100769555,0.16468099968953742,0.09523809523809523,0.368421052631579,0.8,1.0,0.0,0.4000000000000001,0.2,0.2,0.1111111111111111,1.0,1.0,1.0,0.0,0.0,0.0,0.0,1.0,0.701388888888889,0.14380714879467993,0.5306859205776173,0.58,0.05006133893063944,0.24545454545454543,1.0,0.0,0.0,0.0,0.0,0.0,0.0,0.0,0.0,0.0,0.0,0.0,0.0,0.0,0.0,1.0
1 BHK,446.61,550.61,8,13,12,1,Semi-Furnished,0,1,0,1,2,Wooden,0,1,1,1,1,Bike,0,Municipal,1910.02,Koregaon Park,411001,Standalone,1.99,5.25,1.59,1.32,31800.77,11610364.39,25996.88,Broker,9,1,1,1,1,0,0,0,0,0,0,1,0,0,0,0,0,0,0,0,0.08930759217427926,0.09855634895995036,0.38095238095238093,0.4736842105263157,0.6000000000000001,1.0,0.0,0.0,0.0,0.2,0.1111111111111111,0.0,1.0,1.0,1.0,1.0,0.0,0.1273595513353007,0.0,0.24861111111111112,0.41978387364921027,0.5018050541516246,0.28,0.6556257621037833,0.07272727272727272,0.0,0.0,0.0,0.0,0.0,0.0,0.0,1.0,0.0,0.0,0.0,0.0,0.0,0.0,0.0,0.0
5 BHK,2349.52,2873.45,9,12,17,1,Unfurnished,0,6,3,2,8,Granite,1,1,0,1,1,Open,0,Corporation + Borewell,9515.64,Kothrud,411038,Society,2.75,7.78,1.09,1.41,63203.07,18126713.24,7715.06,Owner,31,2,0,5,5,0,0,0,0,0,0,0,1,0,0,0,0,0,0,0,1.0,1.0,0.42857142857142855,0.42105263157894735,0.8500000000000001,1.0,0.0,1.0000000000000002,0.6000000000000001,0.4,0.7777777777777777,1.0,1.0,0.0,1.0,1.0,0.0,1.0,0.6607142857146755,0.3541666666666667,0.6300914380714879,0.3212996389891697,0.31599999999999995,0.09097959445886464,0.2727272727272727,0.5,0.0,0.0,0.0,0.0,0.0,0.0,0.0,1.0,0.0,0.0,0.0,0.0,0.0,0.0,0.0
3 BHK,1064.15,1222.6,10,14,9,1,Unfurnished,1,3,2,2,5,Wooden,0,0,0,1,0,Not Specified,0,Municipal,3785.2,Wakad,411057,Standalone,5.09,2.64,2.09,2.44,16732.68,7301490.95,6861.31,Broker,24,3,0,3,3,0,0,0,0,0,0,0,0,0,0,0,0,0,0,1,0.3848491519583445,0.35934104315429993,0.47619047619047616,0.5263157894736842,0.45,1.0,1.0,0.4000000000000001,0.4,0.4,0.4444444444444445,0.0,0.0,0.0,1.0,0.0,0.0,0.34251070489373125,1.0,0.6791666666666667,0.2028262676641729,0.6823104693140793,0.728,0.06461095798684768,0.20909090909090908,1.0,0.0,0.0,0.0,0.0,0.0,0.0,0.0,0.0,0.0,0.0,0.0,0.0,0.0,0.0,1.0
3 BHK,1121.18,1377.24,2,10,13,1,Semi-Furnished,1,3,3,2,5,Vitrified,0,1,0,1,0,Covered,0,Municipal,4067.76,Pune Camp,411001,Society,2.64,6.2,1.27,1.86,30077.26,8821605.1,7868.12,Broker,7,3,1,3,3,0,0,0,0,0,0,0,0,0,0,0,1,0,0,0,0.412142501627168,0.4193534616578703,0.09523809523809523,0.3157894736842105,0.65,1.0,1.0,0.4000000000000001,0.6000000000000001,0.4,0.4444444444444445,0.0,1.0,0.0,1.0,0.0,0.0,0.3749305845583343,0.0,0.3388888888888889,0.49875311720698245,0.3862815884476534,0.4960000000000001,0.09570695433986834,0.054545454545454536,1.0,0.0,0.0,0.0,0.0,0.0,0.0,0.0,0.0,0.0,0.0,0.0,1.0,0.0,0.0,0.0
3 BHK,1087.02,1233.75,6,13,12,1,Unfurnished,0,3,4,1,4,Ceramic,0,0,0,1,1,Covered,0,Municipal,2884.09,Hinjewadi,411057,Standalone,5.86,0.75,2.35,2.66,24873.85,6555707.03,6030.89,Owner,28,3,0,3,3,0,0,0,1,0,0,0,0,0,0,0,0,0,0,0,0.39579424939699065,0.3636681154920833,0.2857142857142857,0.4736842105263157,0.6000000000000001,1.0,0.0,0.4000000000000001,0.8,0.2,0.3333333333333333,0.0,0.0,0.0,1.0,1.0,0.0,0.23912070714256212,1.0,0.7861111111111112,0.04571903574397339,0.776173285198556,0.8160000000000001,0.03896288407868681,0.24545454545454543,1.0,0.0,0.0,0.0,1.0,0.0,0.0,0.0,0.0,0.0,0.0,0.0,0.0,0.0,0.0,0.0
1 RK,366.17,438.89,8,10,9,1,Semi-Furnished,1,2,1,0,2,Ceramic,1,1,0,0,0,Not Specified,0,Municipal,800.0,Viman Nagar,411014,Society,1.73,5.78,1.88,1.6,16362.31,3052907.97,8337.31,Owner,32,2,1,1,1,0,0,0,0,0,0,0,0,0,0,0,0,0,1,0,0.05081071250813586,0.055200248370071425,0.38095238095238093,0.3157894736842105,0.45,1.0,1.0,0.2,0.2,0.0,0.1111111111111111,1.0,1.0,0.0,0.0,0.0,0.0,0.0,0.232142857143117,0.2125,0.46384039900249374,0.6064981949458483,0.3920000000000001,0.11019819948927465,0.2818181818181818,0.5,0.0,0.0,0.0,0.0,0.0,0.0,0.0,0.0,0.0,0.0,0.0,0.0,0.0,1.0,0.0
1 BHK,415.42,529.85,9,11,4,1,Semi-Furnished,1,1,0,1,1,Ceramic,0,0,1,1,0,Covered,1,Municipal,1806.79,Baner,411045,Standalone,2.59,3.14,1.85,2.14,14653.91,4221903.31,10162.99,Builder,38,1,1,1,1,0,1,0,0,0,0,0,0,0,0,0,0,0,0,0,0.07438071901680769,0.0904998447687054,0.42857142857142855,0.368421052631579,0.2,1.0,1.0,0.0,0.0,0.2,0.0,0.0,0.0,1.0,1.0,0.0,1.0,0.11551532647057475,0.7857142857146755,0.33194444444444443,0.24438902743142144,0.5956678700361011,0.6080000000000001,0.1665855403200002,0.33636363636363636,0.0,0.0,1.0,0.0,0.0,0.0,0.0,0.0,0.0,0.0,0.0,0.0,0.0,0.0,0.0,0.0
4 BHK,1299.6,1573.38,0,11,11,1,Semi-Furnished,1,4,4,2,6,Marble,1,0,0,1,0,Bike,1,Municipal,4605.33,Hadapsar,411028,Society,5.39,1.62,2.95,2.01,38139.98,16735482.29,12877.45,Owner,12,3,1,4,4,0,0,1,0,0,0,0,0,0,0,0,0,0,0,0,0.49753053332822844,0.4954711269791991,0.0,0.368421052631579,0.55,1.0,1.0,0.6000000000000001,0.8,0.4,0.5555555555555556,1.0,0.0,0.0,1.0,0.0,1.0,0.4366093597257344,0.482142857143117,0.7208333333333333,0.11803823773898586,0.9927797833935018,0.5559999999999999,0.25042344246680104,0.09999999999999999,1.0,0.0,0.0,1.0,0.0,0.0,0.0,0.0,0.0,0.0,0.0,0.0,0.0,0.0,0.0,0.0
2 BHK,589.92,682.02,6,13,9,1,Semi-Furnished,1,2,2,1,3,Marble,1,1,0,1,0,Covered,0,Municipal,2119.8,Nigdi,411044,Society,4.2,12.09,1.84,2.43,11820.5,5290059.43,8967.44,Owner,42,3,1,2,2,0,0,0,0,0,0,0,0,0,1,0,0,0,0,0,0.15789272177342162,0.14955371002794166,0.2857142857142857,0.4736842105263157,0.45,1.0,1.0,0.2,0.4,0.2,0.2222222222222222,1.0,1.0,0.0,1.0,0.0,0.0,0.1514289254719103,0.7678571428577925,0.5555555555555556,0.9883624272651703,0.5920577617328521,0.7240000000000001,0.1296601835596841,0.3727272727272727,1.0,0.0,0.0,0.0,0.0,0.0,0.0,0.0,0.0,0.0,1.0,0.0,0.0,0.0,0.0,0.0
2 BHK,486.13,551.62,6,13,8,1,Semi-Furnished,1,2,2,2,2,Marble,1,1,1,1,0,Covered,1,Corporation + Borewell,2798.84,Baner,411045,Society,3.64,3.28,1.65,2.53,27287.67,11678577.5,24023.42,Broker,19,1,1,2,2,0,1,0,0,0,0,0,0,0,0,0,0,0,0,0,0.10822102683869979,0.09894830797888857,0.2857142857142857,0.4736842105263157,0.4,1.0,1.0,0.2,0.4,0.4,0.1111111111111111,1.0,1.0,1.0,1.0,0.0,1.0,0.22933944036238307,0.7857142857146755,0.47777777777777786,0.256026600166251,0.5234657039711191,0.764,0.5946741377031195,0.16363636363636364,0.0,0.0,1.0,0.0,0.0,0.0,0.0,0.0,0.0,0.0,0.0,0.0,0.0,0.0,0.0,0.0
3 BHK,1104.7,1293.49,7,14,10,1,Semi-Furnished,1,3,3,1,3,Vitrified,1,1,0,1,0,Covered,1,Municipal,3404.79,Hadapsar,411028,Society,5.48,2.23,2.24,1.84,38861.33,7850382.57,7106.32,Broker,53,3,1,3,3,0,0,1,0,0,0,0,0,0,0,0,0,0,0,0,0.40425552279949467,0.386851909344924,0.3333333333333333,0.5263157894736842,0.5,1.0,1.0,0.4000000000000001,0.6000000000000001,0.2,0.2222222222222222,1.0,1.0,0.0,1.0,0.0,1.0,0.2988638814820254,0.482142857143117,0.7333333333333334,0.16874480465502906,0.736462093862816,0.4880000000000001,0.0721782547622607,0.4727272727272727,1.0,0.0,0.0,1.0,0.0,0.0,0.0,0.0,0.0,0.0,0.0,0.0,0.0,0.0,0.0,0.0
2 BHK,704.88,804.84,6,15,11,1,Fully Furnished,0,2,2,1,3,Marble,1,1,1,0,0,Covered,0,Municipal,1651.45,Hinjewadi,411057,Standalone,6.36,0.2,2.9,2.73,10124.2,5677769.12,8054.93,Owner,46,3,2,2,2,0,0,0,1,0,0,0,0,0,0,0,0,0,0,0,0.2129101420421915,0.1972174790437753,0.2857142857142857,0.5789473684210527,0.55,1.0,0.0,0.2,0.4,0.2,0.2222222222222222,1.0,1.0,1.0,0.0,0.0,0.0,0.09769219472121382,1.0,0.8555555555555556,0.0,0.9747292418772563,0.8440000000000001,0.10147670541376294,0.40909090909090906,1.0,0.0,0.0,0.0,1.0,0.0,0.0,0.0,0.0,0.0,0.0,0.0,0.0,0.0,0.0,0.0
2 BHK,543.46,598.51,3,17,12,1,Unfurnished,1,3,2,2,3,Vitrified,1,1,1,1,1,Open,1,Tanker,912.76,Kalyani Nagar,411006,Society,2.09,6.32,1.4,2.14,26755.03,8273363.6,15223.54,Owner,21,1,0,2,2,0,0,0,0,1,0,0,0,0,0,0,0,0,0,0,0.1356579501512309,0.11714529649177277,0.14285714285714285,0.6842105263157894,0.6000000000000001,1.0,1.0,0.4000000000000001,0.4,0.4,0.2222222222222222,1.0,1.0,1.0,1.0,1.0,1.0,0.012937661491296104,0.089285714286234,0.26249999999999996,0.5087281795511222,0.43321299638989164,0.6080000000000001,0.3228839922069291,0.1818181818181818,0.0,0.0,0.0,0.0,0.0,1.0,0.0,0.0,0.0,0.0,0.0,0.0,0.0,0.0,0.0,0.0
3 BHK,1102.09,1247.81,0,10,12,1,Unfurnished,1,3,2,2,5,Ceramic,1,1,1,0,0,Covered,1,Borewell,4639.97,Shivajinagar,411005,Standalone,1.03,8.47,1.15,1.74,44918.57,10303096.06,9348.69,Builder,96,2,0,3,3,0,0,0,0,0,0,0,0,0,0,0,0,1,0,0,0.4030064320992381,0.3691244954982925,0.0,0.3157894736842105,0.6000000000000001,1.0,1.0,0.4000000000000001,0.4,0.4,0.4444444444444445,1.0,1.0,1.0,0.0,0.0,1.0,0.4405838240221029,0.071428571429351,0.1152777777777778,0.6874480465502909,0.34296028880866425,0.44800000000000006,0.141435343331229,0.8636363636363636,0.5,0.0,0.0,0.0,0.0,0.0,0.0,0.0,0.0,0.0,0.0,0.0,0.0,1.0,0.0,0.0
3 BHK,1006.18,1189.24,5,16,4,1,Semi-Furnished,1,4,3,2,6,Vitrified,1,1,1,0,0,Covered,1,Tanker,3495.26,Kothrud,411038,Society,1.89,8.31,0.87,1.29,38817.61,8440561.9,8388.68,Owner,16,2,1,3,3,0,0,0,0,0,0,0,1,0,0,0,0,0,0,0,0.35710593820590375,0.3463947531822416,0.23809523809523808,0.631578947368421,0.2,1.0,1.0,0.6000000000000001,0.6000000000000001,0.4,0.5555555555555556,1.0,1.0,1.0,0.0,0.0,1.0,0.30924407157707295,0.6607142857146755,0.23472222222222222,0.6741479634247713,0.24187725631768953,0.268,0.11178479609901701,0.13636363636363635,0.5,0.0,0.0,0.0,0.0,0.0,0.0,0.0,1.0,0.0,0.0,0.0,0.0,0.0,0.0,0.0
3 BHK,960.31,1119.16,0,12,13,1,Semi-Furnished,1,4,3,2,6,Wooden,0,0,1,0,0,Covered,0,Corporation + Borewell,2719.08,Hadapsar,411028,Standalone,5.67,1.67,1.99,2.61,16472.15,5990978.56,6238.6,Owner,12,3,1,3,3,0,0,1,0,0,0,0,0,0,0,0,0,0,0,0,0.3351535280830047,0.3191982303632413,0.0,0.42105263157894735,0.65,1.0,1.0,0.6000000000000001,0.6000000000000001,0.4,0.5555555555555556,0.0,0.0,1.0,0.0,0.0,0.0,0.22018807568922077,0.482142857143117,0.7597222222222222,0.12219451371571069,0.6462093862815884,0.796,0.045378145550549365,0.09999999999999999,1.0,0.0,0.0,1.0,0.0,0.0,0.0,0.0,0.0,0.0,0.0,0.0,0.0,0.0,0.0,0.0
1 BHK,582.28,669.44,1,12,16,1,Semi-Furnished,1,2,1,0,1,Vitrified,1,1,0,1,1,Covered,1,Corporation + Borewell,2581.56,Kharadi,411014,Society,3.84,0.95,2.24,2.09,18340.39,5515792.85,9472.71,Owner,13,2,1,1,1,0,0,0,0,0,1,0,0,0,0,0,0,0,0,0,0.15423637964700027,0.14467168581185974,0.047619047619047616,0.42105263157894735,0.8,1.0,1.0,0.2,0.2,0.0,0.0,1.0,1.0,0.0,1.0,1.0,1.0,0.20440954422165214,0.232142857143117,0.5055555555555555,0.06234413965087281,0.736462093862816,0.588,0.14526578350137195,0.10909090909090909,0.5,0.0,0.0,0.0,0.0,0.0,1.0,0.0,0.0,0.0,0.0,0.0,0.0,0.0,0.0,0.0
2 BHK,786.0,919.49,0,13,7,1,Unfurnished,0,2,2,1,4,Vitrified,1,1,1,0,0,Covered,0,Borewell,2339.32,Kharadi,411014,Society,3.57,2.03,2.06,1.94,25475.92,8309462.67,10571.9,Broker,13,2,0,2,2,0,0,0,0,0,1,0,0,0,0,0,0,0,0,0,0.2517324553007389,0.2417106488668116,0.0,0.4736842105263157,0.35000000000000003,1.0,0.0,0.2,0.4,0.2,0.3333333333333333,1.0,1.0,1.0,0.0,0.0,0.0,0.17661583085120547,0.232142857143117,0.46805555555555556,0.15211970074812964,0.6714801444043321,0.528,0.179214997584741,0.10909090909090909,0.5,0.0,0.0,0.0,0.0,0.0,1.0,0.0,0.0,0.0,0.0,0.0,0.0,0.0,0.0,0.0
2 BHK,595.63,665.05,7,12,8,1,Semi-Furnished,1,3,2,1,2,Vitrified,1,1,0,1,0,Covered,1,Municipal,800.0,Aundh,411007,Society,4.37,2.93,1.38,1.22,25297.68,4952440.12,8314.6,Broker,18,2,1,2,2,1,0,0,0,0,0,0,0,0,0,0,0,0,0,0,0.1606254067919905,0.14296802235330647,0.3333333333333333,0.42105263157894735,0.4,1.0,1.0,0.4000000000000001,0.4,0.2,0.1111111111111111,1.0,1.0,0.0,1.0,0.0,1.0,0.0,0.107142857143117,0.5791666666666667,0.22693266832917705,0.42599277978339345,0.24,0.10949678603770277,0.15454545454545454,0.5,1.0,0.0,0.0,0.0,0.0,0.0,0.0,0.0,0.0,0.0,0.0,0.0,0.0,0.0,0.0
2 BHK,762.17,913.68,1,13,5,1,Semi-Furnished,1,1,2,1,3,Ceramic,0,0,0,0,0,Covered,0,Tanker,3156.12,Hadapsar,411028,Standalone,4.99,2.69,2.68,2.07,24551.2,5404776.37,7091.26,Owner,24,3,1,2,2,0,0,1,0,0,0,0,0,0,0,0,0,0,0,0,0.24032792220222826,0.23945591431232538,0.047619047619047616,0.4736842105263157,0.25,1.0,1.0,0.0,0.4,0.2,0.2222222222222222,0.0,0.0,0.0,0.0,0.0,0.0,0.2703324139133787,0.482142857143117,0.6652777777777779,0.20698254364089771,0.8953068592057762,0.58,0.07171311664774407,0.20909090909090908,1.0,0.0,0.0,1.0,0.0,0.0,0.0,0.0,0.0,0.0,0.0,0.0,0.0,0.0,0.0,0.0
3 BHK,954.01,1174.52,8,13,11,1,Fully Furnished,1,3,3,1,5,Marble,0,0,0,0,0,Not Specified,0,Corporation + Borewell,2949.46,Hadapsar,411028,Society,5.15,2.72,1.99,2.66,20949.92,8508026.57,8918.18,Broker,8,3,2,3,3,0,0,1,0,0,0,0,0,0,0,0,0,0,0,0,0.33213848156514414,0.3406822415398945,0.38095238095238093,0.4736842105263157,0.55,1.0,1.0,0.4000000000000001,0.6000000000000001,0.2,0.4444444444444445,0.0,0.0,0.0,0.0,0.0,0.0,0.2466210169304836,0.482142857143117,0.6875000000000001,0.20947630922693267,0.6462093862815884,0.8160000000000001,0.1281387557030381,0.06363636363636363,1.0,0.0,0.0,1.0,0.0,0.0,0.0,0.0,0.0,0.0,0.0,0.0,0.0,0.0,0.0,0.0
1 BHK,412.88,502.33,1,10,12,1,Semi-Furnished,1,2,1,0,1,Marble,1,1,0,0,0,Covered,0,Borewell,800.0,Hinjewadi,411057,Society,6.39,0.2,2.29,2.79,10547.6,2994727.86,7253.28,Owner,10,3,1,1,1,0,0,0,1,0,0,0,0,0,0,0,0,0,0,0,0.07316512883341629,0.07981993169823037,0.047619047619047616,0.3157894736842105,0.6000000000000001,1.0,1.0,0.2,0.2,0.0,0.0,1.0,1.0,0.0,0.0,0.0,0.0,0.0,1.0,0.8597222222222222,0.0,0.7545126353790614,0.8680000000000001,0.07671721208691967,0.08181818181818182,1.0,0.0,0.0,0.0,1.0,0.0,0.0,0.0,0.0,0.0,0.0,0.0,0.0,0.0,0.0,0.0
1 BHK,427.55,521.96,4,7,9,1,Unfurnished,0,2,1,1,1,Granite,1,1,0,1,1,Stilt,1,Municipal,2661.19,Koregaon Park,411001,Society,2.37,5.32,1.44,1.4,16274.74,9089006.01,21258.11,Broker,22,1,0,1,1,0,0,0,0,0,0,1,0,0,0,0,0,0,0,0,0.08018588001072018,0.08743790748214844,0.19047619047619047,0.15789473684210525,0.45,1.0,0.0,0.2,0.2,0.2,0.0,1.0,1.0,0.0,1.0,1.0,1.0,0.21354599318007628,0.0,0.30138888888888893,0.42560266001662506,0.4476534296028881,0.31199999999999994,0.5092656994923632,0.1909090909090909,0.0,0.0,0.0,0.0,0.0,0.0,0.0,1.0,0.0,0.0,0.0,0.0,0.0,0.0,0.0,0.0
2 BHK,518.73,865.89,0,13,4,1,Unfurnished,0,3,3,1,4,Vitrified,1,0,0,0,0,Stilt,0,Corporation + Borewell,1986.23,Wakad,411057,Society,4.19,2.51,1.73,2.52,9591.83,3666794.3,7068.78,Broker,13,3,0,2,2,0,0,0,0,0,0,0,0,0,0,0,0,0,0,1,0.12382269612159731,0.22090965538652596,0.0,0.4736842105263157,0.2,1.0,0.0,0.4000000000000001,0.6000000000000001,0.2,0.3333333333333333,1.0,0.0,0.0,0.0,0.0,0.0,0.13610360225984552,1.0,0.5541666666666667,0.19201995012468823,0.5523465703971119,0.76,0.0710188068991163,0.10909090909090909,1.0,0.0,0.0,0.0,0.0,0.0,0.0,0.0,0.0,0.0,0.0,0.0,0.0,0.0,0.0,1.0
2 BHK,619.74,782.16,6,8,2,1,Semi-Furnished,1,3,2,2,4,Vitrified,0,0,0,1,1,Open,1,Municipal,2795.27,Baner,411045,Standalone,3.21,3.06,2.22,2.21,33694.42,16402943.76,26467.54,Owner,12,1,1,2,2,0,1,0,0,0,0,0,0,0,0,0,0,0,0,0,0.17216394195796164,0.18841586463831111,0.2857142857142857,0.21052631578947367,0.1,1.0,1.0,0.4000000000000001,0.4,0.4,0.3333333333333333,0.0,0.0,0.0,1.0,1.0,1.0,0.2289298318884213,0.7857142857146755,0.41805555555555557,0.23773898586866166,0.7292418772563178,0.636,0.6701624091807021,0.09999999999999999,0.0,0.0,1.0,0.0,0.0,0.0,0.0,0.0,0.0,0.0,0.0,0.0,0.0,0.0,0.0,0.0
1 RK,437.13,503.61,14,15,1,1,Fully Furnished,1,2,1,0,2,Vitrified,1,1,0,0,0,Not Specified,1,Municipal,1184.41,Viman Nagar,411014,Society,3.08,6.55,1.89,1.19,25745.81,8314669.14,19021.13,Broker,15,2,2,1,1,0,0,0,0,0,0,0,0,0,0,0,0,0,1,0,0.08477066503311766,0.08031667184104319,0.6666666666666666,0.5789473684210527,0.05,1.0,1.0,0.2,0.2,0.0,0.1111111111111111,1.0,1.0,0.0,0.0,0.0,1.0,0.04410576848057057,0.232142857143117,0.4,0.5278470490440564,0.6101083032490975,0.22799999999999998,0.4401750846576077,0.12727272727272726,0.5,0.0,0.0,0.0,0.0,0.0,0.0,0.0,0.0,0.0,0.0,0.0,0.0,0.0,1.0,0.0
1 RK,397.84,435.05,14,15,7,1,Unfurnished,0,1,2,0,1,Vitrified,1,1,0,1,0,Not Specified,1,Municipal,800.0,Hinjewadi,411057,Society,6.1,0.7,2.29,2.75,9883.52,2800000.0,7037.92,Owner,28,3,0,1,1,0,0,0,1,0,0,0,0,0,0,0,0,0,0,0,0.06596730349553963,0.05371002794163304,0.6666666666666666,0.5789473684210527,0.35000000000000003,1.0,0.0,0.0,0.4,0.0,0.0,1.0,1.0,0.0,1.0,0.0,1.0,0.0,1.0,0.8194444444444444,0.04156275976724853,0.7545126353790614,0.8520000000000001,0.0700656752780019,0.24545454545454543,1.0,0.0,0.0,0.0,1.0,0.0,0.0,0.0,0.0,0.0,0.0,0.0,0.0,0.0,0.0,0.0
2 BHK,606.59,747.64,10,12,6,1,Fully Furnished,1,3,1,2,4,Wooden,1,1,1,1,1,Covered,1,Borewell,2306.68,Kalyani Nagar,411006,Society,2.3,5.14,1.46,1.31,49976.83,16607548.66,27378.72,Owner,23,1,2,2,2,0,0,0,0,1,0,0,0,0,0,0,0,0,0,0,0.16587063057544316,0.17501940391182863,0.47619047619047616,0.42105263157894735,0.30000000000000004,1.0,1.0,0.4000000000000001,0.2,0.4,0.3333333333333333,1.0,1.0,1.0,1.0,1.0,1.0,0.17287083908926937,0.089285714286234,0.29166666666666663,0.41064006650041557,0.4548736462093863,0.276,0.6983048093922072,0.19999999999999998,0.0,0.0,0.0,0.0,0.0,1.0,0.0,0.0,0.0,0.0,0.0,0.0,0.0,0.0,0.0,0.0
1 RK,471.73,529.44,0,12,10,1,Unfurnished,1,2,1,0,1,Ceramic,1,0,0,1,0,Covered,0,Municipal,800.0,Nigdi,411044,Society,3.98,10.58,1.66,2.65,13096.26,3205712.56,6795.62,Owner,62,3,0,1,1,0,0,0,0,0,0,0,0,0,1,0,0,0,0,0,0.1013294919407328,0.0903407326917107,0.0,0.42105263157894735,0.5,1.0,1.0,0.2,0.2,0.0,0.0,1.0,0.0,0.0,1.0,0.0,0.0,0.0,0.7678571428577925,0.525,0.8628428927680797,0.5270758122743682,0.812,0.06258207865466986,0.5545454545454546,1.0,0.0,0.0,0.0,0.0,0.0,0.0,0.0,0.0,0.0,1.0,0.0,0.0,0.0,0.0,0.0
2 BHK,564.1,628.01,4,18,0,1,Semi-Furnished,1,2,2,1,3,Vitrified,1,0,0,0,0,Covered,1,Tanker,1364.95,Kothrud,411038,Society,1.41,7.23,1.38,1.7,26916.01,9495436.08,16833.01,Broker,27,2,1,2,2,0,0,0,0,0,0,0,1,0,0,0,0,0,0,0,0.14553581683831696,0.12859360447066132,0.19047619047619047,0.7368421052631579,0.0,1.0,1.0,0.2,0.4,0.2,0.2222222222222222,1.0,0.0,0.0,0.0,0.0,1.0,0.06482025416377915,0.6607142857146755,0.16805555555555554,0.5843724023275145,0.42599277978339345,0.43200000000000005,0.37259354341350837,0.23636363636363636,0.5,0.0,0.0,0.0,0.0,0.0,0.0,0.0,1.0,0.0,0.0,0.0,0.0,0.0,0.0,0.0
1 BHK,413.4,464.18,3,13,8,1,Unfurnished,0,1,1,0,1,Vitrified,1,1,0,1,1,Not Specified,1,Municipal,2028.38,Kharadi,411014,Society,4.88,1.99,1.38,2.07,18497.84,3747479.78,9065.02,Owner,55,2,0,1,1,0,0,0,0,0,1,0,0,0,0,0,0,0,0,0,0.07341398981584286,0.06501474697298978,0.14285714285714285,0.4736842105263157,0.4,1.0,0.0,0.0,0.2,0.0,0.0,1.0,1.0,0.0,1.0,1.0,1.0,0.1409397359230074,0.232142857143117,0.65,0.14879467996674978,0.42599277978339345,0.58,0.13267400674790011,0.4909090909090909,0.5,0.0,0.0,0.0,0.0,0.0,1.0,0.0,0.0,0.0,0.0,0.0,0.0,0.0,0.0,0.0
2 BHK,550.96,658.82,2,8,9,1,Unfurnished,0,2,3,0,3,Vitrified,1,1,0,1,0,Covered,0,Municipal,2639.07,Hinjewadi,411057,Society,6.58,0.88,2.54,3.07,14809.66,2800000.0,5082.02,Not Specified,7,3,0,2,2,0,0,0,1,0,0,0,0,0,0,0,0,0,0,0,0.13924729124392204,0.14055029493945986,0.09523809523809523,0.21052631578947367,0.45,1.0,0.0,0.2,0.6000000000000001,0.0,0.2222222222222222,1.0,1.0,0.0,1.0,0.0,0.0,0.21100802694925447,1.0,0.8861111111111112,0.05652535328345801,0.8447653429602888,0.98,0.009656403154291227,0.054545454545454536,1.0,0.0,0.0,0.0,1.0,0.0,0.0,0.0,0.0,0.0,0.0,0.0,0.0,0.0,0.0,0.0
2 BHK,541.31,623.75,12,13,5,1,Fully Furnished,1,3,3,1,4,Granite,1,1,0,0,0,Covered,1,Tanker,800.0,Wakad,411057,Society,4.38,3.01,1.97,2.2,11855.45,4658668.51,8606.29,Broker,24,3,2,2,2,0,0,0,0,0,0,0,0,0,0,0,0,0,0,1,0.1346290057046594,0.1269403911828625,0.5714285714285714,0.4736842105263157,0.25,1.0,1.0,0.4000000000000001,0.6000000000000001,0.2,0.3333333333333333,1.0,1.0,0.0,0.0,0.0,1.0,0.0,1.0,0.5805555555555556,0.2335827098919368,0.6389891696750902,0.6320000000000001,0.11850582565412757,0.20909090909090908,1.0,0.0,0.0,0.0,0.0,0.0,0.0,0.0,0.0,0.0,0.0,0.0,0.0,0.0,0.0,1.0
4 BHK,1410.5,1751.19,0,13,10,1,Semi-Furnished,1,4,4,3,6,Vitrified,1,1,0,1,0,Stilt,0,Corporation + Borewell,7206.88,Shivajinagar,411005,Society,1.25,7.64,1.08,1.46,59279.43,17163858.2,12168.61,Broker,5,2,1,4,4,0,0,0,0,0,0,0,0,0,0,0,0,1,0,0,0.5506049236188216,0.5644753182241542,0.0,0.4736842105263157,0.5,1.0,1.0,0.6000000000000001,0.8,0.6000000000000001,0.5555555555555556,1.0,1.0,0.0,1.0,0.0,0.0,0.7351014957019795,0.071428571429351,0.14583333333333331,0.6184538653366582,0.3176895306859206,0.33599999999999997,0.22853044770624523,0.03636363636363636,0.5,0.0,0.0,0.0,0.0,0.0,0.0,0.0,0.0,0.0,0.0,0.0,0.0,1.0,0.0,0.0
2 BHK,627.99,754.55,0,15,17,1,Fully Furnished,1,3,2,1,3,Granite,1,1,1,0,0,Not Specified,1,Borewell,1643.87,Hinjewadi,411057,Society,6.17,0.46,2.64,2.56,16200.48,4305598.65,6856.21,Owner,32,3,2,2,2,0,0,0,1,0,0,0,0,0,0,0,0,0,0,0,0.17611221715992187,0.17770102452654457,0.0,0.5789473684210527,0.8500000000000001,1.0,1.0,0.4000000000000001,0.4,0.2,0.2222222222222222,1.0,1.0,1.0,0.0,0.0,1.0,0.0968224938157152,1.0,0.8291666666666667,0.021612635078969242,0.8808664259927799,0.776,0.06445344109547749,0.2818181818181818,1.0,0.0,0.0,0.0,1.0,0.0,0.0,0.0,0.0,0.0,0.0,0.0,0.0,0.0,0.0,0.0
2 BHK,638.24,727.31,1,7,8,1,Fully Furnished,1,2,2,2,2,Granite,1,1,0,1,0,Open,1,Municipal,3268.76,Baner,411045,Society,2.97,3.3,2.17,2.57,49824.72,14986169.88,23480.46,Owner,50,1,2,2,2,0,1,0,0,0,0,0,0,0,0,0,0,0,0,0,0.1810176499865998,0.16712977336230983,0.047619047619047616,0.15789473684210525,0.4,1.0,1.0,0.2,0.4,0.4,0.1111111111111111,1.0,1.0,0.0,1.0,0.0,1.0,0.2832563070526089,0.7857142857146755,0.38472222222222224,0.25768911055694094,0.7111913357400722,0.78,0.5779044570485411,0.44545454545454544,0.0,0.0,1.0,0.0,0.0,0.0,0.0,0.0,0.0,0.0,0.0,0.0,0.0,0.0,0.0,0.0
2 BHK,388.4,424.95,12,14,8,1,Unfurnished,1,3,2,1,3,Ceramic,1,0,0,1,0,Bike,0,Municipal,948.69,Hinjewadi,411057,Society,6.22,0.99,2.19,2.7,7500.0,4318716.8,11119.31,Broker,19,3,0,2,2,0,0,0,1,0,0,0,0,0,0,0,0,0,0,0,0.06144951950687237,0.049790437752250866,0.5714285714285714,0.5263157894736842,0.4,1.0,1.0,0.4000000000000001,0.4,0.2,0.2222222222222222,1.0,0.0,0.0,1.0,0.0,0.0,0.017060135572373347,1.0,0.8361111111111111,0.0656691604322527,0.7184115523465704,0.8320000000000001,0.19612211944845617,0.16363636363636364,1.0,0.0,0.0,0.0,1.0,0.0,0.0,0.0,0.0,0.0,0.0,0.0,0.0,0.0,0.0,0.0
3 BHK,1058.55,1274.62,14,16,10,1,Semi-Furnished,1,3,3,2,5,Granite,1,1,0,0,0,Open,1,Municipal,4128.25,Shivajinagar,411005,Society,0.79,6.75,1.09,1.33,32256.61,10729597.98,10136.08,Builder,17,2,1,3,3,0,0,0,0,0,0,0,0,0,0,0,0,1,0,0,0.3821691106091351,0.379528873020801,0.6666666666666666,0.631578947368421,0.5,1.0,1.0,0.4000000000000001,0.6000000000000001,0.4,0.4444444444444445,1.0,1.0,0.0,0.0,0.0,1.0,0.3818709813622408,0.071428571429351,0.08194444444444446,0.5444721529509559,0.3212996389891697,0.28400000000000003,0.16575440707553526,0.14545454545454545,0.5,0.0,0.0,0.0,0.0,0.0,0.0,0.0,0.0,0.0,0.0,0.0,0.0,1.0,0.0,0.0
1 BHK,450.3,554.93,9,16,12,1,Fully Furnished,1,1,1,0,1,Granite,0,0,0,0,0,Open,0,Corporation + Borewell,1441.29,Hadapsar,411028,Standalone,6.28,0.38,2.2,2.34,13065.69,3713216.66,8246.03,Not Specified,19,3,2,1,1,0,0,1,0,0,0,0,0,0,0,0,0,0,0,0,0.09107354799188332,0.10023284694194351,0.42857142857142855,0.631578947368421,0.6000000000000001,1.0,1.0,0.0,0.2,0.0,0.0,0.0,0.0,0.0,0.0,0.0,0.0,0.07357922080306209,0.482142857143117,0.8444444444444446,0.014962593516209478,0.7220216606498195,0.688,0.10737895599039829,0.16363636363636364,1.0,0.0,0.0,1.0,0.0,0.0,0.0,0.0,0.0,0.0,0.0,0.0,0.0,0.0,0.0,0.0
2 BHK,516.83,655.93,12,15,16,1,Fully Furnished,1,3,1,2,3,Vitrified,0,1,0,1,1,Covered,1,Municipal,2600.51,Koregaon Park,411001,Standalone,1.14,5.6,1.05,1.23,28289.64,11636584.19,22515.16,Broker,59,1,2,2,2,0,0,0,0,0,0,1,0,0,0,0,0,0,0,0,0.12291339637811556,0.13942874883576528,0.5714285714285714,0.5789473684210527,0.8,1.0,1.0,0.4000000000000001,0.2,0.4,0.2222222222222222,0.0,1.0,0.0,1.0,1.0,1.0,0.2065837964853987,0.0,0.13055555555555554,0.4488778054862842,0.3068592057761733,0.244,0.5480905246486139,0.5272727272727273,0.0,0.0,0.0,0.0,0.0,0.0,0.0,1.0,0.0,0.0,0.0,0.0,0.0,0.0,0.0,0.0
4 BHK,1504.68,1725.54,7,16,18,1,Unfurnished,1,5,3,2,7,Granite,1,0,0,0,0,Open,1,Municipal,3768.87,Pimple Saudagar,411027,Society,4.31,4.78,1.78,1.88,23606.08,9223547.63,6129.93,Broker,78,3,0,4,4,0,0,0,0,0,0,0,0,0,0,1,0,0,0,0,0.5956774761667752,0.5545211114560695,0.3333333333333333,0.631578947368421,0.9,1.0,1.0,0.8,0.6000000000000001,0.4,0.6666666666666665,1.0,0.0,0.0,0.0,0.0,1.0,0.3406370616500911,0.464285714286234,0.5708333333333333,0.38071487946799665,0.5703971119133574,0.504,0.04202180033776565,0.7000000000000001,1.0,0.0,0.0,0.0,0.0,0.0,0.0,0.0,0.0,0.0,0.0,1.0,0.0,0.0,0.0,0.0
2 BHK,630.71,706.88,2,12,8,1,Semi-Furnished,1,2,2,0,2,Vitrified,1,1,1,1,0,Stilt,1,Municipal,3351.97,Kothrud,411038,Society,1.72,6.42,0.99,1.95,26102.01,5443176.53,8630.19,Owner,56,2,1,2,2,0,0,0,0,0,0,0,1,0,0,0,0,0,0,0,0.17741395152953787,0.15920133498913386,0.09523809523809523,0.42105263157894735,0.4,1.0,1.0,0.2,0.4,0.0,0.1111111111111111,1.0,1.0,1.0,1.0,0.0,1.0,0.29280351184766695,0.6607142857146755,0.2111111111111111,0.5170407315045719,0.2851985559566787,0.532,0.11924399304701913,0.49999999999999994,0.5,0.0,0.0,0.0,0.0,0.0,0.0,0.0,1.0,0.0,0.0,0.0,0.0,0.0,0.0,0.0
1 BHK,400.52,499.15,6,13,9,1,Semi-Furnished,1,1,1,1,1,Vitrified,1,1,0,1,1,Open,1,Corporation + Borewell,2260.01,Koregaon Park,411001,Society,2.9,6.13,1.36,1.13,26184.27,5316076.06,13273.02,Builder,24,1,1,1,1,0,0,0,0,0,0,1,0,0,0,0,0,0,0,0,0.06724989471266128,0.07858584290592985,0.2857142857142857,0.4736842105263157,0.45,1.0,1.0,0.0,0.2,0.2,0.0,1.0,1.0,0.0,1.0,1.0,1.0,0.16751609749829044,0.0,0.375,0.4929343308395677,0.4187725631768954,0.20399999999999996,0.2626408849607814,0.20909090909090908,0.0,0.0,0.0,0.0,0.0,0.0,0.0,1.0,0.0,0.0,0.0,0.0,0.0,0.0,0.0,0.0
3 BHK,928.89,1115.5,9,12,6,1,Semi-Furnished,1,3,4,1,4,Vitrified,1,1,0,1,1,Covered,1,Corporation + Borewell,3044.6,Kothrud,411038,Society,1.65,7.51,0.68,1.65,27940.85,10165808.42,10944.05,Broker,29,2,1,3,3,0,0,0,0,0,0,0,1,0,0,0,0,0,0,0,0.3201165817986906,0.31777786401738595,0.42857142857142855,0.42105263157894735,0.30000000000000004,1.0,1.0,0.4000000000000001,0.8,0.2,0.3333333333333333,1.0,1.0,0.0,1.0,1.0,1.0,0.25753702539343065,0.6607142857146755,0.20138888888888887,0.6076475477971737,0.1732851985559567,0.41200000000000003,0.19070909780501757,0.2545454545454545,0.5,0.0,0.0,0.0,0.0,0.0,0.0,0.0,1.0,0.0,0.0,0.0,0.0,0.0,0.0,0.0
1 RK,494.83,615.09,3,13,15,1,Unfurnished,1,2,1,0,2,Ceramic,1,1,1,0,0,Bike,0,Municipal,2695.83,Aundh,411007,Society,2.9,3.9,1.91,1.84,10242.08,3774944.77,7628.81,Owner,19,2,0,1,1,1,0,0,0,0,0,0,0,0,0,0,0,0,0,0,0.11238466250622152,0.1235796336541447,0.14285714285714285,0.4736842105263157,0.75,1.0,1.0,0.2,0.2,0.0,0.1111111111111111,1.0,1.0,1.0,0.0,0.0,0.0,0.21752045747644466,0.107142857143117,0.375,0.3075644222776392,0.6173285198555957,0.4880000000000001,0.08831570585481022,0.16363636363636364,0.5,1.0,0.0,0.0,0.0,0.0,0.0,0.0,0.0,0.0,0.0,0.0,0.0,0.0,0.0,0.0
2 BHK,548.71,611.35,0,13,7,1,Semi-Furnished,1,3,3,1,3,Ceramic,1,1,0,0,0,Not Specified,0,Corporation + Borewell,2010.95,Hinjewadi,411057,Society,4.73,0.43,1.9,2.9,9136.12,4439698.44,8091.17,Broker,17,3,1,2,2,0,0,0,1,0,0,0,0,0,0,0,0,0,0,0,0.13817048891611472,0.12212822104936358,0.0,0.4736842105263157,0.35000000000000003,1.0,1.0,0.4000000000000001,0.6000000000000001,0.2,0.2222222222222222,1.0,1.0,0.0,0.0,0.0,0.0,0.13893988278542943,1.0,0.6291666666666668,0.019118869492934325,0.6137184115523465,0.9119999999999999,0.1025960019124404,0.14545454545454545,1.0,0.0,0.0,0.0,1.0,0.0,0.0,0.0,0.0,0.0,0.0,0.0,0.0,0.0,0.0,0.0
1 BHK,395.88,504.68,18,18,14,1,Fully Furnished,0,2,0,0,1,Vitrified,0,0,1,0,0,Stilt,1,Corporation + Borewell,1327.58,Kothrud,411038,Standalone,2.24,6.59,1.13,1.86,19774.78,6359674.23,16064.64,Owner,6,2,2,1,1,0,0,0,0,0,0,0,1,0,0,0,0,0,0,0,0.06502928902331635,0.08073191555417575,0.8571428571428571,0.7368421052631579,0.7000000000000001,1.0,0.0,0.2,0.0,0.0,0.0,0.0,0.0,1.0,0.0,0.0,1.0,0.06053255985791059,0.6607142857146755,0.2833333333333334,0.5311720698254363,0.335740072202166,0.4960000000000001,0.34886192501701796,0.045454545454545456,0.5,0.0,0.0,0.0,0.0,0.0,0.0,0.0,1.0,0.0,0.0,0.0,0.0,0.0,0.0,0.0
1 BHK,306.31,381.01,7,12,11,1,Semi-Furnished,1,1,1,1,2,Marble,1,1,1,1,1,Covered,0,Tanker,1113.36,Baner,411045,Society,2.58,3.58,1.79,2.04,16978.26,3317092.21,10829.33,Broker,19,1,1,1,1,0,1,0,0,0,0,0,0,0,0,0,0,0,0,0,0.02216298480033692,0.03273828003725551,0.3333333333333333,0.42105263157894735,0.55,1.0,1.0,0.0,0.2,0.2,0.1111111111111111,1.0,1.0,1.0,1.0,1.0,0.0,0.03595375669486117,0.7857142857146755,0.33055555555555555,0.28096425602660013,0.5740072202166066,0.5680000000000001,0.1871658943191379,0.16363636363636364,0.0,0.0,1.0,0.0,0.0,0.0,0.0,0.0,0.0,0.0,0.0,0.0,0.0,0.0,0.0,0.0
4 BHK,1171.45,1313.63,13,14,3,1,Unfurnished,0,4,5,2,7,Granite,1,1,1,1,0,Not Specified,0,Municipal,2763.82,Nigdi,411044,Society,3.93,10.5,2.13,2.35,32272.81,7378729.34,6298.79,Owner,75,3,0,4,4,0,0,0,0,0,0,0,0,0,1,0,0,0,0,0,0.43620065852444584,0.3946678050294941,0.6190476190476191,0.5263157894736842,0.15000000000000002,1.0,0.0,0.6000000000000001,1.0,0.4,0.6666666666666665,1.0,1.0,1.0,1.0,0.0,0.0,0.22532137628447252,0.7678571428577925,0.5180555555555556,0.85619285120532,0.6967509025270758,0.6920000000000001,0.04723715372536716,0.6727272727272727,1.0,0.0,0.0,0.0,0.0,0.0,0.0,0.0,0.0,0.0,1.0,0.0,0.0,0.0,0.0,0.0
5 BHK,1610.81,1953.21,11,15,7,1,Unfurnished,1,5,5,4,9,Vitrified,1,1,0,0,0,Bike,0,Municipal,5779.01,Hadapsar,411028,Society,5.65,3.23,2.59,2.15,25818.66,13247293.61,8224.01,Broker,8,3,0,5,5,0,0,1,0,0,0,0,0,0,0,0,0,0,0,0,0.6464690455224167,0.6428748835765292,0.5238095238095237,0.5789473684210527,0.35000000000000003,1.0,1.0,0.8,1.0,0.8,0.8888888888888888,1.0,1.0,0.0,0.0,0.0,0.0,0.571273021832017,0.482142857143117,0.7569444444444445,0.25187032418952615,0.8628158844765342,0.612,0.10669885364765883,0.06363636363636363,1.0,0.0,0.0,1.0,0.0,0.0,0.0,0.0,0.0,0.0,0.0,0.0,0.0,0.0,0.0,0.0
2 BHK,834.59,1022.27,3,12,8,1,Semi-Furnished,1,2,3,1,3,Vitrified,0,0,0,1,1,Covered,1,Corporation + Borewell,2173.35,Viman Nagar,411014,Standalone,2.75,6.47,1.82,1.58,38552.78,10878539.7,13034.58,Broker,60,2,1,2,2,0,0,0,0,0,0,0,0,0,0,0,0,0,1,0,0.27498659979325396,0.28159733002173243,0.14285714285714285,0.42105263157894735,0.4,1.0,1.0,0.2,0.6000000000000001,0.2,0.2222222222222222,0.0,0.0,0.0,1.0,1.0,1.0,0.15757305258133653,0.232142857143117,0.3541666666666667,0.5211970074812967,0.5848375451263538,0.3840000000000001,0.2552765070042511,0.5363636363636364,0.5,0.0,0.0,0.0,0.0,0.0,0.0,0.0,0.0,0.0,0.0,0.0,0.0,0.0,1.0,0.0
4 BHK,1496.59,1790.66,0,17,8,1,Fully Furnished,1,4,4,3,6,Vitrified,1,1,0,0,0,Covered,1,Municipal,3912.37,Nigdi,411044,Society,3.64,10.68,1.73,2.41,57260.55,11773365.37,7866.82,Owner,22,3,2,4,4,0,0,0,0,0,0,0,0,0,1,0,0,0,0,0,0.5918057735747924,0.5797927662216704,0.0,0.6842105263157894,0.4,1.0,1.0,0.6000000000000001,0.8,0.6000000000000001,0.5555555555555556,1.0,1.0,0.0,0.0,0.0,1.0,0.35710171599561247,0.7678571428577925,0.47777777777777786,0.8711554447215294,0.5523465703971119,0.7160000000000001,0.09566680297540142,0.1909090909090909,1.0,0.0,0.0,0.0,0.0,0.0,0.0,0.0,0.0,0.0,1.0,0.0,0.0,0.0,0.0,0.0
2 BHK,594.36,751.95,2,21,11,1,Semi-Furnished,1,2,2,1,2,Vitrified,1,1,0,0,1,Covered,1,Corporation + Borewell,1682.12,Wakad,411057,Society,4.64,1.37,1.49,2.9,11942.15,6581762.26,11073.65,Owner,39,3,1,2,2,0,0,0,0,0,0,0,0,0,0,0,0,0,0,1,0.16001761170029483,0.1766920211114561,0.09523809523809523,0.894736842105263,0.55,1.0,1.0,0.2,0.4,0.2,0.1111111111111111,1.0,1.0,0.0,0.0,1.0,1.0,0.10121115603673395,1.0,0.6166666666666666,0.09725685785536159,0.46570397111913353,0.9119999999999999,0.19471187998571846,0.34545454545454546,1.0,0.0,0.0,0.0,0.0,0.0,0.0,0.0,0.0,0.0,0.0,0.0,0.0,0.0,0.0,1.0
1 BHK,402.11,453.53,11,15,8,1,Semi-Furnished,1,2,0,0,2,Wooden,1,1,0,0,0,Open,1,Corporation + Borewell,2092.91,Hinjewadi,411057,Society,5.07,1.52,2.36,2.83,7500.0,5345480.78,13293.47,Builder,19,3,1,1,1,0,0,0,1,0,0,0,0,0,0,0,0,0,0,0,0.06801083502431181,0.06088171375349272,0.5238095238095237,0.5789473684210527,0.4,1.0,1.0,0.2,0.0,0.0,0.1111111111111111,1.0,1.0,0.0,0.0,0.0,1.0,0.14834366724646725,1.0,0.6763888888888889,0.10972568578553615,0.779783393501805,0.8840000000000001,0.2632724968095108,0.16363636363636364,1.0,0.0,0.0,0.0,1.0,0.0,0.0,0.0,0.0,0.0,0.0,0.0,0.0,0.0,0.0,0.0
1 BHK,328.55,364.93,0,14,7,1,Semi-Furnished,1,1,0,0,2,Wooden,1,1,0,1,0,Not Specified,1,Borewell,800.0,Aundh,411007,Society,3.74,3.35,1.11,1.33,9710.12,4291154.38,13060.95,Builder,31,2,1,1,1,1,0,0,0,0,0,0,0,0,0,0,0,0,0,0,0.03280657758719706,0.026497981993169828,0.0,0.5263157894736842,0.35000000000000003,1.0,1.0,0.0,0.0,0.0,0.1111111111111111,1.0,1.0,0.0,1.0,0.0,1.0,0.0,0.107142857143117,0.4916666666666667,0.2618453865336658,0.32851985559566793,0.28400000000000003,0.2560909619896299,0.2727272727272727,0.5,1.0,0.0,0.0,0.0,0.0,0.0,0.0,0.0,0.0,0.0,0.0,0.0,0.0,0.0,0.0
1 BHK,426.32,491.1,4,13,20,1,Semi-Furnished,0,1,1,0,1,Vitrified,1,1,1,0,0,Covered,1,Borewell,2198.64,Hadapsar,411028,Society,5.56,2.71,2.1,2.48,7500.0,2800000.0,6567.9,Owner,32,3,1,1,1,0,0,1,0,0,0,0,0,0,0,0,0,0,0,0,0.07959722807151882,0.07546181310152131,0.19047619047619047,0.4736842105263157,1.0,1.0,0.0,0.0,0.2,0.0,0.0,1.0,1.0,1.0,0.0,0.0,1.0,0.16047473277923363,0.482142857143117,0.7444444444444445,0.20864505403158767,0.6859205776173286,0.744,0.05554879502666668,0.2818181818181818,1.0,0.0,0.0,1.0,0.0,0.0,0.0,0.0,0.0,0.0,0.0,0.0,0.0,0.0,0.0,0.0
4 BHK,1478.59,1838.34,3,14,10,1,Semi-Furnished,1,4,5,2,7,Marble,1,1,0,1,0,Covered,0,Municipal,4026.04,Wakad,411057,Society,5.18,2.17,1.72,2.33,36492.12,9433126.57,6379.83,Broker,20,3,1,4,4,0,0,0,0,0,0,0,0,0,0,0,0,0,0,1,0.5831913549523335,0.5982963365414469,0.14285714285714285,0.5263157894736842,0.5,1.0,1.0,0.6000000000000001,1.0,0.4,0.6666666666666665,1.0,1.0,0.0,1.0,0.0,0.0,0.3701437874900753,1.0,0.6916666666666667,0.16375727348295924,0.5487364620938628,0.684,0.04974012801490421,0.17272727272727273,1.0,0.0,0.0,0.0,0.0,0.0,0.0,0.0,0.0,0.0,0.0,0.0,0.0,0.0,0.0,1.0
2 BHK,595.73,673.25,7,14,7,1,Fully Furnished,1,2,1,1,4,Vitrified,0,1,0,0,0,Covered,1,Municipal,2772.81,Nigdi,411044,Society,3.56,9.92,1.74,2.06,21336.99,4835590.68,8117.12,Broker,11,3,2,2,2,0,0,0,0,0,0,0,0,0,1,0,0,0,0,0,0.1606732646732264,0.1461502638932009,0.3333333333333333,0.5263157894736842,0.35000000000000003,1.0,1.0,0.2,0.2,0.2,0.3333333333333333,0.0,1.0,0.0,0.0,0.0,1.0,0.22635285532674593,0.7678571428577925,0.4666666666666667,0.8079800498753116,0.555956678700361,0.5760000000000001,0.10339748491852982,0.0909090909090909,1.0,0.0,0.0,0.0,0.0,0.0,0.0,0.0,0.0,0.0,1.0,0.0,0.0,0.0,0.0,0.0
4 BHK,1223.34,1363.58,5,9,13,1,Unfurnished,0,5,3,2,5,Marble,1,0,1,1,1,Covered,1,Municipal,4764.12,Kothrud,411038,Society,2.23,8.01,1.24,1.52,30008.08,10767974.35,8802.09,Owner,41,2,0,4,4,0,0,0,0,0,0,0,1,0,0,0,0,0,0,0,0.46103411309774495,0.41405231294629,0.23809523809523808,0.2631578947368421,0.65,1.0,0.0,0.8,0.6000000000000001,0.4,0.4444444444444445,1.0,0.0,1.0,1.0,1.0,1.0,0.45482833159699115,0.6607142857146755,0.28194444444444444,0.6492103075644222,0.37545126353790614,0.3600000000000001,0.12455323885614325,0.3636363636363636,0.5,0.0,0.0,0.0,0.0,0.0,0.0,0.0,1.0,0.0,0.0,0.0,0.0,0.0,0.0,0.0
1 BHK,421.39,508.53,5,9,5,1,Unfurnished,0,2,3,0,2,Ceramic,1,1,0,0,0,Stilt,1,Municipal,1458.77,Magarpatta,411013,Society,4.54,1.6,1.93,2.32,7500.0,3116909.78,7396.67,Broker,16,3,0,1,1,0,0,0,0,0,0,0,0,1,0,0,0,0,0,0,0.07723783452658985,0.08222601676497984,0.23809523809523808,0.2631578947368421,0.25,1.0,0.0,0.2,0.6000000000000001,0.0,0.1111111111111111,1.0,1.0,0.0,0.0,0.0,1.0,0.07558481075400086,0.214285714286234,0.6027777777777777,0.1163757273482959,0.6245487364620939,0.6799999999999999,0.08114590758761955,0.13636363636363635,1.0,0.0,0.0,0.0,0.0,0.0,0.0,0.0,0.0,1.0,0.0,0.0,0.0,0.0,0.0,0.0
2 BHK,547.88,696.5,7,14,7,1,Fully Furnished,1,3,2,1,2,Ceramic,1,1,1,0,0,Not Specified,1,Tanker,1403.06,Kharadi,411014,Society,3.96,0.97,2.08,2.16,23978.14,7739709.3,14126.65,Owner,4,2,2,2,2,0,0,0,0,0,1,0,0,0,0,0,0,0,0,0,0.1377732685018569,0.1551730828935114,0.3333333333333333,0.5263157894736842,0.35000000000000003,1.0,1.0,0.4000000000000001,0.4,0.2,0.1111111111111111,1.0,1.0,1.0,0.0,0.0,1.0,0.06919285330738764,0.232142857143117,0.5222222222222223,0.06400665004156275,0.6787003610108304,0.6160000000000001,0.2890058151530014,0.02727272727272727,0.5,0.0,0.0,0.0,0.0,0.0,1.0,0.0,0.0,0.0,0.0,0.0,0.0,0.0,0.0,0.0
5 BHK,1617.83,1881.15,3,5,5,1,Semi-Furnished,1,5,5,4,6,Wooden,1,1,1,1,1,Covered,0,Corporation + Borewell,6736.79,Aundh,411007,Society,4.37,3.39,1.86,1.6,69987.72,14738086.65,9109.76,Broker,30,2,1,5,5,1,0,0,0,0,0,0,0,0,0,0,0,0,0,0,0.6498286687851755,0.6149099658491153,0.14285714285714285,0.05263157894736842,0.25,1.0,1.0,0.8,1.0,0.8,0.5555555555555556,1.0,1.0,1.0,1.0,1.0,0.0,0.6811651238463268,0.107142857143117,0.5791666666666667,0.2651704073150457,0.5992779783393503,0.3920000000000001,0.1340558313988612,0.2636363636363636,0.5,1.0,0.0,0.0,0.0,0.0,0.0,0.0,0.0,0.0,0.0,0.0,0.0,0.0,0.0,0.0
4 BHK,1354.94,1486.72,4,15,14,1,Unfurnished,1,4,4,2,5,Vitrified,1,1,0,1,1,Covered,0,Municipal,2452.04,Shivajinagar,411005,Society,0.95,7.49,1.16,1.73,49790.71,16064752.95,11856.45,Owner,18,2,0,4,4,0,0,0,0,0,0,0,0,0,0,0,0,1,0,0,0.5240150848041657,0.4618402669978268,0.19047619047619047,0.5789473684210527,0.7000000000000001,1.0,1.0,0.6000000000000001,0.8,0.4,0.4444444444444445,1.0,1.0,0.0,1.0,1.0,0.0,0.18954890289181286,0.071428571429351,0.10416666666666667,0.6059850374064837,0.34657039711191334,0.44400000000000006,0.21888917852779158,0.15454545454545454,0.5,0.0,0.0,0.0,0.0,0.0,0.0,0.0,0.0,0.0,0.0,0.0,0.0,1.0,0.0,0.0
2 BHK,653.29,819.92,10,15,0,1,Unfurnished,0,2,2,1,4,Vitrified,1,1,0,1,0,Open,1,Tanker,3429.2,Kharadi,411014,Society,4.65,0.8,1.99,2.11,30781.41,5234709.5,8012.89,Broker,48,2,0,2,2,0,0,0,0,0,1,0,0,0,0,0,0,0,0,0,0.18822026111259998,0.20306969885128845,0.47619047619047616,0.5789473684210527,0.0,1.0,0.0,0.2,0.4,0.2,0.3333333333333333,1.0,1.0,0.0,1.0,0.0,1.0,0.3016645937647723,0.232142857143117,0.6180555555555556,0.04987531172069824,0.6462093862815884,0.596,0.1001782720582331,0.42727272727272725,0.5,0.0,0.0,0.0,0.0,0.0,1.0,0.0,0.0,0.0,0.0,0.0,0.0,0.0,0.0,0.0
2 BHK,548.85,678.39,15,17,9,1,Fully Furnished,1,2,1,1,3,Granite,1,1,0,1,0,Stilt,0,Tanker,2335.9,Wakad,411057,Society,4.98,2.64,1.95,2.3,23902.82,5071259.5,9239.8,Owner,22,3,2,2,2,0,0,0,0,0,0,0,0,0,0,0,0,0,0,1,0.13823748994984497,0.14814498602918352,0.7142857142857142,0.6842105263157894,0.45,1.0,1.0,0.2,0.2,0.2,0.2222222222222222,1.0,1.0,0.0,1.0,0.0,0.0,0.1762234328173261,1.0,0.663888888888889,0.2028262676641729,0.631768953068592,0.6719999999999999,0.1380722032721509,0.1909090909090909,1.0,0.0,0.0,0.0,0.0,0.0,0.0,0.0,0.0,0.0,0.0,0.0,0.0,0.0,0.0,1.0
3 BHK,1150.08,1395.79,4,11,12,1,Semi-Furnished,1,3,3,1,5,Vitrified,1,1,0,1,0,Covered,1,Corporation + Borewell,4703.19,Kharadi,411014,Society,4.12,2.36,1.59,2.02,34638.71,11969777.55,10407.77,Broker,24,2,1,3,3,0,0,0,0,0,1,0,0,0,0,0,0,0,0,0,0.42597342930433785,0.42655231294629,0.19047619047619047,0.368421052631579,0.6000000000000001,1.0,1.0,0.4000000000000001,0.6000000000000001,0.2,0.4444444444444445,1.0,1.0,0.0,1.0,0.0,1.0,0.44783745083550947,0.232142857143117,0.5444444444444445,0.1795511221945137,0.5018050541516246,0.56,0.1741457333924691,0.20909090909090908,0.5,0.0,0.0,0.0,0.0,0.0,1.0,0.0,0.0,0.0,0.0,0.0,0.0,0.0,0.0,0.0
1 BHK,451.04,505.04,2,16,6,1,Semi-Furnished,0,2,0,0,1,Vitrified,0,1,0,1,0,Covered,0,Municipal,1889.56,Kharadi,411014,Society,5.15,2.28,2.27,1.82,15131.93,3580062.96,7937.44,Owner,48,2,1,1,1,0,0,0,0,0,1,0,0,0,0,0,0,0,0,0,0.09142769631302884,0.08087162371934184,0.09523809523809523,0.631578947368421,0.30000000000000004,1.0,0.0,0.2,0.0,0.0,0.0,0.0,1.0,0.0,1.0,0.0,0.0,0.1250120473080577,0.232142857143117,0.6875000000000001,0.1729010806317539,0.7472924187725632,0.4800000000000001,0.09784794863590374,0.42727272727272725,0.5,0.0,0.0,0.0,0.0,0.0,1.0,0.0,0.0,0.0,0.0,0.0,0.0,0.0,0.0,0.0
1 BHK,517.7,827.62,14,15,9,1,Semi-Furnished,1,1,1,0,1,Granite,1,1,0,0,0,Stilt,1,Municipal,800.0,Nigdi,411044,Society,2.78,10.04,1.65,2.72,12797.18,3633023.33,7017.65,Owner,40,3,1,1,1,0,0,0,0,0,0,0,0,0,1,0,0,0,0,0,0.12332975994486774,0.20605790127289664,0.6666666666666666,0.5789473684210527,0.45,1.0,1.0,0.0,0.2,0.0,0.0,1.0,1.0,0.0,0.0,0.0,1.0,0.0,0.7678571428577925,0.35833333333333334,0.8179551122194512,0.5234657039711191,0.8400000000000001,0.06943962284896787,0.35454545454545455,1.0,0.0,0.0,0.0,0.0,0.0,0.0,0.0,0.0,0.0,1.0,0.0,0.0,0.0,0.0,0.0
2 BHK,741.7,802.24,2,10,6,1,Unfurnished,1,3,2,2,2,Vitrified,1,1,0,1,1,Covered,0,Borewell,4397.22,Baner,411045,Society,2.42,3.07,1.75,1.94,36142.06,18233902.84,24583.77,Broker,14,1,0,2,2,0,1,0,0,0,0,0,0,0,0,0,0,0,0,0,0.23053141391324328,0.19620847562868676,0.09523809523809523,0.3157894736842105,0.30000000000000004,1.0,1.0,0.4000000000000001,0.4,0.4,0.1111111111111111,1.0,1.0,0.0,1.0,1.0,0.0,0.4127315951553759,0.7857142857146755,0.30833333333333335,0.2385702410640066,0.5595667870036102,0.528,0.6119809200716053,0.11818181818181817,0.0,0.0,1.0,0.0,0.0,0.0,0.0,0.0,0.0,0.0,0.0,0.0,0.0,0.0,0.0,0.0
2 BHK,724.81,834.61,0,9,1,1,Semi-Furnished,1,3,1,2,4,Wooden,0,1,1,1,1,Covered,1,Borewell,3001.54,Baner,411045,Standalone,3.17,2.58,1.5,2.43,57825.59,21881907.36,30189.69,Broker,11,1,1,2,2,0,1,0,0,0,0,0,0,0,0,0,0,0,0,0,0.22244821777250273,0.20877056814653838,0.0,0.2631578947368421,0.05,1.0,1.0,0.4000000000000001,0.2,0.4,0.3333333333333333,0.0,1.0,1.0,1.0,1.0,1.0,0.2525964817271021,0.7857142857146755,0.4125,0.19783873649210307,0.4693140794223827,0.7240000000000001,0.7851234870657012,0.0909090909090909,0.0,0.0,1.0,0.0,0.0,0.0,0.0,0.0,0.0,0.0,0.0,0.0,0.0,0.0,0.0,0.0
1 BHK,388.74,429.14,0,6,9,1,Fully Furnished,1,1,1,1,2,Vitrified,1,0,1,1,0,Open,1,Municipal,1370.76,Kalyani Nagar,411006,Society,1.3,4.14,1.08,1.05,28369.4,9427653.17,24251.83,Broker,43,1,2,1,1,0,0,0,0,1,0,0,0,0,0,0,0,0,0,0,0.0616122363030744,0.0514164855634896,0.0,0.10526315789473684,0.45,1.0,1.0,0.0,0.2,0.2,0.1111111111111111,1.0,0.0,1.0,1.0,0.0,1.0,0.06548687187630514,0.089285714286234,0.1527777777777778,0.3275145469659185,0.3176895306859206,0.17200000000000004,0.6017287324399553,0.3818181818181818,0.0,0.0,0.0,0.0,0.0,1.0,0.0,0.0,0.0,0.0,0.0,0.0,0.0,0.0,0.0,0.0
3 BHK,1009.03,1125.19,9,14,14,1,Unfurnished,1,4,2,1,5,Marble,0,1,0,0,0,Covered,0,Corporation + Borewell,3093.96,Hadapsar,411028,Society,5.77,1.27,2.39,2.34,20643.0,7322512.44,7256.95,Owner,33,3,0,3,3,0,0,1,0,0,0,0,0,0,0,0,0,0,0,0,0.3584698878211264,0.32153834212977345,0.42857142857142855,0.5263157894736842,0.7000000000000001,1.0,1.0,0.6000000000000001,0.4,0.2,0.4444444444444445,0.0,1.0,0.0,0.0,0.0,0.0,0.26320040754322116,0.482142857143117,0.773611111111111,0.08894430590191188,0.7906137184115524,0.688,0.07683056247737627,0.2909090909090909,1.0,0.0,0.0,1.0,0.0,0.0,0.0,0.0,0.0,0.0,0.0,0.0,0.0,0.0,0.0,0.0
1 RK,424.36,480.94,3,9,4,1,Fully Furnished,1,2,1,1,2,Wooden,0,1,1,1,0,Not Specified,1,Municipal,2662.21,Baner,411045,Standalone,3.19,3.39,2.02,2.05,21226.06,14057753.96,33127.17,Owner,7,1,2,1,1,0,1,0,0,0,0,0,0,0,0,0,0,0,0,0,0.07865921359929555,0.07151893821794475,0.14285714285714285,0.2631578947368421,0.2,1.0,1.0,0.2,0.2,0.2,0.1111111111111111,0.0,1.0,1.0,1.0,0.0,1.0,0.21366302417263677,0.7857142857146755,0.4152777777777778,0.2651704073150457,0.6570397111913358,0.572,0.8758495102151248,0.054545454545454536,0.0,0.0,1.0,0.0,0.0,0.0,0.0,0.0,0.0,0.0,0.0,0.0,0.0,0.0,0.0,0.0
4 BHK,1699.69,1882.93,4,13,9,1,Unfurnished,0,4,2,2,7,Wooden,1,0,1,0,0,Covered,1,Municipal,4327.11,Wakad,411057,Society,4.68,1.49,1.83,1.69,39940.14,12073627.2,7103.44,Owner,7,3,0,4,4,0,0,0,0,0,0,0,0,0,0,0,0,0,0,1,0.6890051303648685,0.6156007451102143,0.19047619047619047,0.4736842105263157,0.45,1.0,0.0,0.6000000000000001,0.4,0.4,0.6666666666666665,1.0,0.0,1.0,0.0,0.0,1.0,0.4046874354608497,1.0,0.6222222222222222,0.10723192019950123,0.5884476534296029,0.42800000000000005,0.07208930404713401,0.054545454545454536,1.0,0.0,0.0,0.0,0.0,0.0,0.0,0.0,0.0,0.0,0.0,0.0,0.0,0.0,0.0,1.0
1 BHK,350.16,416.68,2,10,7,1,Fully Furnished,1,1,1,0,1,Vitrified,1,1,0,1,0,Covered,0,Municipal,1570.08,Kharadi,411014,Society,4.08,0.65,2.39,1.69,23166.77,4893410.05,13974.94,Builder,86,2,2,1,1,0,0,0,0,0,1,0,0,0,0,0,0,0,0,0,0.04314866572227115,0.046581030735796364,0.09523809523809523,0.3157894736842105,0.35000000000000003,1.0,1.0,0.0,0.2,0.0,0.0,1.0,1.0,0.0,1.0,0.0,0.0,0.0883561046578335,0.232142857143117,0.5388888888888889,0.03740648379052369,0.7906137184115524,0.42800000000000005,0.2843201509197134,0.7727272727272727,0.5,0.0,0.0,0.0,0.0,0.0,1.0,0.0,0.0,0.0,0.0,0.0,0.0,0.0,0.0,0.0
2 BHK,712.0,900.74,10,12,17,1,Semi-Furnished,1,2,2,1,3,Ceramic,1,0,1,0,0,Covered,0,Municipal,1352.59,Pune Camp,411001,Society,1.07,6.1,1.55,1.84,23980.91,4324678.35,6073.97,Broker,46,3,1,2,2,0,0,0,0,0,0,0,0,0,0,0,1,0,0,0,0.2163176231861863,0.23443418193107735,0.47619047619047616,0.42105263157894735,0.8500000000000001,1.0,1.0,0.2,0.4,0.2,0.2222222222222222,1.0,0.0,1.0,0.0,0.0,0.0,0.06340211390098718,0.0,0.12083333333333336,0.49044056525353275,0.4873646209386282,0.4880000000000001,0.040293438525790176,0.40909090909090906,1.0,0.0,0.0,0.0,0.0,0.0,0.0,0.0,0.0,0.0,0.0,0.0,1.0,0.0,0.0,0.0
3 BHK,899.51,1028.54,3,11,7,1,Unfurnished,0,2,5,2,5,Vitrified,1,1,0,0,0,Stilt,1,Municipal,4309.62,Viman Nagar,411014,Society,1.85,5.73,1.08,1.51,25014.42,13059754.49,14518.78,Broker,66,2,0,3,3,0,0,0,0,0,0,0,0,0,0,0,0,0,1,0,0.3060559362915885,0.28403058056504193,0.14285714285714285,0.368421052631579,0.35000000000000003,1.0,0.0,0.2,1.0,0.4,0.4444444444444445,1.0,1.0,0.0,0.0,0.0,1.0,0.4026806981472388,0.232142857143117,0.22916666666666669,0.4596841230257689,0.3176895306859206,0.3560000000000001,0.3011170109594694,0.5909090909090909,0.5,0.0,0.0,0.0,0.0,0.0,0.0,0.0,0.0,0.0,0.0,0.0,0.0,0.0,1.0,0.0
2 BHK,536.46,605.18,4,14,10,1,Semi-Furnished,1,3,2,1,3,Marble,1,1,1,0,0,Covered,1,Corporation + Borewell,800.0,Wakad,411057,Society,4.44,3.63,2.35,1.92,17503.06,4124828.93,7689.01,Broker,21,3,1,2,2,0,0,0,0,0,0,0,0,0,0,0,0,0,0,1,0.1323078984647192,0.11973377832971127,0.19047619047619047,0.5263157894736842,0.5,1.0,1.0,0.4000000000000001,0.4,0.2,0.2222222222222222,1.0,1.0,1.0,0.0,0.0,1.0,0.0,1.0,0.5888888888888889,0.285120532003325,0.776173285198556,0.52,0.09017502288627777,0.1818181818181818,1.0,0.0,0.0,0.0,0.0,0.0,0.0,0.0,0.0,0.0,0.0,0.0,0.0,0.0,0.0,1.0
3 BHK,1084.49,1261.21,11,12,11,1,Semi-Furnished,1,2,1,2,4,Ceramic,1,1,0,0,0,Open,0,Tanker,3106.82,Pune Camp,411001,Society,2.22,6.39,1.12,1.79,34043.2,7741282.03,7138.16,Broker,28,3,1,3,3,0,0,0,0,0,0,0,0,0,0,0,1,0,0,0,0.3945834450017229,0.37432474386836395,0.5238095238095237,0.42105263157894735,0.55,1.0,1.0,0.2,0.2,0.4,0.3333333333333333,1.0,1.0,0.0,0.0,0.0,0.0,0.2646759159396212,0.0,0.28055555555555556,0.5145469659185369,0.332129963898917,0.4680000000000001,0.07316165433505017,0.24545454545454543,1.0,0.0,0.0,0.0,0.0,0.0,0.0,0.0,0.0,0.0,0.0,0.0,1.0,0.0,0.0,0.0
1 BHK,505.47,568.13,10,18,7,1,Unfurnished,0,1,1,0,2,Wooden,1,1,0,0,0,Covered,0,Municipal,1845.69,Pune Camp,411001,Society,2.12,8.18,1.42,1.85,12662.45,3671780.29,7264.05,Broker,63,3,0,1,1,0,0,0,0,0,0,0,0,0,0,0,1,0,0,0,0.11747674106971938,0.10535547966470044,0.47619047619047616,0.7368421052631579,0.35000000000000003,1.0,0.0,0.0,0.2,0.0,0.1111111111111111,1.0,1.0,0.0,0.0,0.0,0.0,0.11997856726528403,0.0,0.26666666666666666,0.6633416458852867,0.4404332129963898,0.4920000000000001,0.07704985069869555,0.5636363636363637,1.0,0.0,0.0,0.0,0.0,0.0,0.0,0.0,0.0,0.0,0.0,0.0,1.0,0.0,0.0,0.0
3 BHK,1133.48,1234.98,10,14,16,1,Fully Furnished,1,3,2,1,3,Marble,1,1,0,0,0,Covered,0,Borewell,2741.72,Pimple Saudagar,411027,Society,3.63,6.52,1.72,1.82,28252.51,8636260.98,7619.25,Broker,56,3,2,3,3,0,0,0,0,0,0,0,0,0,0,1,0,0,0,0,0.41802902101918143,0.36414545172306745,0.47619047619047616,0.5263157894736842,0.8,1.0,1.0,0.4000000000000001,0.4,0.2,0.2222222222222222,1.0,1.0,0.0,0.0,0.0,0.0,0.222785704778995,0.464285714286234,0.47638888888888886,0.5253532834580215,0.5487364620938628,0.4800000000000001,0.08802043889765357,0.49999999999999994,1.0,0.0,0.0,0.0,0.0,0.0,0.0,0.0,0.0,0.0,0.0,1.0,0.0,0.0,0.0,0.0
2 BHK,674.66,814.39,3,8,9,1,Unfurnished,0,2,1,1,3,Marble,1,1,0,1,0,Bike,0,Municipal,1547.14,Kharadi,411014,Society,4.27,1.94,2.21,2.22,23186.63,9515816.25,14104.52,Owner,36,2,0,2,2,0,0,0,0,0,1,0,0,0,0,0,0,0,0,0,0.19844749033270798,0.20092362620304255,0.14285714285714285,0.21052631578947367,0.45,1.0,0.0,0.2,0.2,0.2,0.2222222222222222,1.0,1.0,0.0,1.0,0.0,0.0,0.08572405468789443,0.232142857143117,0.5652777777777778,0.14463840399002492,0.7256317689530686,0.6400000000000001,0.28832231538711484,0.3181818181818182,0.5,0.0,0.0,0.0,0.0,0.0,1.0,0.0,0.0,0.0,0.0,0.0,0.0,0.0,0.0,0.0
4 BHK,1475.67,1810.64,5,15,6,1,Unfurnished,0,4,3,2,6,Vitrified,1,1,0,0,0,Covered,1,Borewell,5478.32,Viman Nagar,411014,Society,2.64,6.66,1.71,1.25,56366.35,10710395.5,7258.0,Owner,20,2,0,4,4,0,0,0,0,0,0,0,0,0,0,0,0,0,1,0,0.581793904820246,0.5875465693883888,0.23809523809523808,0.5789473684210527,0.30000000000000004,1.0,0.0,0.6000000000000001,0.6000000000000001,0.4,0.5555555555555556,1.0,1.0,0.0,0.0,0.0,1.0,0.5367729736427846,0.232142857143117,0.3388888888888889,0.5369908561928511,0.5451263537906137,0.252,0.07686299242559955,0.17272727272727273,0.5,0.0,0.0,0.0,0.0,0.0,0.0,0.0,0.0,0.0,0.0,0.0,0.0,0.0,1.0,0.0
1 RK,515.17,582.85,6,17,7,1,Fully Furnished,1,1,1,1,2,Granite,0,1,1,0,1,Open,1,Corporation + Borewell,2757.55,Baner,411045,Society,3.85,2.46,1.77,2.09,29908.07,13047102.94,25325.88,Owner,15,1,2,1,1,0,1,0,0,0,0,0,0,0,0,0,0,0,0,0,0.12211895554959988,0.11106799130704753,0.2857142857142857,0.6842105263157894,0.35000000000000003,1.0,1.0,0.0,0.2,0.2,0.1111111111111111,0.0,1.0,1.0,0.0,1.0,1.0,0.22460197988902714,0.7857142857146755,0.5069444444444444,0.1878636741479634,0.5667870036101084,0.588,0.6349014809058643,0.12727272727272726,0.0,0.0,1.0,0.0,0.0,0.0,0.0,0.0,0.0,0.0,0.0,0.0,0.0,0.0,0.0,0.0
2 BHK,666.66,724.45,1,10,6,1,Semi-Furnished,1,3,1,2,3,Vitrified,0,0,1,1,1,Covered,1,Municipal,2430.36,Koregaon Park,411001,Standalone,2.62,4.25,1.67,1.41,53455.2,12849255.72,19274.01,Broker,11,1,1,2,2,0,0,0,0,0,0,1,0,0,0,0,0,0,0,0,0.19461885983383742,0.16601986960571258,0.047619047619047616,0.3157894736842105,0.30000000000000004,1.0,1.0,0.4000000000000001,0.2,0.4,0.2222222222222222,0.0,0.0,1.0,1.0,1.0,1.0,0.18706142061856618,0.0,0.33611111111111114,0.3366583541147132,0.5306859205776173,0.31599999999999995,0.4479854516163704,0.0909090909090909,0.0,0.0,0.0,0.0,0.0,0.0,0.0,1.0,0.0,0.0,0.0,0.0,0.0,0.0,0.0,0.0
2 BHK,842.87,970.2,13,13,11,1,Semi-Furnished,0,3,0,1,3,Vitrified,1,1,0,0,0,Covered,1,Municipal,3510.81,Kharadi,411014,Society,3.73,1.49,2.42,2.23,23515.38,6935475.88,8228.37,Broker,12,2,1,2,2,0,0,0,0,0,1,0,0,0,0,0,0,0,0,0,0.27894923235958496,0.26139009624340276,0.6190476190476191,0.4736842105263157,0.55,1.0,0.0,0.4000000000000001,0.0,0.2,0.2222222222222222,1.0,1.0,0.0,0.0,0.0,1.0,0.3110282205322845,0.232142857143117,0.4902777777777778,0.10723192019950123,0.8014440433212996,0.644,0.10683351514694786,0.09999999999999999,0.5,0.0,0.0,0.0,0.0,0.0,1.0,0.0,0.0,0.0,0.0,0.0,0.0,0.0,0.0,0.0
2 BHK,618.41,754.73,1,13,13,1,Unfurnished,1,2,2,1,2,Granite,1,1,1,0,0,Covered,1,Borewell,2396.36,Nigdi,411044,Society,3.71,10.12,2.02,3.12,15001.02,7618097.9,12318.93,Owner,6,3,0,2,2,0,0,0,0,0,0,0,0,0,1,0,0,0,0,0,0.17152743213752436,0.17777087860912766,0.047619047619047616,0.4736842105263157,0.65,1.0,1.0,0.2,0.4,0.2,0.1111111111111111,1.0,1.0,1.0,0.0,0.0,1.0,0.18316038753321617,0.7678571428577925,0.48750000000000004,0.824605153782211,0.6570397111913358,1.0000000000000002,0.23317318086521868,0.045454545454545456,1.0,0.0,0.0,0.0,0.0,0.0,0.0,0.0,0.0,0.0,1.0,0.0,0.0,0.0,0.0,0.0
2 BHK,659.15,725.39,4,11,6,1,Semi-Furnished,1,3,1,0,2,Wooden,0,1,0,0,0,Stilt,0,Tanker,1864.42,Pimple Saudagar,411027,Standalone,4.11,4.42,0.89,1.88,17326.81,4330540.87,6569.84,Owner,43,3,1,2,2,0,0,0,0,0,0,0,0,0,0,1,0,0,0,0,0.1910247329530227,0.1663846631480907,0.19047619047619047,0.368421052631579,0.30000000000000004,1.0,1.0,0.4000000000000001,0.2,0.0,0.1111111111111111,0.0,1.0,0.0,0.0,0.0,0.0,0.12212757755024303,0.464285714286234,0.5430555555555556,0.35078969243557767,0.2490974729241877,0.504,0.055608713216717315,0.3818181818181818,1.0,0.0,0.0,0.0,0.0,0.0,0.0,0.0,0.0,0.0,0.0,1.0,0.0,0.0,0.0,0.0
1 BHK,361.28,425.45,1,17,6,1,Fully Furnished,1,1,1,0,2,Marble,1,1,1,0,0,Covered,0,Borewell,1089.99,Nigdi,411044,Society,2.9,11.18,2.17,2.6,14122.5,2800000.0,7750.29,Broker,14,3,2,1,1,0,0,0,0,0,0,0,0,0,1,0,0,0,0,0,0.048470462115701204,0.049984476870537115,0.047619047619047616,0.6842105263157894,0.30000000000000004,1.0,1.0,0.0,0.2,0.0,0.1111111111111111,1.0,1.0,1.0,0.0,0.0,0.0,0.03327237013001913,0.7678571428577925,0.375,0.9127182044887779,0.7111913357400722,0.792,0.09206769643591783,0.11818181818181817,1.0,0.0,0.0,0.0,0.0,0.0,0.0,0.0,0.0,0.0,1.0,0.0,0.0,0.0,0.0,0.0
1 BHK,413.29,482.36,8,11,2,1,Fully Furnished,1,2,0,0,1,Vitrified,1,1,0,1,1,Bike,1,Corporation + Borewell,1290.24,Kothrud,411038,Society,2.16,6.6,1.21,2.06,16659.64,4428724.29,10715.89,Broker,12,2,2,1,1,0,0,0,0,0,0,0,1,0,0,0,0,0,0,0,0.07336134614648342,0.07207000931387769,0.38095238095238093,0.368421052631579,0.1,1.0,1.0,0.2,0.0,0.0,0.0,1.0,1.0,0.0,1.0,1.0,1.0,0.05624830764005856,0.6607142857146755,0.27222222222222225,0.5320033250207813,0.3646209386281588,0.5760000000000001,0.18366222448442562,0.09999999999999999,0.5,0.0,0.0,0.0,0.0,0.0,0.0,0.0,1.0,0.0,0.0,0.0,0.0,0.0,0.0,0.0
3 BHK,1131.03,1435.44,3,7,11,1,Semi-Furnished,1,4,2,1,3,Not Specified,1,1,0,0,0,Bike,0,Corporation + Borewell,3554.63,Hadapsar,411028,Society,5.33,1.27,2.7,1.58,39415.85,8761465.15,7746.46,Owner,26,3,1,3,3,0,0,1,0,0,0,0,0,0,0,0,0,0,0,0,0.41685650292890236,0.4419396150263894,0.14285714285714285,0.15789473684210525,0.55,1.0,1.0,0.6000000000000001,0.4,0.2,0.2222222222222222,1.0,1.0,0.0,0.0,0.0,0.0,0.31605596376169737,0.482142857143117,0.7125,0.08894430590191188,0.9025270758122744,0.3840000000000001,0.09194940433906532,0.22727272727272727,1.0,0.0,0.0,1.0,0.0,0.0,0.0,0.0,0.0,0.0,0.0,0.0,0.0,0.0,0.0,0.0
3 BHK,879.98,993.9,13,13,9,1,Unfurnished,1,4,3,2,4,Ceramic,1,0,1,0,1,Covered,1,Municipal,1730.5,Viman Nagar,411014,Standalone,1.78,5.74,2.15,1.44,34893.95,8031303.77,9126.71,Owner,16,2,0,3,3,0,0,0,0,0,0,0,0,0,0,0,0,0,1,0,0.29670929208622077,0.2705875504501708,0.6190476190476191,0.4736842105263157,0.45,1.0,1.0,0.6000000000000001,0.6000000000000001,0.4,0.3333333333333333,1.0,0.0,1.0,0.0,1.0,1.0,0.10676209664465261,0.232142857143117,0.21944444444444444,0.4605153782211138,0.703971119133574,0.32799999999999996,0.13457934342017971,0.13636363636363635,0.5,0.0,0.0,0.0,0.0,0.0,0.0,0.0,0.0,0.0,0.0,0.0,0.0,0.0,1.0,0.0
1 RK,352.55,448.3,1,8,6,1,Unfurnished,0,1,1,0,2,Ceramic,1,1,1,1,0,Bike,1,Municipal,1775.21,Kothrud,411038,Society,1.91,7.06,1.07,1.31,16689.94,5351180.84,15178.63,Broker,16,2,0,1,1,0,0,0,0,0,0,0,1,0,0,0,0,0,0,0,0.044292469083808725,0.05885206457621858,0.047619047619047616,0.21052631578947367,0.30000000000000004,1.0,0.0,0.0,0.2,0.0,0.1111111111111111,1.0,1.0,1.0,1.0,0.0,1.0,0.11189195515188788,0.6607142857146755,0.2375,0.57024106400665,0.3140794223826715,0.276,0.32149691699292227,0.13636363636363635,0.5,0.0,0.0,0.0,0.0,0.0,0.0,0.0,1.0,0.0,0.0,0.0,0.0,0.0,0.0,0.0
3 BHK,822.48,799.71,0,13,12,1,Unfurnished,1,3,2,1,3,Vitrified,0,1,1,0,0,Covered,1,Borewell,2452.06,Hinjewadi,411057,Standalone,5.5,2.26,2.79,2.2,17548.2,5023531.92,6107.8,Broker,35,3,0,3,3,0,0,0,1,0,0,0,0,0,0,0,0,0,0,0,0.2691910103755887,0.1952266376901584,0.0,0.4736842105263157,0.6000000000000001,1.0,1.0,0.4000000000000001,0.4,0.2,0.2222222222222222,0.0,1.0,1.0,0.0,0.0,1.0,0.18955119761715722,1.0,0.7361111111111112,0.17123857024106395,0.9350180505415163,0.6320000000000001,0.04133830057187898,0.3090909090909091,1.0,0.0,0.0,0.0,1.0,0.0,0.0,0.0,0.0,0.0,0.0,0.0,0.0,0.0,0.0,0.0
2 BHK,581.95,757.6,12,13,0,1,Semi-Furnished,0,3,1,2,2,Granite,1,1,0,1,1,Covered,0,Municipal,3202.58,Kalyani Nagar,411006,Society,1.67,4.69,0.65,1.42,40516.4,13575361.57,23327.35,Owner,85,1,1,2,2,0,0,0,0,1,0,0,0,0,0,0,0,0,0,0,0.1540784486389219,0.1788846631480907,0.5714285714285714,0.4736842105263157,0.0,1.0,0.0,0.4000000000000001,0.2,0.4,0.1111111111111111,1.0,1.0,0.0,1.0,1.0,0.0,0.2756630608882423,0.089285714286234,0.20416666666666666,0.37323358270989193,0.16245487364620942,0.31999999999999995,0.5731755528842887,0.7636363636363637,0.0,0.0,0.0,0.0,0.0,1.0,0.0,0.0,0.0,0.0,0.0,0.0,0.0,0.0,0.0,0.0
1 BHK,514.82,602.8,0,10,9,1,Fully Furnished,1,2,2,1,2,Wooden,1,1,0,1,1,Covered,1,Municipal,2623.6,Baner,411045,Society,3.01,3.25,2.32,2.38,36568.14,6544113.16,12711.47,Broker,12,1,2,1,1,0,1,0,0,0,0,0,0,0,0,0,0,0,0,0,0.12195145296527436,0.11881015212666876,0.0,0.3157894736842105,0.45,1.0,1.0,0.2,0.4,0.2,0.1111111111111111,1.0,1.0,0.0,1.0,1.0,1.0,0.2092330568954202,0.7857142857146755,0.3902777777777778,0.2535328345802161,0.7653429602888087,0.704,0.24529703979432618,0.09999999999999999,0.0,0.0,1.0,0.0,0.0,0.0,0.0,0.0,0.0,0.0,0.0,0.0,0.0,0.0,0.0,0.0
1 BHK,532.25,634.44,2,10,6,1,Semi-Furnished,1,1,1,0,1,Vitrified,1,1,0,0,0,Covered,1,Municipal,2032.95,Aundh,411007,Society,3.17,4.14,1.93,1.73,19125.2,3955353.23,7431.31,Owner,40,2,1,1,1,1,0,0,0,0,0,0,0,0,0,0,0,0,0,0,0.13029308166468856,0.13108894753182246,0.09523809523809523,0.3157894736842105,0.30000000000000004,1.0,1.0,0.0,0.2,0.0,0.0,1.0,1.0,0.0,0.0,0.0,1.0,0.1414640806641853,0.107142857143117,0.4125,0.3275145469659185,0.6245487364620939,0.44400000000000006,0.08221578702233778,0.35454545454545455,0.5,1.0,0.0,0.0,0.0,0.0,0.0,0.0,0.0,0.0,0.0,0.0,0.0,0.0,0.0,0.0
1 BHK,377.59,474.37,9,12,9,1,Semi-Furnished,1,1,1,0,1,Granite,1,1,0,1,0,Open,0,Municipal,1096.36,Kothrud,411038,Society,1.54,9.57,1.49,1.7,16267.35,4108739.08,10881.52,Broker,17,2,1,1,1,0,0,0,0,0,0,0,1,0,0,0,0,0,0,0,0.05627608254527354,0.06896926420366348,0.42857142857142855,0.42105263157894735,0.45,1.0,1.0,0.0,0.2,0.0,0.0,1.0,1.0,0.0,1.0,0.0,0.0,0.03400324015218617,0.6607142857146755,0.18611111111111112,0.7788861180382377,0.46570397111913353,0.43200000000000005,0.18877781717415934,0.14545454545454545,0.5,0.0,0.0,0.0,0.0,0.0,0.0,0.0,1.0,0.0,0.0,0.0,0.0,0.0,0.0,0.0
3 BHK,820.02,1042.55,5,7,11,1,Fully Furnished,1,3,3,2,6,Vitrified,1,1,0,1,0,Open,1,Municipal,4473.56,Baner,411045,Society,2.87,2.7,1.98,1.95,42905.54,20771525.89,25330.54,Broker,29,1,2,3,3,0,1,0,0,0,0,0,0,0,0,0,0,0,0,0,0.2680137064971859,0.2894675566594226,0.23809523809523808,0.15789473684210525,0.55,1.0,1.0,0.4000000000000001,0.6000000000000001,0.4,0.5555555555555556,1.0,1.0,0.0,1.0,0.0,1.0,0.4214905617946589,0.7857142857146755,0.37083333333333335,0.2078137988362427,0.6425992779783394,0.532,0.6350454081046456,0.2545454545454545,0.0,0.0,1.0,0.0,0.0,0.0,0.0,0.0,0.0,0.0,0.0,0.0,0.0,0.0,0.0,0.0
2 BHK,442.21,504.25,0,15,13,1,Fully Furnished,1,2,3,1,3,Vitrified,1,1,0,0,0,Covered,1,Corporation + Borewell,800.0,Hadapsar,411028,Society,4.72,2.55,2.47,1.8,8608.98,2951684.07,6674.82,Broker,21,3,2,2,2,0,0,1,0,0,0,0,0,0,0,0,0,0,0,0,0.08720184539990046,0.08056504191244956,0.0,0.5789473684210527,0.65,1.0,1.0,0.2,0.6000000000000001,0.2,0.2222222222222222,1.0,1.0,0.0,0.0,0.0,1.0,0.0,0.482142857143117,0.6277777777777778,0.19534497090606812,0.8194945848375452,0.4720000000000001,0.058851090325744926,0.1818181818181818,1.0,0.0,0.0,1.0,0.0,0.0,0.0,0.0,0.0,0.0,0.0,0.0,0.0,0.0,0.0,0.0
2 BHK,727.52,920.65,10,15,10,1,Unfurnished,0,3,2,1,3,Granite,1,1,1,0,0,Covered,0,Municipal,3041.65,Kharadi,411014,Society,3.64,2.34,1.78,1.76,32462.55,5189105.13,7132.56,Broker,38,2,0,2,2,0,0,0,0,0,1,0,0,0,0,0,0,0,0,0,0.22374516635399516,0.2421608196212357,0.47619047619047616,0.5789473684210527,0.5,1.0,0.0,0.4000000000000001,0.4,0.2,0.2222222222222222,1.0,1.0,1.0,0.0,0.0,0.0,0.25719855340514297,0.232142857143117,0.47777777777777786,0.17788861180382373,0.5703971119133574,0.45600000000000007,0.07298869461119276,0.33636363636363636,0.5,0.0,0.0,0.0,0.0,0.0,1.0,0.0,0.0,0.0,0.0,0.0,0.0,0.0,0.0,0.0
1 BHK,497.17,545.49,17,20,6,1,Fully Furnished,1,1,0,0,2,Ceramic,1,1,1,0,0,Open,1,Corporation + Borewell,1244.24,Hadapsar,411028,Society,5.93,2.31,2.53,2.2,16575.78,7798583.57,15685.95,Builder,38,3,2,1,1,0,0,1,0,0,0,0,0,0,0,0,0,0,0,0,0.11350453692714117,0.09656938838869919,0.8095238095238095,0.8421052631578947,0.30000000000000004,1.0,1.0,0.0,0.0,0.0,0.1111111111111111,1.0,1.0,1.0,0.0,0.0,1.0,0.05097043934811443,0.482142857143117,0.7958333333333333,0.17539484621778884,0.8411552346570397,0.6320000000000001,0.33716583254780796,0.33636363636363636,1.0,0.0,0.0,1.0,0.0,0.0,0.0,0.0,0.0,0.0,0.0,0.0,0.0,0.0,0.0,0.0
1 RK,461.54,577.83,11,11,12,1,Semi-Furnished,1,2,0,0,2,Vitrified,1,1,1,0,0,Stilt,0,Municipal,2639.98,Kharadi,411014,Society,4.99,2.14,2.25,2.12,18477.55,4568083.38,9897.52,Builder,29,2,1,1,1,0,0,0,0,0,1,0,0,0,0,0,0,0,0,0,0.09645277384279645,0.10911983855945362,0.5238095238095237,0.368421052631579,0.6000000000000001,1.0,1.0,0.2,0.0,0.0,0.1111111111111111,1.0,1.0,1.0,0.0,0.0,0.0,0.21111243695242116,0.232142857143117,0.6652777777777779,0.16126350789692434,0.740072202166065,0.6000000000000001,0.15838632283920803,0.2545454545454545,0.5,0.0,0.0,0.0,0.0,0.0,1.0,0.0,0.0,0.0,0.0,0.0,0.0,0.0,0.0,0.0
2 BHK,452.39,529.2,10,11,15,1,Fully Furnished,1,2,2,1,2,Ceramic,1,1,0,1,1,Covered,1,Tanker,2694.21,Kharadi,411014,Society,3.55,1.35,2.12,2.38,29963.16,6279352.92,13880.26,Owner,39,2,2,2,2,0,0,0,0,0,1,0,0,0,0,0,0,0,0,0,0.09207377770971324,0.09024759391493328,0.47619047619047616,0.368421052631579,0.75,1.0,1.0,0.2,0.4,0.2,0.1111111111111111,1.0,1.0,0.0,1.0,1.0,1.0,0.21733458472355444,0.232142857143117,0.4652777777777778,0.09559434746467164,0.6931407942238268,0.704,0.28139589615992355,0.34545454545454546,0.5,0.0,0.0,0.0,0.0,0.0,1.0,0.0,0.0,0.0,0.0,0.0,0.0,0.0,0.0,0.0
3 BHK,977.5,1065.97,3,15,12,1,Semi-Furnished,1,4,2,1,5,Vitrified,1,1,0,0,1,Open,1,Municipal,2859.24,Shivajinagar,411005,Society,1.16,6.75,1.24,1.62,36416.4,7064172.13,7226.8,Owner,5,2,1,3,3,0,0,0,0,0,0,0,0,0,0,0,0,1,0,0,0.34338029786745283,0.29855634895995037,0.14285714285714285,0.5789473684210527,0.6000000000000001,1.0,1.0,0.6000000000000001,0.4,0.2,0.4444444444444445,1.0,1.0,0.0,0.0,1.0,1.0,0.23626951090224008,0.071428571429351,0.1333333333333333,0.5444721529509559,0.37545126353790614,0.40000000000000013,0.07589935967839376,0.03636363636363636,0.5,0.0,0.0,0.0,0.0,0.0,0.0,0.0,0.0,0.0,0.0,0.0,0.0,1.0,0.0,0.0
1 RK,433.33,535.51,11,13,10,1,Fully Furnished,1,1,1,0,2,Wooden,0,1,0,0,0,Covered,1,Borewell,1230.58,Aundh,411007,Standalone,3.64,3.49,1.32,1.42,21461.07,3547578.34,8186.73,Owner,22,2,2,1,1,1,0,0,0,0,0,0,0,0,0,0,0,0,0,0,0.08295206554615413,0.09269636758770569,0.5238095238095237,0.4736842105263157,0.5,1.0,1.0,0.0,0.2,0.0,0.1111111111111111,0.0,1.0,0.0,0.0,0.0,1.0,0.04940314193794143,0.107142857143117,0.47777777777777786,0.2734829592684954,0.40433212996389895,0.31999999999999995,0.10554743605740782,0.1909090909090909,0.5,1.0,0.0,0.0,0.0,0.0,0.0,0.0,0.0,0.0,0.0,0.0,0.0,0.0,0.0,0.0
3 BHK,855.97,996.89,4,14,10,1,Fully Furnished,1,4,3,3,5,Ceramic,0,1,0,0,1,Bike,1,Borewell,5048.44,Kalyani Nagar,411006,Society,2.07,4.9,1.16,1.11,61848.57,20467447.09,23911.44,Broker,58,1,2,3,3,0,0,0,0,1,0,0,0,0,0,0,0,0,0,0,0.2852186148014855,0.27174790437752255,0.19047619047619047,0.5263157894736842,0.5,1.0,1.0,0.6000000000000001,0.6000000000000001,0.6000000000000001,0.4444444444444445,0.0,1.0,0.0,0.0,1.0,1.0,0.48745014709189455,0.089285714286234,0.2597222222222222,0.3906899418121363,0.34657039711191334,0.19600000000000006,0.5912155609392701,0.5181818181818182,0.0,0.0,0.0,0.0,0.0,1.0,0.0,0.0,0.0,0.0,0.0,0.0,0.0,0.0,0.0,0.0
2 BHK,810.31,1006.27,11,15,8,1,Semi-Furnished,1,2,3,1,2,Ceramic,1,1,1,1,0,Covered,1,Corporation + Borewell,3989.74,Kothrud,411038,Society,1.32,8.15,1.26,1.19,43253.99,7452149.06,9196.69,Builder,32,2,1,2,2,0,0,0,0,0,0,0,1,0,0,0,0,0,0,0,0.2633667062291818,0.2753880782365725,0.5238095238095237,0.5789473684210527,0.4,1.0,1.0,0.2,0.6000000000000001,0.2,0.1111111111111111,1.0,1.0,1.0,1.0,0.0,1.0,0.3659788609901281,0.6607142857146755,0.15555555555555556,0.6608478802992518,0.38267148014440433,0.22799999999999998,0.13674072225509834,0.2818181818181818,0.5,0.0,0.0,0.0,0.0,0.0,0.0,0.0,1.0,0.0,0.0,0.0,0.0,0.0,0.0,0.0
1 BHK,477.84,555.89,18,19,9,1,Unfurnished,0,2,1,0,2,Wooden,0,0,0,0,1,Covered,1,Municipal,2379.77,Aundh,411007,Society,3.7,4.35,2.0,1.2,18235.45,3896739.6,8154.98,Owner,68,2,0,1,1,1,0,0,0,0,0,0,0,0,0,0,0,0,0,0,0.10425360848424518,0.1006054020490531,0.8571428571428571,0.7894736842105263,0.45,1.0,0.0,0.2,0.2,0.0,0.1111111111111111,0.0,0.0,0.0,0.0,1.0,1.0,0.18125691286009976,0.107142857143117,0.48611111111111116,0.34497090606816283,0.6498194945848376,0.23199999999999998,0.10456681619446603,0.6090909090909091,0.5,1.0,0.0,0.0,0.0,0.0,0.0,0.0,0.0,0.0,0.0,0.0,0.0,0.0,0.0,0.0
2 BHK,734.24,911.97,17,17,12,1,Semi-Furnished,1,2,1,1,4,Wooden,0,0,0,1,1,Covered,0,Borewell,2417.45,Magarpatta,411013,Society,4.99,1.81,1.88,2.1,7500.0,6077844.92,8277.71,Owner,16,3,1,2,2,0,0,0,0,0,0,0,0,1,0,0,0,0,0,0,0.22696121597304647,0.23879230052778644,0.8095238095238095,0.6842105263157894,0.6000000000000001,1.0,1.0,0.2,0.2,0.2,0.3333333333333333,0.0,0.0,0.0,1.0,1.0,0.0,0.18558017540880528,0.214285714286234,0.6652777777777779,0.1338320864505403,0.6064981949458483,0.5920000000000001,0.10835741385679179,0.13636363636363635,1.0,0.0,0.0,0.0,0.0,0.0,0.0,0.0,0.0,1.0,0.0,0.0,0.0,0.0,0.0,0.0
3 BHK,1035.49,1146.88,6,15,3,1,Fully Furnished,1,4,4,2,4,Vitrified,1,1,1,0,0,Not Specified,0,Borewell,3738.69,Viman Nagar,411014,Society,2.8,5.73,1.75,2.03,40697.6,17421093.61,16824.0,Owner,64,2,2,3,3,0,0,0,0,0,0,0,0,0,0,0,0,0,1,0,0.37113308319614075,0.32995575908103086,0.2857142857142857,0.5789473684210527,0.15000000000000002,1.0,1.0,0.6000000000000001,0.8,0.4,0.3333333333333333,1.0,1.0,1.0,0.0,0.0,0.0,0.3371743211055069,0.232142857143117,0.3611111111111111,0.4596841230257689,0.5595667870036102,0.564,0.3723152635720878,0.5727272727272728,0.5,0.0,0.0,0.0,0.0,0.0,0.0,0.0,0.0,0.0,0.0,0.0,0.0,0.0,1.0,0.0
1 BHK,355.27,417.83,2,10,10,1,Semi-Furnished,1,1,2,0,2,Wooden,1,1,0,1,0,Stilt,1,Tanker,800.0,Aundh,411007,Society,2.26,3.54,1.68,1.62,11204.25,3559186.56,10018.35,Broker,10,2,1,1,1,1,0,0,0,0,0,0,0,0,0,0,0,0,0,0,0.0455942034534247,0.0470273207078547,0.09523809523809523,0.3157894736842105,0.5,1.0,1.0,0.0,0.4,0.0,0.1111111111111111,1.0,1.0,0.0,1.0,0.0,1.0,0.0,0.107142857143117,0.2861111111111111,0.2776392352452203,0.5342960288808665,0.40000000000000013,0.16211823773808218,0.08181818181818182,0.5,1.0,0.0,0.0,0.0,0.0,0.0,0.0,0.0,0.0,0.0,0.0,0.0,0.0,0.0,0.0
2 BHK,500.81,595.11,15,15,8,1,Semi-Furnished,1,2,2,1,3,Ceramic,1,1,1,1,0,Covered,1,Corporation + Borewell,2544.63,Kharadi,411014,Society,4.02,0.83,1.6,1.93,23071.36,8814658.77,17600.67,Owner,12,2,1,2,2,0,0,0,0,0,1,0,0,0,0,0,0,0,0,0,0.11524656380412727,0.11582583048742631,0.7142857142857142,0.5789473684210527,0.4,1.0,1.0,0.2,0.4,0.2,0.2222222222222222,1.0,1.0,1.0,1.0,0.0,1.0,0.2001723338733587,0.232142857143117,0.5305555555555556,0.05236907730673315,0.5054151624548737,0.524,0.39630323298786685,0.09999999999999999,0.5,0.0,0.0,0.0,0.0,0.0,1.0,0.0,0.0,0.0,0.0,0.0,0.0,0.0,0.0,0.0
3 BHK,1128.71,1339.78,8,9,8,1,Semi-Furnished,1,3,3,1,6,Not Specified,1,1,0,0,1,Open,0,Corporation + Borewell,2452.04,Shivajinagar,411005,Society,1.77,6.7,0.96,1.26,37830.81,8689715.02,7698.8,Owner,20,2,1,3,3,0,0,0,0,0,0,0,0,0,0,0,0,1,0,0,0.41574620008422986,0.40481605091586476,0.38095238095238093,0.2631578947368421,0.4,1.0,1.0,0.4000000000000001,0.6000000000000001,0.2,0.5555555555555556,1.0,1.0,0.0,0.0,1.0,0.0,0.18954890289181286,0.071428571429351,0.21805555555555556,0.540315876974231,0.27436823104693137,0.256,0.09047739354637854,0.17272727272727273,0.5,0.0,0.0,0.0,0.0,0.0,0.0,0.0,0.0,0.0,0.0,0.0,0.0,1.0,0.0,0.0
3 BHK,792.27,1007.76,4,11,7,1,Semi-Furnished,1,4,3,1,5,Vitrified,1,1,0,0,0,Stilt,1,Municipal,2776.12,Pimple Saudagar,411027,Society,3.41,5.39,1.17,2.11,31903.35,4924444.65,6215.63,Broker,9,3,1,3,3,0,0,0,0,0,0,0,0,0,0,1,0,0,0,0,0.25473314445422873,0.2759663148090656,0.19047619047619047,0.368421052631579,0.35000000000000003,1.0,1.0,0.6000000000000001,0.6000000000000001,0.2,0.4444444444444445,1.0,1.0,0.0,0.0,0.0,1.0,0.22673263237123148,0.464285714286234,0.44583333333333336,0.43142144638403984,0.35018050541516244,0.596,0.04466870182608407,0.07272727272727272,1.0,0.0,0.0,0.0,0.0,0.0,0.0,0.0,0.0,0.0,0.0,1.0,0.0,0.0,0.0,0.0
2 BHK,389.64,460.52,7,11,3,1,Semi-Furnished,1,2,2,0,4,Granite,1,1,0,0,0,Bike,0,Corporation + Borewell,1231.87,Wakad,411057,Society,5.12,2.87,1.17,2.16,7617.13,3445101.19,8841.7,Broker,36,3,1,2,2,0,0,0,0,0,0,0,0,0,0,0,0,0,0,1,0.062042957234197324,0.06359438062713443,0.3333333333333333,0.368421052631579,0.15000000000000002,1.0,1.0,0.2,0.4,0.0,0.3333333333333333,1.0,1.0,0.0,0.0,0.0,0.0,0.049551151722650316,1.0,0.6833333333333333,0.2219451371571072,0.35018050541516244,0.6160000000000001,0.12577662004578496,0.3181818181818182,1.0,0.0,0.0,0.0,0.0,0.0,0.0,0.0,0.0,0.0,0.0,0.0,0.0,0.0,0.0,1.0
2 BHK,487.99,613.49,17,20,14,1,Semi-Furnished,1,2,2,0,4,Vitrified,1,1,0,0,0,Covered,0,Municipal,1605.59,Wakad,411057,Society,4.36,3.86,2.07,1.74,14413.9,3210630.3,6579.32,Owner,28,3,1,2,2,0,0,0,0,0,0,0,0,0,0,0,0,0,0,1,0.10911118342968722,0.12295870847562873,0.8095238095238095,0.8421052631578947,0.7000000000000001,1.0,1.0,0.2,0.4,0.0,0.3333333333333333,1.0,1.0,0.0,0.0,0.0,0.0,0.09243038950667995,1.0,0.5777777777777778,0.3042394014962593,0.6750902527075812,0.44800000000000006,0.055901509320675974,0.24545454545454543,1.0,0.0,0.0,0.0,0.0,0.0,0.0,0.0,0.0,0.0,0.0,0.0,0.0,0.0,0.0,1.0
2 BHK,783.88,861.32,9,14,12,1,Unfurnished,0,2,1,1,4,Vitrified,0,0,1,1,0,Open,0,Tanker,2074.42,Kharadi,411014,Standalone,4.3,1.68,2.15,1.74,19995.33,11771705.91,15017.24,Not Specified,14,2,0,2,2,0,0,0,0,0,1,0,0,0,0,0,0,0,0,0,0.2507178682185382,0.2191361378453897,0.42857142857142855,0.5263157894736842,0.6000000000000001,1.0,0.0,0.2,0.2,0.2,0.3333333333333333,0.0,0.0,1.0,1.0,0.0,0.0,0.14622219366564018,0.232142857143117,0.5694444444444444,0.12302576891105568,0.703971119133574,0.44800000000000006,0.3165122795226806,0.11818181818181817,0.5,0.0,0.0,0.0,0.0,0.0,1.0,0.0,0.0,0.0,0.0,0.0,0.0,0.0,0.0,0.0
2 BHK,561.85,625.99,0,11,10,1,Semi-Furnished,1,2,2,1,3,Wooden,0,0,1,1,0,Stilt,1,Corporation + Borewell,2371.69,Kothrud,411038,Society,0.95,7.29,1.25,1.54,9058.84,4063443.82,7232.28,Owner,37,2,1,2,2,0,0,0,0,0,0,0,1,0,0,0,0,0,0,0,0.14445901451050958,0.1278096864327849,0.0,0.368421052631579,0.5,1.0,1.0,0.2,0.4,0.2,0.2222222222222222,0.0,0.0,1.0,1.0,0.0,1.0,0.1803298438209931,0.6607142857146755,0.10416666666666667,0.5893599334995843,0.37906137184115524,0.3680000000000001,0.07606861312245425,0.32727272727272727,0.5,0.0,0.0,0.0,0.0,0.0,0.0,0.0,1.0,0.0,0.0,0.0,0.0,0.0,0.0,0.0
2 BHK,415.6,480.88,11,13,11,1,Semi-Furnished,1,1,2,1,3,Granite,1,1,0,0,0,Bike,1,Tanker,800.0,Wakad,411057,Society,5.19,4.1,2.45,1.54,11495.08,3299387.09,7938.94,Owner,51,3,1,2,2,0,0,0,0,0,0,0,0,0,0,0,0,0,0,1,0.0744668632030323,0.0714956535237504,0.5238095238095237,0.4736842105263157,0.55,1.0,1.0,0.0,0.4,0.2,0.2222222222222222,1.0,1.0,0.0,0.0,0.0,1.0,0.0,1.0,0.6930555555555556,0.32418952618453856,0.812274368231047,0.3680000000000001,0.09789427713336554,0.45454545454545453,1.0,0.0,0.0,0.0,0.0,0.0,0.0,0.0,0.0,0.0,0.0,0.0,0.0,0.0,0.0,1.0
2 BHK,440.72,552.52,6,14,7,1,Semi-Furnished,1,2,2,1,4,Vitrified,0,0,0,1,0,Covered,0,Corporation + Borewell,1137.25,Pimple Saudagar,411027,Standalone,4.11,6.12,1.83,1.96,7500.0,2965151.29,6727.91,Broker,16,3,1,2,2,0,0,0,0,0,0,0,0,0,0,1,0,0,0,0,0.08648876296948584,0.09929757839180381,0.2857142857142857,0.5263157894736842,0.35000000000000003,1.0,1.0,0.2,0.4,0.2,0.3333333333333333,0.0,0.0,0.0,1.0,0.0,0.0,0.03869480611865567,0.464285714286234,0.5430555555555556,0.49210307564422273,0.5884476534296029,0.536,0.060490810279243495,0.13636363636363635,1.0,0.0,0.0,0.0,0.0,0.0,0.0,0.0,0.0,0.0,0.0,1.0,0.0,0.0,0.0,0.0
1 RK,432.76,544.45,4,9,12,1,Semi-Furnished,1,2,1,0,1,Vitrified,1,1,0,0,0,Covered,1,Corporation + Borewell,1525.23,Shivajinagar,411005,Standalone,0.45,7.82,0.57,1.31,10620.18,3690516.47,8527.92,Owner,35,2,1,1,1,0,0,0,0,0,0,0,0,0,0,0,0,1,0,0,0.0826792756231096,0.09616578702266382,0.19047619047619047,0.2631578947368421,0.6000000000000001,1.0,1.0,0.2,0.2,0.0,0.0,1.0,1.0,0.0,0.0,0.0,1.0,0.08321018307318798,0.071428571429351,0.034722222222222224,0.6334164588528678,0.13357400722021656,0.276,0.11608531609007253,0.3090909090909091,0.5,0.0,0.0,0.0,0.0,0.0,0.0,0.0,0.0,0.0,0.0,0.0,0.0,1.0,0.0,0.0
1 BHK,395.68,492.0,4,13,4,1,Semi-Furnished,1,1,3,0,1,Ceramic,0,0,0,1,0,Covered,1,Borewell,800.0,Wakad,411057,Standalone,4.96,2.16,1.52,2.13,8903.05,3081108.11,7786.85,Owner,19,3,1,1,1,0,0,0,0,0,0,0,0,0,0,0,0,0,0,1,0.0649335732608446,0.07581108351443652,0.19047619047619047,0.4736842105263157,0.2,1.0,1.0,0.0,0.6000000000000001,0.0,0.0,0.0,0.0,0.0,1.0,0.0,1.0,0.0,1.0,0.6611111111111111,0.1629260182876143,0.47653429602888087,0.604,0.09319687634738716,0.16363636363636364,1.0,0.0,0.0,0.0,0.0,0.0,0.0,0.0,0.0,0.0,0.0,0.0,0.0,0.0,0.0,1.0
1 BHK,418.31,513.3,2,5,11,1,Fully Furnished,1,1,0,1,1,Ceramic,1,1,0,1,1,Covered,1,Municipal,1948.79,Baner,411045,Standalone,2.96,3.63,1.97,2.34,23821.44,13993636.91,33452.4,Broker,34,1,2,1,1,0,1,0,0,0,0,0,0,0,0,0,0,0,0,0,0.07576381178452467,0.08407714995343063,0.09523809523809523,0.05263157894736842,0.55,1.0,1.0,0.0,0.0,0.2,0.0,1.0,1.0,0.0,1.0,1.0,1.0,0.13180787641527186,0.7857142857146755,0.38333333333333336,0.285120532003325,0.6389891696750902,0.688,0.8858944550347959,0.3,0.0,0.0,1.0,0.0,0.0,0.0,0.0,0.0,0.0,0.0,0.0,0.0,0.0,0.0,0.0,0.0
1 RK,415.09,477.84,15,15,11,1,Unfurnished,1,2,1,0,2,Vitrified,1,1,0,0,0,Open,1,Municipal,1727.68,Hadapsar,411028,Standalone,5.57,3.04,1.77,1.95,9721.29,2983341.66,7187.26,Broker,20,3,0,1,1,0,0,1,0,0,0,0,0,0,0,0,0,0,0,0,0.07422278800872927,0.07031589568457003,0.7142857142857142,0.5789473684210527,0.55,1.0,1.0,0.2,0.2,0.0,0.1111111111111111,1.0,1.0,0.0,0.0,0.0,1.0,0.10643854037110301,0.482142857143117,0.7458333333333333,0.23607647547797173,0.5667870036101084,0.532,0.0746781404853003,0.17272727272727273,1.0,0.0,0.0,1.0,0.0,0.0,0.0,0.0,0.0,0.0,0.0,0.0,0.0,0.0,0.0,0.0
3 BHK,796.59,881.6,9,11,13,1,Unfurnished,1,4,4,2,3,Vitrified,1,1,1,0,1,Not Specified,1,Borewell,4156.27,Kothrud,411038,Society,2.23,7.09,1.53,1.41,29876.24,6602803.95,8288.8,Builder,10,2,0,3,3,0,0,0,0,0,0,0,1,0,0,0,0,0,0,0,0.25680060492361884,0.22700636448307987,0.42857142857142855,0.368421052631579,0.65,1.0,1.0,0.6000000000000001,0.8,0.4,0.2222222222222222,1.0,1.0,1.0,0.0,1.0,1.0,0.3850858915696381,0.6607142857146755,0.28194444444444444,0.5727348295926848,0.48014440433213,0.31599999999999995,0.10869993588135948,0.08181818181818182,0.5,0.0,0.0,0.0,0.0,0.0,0.0,0.0,1.0,0.0,0.0,0.0,0.0,0.0,0.0,0.0
2 BHK,515.92,614.3,10,15,9,1,Unfurnished,0,1,2,1,3,Vitrified,0,1,0,0,0,Open,0,Borewell,838.08,Nigdi,411044,Standalone,4.13,10.59,2.16,2.17,13765.51,5005089.95,9701.22,Builder,27,3,0,2,2,0,0,0,0,0,0,0,0,0,1,0,0,0,0,0,0.12247788965886901,0.12327305184725243,0.47619047619047616,0.5789473684210527,0.45,1.0,0.0,0.0,0.4,0.2,0.2222222222222222,0.0,1.0,0.0,0.0,0.0,0.0,0.004369157055592016,0.7678571428577925,0.5458333333333333,0.8636741479634247,0.7075812274368232,0.62,0.15232346680470502,0.23636363636363636,1.0,0.0,0.0,0.0,0.0,0.0,0.0,0.0,0.0,0.0,1.0,0.0,0.0,0.0,0.0,0.0
1 BHK,504.77,567.99,14,17,15,1,Unfurnished,1,1,1,0,2,Marble,0,0,0,0,0,Stilt,0,Tanker,855.49,Wakad,411057,Standalone,4.71,2.32,2.1,2.0,7500.0,3001403.04,5946.12,Owner,14,3,0,1,1,0,0,0,0,0,0,0,0,0,0,0,0,0,0,1,0.11714173590106818,0.10530114871158028,0.6666666666666666,0.6842105263157894,0.75,1.0,1.0,0.0,0.2,0.0,0.1111111111111111,0.0,0.0,0.0,0.0,0.0,0.0,0.006366715467825662,1.0,0.6263888888888889,0.1762261014131338,0.6859205776173286,0.552,0.03634470625879471,0.11818181818181817,1.0,0.0,0.0,0.0,0.0,0.0,0.0,0.0,0.0,0.0,0.0,0.0,0.0,0.0,0.0,1.0
2 BHK,758.09,956.9,3,9,10,1,Semi-Furnished,1,2,2,1,3,Not Specified,1,0,1,1,0,Covered,1,Borewell,2843.19,Viman Nagar,411014,Society,2.54,4.81,1.57,1.41,24659.57,7247528.58,9560.22,Broker,12,2,1,2,2,0,0,0,0,0,0,0,0,0,0,0,0,0,1,0,0.2383753206478043,0.25622865569698855,0.14285714285714285,0.2631578947368421,0.5,1.0,1.0,0.2,0.4,0.2,0.2222222222222222,1.0,0.0,1.0,1.0,0.0,1.0,0.2344279938134205,0.232142857143117,0.325,0.3832086450540315,0.4945848375451264,0.31599999999999995,0.1479685880432943,0.09999999999999999,0.5,0.0,0.0,0.0,0.0,0.0,0.0,0.0,0.0,0.0,0.0,0.0,0.0,0.0,1.0,0.0
4 BHK,1591.76,1984.9,12,14,6,1,Semi-Furnished,1,5,4,3,6,Wooden,1,1,0,0,0,Covered,0,Tanker,4108.95,Hadapsar,411028,Society,5.54,3.1,1.65,2.29,36485.74,12819848.94,8053.87,Broker,16,3,1,4,4,0,0,1,0,0,0,0,0,0,0,0,0,0,0,0,0.6373521191469812,0.6551730828935114,0.5714285714285714,0.5263157894736842,0.30000000000000004,1.0,1.0,0.8,0.8,0.6000000000000001,0.5555555555555556,1.0,1.0,0.0,0.0,0.0,0.0,0.37965657140496856,0.482142857143117,0.7416666666666667,0.24106400665004152,0.5234657039711191,0.668,0.10144396660888991,0.13636363636363635,1.0,0.0,0.0,1.0,0.0,0.0,0.0,0.0,0.0,0.0,0.0,0.0,0.0,0.0,0.0,0.0
1 BHK,384.46,466.02,12,16,10,1,Fully Furnished,1,1,1,0,2,Wooden,1,1,0,0,0,Covered,0,Borewell,1101.88,Nigdi,411044,Society,4.29,11.15,1.52,2.39,7797.76,5113526.36,13300.43,Builder,55,3,2,1,1,0,0,0,0,0,0,0,0,0,1,0,0,0,0,0,0.059563918986178646,0.06572881092828314,0.5714285714285714,0.631578947368421,0.5,1.0,1.0,0.0,0.2,0.0,0.1111111111111111,1.0,1.0,0.0,0.0,0.0,0.0,0.0346365843472195,0.7678571428577925,0.5680555555555555,0.9102244389027431,0.47653429602888087,0.7080000000000001,0.2634874610377337,0.4909090909090909,1.0,0.0,0.0,0.0,0.0,0.0,0.0,0.0,0.0,0.0,1.0,0.0,0.0,0.0,0.0,0.0
1 RK,422.84,524.06,9,11,6,1,Semi-Furnished,1,1,1,0,2,Granite,1,1,0,1,0,Stilt,0,Municipal,1798.11,Wakad,411057,Society,4.84,3.47,2.62,2.01,15083.75,3460234.16,8183.35,Owner,16,3,1,1,1,0,0,0,0,0,0,0,0,0,0,0,0,0,0,1,0.07793177380451012,0.08825287177895064,0.42857142857142855,0.368421052631579,0.30000000000000004,1.0,1.0,0.0,0.2,0.0,0.1111111111111111,1.0,1.0,0.0,1.0,0.0,0.0,0.11451941567113832,1.0,0.6444444444444445,0.2718204488778055,0.8736462093862817,0.5559999999999999,0.10544304250979389,0.13636363636363635,1.0,0.0,0.0,0.0,0.0,0.0,0.0,0.0,0.0,0.0,0.0,0.0,0.0,0.0,0.0,1.0
2 BHK,664.16,769.14,9,14,11,1,Semi-Furnished,1,3,2,1,2,Marble,1,1,1,0,1,Not Specified,0,Corporation + Borewell,2328.0,Kothrud,411038,Standalone,2.44,8.12,1.1,1.52,31759.71,6682946.59,10062.19,Owner,23,2,1,2,2,0,0,0,0,0,0,0,1,0,0,0,0,0,0,0,0.19342241280294037,0.18336308599813728,0.42857142857142855,0.5263157894736842,0.55,1.0,1.0,0.4000000000000001,0.4,0.2,0.1111111111111111,1.0,1.0,1.0,0.0,1.0,0.0,0.1753170163063183,0.6607142857146755,0.3111111111111111,0.6583541147132168,0.3249097472924188,0.3600000000000001,0.16347226529056622,0.19999999999999998,0.5,0.0,0.0,0.0,0.0,0.0,0.0,0.0,1.0,0.0,0.0,0.0,0.0,0.0,0.0,0.0
2 BHK,453.6,505.2,7,19,7,1,Unfurnished,0,2,2,1,3,Not Specified,0,0,0,0,1,Covered,1,Municipal,994.79,Wakad,411057,Standalone,4.29,3.01,2.01,1.92,8204.32,3273770.58,7217.32,Broker,14,3,0,2,2,0,0,0,0,0,0,0,0,0,0,0,0,0,0,1,0.09265285807266742,0.08093371623719345,0.3333333333333333,0.7894736842105263,0.35000000000000003,1.0,0.0,0.2,0.4,0.2,0.2222222222222222,0.0,0.0,0.0,0.0,1.0,1.0,0.02234947749103909,1.0,0.5680555555555555,0.2335827098919368,0.6534296028880866,0.52,0.07560656357443507,0.11818181818181817,1.0,0.0,0.0,0.0,0.0,0.0,0.0,0.0,0.0,0.0,0.0,0.0,0.0,0.0,0.0,1.0
1 RK,422.4,501.71,6,17,8,1,Unfurnished,1,1,0,0,1,Ceramic,1,1,0,0,0,Covered,0,Municipal,800.0,Pimple Saudagar,411027,Society,4.65,4.8,1.6,1.99,10898.56,2800000.0,6628.83,Not Specified,27,3,0,1,1,0,0,0,0,0,0,0,0,0,0,1,0,0,0,0,0.07772119912707225,0.07957932319155545,0.2857142857142857,0.6842105263157894,0.4,1.0,1.0,0.0,0.0,0.0,0.0,1.0,1.0,0.0,0.0,0.0,0.0,0.0,0.464285714286234,0.6180555555555556,0.3823773898586866,0.5054151624548737,0.548,0.057430658593565664,0.23636363636363636,1.0,0.0,0.0,0.0,0.0,0.0,0.0,0.0,0.0,0.0,0.0,1.0,0.0,0.0,0.0,0.0
4 BHK,937.93,1181.81,7,12,6,1,Semi-Furnished,1,4,4,3,6,Vitrified,0,0,0,0,0,Covered,1,Corporation + Borewell,1946.8200000000002,Pimple Saudagar,411027,Society,3.41,4.95,1.25,1.3,21309.55,11128426.18,11864.84,Broker,48,3,1,4,4,0,0,0,0,0,0,0,0,0,0,1,0,0,0,0,0.32444293426241433,0.34351133188450794,0.3333333333333333,0.42105263157894735,0.30000000000000004,1.0,1.0,0.6000000000000001,0.8,0.6000000000000001,0.5555555555555556,0.0,0.0,0.0,0.0,0.0,1.0,0.13158184596885603,0.464285714286234,0.44583333333333336,0.39484621778886114,0.37906137184115524,0.272,0.219148309256928,0.42727272727272725,1.0,0.0,0.0,0.0,0.0,0.0,0.0,0.0,0.0,0.0,0.0,1.0,0.0,0.0,0.0,0.0
2 BHK,705.35,776.88,7,17,18,1,Semi-Furnished,1,3,2,1,3,Vitrified,1,1,0,0,0,Open,1,Not Specified,1901.19,Magarpatta,411013,Society,5.88,1.4,1.81,1.81,12364.2,4472426.18,6340.75,Broker,18,3,1,2,2,0,0,0,0,0,0,0,0,1,0,0,0,0,0,0,0.21313507408400018,0.18636681154920837,0.3333333333333333,0.6842105263157894,0.9,1.0,1.0,0.4000000000000001,0.4,0.2,0.2222222222222222,1.0,1.0,0.0,0.0,0.0,1.0,0.12634643009578184,0.214285714286234,0.7888888888888889,0.09975062344139649,0.5812274368231047,0.4760000000000001,0.048533116227699014,0.15454545454545454,1.0,0.0,0.0,0.0,0.0,0.0,0.0,0.0,0.0,1.0,0.0,0.0,0.0,0.0,0.0,0.0
3 BHK,892.18,976.7,10,16,7,1,Unfurnished,1,3,2,1,5,Wooden,0,0,1,1,1,Stilt,0,Municipal,3466.01,Shivajinagar,411005,Standalone,1.31,5.85,1.08,1.57,40774.89,8445226.13,9465.81,Broker,27,2,0,3,3,0,0,0,0,0,0,0,0,0,0,0,0,1,0,0,0.3025479535969983,0.26391260478112394,0.47619047619047616,0.631578947368421,0.35000000000000003,1.0,1.0,0.4000000000000001,0.4,0.2,0.4444444444444445,0.0,0.0,1.0,1.0,1.0,0.0,0.3058880357609998,0.071428571429351,0.15416666666666667,0.46965918536990847,0.3176895306859206,0.3800000000000001,0.14505267241304762,0.23636363636363636,0.5,0.0,0.0,0.0,0.0,0.0,0.0,0.0,0.0,0.0,0.0,0.0,0.0,1.0,0.0,0.0
2 BHK,682.67,739.48,10,10,7,1,Semi-Furnished,1,2,2,1,3,Granite,1,1,0,0,0,Stilt,0,Borewell,2571.98,Kharadi,411014,Society,4.24,1.64,1.88,2.09,28838.66,6773690.34,9922.41,Owner,24,2,1,2,2,0,0,0,0,0,1,0,0,0,0,0,0,0,0,0,0.2022809066197021,0.17185268550139715,0.47619047619047616,0.3157894736842105,0.35000000000000003,1.0,1.0,0.2,0.4,0.2,0.2222222222222222,1.0,1.0,0.0,0.0,0.0,0.0,0.20331037078172115,0.232142857143117,0.5611111111111111,0.1197007481296758,0.6064981949458483,0.588,0.1591550670404244,0.20909090909090908,0.5,0.0,0.0,0.0,0.0,0.0,1.0,0.0,0.0,0.0,0.0,0.0,0.0,0.0,0.0,0.0
4 BHK,1582.73,1943.61,11,19,9,1,Semi-Furnished,1,4,4,2,5,Vitrified,1,1,0,1,0,Covered,0,Municipal,4307.16,Wakad,411057,Society,4.3,3.46,2.11,2.18,30634.74,12937619.56,8174.22,Owner,10,3,1,4,4,0,0,0,0,0,0,0,0,0,0,0,0,0,0,1,0.6330305524713811,0.6391493325054332,0.5238095238095237,0.7894736842105263,0.45,1.0,1.0,0.6000000000000001,0.8,0.4,0.4444444444444445,1.0,1.0,0.0,1.0,0.0,0.0,0.40239844692988697,1.0,0.5694444444444444,0.2709891936824605,0.6895306859205776,0.6240000000000001,0.10516105638857629,0.08181818181818182,1.0,0.0,0.0,0.0,0.0,0.0,0.0,0.0,0.0,0.0,0.0,0.0,0.0,0.0,0.0,1.0
3 BHK,789.58,897.93,6,14,4,1,Semi-Furnished,1,3,3,2,4,Ceramic,1,1,1,0,0,Open,0,Municipal,2078.22,Shivajinagar,411005,Society,1.52,7.26,1.03,1.69,23689.3,8484537.48,10745.59,Broker,33,2,1,3,3,0,0,0,0,0,0,0,0,0,0,0,0,1,0,0,0.2534457674489835,0.23334368208630862,0.2857142857142857,0.5263157894736842,0.2,1.0,1.0,0.4000000000000001,0.6000000000000001,0.4,0.3333333333333333,1.0,1.0,1.0,0.0,0.0,0.0,0.14665819148106163,0.071428571429351,0.18333333333333332,0.5868661679135494,0.2996389891696751,0.42800000000000005,0.18457952873416958,0.2909090909090909,0.5,0.0,0.0,0.0,0.0,0.0,0.0,0.0,0.0,0.0,0.0,0.0,0.0,1.0,0.0,0.0
3 BHK,1211.45,1462.37,2,10,3,1,Semi-Furnished,1,3,2,2,5,Vitrified,1,1,0,1,1,Stilt,1,Municipal,4592.15,Viman Nagar,411014,Society,1.82,5.04,1.85,1.41,40580.51,19559239.47,16145.29,Broker,4,2,1,3,3,0,0,0,0,0,0,0,0,0,0,0,0,0,1,0,0.45534381101879856,0.4523905619372866,0.09523809523809523,0.3157894736842105,0.15000000000000002,1.0,1.0,0.4000000000000001,0.4,0.4,0.4444444444444445,1.0,1.0,0.0,1.0,1.0,1.0,0.4350971357238252,0.232142857143117,0.22500000000000003,0.40232751454696586,0.5956678700361011,0.31599999999999995,0.35135285389721505,0.02727272727272727,0.5,0.0,0.0,0.0,0.0,0.0,0.0,0.0,0.0,0.0,0.0,0.0,0.0,0.0,1.0,0.0
1 BHK,412.57,455.25,9,18,0,1,Fully Furnished,1,1,0,0,2,Wooden,1,1,0,0,0,Covered,1,Corporation + Borewell,875.33,Kharadi,411014,Society,3.67,1.76,1.71,1.61,23050.93,6850677.76,16604.78,Broker,5,2,2,1,1,0,0,0,0,0,1,0,0,0,0,0,0,0,0,0,0.07301676940158507,0.061549208320397425,0.42857142857142855,0.7368421052631579,0.0,1.0,1.0,0.0,0.0,0.0,0.1111111111111111,1.0,1.0,0.0,0.0,0.0,1.0,0.008643083009394606,0.232142857143117,0.4819444444444444,0.12967581047381543,0.5451263537906137,0.39600000000000013,0.3655445080963682,0.03636363636363636,0.5,0.0,0.0,0.0,0.0,0.0,1.0,0.0,0.0,0.0,0.0,0.0,0.0,0.0,0.0,0.0
2 BHK,699.32,860.12,10,10,10,1,Semi-Furnished,1,3,2,0,3,Ceramic,1,1,0,0,0,Open,1,Tanker,1458.89,Aundh,411007,Society,3.63,3.92,1.45,2.1,21335.49,6443324.3,9213.69,Owner,21,2,1,2,2,1,0,0,0,0,0,0,0,0,0,0,0,0,0,0,0.2102492438454765,0.2186704439615027,0.47619047619047616,0.3157894736842105,0.5,1.0,1.0,0.4000000000000001,0.4,0.0,0.2222222222222222,1.0,1.0,0.0,0.0,0.0,1.0,0.07559857910606682,0.107142857143117,0.47638888888888886,0.3092269326683291,0.45126353790613716,0.5920000000000001,0.13726577855966557,0.1818181818181818,0.5,1.0,0.0,0.0,0.0,0.0,0.0,0.0,0.0,0.0,0.0,0.0,0.0,0.0,0.0,0.0
2 BHK,448.87,486.99,0,9,5,1,Fully Furnished,1,3,3,1,2,Vitrified,0,0,1,0,1,Covered,0,Corporation + Borewell,1646.52,Kalyani Nagar,411006,Society,2.32,5.56,1.32,1.4,39311.04,13402225.52,29857.71,Owner,80,1,2,2,2,0,0,0,0,1,0,0,0,0,0,0,0,0,0,0,0.09038918029021019,0.07386681154920835,0.0,0.2631578947368421,0.25,1.0,1.0,0.4000000000000001,0.6000000000000001,0.2,0.1111111111111111,0.0,0.0,1.0,0.0,1.0,0.0,0.09712654492383807,0.089285714286234,0.2944444444444444,0.44555278470490434,0.40433212996389895,0.31199999999999994,0.7748700640074521,0.7181818181818183,0.0,0.0,0.0,0.0,0.0,1.0,0.0,0.0,0.0,0.0,0.0,0.0,0.0,0.0,0.0,0.0
2 BHK,599.18,718.42,14,14,7,1,Unfurnished,1,3,2,0,4,Marble,1,1,0,0,1,Covered,1,Not Specified,2353.08,Viman Nagar,411014,Society,2.31,6.09,1.32,1.5,23361.46,8601148.18,14354.96,Owner,28,2,0,2,2,0,0,0,0,0,0,0,0,0,0,0,0,0,1,0,0.16232436157586427,0.16367975783918037,0.6666666666666666,0.5263157894736842,0.35000000000000003,1.0,1.0,0.4000000000000001,0.4,0.0,0.3333333333333333,1.0,1.0,0.0,0.0,1.0,1.0,0.1781946018881,0.232142857143117,0.29305555555555557,0.48960931005818775,0.40433212996389895,0.3520000000000001,0.2960573213233395,0.24545454545454543,0.5,0.0,0.0,0.0,0.0,0.0,0.0,0.0,0.0,0.0,0.0,0.0,0.0,0.0,1.0,0.0
3 BHK,991.12,1145.59,5,15,8,1,Unfurnished,0,3,3,1,3,Marble,0,0,0,0,0,Open,1,Municipal,3406.02,Kothrud,411038,Society,0.97,6.55,1.34,1.57,36338.26,7129667.07,7193.55,Owner,14,2,0,3,3,0,0,0,0,0,0,0,1,0,0,0,0,0,0,0,0.34989854129177994,0.32945513815585226,0.23809523809523808,0.5789473684210527,0.4,1.0,0.0,0.4000000000000001,0.6000000000000001,0.2,0.2222222222222222,0.0,0.0,0.0,0.0,0.0,1.0,0.2990050070907013,0.6607142857146755,0.10694444444444444,0.5278470490440564,0.41155234657039713,0.3800000000000001,0.07487241131799019,0.11818181818181817,0.5,0.0,0.0,0.0,0.0,0.0,0.0,0.0,1.0,0.0,0.0,0.0,0.0,0.0,0.0,0.0
3 BHK,829.35,943.88,1,11,8,1,Semi-Furnished,1,3,3,2,4,Granite,0,0,1,1,1,Covered,0,Tanker,3309.13,Kothrud,411038,Standalone,2.65,7.53,0.91,1.45,37917.29,7554900.29,9109.44,Broker,50,2,1,3,3,0,0,0,0,0,0,0,1,0,0,0,0,0,0,0,0.27247884681649376,0.2511758770568147,0.047619047619047616,0.368421052631579,0.4,1.0,1.0,0.4000000000000001,0.6000000000000001,0.4,0.3333333333333333,0.0,0.0,1.0,1.0,1.0,0.0,0.28788821016012595,0.6607142857146755,0.3402777777777778,0.6093100581878637,0.2563176895306859,0.33199999999999996,0.13404594798606936,0.44545454545454544,0.5,0.0,0.0,0.0,0.0,0.0,0.0,0.0,1.0,0.0,0.0,0.0,0.0,0.0,0.0,0.0
2 BHK,691.27,962.365,17,19,10,1,Unfurnished,0,2,1,1,4,Vitrified,1,0,0,0,0,Covered,0,Tanker,2713.71,Hadapsar,411028,Society,5.65,0.39,2.27,1.89,20364.19,4818693.27,6970.79,Broker,14,3,0,2,2,0,0,1,0,0,0,0,0,0,0,0,0,0,0,0,0.20639668440598796,0.2583495032598572,0.8095238095238095,0.7894736842105263,0.5,1.0,0.0,0.2,0.2,0.2,0.3333333333333333,1.0,0.0,0.0,0.0,0.0,0.0,0.21957194193426988,0.482142857143117,0.7569444444444445,0.01579384871155445,0.7472924187725632,0.508,0.06799232058826074,0.11818181818181817,1.0,0.0,0.0,1.0,0.0,0.0,0.0,0.0,0.0,0.0,0.0,0.0,0.0,0.0,0.0,0.0
1 RK,403.18,752.35,2,8,19,1,Semi-Furnished,1,1,0,0,2,Ceramic,1,1,0,1,1,Covered,1,Municipal,1494.65,Kharadi,411014,Society,4.45,2.01,2.31,1.98,11037.83,3161225.8,7840.66,Broker,63,2,1,1,1,0,0,0,0,0,1,0,0,0,0,0,0,0,0,0,0.06852291435353576,0.17684725240608512,0.09523809523809523,0.21052631578947367,0.9500000000000001,1.0,1.0,0.0,0.0,0.0,0.1111111111111111,1.0,1.0,0.0,1.0,1.0,1.0,0.0797015480217173,0.232142857143117,0.5902777777777778,0.1504571903574397,0.7617328519855596,0.544,0.09485883397966735,0.5636363636363637,0.5,0.0,0.0,0.0,0.0,0.0,1.0,0.0,0.0,0.0,0.0,0.0,0.0,0.0,0.0,0.0
3 BHK,744.62,952.62,5,10,9,1,Semi-Furnished,1,3,3,3,5,Granite,1,1,1,1,1,Open,1,Municipal,3911.41,Koregaon Park,411001,Society,2.32,3.81,1.48,0.9,54352.47,21598438.02,29005.92,Owner,47,1,1,3,3,0,0,0,0,0,0,1,0,0,0,0,0,0,0,0,0.23192886404533097,0.2545676808444583,0.23809523809523808,0.3157894736842105,0.45,1.0,1.0,0.4000000000000001,0.6000000000000001,0.6000000000000001,0.4444444444444445,1.0,1.0,1.0,1.0,1.0,1.0,0.356991569179085,0.0,0.2944444444444444,0.3000831255195345,0.4620938628158845,0.11200000000000004,0.7485619634387852,0.41818181818181815,0.0,0.0,0.0,0.0,0.0,0.0,0.0,1.0,0.0,0.0,0.0,0.0,0.0,0.0,0.0,0.0
2 BHK,418.5,456.08,1,12,10,1,Semi-Furnished,1,3,3,1,3,Wooden,1,1,0,0,0,Covered,0,Corporation + Borewell,1028.25,Hinjewadi,411057,Society,5.88,0.81,2.39,2.59,18455.76,5208364.95,12445.31,Broker,6,3,1,2,2,0,0,0,1,0,0,0,0,0,0,0,0,0,0,0,0.07585474175887284,0.061871313256752575,0.047619047619047616,0.42105263157894735,0.5,1.0,1.0,0.4000000000000001,0.6000000000000001,0.2,0.2222222222222222,1.0,1.0,0.0,0.0,0.0,0.0,0.026188552992092384,1.0,0.7888888888888889,0.05070656691604322,0.7906137184115524,0.788,0.23707651120470155,0.045454545454545456,1.0,0.0,0.0,0.0,1.0,0.0,0.0,0.0,0.0,0.0,0.0,0.0,0.0,0.0,0.0,0.0
2 BHK,312.98,355.45,1,18,6,1,Semi-Furnished,0,2,1,1,4,Ceramic,0,0,1,0,1,Covered,1,Corporation + Borewell,1317.1,Aundh,411007,Standalone,4.51,2.59,1.79,1.72,12822.38,2800000.0,8946.32,Broker,14,2,1,2,2,1,0,0,0,0,0,0,0,0,0,0,0,0,0,0,0.02535510547877025,0.022819000310462606,0.047619047619047616,0.7368421052631579,0.30000000000000004,1.0,0.0,0.2,0.2,0.2,0.3333333333333333,0.0,0.0,1.0,0.0,1.0,1.0,0.05933012377748506,0.107142857143117,0.5986111111111111,0.198669991687448,0.5740072202166066,0.44000000000000006,0.12900787831542174,0.11818181818181817,0.5,1.0,0.0,0.0,0.0,0.0,0.0,0.0,0.0,0.0,0.0,0.0,0.0,0.0,0.0,0.0
4 BHK,1541.31,1911.26,8,14,12,1,Semi-Furnished,1,4,4,2,5,Wooden,0,0,0,0,0,Not Specified,0,Municipal,2119.8,Nigdi,411044,Standalone,2.65,12.23,2.06,2.8,33442.95,12277334.95,7965.52,Owner,6,3,1,4,4,0,0,0,0,0,0,0,0,0,1,0,0,0,0,0,0.6132078180634788,0.626595001552313,0.38095238095238093,0.5263157894736842,0.6000000000000001,1.0,1.0,0.6000000000000001,0.8,0.4,0.4444444444444445,0.0,0.0,0.0,0.0,0.0,0.0,0.1514289254719103,0.7678571428577925,0.3402777777777778,1.0,0.6714801444043321,0.8719999999999999,0.09871521810838896,0.045454545454545456,1.0,0.0,0.0,0.0,0.0,0.0,0.0,0.0,0.0,0.0,1.0,0.0,0.0,0.0,0.0,0.0
1 BHK,511.53,641.57,16,16,16,1,Semi-Furnished,1,1,0,0,1,Ceramic,1,1,0,0,0,Open,0,Municipal,800.0,Hinjewadi,411057,Society,6.21,0.2,2.79,2.78,14964.62,4131153.16,8076.03,Owner,28,3,1,1,1,0,0,0,1,0,0,0,0,0,0,0,0,0,0,0,0.1203769286726138,0.13385594535858433,0.7619047619047619,0.631578947368421,0.8,1.0,1.0,0.0,0.0,0.0,0.0,1.0,1.0,0.0,0.0,0.0,0.0,0.0,1.0,0.8347222222222223,0.0,0.9350180505415163,0.8639999999999999,0.10212839294472578,0.24545454545454543,1.0,0.0,0.0,0.0,1.0,0.0,0.0,0.0,0.0,0.0,0.0,0.0,0.0,0.0,0.0,0.0
1 BHK,417.23,530.49,8,19,11,1,Semi-Furnished,1,1,0,0,1,Vitrified,1,1,0,0,0,Bike,0,Municipal,1869.48,Wakad,411057,Society,4.32,3.13,1.85,2.47,12344.91,5023870.0,12041.0,Broker,41,3,1,1,1,0,0,0,0,0,0,0,0,0,0,0,0,0,0,1,0.07524694666717717,0.09074821484011181,0.38095238095238093,0.7894736842105263,0.55,1.0,1.0,0.0,0.0,0.0,0.0,1.0,1.0,0.0,0.0,0.0,0.0,0.12270814306235686,1.0,0.5722222222222223,0.24355777223607644,0.5956678700361011,0.7400000000000001,0.22458912799884365,0.3636363636363636,1.0,0.0,0.0,0.0,0.0,0.0,0.0,0.0,0.0,0.0,0.0,0.0,0.0,0.0,0.0,1.0
3 BHK,1080.36,1181.53,9,17,8,1,Semi-Furnished,1,3,3,1,5,Ceramic,0,0,1,1,0,Open,1,Borewell,4002.29,Wakad,411057,Standalone,4.73,2.0,2.25,2.52,33594.96,6957379.03,6439.85,Broker,52,3,1,3,3,0,0,0,0,0,0,0,0,0,0,0,0,0,0,1,0.3926069145066809,0.3434026699782677,0.42857142857142855,0.6842105263157894,0.4,1.0,1.0,0.4000000000000001,0.6000000000000001,0.2,0.4444444444444445,0.0,0.0,1.0,1.0,0.0,1.0,0.36741880114369113,1.0,0.6291666666666668,0.14962593516209474,0.740072202166065,0.76,0.051593885626676356,0.4636363636363636,1.0,0.0,0.0,0.0,0.0,0.0,0.0,0.0,0.0,0.0,0.0,0.0,0.0,0.0,0.0,1.0
2 BHK,620.08,769.34,9,11,9,1,Unfurnished,0,2,2,2,3,Vitrified,1,1,1,1,1,Covered,1,Borewell,2367.08,Baner,411045,Society,3.68,2.5,1.95,2.14,20899.8,6556969.97,10574.33,Broker,36,1,0,2,2,0,1,0,0,0,0,0,0,0,0,0,0,0,0,0,0.17232665875416364,0.1834407016454518,0.42857142857142855,0.368421052631579,0.45,1.0,0.0,0.2,0.4,0.4,0.2222222222222222,1.0,1.0,1.0,1.0,1.0,1.0,0.17980090962912648,0.7857142857146755,0.4833333333333334,0.1911886949293433,0.631768953068592,0.6080000000000001,0.17929004975062915,0.3181818181818182,0.0,0.0,1.0,0.0,0.0,0.0,0.0,0.0,0.0,0.0,0.0,0.0,0.0,0.0,0.0,0.0
2 BHK,638.48,766.02,6,13,11,1,Semi-Furnished,1,3,1,1,4,Vitrified,1,1,1,0,1,Covered,0,Municipal,2063.41,Viman Nagar,411014,Society,3.14,5.77,2.03,1.16,19468.65,5828876.08,9129.34,Broker,18,2,1,2,2,0,0,0,0,0,0,0,0,0,0,0,0,0,1,0,0.1811325089015659,0.18215228190003108,0.2857142857142857,0.4736842105263157,0.55,1.0,1.0,0.4000000000000001,0.2,0.2,0.3333333333333333,1.0,1.0,1.0,0.0,1.0,0.0,0.14495894736359005,0.232142857143117,0.4083333333333334,0.4630091438071487,0.6606498194945848,0.21599999999999997,0.13466057271906276,0.15454545454545454,0.5,0.0,0.0,0.0,0.0,0.0,0.0,0.0,0.0,0.0,0.0,0.0,0.0,0.0,1.0,0.0
3 BHK,997.01,1270.93,2,11,10,1,Semi-Furnished,1,3,4,1,6,Ceramic,1,1,0,1,0,Covered,0,Tanker,2456.15,Wakad,411057,Society,5.14,1.7,2.08,2.16,34688.63,6917912.74,6938.63,Broker,22,3,1,3,3,0,0,0,0,0,0,0,0,0,0,0,0,0,0,1,0.35271737049657337,0.3780968643278486,0.09523809523809523,0.368421052631579,0.5,1.0,1.0,0.4000000000000001,0.8,0.2,0.5555555555555556,1.0,1.0,0.0,1.0,0.0,0.0,0.1900204689500714,1.0,0.6861111111111111,0.12468827930174561,0.6787003610108304,0.6160000000000001,0.06699903760267942,0.1909090909090909,1.0,0.0,0.0,0.0,0.0,0.0,0.0,0.0,0.0,0.0,0.0,0.0,0.0,0.0,0.0,1.0
1 RK,422.7,456.79,7,13,9,1,Semi-Furnished,1,2,1,0,1,Granite,0,1,0,1,0,Covered,0,Municipal,939.59,Hinjewadi,411057,Society,5.86,0.31,2.38,2.64,8248.07,4022920.73,9517.3,Owner,2,3,1,1,1,0,0,0,1,0,0,0,0,0,0,0,0,0,0,0,0.0778647727707799,0.062146848804719046,0.3333333333333333,0.4736842105263157,0.45,1.0,1.0,0.2,0.2,0.0,0.0,0.0,1.0,0.0,1.0,0.0,0.0,0.016016035540706144,1.0,0.7861111111111112,0.009143807148794678,0.7870036101083032,0.808,0.14664297530258688,0.00909090909090909,1.0,0.0,0.0,0.0,1.0,0.0,0.0,0.0,0.0,0.0,0.0,0.0,0.0,0.0,0.0,0.0
1 BHK,460.6,582.03,7,14,9,1,Fully Furnished,1,1,0,0,1,Vitrified,0,0,0,0,1,Open,1,Municipal,1497.23,Nigdi,411044,Society,4.13,10.57,2.28,2.71,20528.65,4108625.75,8920.12,Owner,108,3,2,1,1,0,0,0,0,0,0,0,0,0,1,0,0,0,0,0,0.09600290975917915,0.11074976715305807,0.3333333333333333,0.5263157894736842,0.45,1.0,1.0,0.0,0.0,0.0,0.0,0.0,0.0,0.0,0.0,1.0,1.0,0.07999756759113502,0.7678571428577925,0.5458333333333333,0.8620116375727347,0.7509025270758122,0.8360000000000001,0.12819867389308867,0.9727272727272728,1.0,0.0,0.0,0.0,0.0,0.0,0.0,0.0,0.0,0.0,1.0,0.0,0.0,0.0,0.0,0.0
1 BHK,427.44,464.68,2,14,12,1,Unfurnished,1,2,0,0,2,Ceramic,1,1,1,0,0,Bike,0,Municipal,957.89,Magarpatta,411013,Society,4.6,2.43,1.88,2.34,9591.63,2800000.0,6550.6,Owner,11,3,0,1,1,0,0,0,0,0,0,0,0,1,0,0,0,0,0,0,0.0801332363413607,0.06520878609127603,0.09523809523809523,0.5263157894736842,0.6000000000000001,1.0,1.0,0.2,0.0,0.0,0.1111111111111111,1.0,1.0,1.0,0.0,0.0,0.0,0.018115709230762167,0.214285714286234,0.611111111111111,0.1853699085619285,0.6064981949458483,0.688,0.05501447302260709,0.0909090909090909,1.0,0.0,0.0,0.0,0.0,0.0,0.0,0.0,0.0,1.0,0.0,0.0,0.0,0.0,0.0,0.0
2 BHK,749.49,926.84,7,15,2,1,Unfurnished,1,2,1,1,3,Vitrified,0,1,0,0,0,Covered,1,Municipal,1948.8,Nigdi,411044,Standalone,3.64,10.48,1.81,2.2,22260.41,5604587.11,7477.92,Owner,15,3,0,2,2,0,0,0,0,0,0,0,0,0,1,0,0,0,0,0,0.23425954286151845,0.24456302390561946,0.3333333333333333,0.5789473684210527,0.1,1.0,1.0,0.2,0.2,0.2,0.2222222222222222,0.0,1.0,0.0,0.0,0.0,1.0,0.131809023777944,0.7678571428577925,0.47777777777777786,0.85453034081463,0.5812274368231047,0.6320000000000001,0.08365536786680128,0.12727272727272726,1.0,0.0,0.0,0.0,0.0,0.0,0.0,0.0,0.0,0.0,1.0,0.0,0.0,0.0,0.0,0.0
1 RK,354.98,411.01,0,10,15,1,Semi-Furnished,1,1,0,0,1,Marble,0,0,0,0,0,Open,0,Tanker,2055.14,Magarpatta,411013,Society,5.07,2.2,1.8,2.11,9080.79,2800000.0,7887.77,Owner,11,3,1,1,1,0,0,0,0,0,0,0,0,1,0,0,0,0,0,0,0.04545541559784065,0.044380627134430306,0.0,0.3157894736842105,0.75,1.0,1.0,0.0,0.0,0.0,0.0,0.0,0.0,0.0,0.0,0.0,0.0,0.14401007843371227,0.214285714286234,0.6763888888888889,0.16625103906899416,0.5776173285198556,0.596,0.09631385765661815,0.0909090909090909,1.0,0.0,0.0,0.0,0.0,0.0,0.0,0.0,0.0,1.0,0.0,0.0,0.0,0.0,0.0,0.0
1 BHK,363.28,454.02,3,5,9,1,Unfurnished,0,1,1,0,1,Ceramic,1,0,0,0,0,Open,0,Municipal,896.74,Aundh,411007,Society,3.79,4.0,1.38,1.51,16024.41,4676336.94,12872.56,Owner,15,2,0,1,1,1,0,0,0,0,0,0,0,0,0,0,0,0,0,0,0.04942761974041883,0.061071872089413226,0.14285714285714285,0.05263157894736842,0.45,1.0,0.0,0.0,0.2,0.0,0.0,1.0,0.0,0.0,0.0,0.0,0.0,0.01109958649049296,0.107142857143117,0.4986111111111111,0.3158769742310889,0.42599277978339345,0.3560000000000001,0.2502724115650755,0.12727272727272726,0.5,1.0,0.0,0.0,0.0,0.0,0.0,0.0,0.0,0.0,0.0,0.0,0.0,0.0,0.0,0.0
5 BHK,1289.96,1448.9,7,12,7,1,Semi-Furnished,1,5,5,3,8,Granite,1,1,1,0,0,Covered,0,Corporation + Borewell,2119.8,Nigdi,411044,Standalone,3.18,9.89,1.92,2.27,39610.6,10325629.15,8004.59,Broker,11,3,1,5,5,0,0,0,0,0,0,0,0,0,1,0,0,0,0,0,0.49291703357708955,0.4471631480906552,0.3333333333333333,0.42105263157894735,0.35000000000000003,1.0,1.0,0.8,1.0,0.6000000000000001,0.7777777777777777,1.0,1.0,1.0,0.0,0.0,0.0,0.1514289254719103,0.7678571428577925,0.4138888888888889,0.8054862842892767,0.6209386281588447,0.66,0.09992192103894437,0.0909090909090909,1.0,0.0,0.0,0.0,0.0,0.0,0.0,0.0,0.0,0.0,1.0,0.0,0.0,0.0,0.0,0.0
3 BHK,1240.63,1482.34,10,14,5,1,Semi-Furnished,1,4,3,1,3,Marble,1,1,0,1,0,Open,0,Corporation + Borewell,4807.67,Kothrud,411038,Society,2.66,6.87,1.23,1.36,43554.7,10418996.02,8398.15,Broker,10,2,1,3,3,0,0,0,0,0,0,0,1,0,0,0,0,0,0,0,0.46930874076342893,0.4601404843216393,0.47619047619047616,0.5263157894736842,0.25,1.0,1.0,0.6000000000000001,0.6000000000000001,0.2,0.2222222222222222,1.0,1.0,0.0,1.0,0.0,0.0,0.45982509603425564,0.6607142857146755,0.3416666666666667,0.5544472152950956,0.37184115523465705,0.29600000000000004,0.11207728334632591,0.08181818181818182,0.5,0.0,0.0,0.0,0.0,0.0,0.0,0.0,1.0,0.0,0.0,0.0,0.0,0.0,0.0,0.0
2 BHK,687.19,797.35,15,15,0,1,Unfurnished,1,2,1,0,2,Granite,1,0,1,1,0,Covered,0,Borewell,2121.28,Shivajinagar,411005,Society,0.41,6.2,0.98,1.78,18521.76,9756850.41,14198.11,Not Specified,46,2,0,2,2,0,0,0,0,0,0,0,0,0,0,0,0,1,0,0,0.204444082851564,0.1943107730518473,0.7142857142857142,0.5789473684210527,0.0,1.0,1.0,0.2,0.2,0.0,0.1111111111111111,1.0,0.0,1.0,1.0,0.0,0.0,0.15159873514739025,0.071428571429351,0.029166666666666664,0.49875311720698245,0.2815884476534296,0.4640000000000001,0.2912129047720824,0.40909090909090906,0.5,0.0,0.0,0.0,0.0,0.0,0.0,0.0,0.0,0.0,0.0,0.0,0.0,1.0,0.0,0.0
3 BHK,1098.3,1275.11,6,8,6,1,Fully Furnished,1,3,4,2,4,Vitrified,1,1,1,1,1,Covered,1,Corporation + Borewell,6142.04,Baner,411045,Society,3.1,3.08,1.73,2.43,69294.58,16413754.52,14944.7,Owner,9,1,2,3,3,0,1,0,0,0,0,0,0,0,0,0,0,0,0,0,0.40119261840039816,0.3797190313567215,0.2857142857142857,0.21052631578947367,0.30000000000000004,1.0,1.0,0.4000000000000001,0.8,0.4,0.3333333333333333,1.0,1.0,1.0,1.0,1.0,1.0,0.6129257289195056,0.7857142857146755,0.4027777777777778,0.2394014962593516,0.5523465703971119,0.7240000000000001,0.3142718333854272,0.07272727272727272,0.0,0.0,1.0,0.0,0.0,0.0,0.0,0.0,0.0,0.0,0.0,0.0,0.0,0.0,0.0,0.0
1 BHK,376.82,471.05,4,13,13,1,Semi-Furnished,1,1,0,0,1,Marble,0,0,0,1,0,Open,0,Municipal,1333.38,Kharadi,411014,Standalone,4.34,1.45,2.33,1.7,9641.98,2897906.82,7690.44,Broker,25,2,1,1,1,0,0,0,0,0,1,0,0,0,0,0,0,0,0,0,0.055907576859757266,0.0676808444582428,0.19047619047619047,0.4736842105263157,0.65,1.0,1.0,0.0,0.0,0.0,0.0,0.0,0.0,0.0,1.0,0.0,0.0,0.06119803020776446,0.232142857143117,0.575,0.10390689941812134,0.7689530685920578,0.43200000000000005,0.09021918938719134,0.21818181818181817,0.5,0.0,0.0,0.0,0.0,0.0,1.0,0.0,0.0,0.0,0.0,0.0,0.0,0.0,0.0,0.0
3 BHK,1244.12,1449.35,5,10,10,1,Semi-Furnished,0,3,1,2,5,Granite,1,1,1,1,0,Covered,1,Municipal,5708.12,Baner,411045,Society,2.54,4.5,1.82,2.22,54293.04,15693246.62,12613.92,Owner,7,1,1,3,3,0,1,0,0,0,0,0,0,0,0,0,0,0,0,0,0.4709789808185612,0.44733778329711277,0.23809523809523808,0.3157894736842105,0.5,1.0,0.0,0.4000000000000001,0.2,0.4,0.4444444444444445,1.0,1.0,1.0,1.0,0.0,1.0,0.5631393678490622,0.7857142857146755,0.325,0.35743973399833745,0.5848375451263538,0.6400000000000001,0.24228414317605942,0.054545454545454536,0.0,0.0,1.0,0.0,0.0,0.0,0.0,0.0,0.0,0.0,0.0,0.0,0.0,0.0,0.0,0.0
4 BHK,1144.85,1236.74,5,13,12,1,Semi-Furnished,1,5,4,2,5,Granite,1,1,0,1,1,Bike,1,Tanker,3863.19,Viman Nagar,411014,Society,2.79,5.79,1.82,1.86,34531.08,10692466.68,9339.61,Owner,15,2,1,4,4,0,0,0,0,0,0,0,0,0,0,0,0,0,1,0,0.4234704621157012,0.36482846941943503,0.23809523809523808,0.4736842105263157,0.6000000000000001,1.0,1.0,0.8,0.8,0.4,0.4444444444444445,1.0,1.0,0.0,1.0,1.0,1.0,0.3514589863739209,0.232142857143117,0.3597222222222222,0.4646716541978387,0.5848375451263538,0.4960000000000001,0.14115490149326018,0.12727272727272726,0.5,0.0,0.0,0.0,0.0,0.0,0.0,0.0,0.0,0.0,0.0,0.0,0.0,0.0,1.0,0.0
2 BHK,539.34,661.62,3,10,13,1,Semi-Furnished,1,3,3,0,4,Vitrified,1,0,0,1,1,Not Specified,1,Corporation + Borewell,2745.67,Kothrud,411038,Society,0.74,8.06,0.51,1.15,22425.76,5138616.12,9527.63,Broker,22,2,1,2,2,0,0,0,0,0,0,0,1,0,0,0,0,0,0,0,0.1336862054443126,0.1416369140018628,0.14285714285714285,0.3157894736842105,0.65,1.0,1.0,0.4000000000000001,0.6000000000000001,0.0,0.3333333333333333,1.0,0.0,0.0,1.0,1.0,1.0,0.22323891303449894,0.6607142857146755,0.07500000000000001,0.6533665835411471,0.11191335740072202,0.21199999999999997,0.14696202422177387,0.1909090909090909,0.5,0.0,0.0,0.0,0.0,0.0,0.0,0.0,1.0,0.0,0.0,0.0,0.0,0.0,0.0,0.0
4 BHK,1274.98,839.46,9,12,9,1,Semi-Furnished,1,5,5,4,8,Ceramic,0,0,0,1,0,Covered,0,Municipal,3666.52,Shivajinagar,411005,Society,1.45,7.01,0.99,1.25,55428.14,12472777.25,9782.71,Owner,27,2,1,4,4,0,0,0,0,0,0,0,0,0,0,0,0,1,0,0,0.4857479229679544,0.210652747593915,0.42857142857142855,0.42105263157894735,0.45,1.0,1.0,0.8,1.0,0.8,0.7777777777777777,0.0,0.0,0.0,1.0,0.0,0.0,0.32889380470051544,0.071428571429351,0.1736111111111111,0.5660847880299251,0.2851985559566787,0.252,0.15484033964348057,0.23636363636363636,0.5,0.0,0.0,0.0,0.0,0.0,0.0,0.0,0.0,0.0,0.0,0.0,0.0,1.0,0.0,0.0
3 BHK,846.48,1064.72,7,11,15,1,Fully Furnished,1,4,3,2,3,Marble,1,1,0,0,0,Stilt,1,Borewell,2156.78,Nigdi,411044,Society,3.28,10.96,1.47,2.39,24275.22,11741357.23,13870.72,Owner,8,3,2,3,3,0,0,0,0,0,0,0,0,0,1,0,0,0,0,0,0.28067690187220035,0.2980712511642348,0.3333333333333333,0.368421052631579,0.75,1.0,1.0,0.6000000000000001,0.6000000000000001,0.4,0.2222222222222222,1.0,1.0,0.0,0.0,0.0,1.0,0.15567187263356452,0.7678571428577925,0.42777777777777776,0.8944305901911886,0.45848375451263534,0.7080000000000001,0.2811012469160663,0.06363636363636363,1.0,0.0,0.0,0.0,0.0,0.0,0.0,0.0,0.0,0.0,1.0,0.0,0.0,0.0,0.0,0.0
4 BHK,1295.1,1618.09,16,16,11,1,Unfurnished,0,5,3,3,5,Vitrified,0,0,1,0,1,Open,0,Corporation + Borewell,4293.44,Hinjewadi,411057,Standalone,5.19,1.71,2.31,2.76,27349.2,12798101.41,9881.93,Broker,44,3,0,4,4,0,0,0,1,0,0,0,0,0,0,0,0,0,0,0,0.4953769286726138,0.5128221049363553,0.7619047619047619,0.631578947368421,0.55,1.0,0.0,0.8,0.6000000000000001,0.6000000000000001,0.4444444444444445,0.0,0.0,1.0,0.0,1.0,0.0,0.400824265343681,1.0,0.6930555555555556,0.12551953449709058,0.7617328519855596,0.8559999999999999,0.1579048153222549,0.3909090909090909,1.0,0.0,0.0,0.0,1.0,0.0,0.0,0.0,0.0,0.0,0.0,0.0,0.0,0.0,0.0,0.0
1 BHK,405.01,514.67,7,18,9,1,Semi-Furnished,1,1,0,0,2,Vitrified,1,1,0,1,0,Open,1,Corporation + Borewell,1596.97,Aundh,411007,Society,3.6,4.71,1.09,1.6,17075.94,3661638.63,9040.78,Owner,31,2,1,1,1,1,0,0,0,0,0,0,0,0,0,0,0,0,0,0,0.06939871358015239,0.08460881713753493,0.3333333333333333,0.7368421052631579,0.45,1.0,1.0,0.0,0.0,0.0,0.1111111111111111,1.0,1.0,0.0,1.0,0.0,1.0,0.0914413628832765,0.107142857143117,0.4722222222222222,0.3748960931005818,0.3212996389891697,0.3920000000000001,0.1319253382289172,0.2727272727272727,0.5,1.0,0.0,0.0,0.0,0.0,0.0,0.0,0.0,0.0,0.0,0.0,0.0,0.0,0.0,0.0
2 BHK,557.31,621.62,4,18,6,1,Semi-Furnished,1,2,3,1,2,Ceramic,1,1,0,0,0,Covered,0,Not Specified,1050.9,Nigdi,411044,Society,4.18,10.56,1.68,2.11,18648.64,3171285.46,5690.34,Broker,22,3,1,2,2,0,0,0,0,0,0,0,0,0,1,0,0,0,0,0,0.14228626670240052,0.12611378453896308,0.19047619047619047,0.7368421052631579,0.30000000000000004,1.0,1.0,0.2,0.6000000000000001,0.2,0.1111111111111111,1.0,1.0,0.0,0.0,0.0,0.0,0.028787329444538795,0.7678571428577925,0.5527777777777777,0.8611803823773898,0.5342960288808665,0.596,0.02844477087160585,0.1909090909090909,1.0,0.0,0.0,0.0,0.0,0.0,0.0,0.0,0.0,0.0,1.0,0.0,0.0,0.0,0.0,0.0
3 BHK,1154.65,1338.84,1,11,4,1,Semi-Furnished,1,4,2,2,5,Not Specified,1,0,0,0,1,Covered,1,Municipal,3915.06,Kharadi,411014,Society,4.38,1.01,2.12,2.02,49279.96,9204207.12,7971.4,Broker,51,2,1,3,3,0,0,0,0,0,1,0,0,0,0,0,0,0,0,0,0.42816053447681773,0.4044512573734866,0.047619047619047616,0.368421052631579,0.2,1.0,1.0,0.6000000000000001,0.4,0.4,0.4444444444444445,1.0,0.0,0.0,0.0,1.0,1.0,0.357410356554424,0.232142857143117,0.5805555555555556,0.06733167082294263,0.6931407942238268,0.56,0.09889682581843925,0.45454545454545453,0.5,0.0,0.0,0.0,0.0,0.0,1.0,0.0,0.0,0.0,0.0,0.0,0.0,0.0,0.0,0.0
3 BHK,1049.21,1135.11,8,9,9,1,Semi-Furnished,1,3,2,1,4,Vitrified,1,1,1,1,1,Bike,1,Borewell,3787.68,Viman Nagar,411014,Society,1.82,3.93,1.29,1.46,49692.39,11126191.37,10604.35,Broker,12,2,1,3,3,0,0,0,0,0,0,0,0,0,0,0,0,0,1,0,0.37769918450170376,0.3253880782365725,0.38095238095238093,0.2631578947368421,0.45,1.0,1.0,0.4000000000000001,0.4,0.2,0.3333333333333333,1.0,1.0,1.0,1.0,1.0,1.0,0.34279525083642737,0.232142857143117,0.22500000000000003,0.3100581878636741,0.39350180505415167,0.33599999999999997,0.180217237413165,0.09999999999999999,0.5,0.0,0.0,0.0,0.0,0.0,0.0,0.0,0.0,0.0,0.0,0.0,0.0,0.0,1.0,0.0
1 RK,370.94,433.13,9,12,9,1,Semi-Furnished,1,1,1,0,1,Vitrified,1,1,1,1,0,Covered,0,Municipal,800.0,Viman Nagar,411014,Society,1.84,6.33,2.12,1.07,11677.92,2800000.0,7548.46,Broker,15,2,1,1,1,0,0,0,0,0,0,0,0,0,0,0,0,0,1,0,0.05309353344308741,0.05296491772741385,0.42857142857142855,0.42105263157894735,0.45,1.0,1.0,0.0,0.2,0.0,0.0,1.0,1.0,1.0,1.0,0.0,0.0,0.0,0.232142857143117,0.2277777777777778,0.5095594347464671,0.6931407942238268,0.18000000000000005,0.0858340426741056,0.12727272727272726,0.5,0.0,0.0,0.0,0.0,0.0,0.0,0.0,0.0,0.0,0.0,0.0,0.0,0.0,1.0,0.0
4 BHK,1748.04,2055.55,8,15,9,1,Unfurnished,0,4,3,1,7,Marble,1,0,0,1,0,Open,1,Municipal,5178.22,Magarpatta,411013,Society,4.86,0.8,1.49,2.1,46982.36,21722828.25,12426.94,Owner,42,3,0,4,4,0,0,0,0,0,0,0,0,1,0,0,0,0,0,0,0.7121444159424175,0.6825908103073581,0.38095238095238093,0.5789473684210527,0.45,1.0,0.0,0.6000000000000001,0.6000000000000001,0.2,0.6666666666666665,1.0,0.0,0.0,1.0,0.0,1.0,0.5023406198512101,0.214285714286234,0.6472222222222223,0.04987531172069824,0.46570397111913353,0.5920000000000001,0.2365091415391192,0.3727272727272727,1.0,0.0,0.0,0.0,0.0,0.0,0.0,0.0,0.0,1.0,0.0,0.0,0.0,0.0,0.0,0.0
3 BHK,938.04,1050.27,9,16,15,1,Semi-Furnished,1,3,3,1,5,Granite,0,0,0,1,0,Covered,0,Corporation + Borewell,2166.74,Hinjewadi,411057,Standalone,5.42,1.7,2.26,2.41,19516.4,6227986.18,6639.34,Owner,29,3,1,3,3,0,0,0,1,0,0,0,0,0,0,0,0,0,0,0,0.3244955779317738,0.29246352064576225,0.42857142857142855,0.631578947368421,0.75,1.0,1.0,0.4000000000000001,0.6000000000000001,0.2,0.4444444444444445,0.0,0.0,0.0,1.0,0.0,0.0,0.1568146458550376,1.0,0.725,0.12468827930174561,0.743682310469314,0.7160000000000001,0.05775526693244812,0.2545454545454545,1.0,0.0,0.0,0.0,1.0,0.0,0.0,0.0,0.0,0.0,0.0,0.0,0.0,0.0,0.0,0.0
2 BHK,556.07,679.94,6,11,6,1,Unfurnished,1,2,2,1,2,Marble,0,0,0,1,1,Not Specified,1,Municipal,3018.93,Shivajinagar,411005,Standalone,1.15,7.37,1.44,1.17,19634.69,4458618.68,8018.09,Owner,11,2,0,2,2,0,0,0,0,0,0,0,0,0,0,0,0,1,0,0,0.14169282897507562,0.1487465072958709,0.2857142857142857,0.368421052631579,0.30000000000000004,1.0,1.0,0.2,0.4,0.2,0.1111111111111111,0.0,0.0,0.0,1.0,1.0,1.0,0.2545917454139914,0.071428571429351,0.13194444444444442,0.5960099750623441,0.4476534296028881,0.21999999999999997,0.10033887751610071,0.0909090909090909,0.5,0.0,0.0,0.0,0.0,0.0,0.0,0.0,0.0,0.0,0.0,0.0,0.0,1.0,0.0,0.0
2 BHK,839.89,958.94,3,6,6,1,Fully Furnished,1,2,2,1,4,Vitrified,1,0,1,0,0,Not Specified,1,Corporation + Borewell,2493.11,Kothrud,411038,Society,1.68,7.92,1.31,2.14,43007.13,8680014.09,10334.72,Owner,27,2,2,2,2,0,0,0,0,0,0,0,1,0,0,0,0,0,0,0,0.2775230674987557,0.25702033529959645,0.14285714285714285,0.10526315789473684,0.30000000000000004,1.0,1.0,0.2,0.4,0.2,0.3333333333333333,1.0,0.0,1.0,0.0,0.0,1.0,0.1942611213863813,0.6607142857146755,0.20555555555555555,0.6417290108063175,0.40072202166064985,0.6080000000000001,0.17188953556607864,0.23636363636363636,0.5,0.0,0.0,0.0,0.0,0.0,0.0,0.0,1.0,0.0,0.0,0.0,0.0,0.0,0.0,0.0
3 BHK,1135.53,1401.91,1,17,14,1,Fully Furnished,1,4,3,2,6,Vitrified,1,1,0,0,0,Not Specified,0,Municipal,2424.65,Magarpatta,411013,Society,5.19,1.37,1.83,2.11,36930.69,9751125.25,8587.27,Broker,3,3,2,3,3,0,0,0,0,0,0,0,0,1,0,0,0,0,0,0,0.419010107584517,0.42892735175411373,0.047619047619047616,0.6842105263157894,0.7000000000000001,1.0,1.0,0.6000000000000001,0.6000000000000001,0.4,0.5555555555555556,1.0,1.0,0.0,0.0,0.0,0.0,0.18640627653276182,0.214285714286234,0.6930555555555556,0.09725685785536159,0.5884476534296029,0.596,0.11791838030631172,0.01818181818181818,1.0,0.0,0.0,0.0,0.0,0.0,0.0,0.0,0.0,1.0,0.0,0.0,0.0,0.0,0.0,0.0
3 BHK,680.44,735.44,8,12,5,1,Fully Furnished,1,3,4,2,5,Vitrified,1,1,1,0,0,Open,1,Corporation + Borewell,2301.67,Kothrud,411038,Society,3.18,7.05,1.4,1.45,26752.73,8085570.56,11882.8,Broker,31,2,2,3,3,0,0,0,0,0,0,0,1,0,0,0,0,0,0,0,0.20121367586814198,0.17028484942564426,0.38095238095238093,0.42105263157894735,0.25,1.0,1.0,0.4000000000000001,0.8,0.4,0.4444444444444445,1.0,1.0,1.0,0.0,0.0,1.0,0.1722960103905164,0.6607142857146755,0.4138888888888889,0.569409808811305,0.43321299638989164,0.33199999999999996,0.21970301579987075,0.2727272727272727,0.5,0.0,0.0,0.0,0.0,0.0,0.0,0.0,1.0,0.0,0.0,0.0,0.0,0.0,0.0,0.0
2 BHK,812.26,936.24,0,11,10,1,Semi-Furnished,1,2,2,1,4,Vitrified,1,1,0,0,0,Covered,0,Tanker,2157.56,Aundh,411007,Standalone,3.28,4.44,1.28,1.5,18002.52,13234949.21,16293.96,Owner,11,2,1,2,2,1,0,0,0,0,0,0,0,0,0,0,0,0,0,0,0.2642999349132815,0.24821095932940085,0.0,0.368421052631579,0.5,1.0,1.0,0.2,0.4,0.2,0.3333333333333333,1.0,1.0,0.0,0.0,0.0,0.0,0.1557613669219931,0.107142857143117,0.42777777777777776,0.35245220282626766,0.3898916967509025,0.3520000000000001,0.35594462570898044,0.0909090909090909,0.5,1.0,0.0,0.0,0.0,0.0,0.0,0.0,0.0,0.0,0.0,0.0,0.0,0.0,0.0,0.0
2 BHK,638.74,797.73,3,16,13,1,Semi-Furnished,1,2,2,1,3,Vitrified,0,0,0,0,0,Open,1,Tanker,1633.35,Hinjewadi,411057,Society,6.65,1.23,2.04,3.01,15156.42,3741839.96,5858.2,Owner,19,3,1,2,2,0,0,0,1,0,0,0,0,0,0,0,0,0,0,0,0.1812569393927792,0.19445824278174484,0.14285714285714285,0.631578947368421,0.65,1.0,1.0,0.2,0.4,0.2,0.2222222222222222,0.0,0.0,0.0,0.0,0.0,1.0,0.09561546828460102,1.0,0.8958333333333334,0.08561928512053199,0.6642599277978339,0.956,0.03362923859423278,0.16363636363636364,1.0,0.0,0.0,0.0,1.0,0.0,0.0,0.0,0.0,0.0,0.0,0.0,0.0,0.0,0.0,0.0
1 BHK,465.08,540.99,4,9,5,1,Fully Furnished,1,2,1,0,2,Granite,1,1,0,0,0,Not Specified,1,Municipal,1577.53,Viman Nagar,411014,Society,3.59,5.37,1.53,1.47,18452.85,7940577.77,17073.74,Owner,33,2,2,1,1,0,0,0,0,0,0,0,0,0,0,0,0,0,1,0,0.09814694283854665,0.09482303632412298,0.19047619047619047,0.2631578947368421,0.25,1.0,1.0,0.2,0.2,0.0,0.1111111111111111,1.0,1.0,0.0,0.0,0.0,1.0,0.08921088984859402,0.232142857143117,0.4708333333333333,0.4297589359933499,0.48014440433213,0.33999999999999997,0.38002864954283044,0.2909090909090909,0.5,0.0,0.0,0.0,0.0,0.0,0.0,0.0,0.0,0.0,0.0,0.0,0.0,0.0,1.0,0.0
2 BHK,658.87,820.72,6,7,3,1,Semi-Furnished,1,3,0,1,2,Ceramic,1,1,1,0,1,Covered,1,Corporation + Borewell,2362.61,Kalyani Nagar,411006,Standalone,1.95,4.31,1.55,1.27,35187.83,7205920.68,10936.81,Broker,23,1,1,2,2,0,0,0,0,1,0,0,0,0,0,0,0,0,0,0,0.19089073088556224,0.2033801614405465,0.2857142857142857,0.15789473684210525,0.15000000000000002,1.0,1.0,0.4000000000000001,0.0,0.2,0.1111111111111111,1.0,1.0,1.0,0.0,1.0,1.0,0.17928803851467018,0.089285714286234,0.24305555555555552,0.34164588528678297,0.4873646209386282,0.26,0.19048548559060188,0.19999999999999998,0.0,0.0,0.0,0.0,0.0,1.0,0.0,0.0,0.0,0.0,0.0,0.0,0.0,0.0,0.0,0.0
4 BHK,1656.95,1864.5,5,16,7,1,Semi-Furnished,1,5,5,3,8,Wooden,0,0,0,0,0,Covered,0,Corporation + Borewell,4235.45,Magarpatta,411013,Standalone,4.57,0.92,2.08,2.17,25058.13,10578278.68,6384.18,Broker,12,3,1,4,4,0,0,0,0,0,0,0,0,1,0,0,0,0,0,0,0.6685506719246527,0.6084484632101832,0.23809523809523808,0.631578947368421,0.35000000000000003,1.0,1.0,0.8,1.0,0.6000000000000001,0.7777777777777777,0.0,0.0,0.0,0.0,0.0,0.0,0.39417070920781494,0.214285714286234,0.6069444444444445,0.0598503740648379,0.6787003610108304,0.62,0.04987448065754349,0.09999999999999999,1.0,0.0,0.0,0.0,0.0,0.0,0.0,0.0,0.0,1.0,0.0,0.0,0.0,0.0,0.0,0.0
3 BHK,1010.65,1149.67,4,17,12,1,Unfurnished,0,3,2,1,4,Vitrified,1,1,1,1,0,Bike,1,Borewell,3534.45,Hinjewadi,411057,Society,5.77,0.6,2.24,2.27,31532.91,5276921.53,5221.3,Owner,17,3,0,3,3,0,0,0,1,0,0,0,0,0,0,0,0,0,0,0,0.3592451854971477,0.3310384973610681,0.19047619047619047,0.6842105263157894,0.6000000000000001,1.0,0.0,0.4000000000000001,0.4,0.2,0.3333333333333333,1.0,1.0,1.0,1.0,0.0,1.0,0.3137405858892749,1.0,0.773611111111111,0.03325020781379884,0.736462093862816,0.66,0.013958158571945711,0.14545454545454545,1.0,0.0,0.0,0.0,1.0,0.0,0.0,0.0,0.0,0.0,0.0,0.0,0.0,0.0,0.0,0.0
3 BHK,851.58,1037.57,4,11,3,1,Semi-Furnished,1,3,2,2,6,Vitrified,1,1,0,1,1,Covered,0,Borewell,4591.91,Baner,411045,Society,3.03,1.58,1.86,2.33,51491.0,19408133.24,22790.76,Broker,14,1,1,3,3,0,1,0,0,0,0,0,0,0,0,0,0,0,0,0,0.2831176538152303,0.2875349270412916,0.19047619047619047,0.368421052631579,0.15000000000000002,1.0,1.0,0.4000000000000001,0.4,0.4,0.5555555555555556,1.0,1.0,0.0,1.0,1.0,0.0,0.4350695990196934,0.7857142857146755,0.39305555555555555,0.11471321695760597,0.5992779783393503,0.684,0.5566026139155981,0.11818181818181817,0.0,0.0,1.0,0.0,0.0,0.0,0.0,0.0,0.0,0.0,0.0,0.0,0.0,0.0,0.0,0.0
1 BHK,321.74,394.86,4,9,3,1,Fully Furnished,1,1,0,1,2,Granite,1,1,0,1,1,Bike,0,Tanker,2008.72,Baner,411045,Society,2.61,2.96,1.41,2.41,32739.61,7147153.73,22214.36,Broker,18,1,2,1,1,0,1,0,0,0,0,0,0,0,0,0,0,0,0,0,0.029547455875033504,0.038113163613784556,0.19047619047619047,0.2631578947368421,0.15000000000000002,1.0,1.0,0.0,0.0,0.2,0.1111111111111111,1.0,1.0,0.0,1.0,1.0,0.0,0.13868402090953735,0.7857142857146755,0.3347222222222222,0.22942643391521195,0.4368231046931408,0.7160000000000001,0.538800116624271,0.15454545454545454,0.0,0.0,1.0,0.0,0.0,0.0,0.0,0.0,0.0,0.0,0.0,0.0,0.0,0.0,0.0,0.0
1 BHK,384.55,415.5,9,13,4,1,Unfurnished,1,1,0,0,1,Marble,1,1,0,1,1,Not Specified,1,Municipal,1002.34,Kharadi,411014,Society,4.15,1.31,1.75,1.86,11451.53,3562977.37,9265.42,Broker,15,2,0,1,1,0,0,0,0,0,1,0,0,0,0,0,0,0,0,0,0.05960699107929095,0.046123098416640806,0.42857142857142855,0.4736842105263157,0.2,1.0,1.0,0.0,0.0,0.0,0.0,1.0,1.0,0.0,1.0,1.0,1.0,0.023215736308521237,0.232142857143117,0.5486111111111112,0.09226932668329176,0.5595667870036102,0.4960000000000001,0.13886349400879874,0.12727272727272726,0.5,0.0,0.0,0.0,0.0,0.0,1.0,0.0,0.0,0.0,0.0,0.0,0.0,0.0,0.0,0.0
2 BHK,736.12,825.84,7,13,5,1,Semi-Furnished,1,3,2,1,3,Vitrified,1,1,0,0,1,Covered,0,Corporation + Borewell,2372.5,Wakad,411057,Society,4.39,2.95,2.02,1.96,23139.31,5543755.83,7531.03,Broker,54,3,1,2,2,0,0,0,0,0,0,0,0,0,0,0,0,0,0,1,0.22786094414028102,0.20536712201179763,0.3333333333333333,0.4736842105263157,0.25,1.0,1.0,0.4000000000000001,0.4,0.2,0.2222222222222222,1.0,1.0,0.0,0.0,1.0,0.0,0.18042278019743818,1.0,0.5819444444444444,0.22859517871986698,0.6570397111913358,0.536,0.0852957055335993,0.4818181818181818,1.0,0.0,0.0,0.0,0.0,0.0,0.0,0.0,0.0,0.0,0.0,0.0,0.0,0.0,0.0,1.0
3 BHK,921.11,731.795,3,15,3,1,Semi-Furnished,1,3,4,1,5,Vitrified,0,0,1,1,1,Covered,1,Borewell,3478.43,Aundh,411007,Standalone,3.32,4.4,1.27,1.37,33519.55,8709135.12,9455.02,Broker,23,2,1,3,3,1,0,0,0,0,0,0,0,0,0,0,0,0,0,0,0.316393238638539,0.1688703042533375,0.14285714285714285,0.5789473684210527,0.15000000000000002,1.0,1.0,0.4000000000000001,0.8,0.2,0.4444444444444445,0.0,0.0,1.0,1.0,1.0,1.0,0.3073130601998247,0.107142857143117,0.4333333333333333,0.34912718204488774,0.3862815884476534,0.30000000000000004,0.1447194160879723,0.19999999999999998,0.5,1.0,0.0,0.0,0.0,0.0,0.0,0.0,0.0,0.0,0.0,0.0,0.0,0.0,0.0,0.0
3 BHK,872.5,1076.4,11,13,7,1,Fully Furnished,1,3,4,2,6,Vitrified,1,0,0,0,1,Covered,1,Borewell,2738.71,Viman Nagar,411014,Society,2.26,6.32,1.81,1.79,45088.43,11149909.68,12779.28,Broker,28,2,2,3,3,0,0,0,0,0,0,0,0,0,0,0,0,0,1,0,0.2931295225697768,0.30260400496740153,0.5238095238095237,0.4736842105263157,0.35000000000000003,1.0,1.0,0.4000000000000001,0.8,0.4,0.5555555555555556,1.0,0.0,0.0,0.0,1.0,1.0,0.22244034861467432,0.232142857143117,0.2861111111111111,0.5087281795511222,0.5812274368231047,0.4680000000000001,0.24739139673625007,0.24545454545454543,0.5,0.0,0.0,0.0,0.0,0.0,0.0,0.0,0.0,0.0,0.0,0.0,0.0,0.0,1.0,0.0
2 BHK,640.35,750.52,11,15,15,1,Semi-Furnished,1,3,2,1,4,Granite,0,0,1,0,1,Covered,0,Corporation + Borewell,2099.48,Kharadi,411014,Standalone,4.61,1.57,2.31,1.84,20034.88,5577269.08,8709.68,Owner,17,2,1,2,2,0,0,0,0,0,1,0,0,0,0,0,0,0,0,0,0.18202745128067693,0.17613706923315742,0.5238095238095237,0.5789473684210527,0.75,1.0,1.0,0.4000000000000001,0.4,0.2,0.3333333333333333,0.0,0.0,1.0,0.0,1.0,0.0,0.14909748452207755,0.232142857143117,0.6125,0.11388196176226101,0.7617328519855596,0.4880000000000001,0.12169909455584563,0.14545454545454545,0.5,0.0,0.0,0.0,0.0,0.0,1.0,0.0,0.0,0.0,0.0,0.0,0.0,0.0,0.0,0.0
3 BHK,980.64,1187.41,5,9,11,1,Unfurnished,1,4,2,1,3,Marble,1,1,0,1,1,Covered,1,Corporation + Borewell,2999.55,Wakad,411057,Society,4.8,2.49,2.3,2.13,26828.13,7151502.2,7292.69,Broker,17,3,0,3,3,0,0,0,0,0,0,0,0,0,0,0,0,0,0,1,0.3448830353382595,0.34568457000931396,0.23809523809523808,0.2631578947368421,0.55,1.0,1.0,0.6000000000000001,0.4,0.2,0.2222222222222222,1.0,1.0,0.0,1.0,1.0,1.0,0.25236815655534195,1.0,0.6388888888888888,0.19035743973399832,0.7581227436823105,0.604,0.07793441614356647,0.14545454545454545,1.0,0.0,0.0,0.0,0.0,0.0,0.0,0.0,0.0,0.0,0.0,0.0,0.0,0.0,0.0,1.0
3 BHK,955.97,1046.06,1,4,9,0,Semi-Furnished,1,4,3,3,4,Ceramic,0,1,1,1,0,Stilt,1,Tanker,5265.53,Baner,411045,Standalone,4.23,3.09,1.61,2.26,54967.7,12102139.4,12659.49,Broker,39,1,1,3,3,0,1,0,0,0,0,0,0,0,0,0,0,0,0,0,0.33307649603736744,0.290829711269792,0.047619047619047616,0.0,0.45,0.0,1.0,0.6000000000000001,0.6000000000000001,0.6000000000000001,0.3333333333333333,0.0,1.0,1.0,1.0,0.0,1.0,0.5123582433418543,0.7857142857146755,0.5597222222222223,0.24023275145469652,0.5090252707581228,0.6559999999999999,0.2436916029289494,0.34545454545454546,0.0,0.0,1.0,0.0,0.0,0.0,0.0,0.0,0.0,0.0,0.0,0.0,0.0,0.0,0.0,0.0
2 BHK,560.6,685.92,2,9,10,1,Fully Furnished,0,2,1,1,3,Vitrified,1,1,0,1,0,Open,1,Municipal,2107.62,Kothrud,411038,Standalone,0.9,8.01,1.44,1.49,26559.98,8130187.93,14502.67,Broker,4,2,2,2,2,0,0,0,0,0,0,0,1,0,0,0,0,0,0,0,0.14386079099506105,0.15106721515057436,0.09523809523809523,0.2631578947368421,0.5,1.0,0.0,0.2,0.2,0.2,0.2222222222222222,1.0,1.0,0.0,1.0,0.0,1.0,0.15003143773721722,0.6607142857146755,0.09722222222222222,0.6492103075644222,0.4476534296028881,0.348,0.3006194428967295,0.02727272727272727,0.5,0.0,0.0,0.0,0.0,0.0,0.0,0.0,1.0,0.0,0.0,0.0,0.0,0.0,0.0,0.0
1 BHK,461.65,551.51,11,14,2,1,Semi-Furnished,1,2,1,0,2,Marble,0,0,0,0,1,Covered,1,Corporation + Borewell,1885.8,Aundh,411007,Society,3.5,5.36,1.95,1.42,16329.92,6431219.21,13930.85,Owner,21,2,1,1,1,1,0,0,0,0,0,0,0,0,0,0,0,0,0,0,0.0965054175121559,0.0989056193728656,0.5238095238095237,0.5263157894736842,0.1,1.0,1.0,0.2,0.2,0.0,0.1111111111111111,0.0,0.0,0.0,0.0,1.0,1.0,0.12458063894332488,0.107142857143117,0.45833333333333337,0.428927680798005,0.631768953068592,0.31999999999999995,0.28295840195098576,0.1818181818181818,0.5,1.0,0.0,0.0,0.0,0.0,0.0,0.0,0.0,0.0,0.0,0.0,0.0,0.0,0.0,0.0
1 BHK,434.64,525.96,2,9,13,1,Fully Furnished,1,1,1,0,1,Wooden,1,1,1,0,0,Covered,1,Municipal,800.0,Pimple Saudagar,411027,Society,3.26,5.68,1.17,1.7,12278.91,4067113.36,9357.51,Owner,40,3,2,1,1,0,0,0,0,0,0,0,0,0,0,1,0,0,0,0,0.08357900379034418,0.0889902204284384,0.09523809523809523,0.2631578947368421,0.65,1.0,1.0,0.0,0.2,0.0,0.0,1.0,1.0,1.0,0.0,0.0,1.0,0.0,0.464285714286234,0.425,0.455527847049044,0.35018050541516244,0.43200000000000005,0.14170775489630452,0.35454545454545455,1.0,0.0,0.0,0.0,0.0,0.0,0.0,0.0,0.0,0.0,0.0,1.0,0.0,0.0,0.0,0.0
2 BHK,446.48,524.52,2,17,13,1,Semi-Furnished,1,2,3,1,4,Wooden,0,0,0,0,0,Stilt,0,Municipal,1356.28,Hadapsar,411028,Standalone,6.82,2.3,2.17,2.1,7500.0,4972828.52,11137.78,Broker,12,3,1,2,2,0,0,1,0,0,0,0,0,0,0,0,0,0,0,0,0.08924537692867264,0.08843138776777401,0.09523809523809523,0.6842105263157894,0.65,1.0,1.0,0.2,0.6000000000000001,0.2,0.3333333333333333,0.0,0.0,0.0,0.0,0.0,0.0,0.06382549072701488,0.482142857143117,0.9194444444444445,0.17456359102244384,0.7111913357400722,0.5920000000000001,0.19669257768053602,0.09999999999999999,1.0,0.0,0.0,1.0,0.0,0.0,0.0,0.0,0.0,0.0,0.0,0.0,0.0,0.0,0.0,0.0
1 BHK,431.93,502.66,2,11,10,1,Fully Furnished,1,2,0,1,2,Granite,1,1,0,1,0,Open,1,Municipal,968.42,Baner,411045,Society,2.91,3.62,2.07,1.98,17826.56,6045291.09,13995.84,Builder,10,1,2,1,1,0,1,0,0,0,0,0,0,0,0,0,0,0,0,0,0.0822820552088518,0.07994799751629933,0.09523809523809523,0.368421052631579,0.5,1.0,1.0,0.2,0.0,0.2,0.1111111111111111,1.0,1.0,0.0,1.0,0.0,1.0,0.01932388212454851,0.7857142857146755,0.37638888888888894,0.28428927680798,0.6750902527075812,0.544,0.2849656613176813,0.08181818181818182,0.0,0.0,1.0,0.0,0.0,0.0,0.0,0.0,0.0,0.0,0.0,0.0,0.0,0.0,0.0,0.0
3 BHK,1137.49,1342.37,6,18,8,1,Fully Furnished,1,3,3,1,6,Ceramic,1,0,1,1,0,Covered,0,Tanker,3389.1,Shivajinagar,411005,Society,0.6,7.78,0.84,1.11,51356.88,10499821.9,9230.72,Owner,15,2,2,3,3,0,0,0,0,0,0,0,0,0,0,0,0,1,0,0,0.4199481220567403,0.40582117354858743,0.2857142857142857,0.7368421052631579,0.4,1.0,1.0,0.4000000000000001,0.6000000000000001,0.2,0.5555555555555556,1.0,0.0,1.0,1.0,0.0,0.0,0.2970636694494036,0.071428571429351,0.05555555555555555,0.6300914380714879,0.23104693140794225,0.19600000000000006,0.137791761434182,0.12727272727272726,0.5,0.0,0.0,0.0,0.0,0.0,0.0,0.0,0.0,0.0,0.0,0.0,0.0,1.0,0.0,0.0
3 BHK,869.18,1081.86,2,13,14,1,Semi-Furnished,1,3,2,1,4,Marble,1,1,0,1,1,Stilt,1,Corporation + Borewell,2487.69,Kharadi,411014,Society,5.4,0.64,1.87,2.01,33731.53,12501272.69,14382.85,Broker,41,2,1,3,3,0,0,0,0,0,1,0,0,0,0,0,0,0,0,0,0.2915406409127455,0.30472291213908725,0.09523809523809523,0.4736842105263157,0.7000000000000001,1.0,1.0,0.4000000000000001,0.4,0.2,0.3333333333333333,1.0,1.0,0.0,1.0,1.0,1.0,0.1936392508180696,0.232142857143117,0.7222222222222223,0.03657522859517871,0.6028880866425993,0.5559999999999999,0.2969187225194796,0.3636363636363636,0.5,0.0,0.0,0.0,0.0,0.0,1.0,0.0,0.0,0.0,0.0,0.0,0.0,0.0,0.0,0.0
4 BHK,1739.64,1948.05,4,9,5,1,Semi-Furnished,1,4,3,2,6,Ceramic,1,1,1,1,1,Stilt,1,Tanker,5962.21,Kothrud,411038,Society,2.22,8.74,1.73,1.74,53067.86,20336206.13,11689.92,Broker,30,2,1,4,4,0,0,0,0,0,0,0,1,0,0,0,0,0,0,0,0.7081243539186034,0.640872399875815,0.19047619047619047,0.2631578947368421,0.25,1.0,1.0,0.6000000000000001,0.6000000000000001,0.4,0.5555555555555556,1.0,1.0,1.0,1.0,1.0,1.0,0.5922927059860206,0.6607142857146755,0.28055555555555556,0.709891936824605,0.5523465703971119,0.44800000000000006,0.21374578873958075,0.2636363636363636,0.5,0.0,0.0,0.0,0.0,0.0,0.0,0.0,1.0,0.0,0.0,0.0,0.0,0.0,0.0,0.0
5 BHK,1127.19,1394.99,0,13,11,1,Semi-Furnished,1,6,4,2,5,Vitrified,1,1,0,0,0,Stilt,0,Municipal,2625.81,Pune Camp,411001,Society,2.07,5.27,1.16,1.6,20920.38,7509581.57,6662.21,Broker,20,3,1,5,5,0,0,0,0,0,0,0,0,0,0,0,1,0,0,0,0.41501876028944445,0.42624185035703205,0.0,0.4736842105263157,0.55,1.0,1.0,1.0000000000000002,0.8,0.4,0.4444444444444445,1.0,1.0,0.0,0.0,0.0,0.0,0.20948662404596796,0.0,0.2597222222222222,0.42144638403990015,0.34657039711191334,0.3920000000000001,0.05846162209041594,0.17272727272727273,1.0,0.0,0.0,0.0,0.0,0.0,0.0,0.0,0.0,0.0,0.0,0.0,1.0,0.0,0.0,0.0
3 BHK,1196.46,1317.03,0,11,6,1,Unfurnished,0,3,4,2,3,Granite,1,0,0,0,0,Open,0,Municipal,3091.28,Hadapsar,411028,Society,6.47,2.27,2.18,2.03,19667.17,9247908.66,7729.39,Owner,17,3,0,3,3,0,0,1,0,0,0,0,0,0,0,0,0,0,0,0,0.44816991462153993,0.3959872710338405,0.0,0.368421052631579,0.30000000000000004,1.0,0.0,0.4000000000000001,0.8,0.4,0.2222222222222222,1.0,0.0,0.0,0.0,0.0,0.0,0.26289291434708184,0.482142857143117,0.8708333333333333,0.17206982543640895,0.7148014440433214,0.564,0.09142218603794985,0.14545454545454545,1.0,0.0,0.0,1.0,0.0,0.0,0.0,0.0,0.0,0.0,0.0,0.0,0.0,0.0,0.0,0.0
1 BHK,404.19,510.97,10,10,7,1,Unfurnished,1,1,1,0,2,Vitrified,1,1,1,0,0,Covered,1,Municipal,1493.37,Viman Nagar,411014,Society,2.16,6.76,1.87,1.86,12352.3,3840824.1,9502.63,Owner,27,2,0,1,1,0,0,0,0,0,0,0,0,0,0,0,0,0,1,0,0.06900627895401816,0.08317292766221673,0.47619047619047616,0.3157894736842105,0.35000000000000003,1.0,1.0,0.0,0.2,0.0,0.1111111111111111,1.0,1.0,1.0,0.0,0.0,1.0,0.07955468559968057,0.232142857143117,0.27222222222222225,0.5453034081463008,0.6028880866425993,0.4960000000000001,0.1461898825974103,0.23636363636363636,0.5,0.0,0.0,0.0,0.0,0.0,0.0,0.0,0.0,0.0,0.0,0.0,0.0,0.0,1.0,0.0
4 BHK,1636.41,1926.66,18,20,6,1,Semi-Furnished,1,4,4,2,6,Wooden,1,1,0,0,0,Covered,0,Corporation + Borewell,4796.63,Hinjewadi,411057,Society,6.24,1.31,2.26,2.94,32700.56,18145006.93,11088.3,Owner,36,3,1,4,4,0,0,0,1,0,0,0,0,0,0,0,0,0,0,0,0.6587206631188025,0.6325714063955294,0.8571428571428571,0.8421052631578947,0.30000000000000004,1.0,1.0,0.6000000000000001,0.8,0.4,0.5555555555555556,1.0,1.0,0.0,0.0,0.0,0.0,0.45855840764418915,1.0,0.8388888888888889,0.09226932668329176,0.743682310469314,0.9279999999999999,0.19516435497759552,0.3181818181818182,1.0,0.0,0.0,0.0,1.0,0.0,0.0,0.0,0.0,0.0,0.0,0.0,0.0,0.0,0.0,0.0
1 BHK,578.93,718.88,14,17,10,1,Semi-Furnished,1,1,0,0,1,Marble,1,1,0,0,0,Covered,1,Tanker,800.0,Wakad,411057,Society,4.66,3.8,1.99,2.14,12683.85,4288183.51,7407.09,Owner,23,3,1,1,1,0,0,0,0,0,0,0,0,0,0,0,0,0,0,1,0.15263314062559818,0.16385827382800378,0.6666666666666666,0.6842105263157894,0.5,1.0,1.0,0.0,0.0,0.0,0.0,1.0,1.0,0.0,0.0,0.0,1.0,0.0,1.0,0.6194444444444445,0.2992518703241895,0.6462093862815884,0.6080000000000001,0.08146773621665432,0.19999999999999998,1.0,0.0,0.0,0.0,0.0,0.0,0.0,0.0,0.0,0.0,0.0,0.0,0.0,0.0,0.0,1.0
3 BHK,1117.96,1224.57,2,23,10,1,Unfurnished,1,3,3,2,5,Ceramic,0,1,0,0,0,Covered,0,Municipal,3661.1,Magarpatta,411013,Society,4.85,1.42,1.8,2.17,22595.88,7377621.28,6599.2,Owner,47,3,0,3,3,0,0,0,0,0,0,0,0,1,0,0,0,0,0,0,0.41060147785137263,0.36010555728034777,0.09523809523809523,1.0,0.5,1.0,1.0,0.4000000000000001,0.6000000000000001,0.4,0.4444444444444445,0.0,1.0,0.0,0.0,0.0,0.0,0.32827193413220374,0.214285714286234,0.6458333333333333,0.10141313383208643,0.5776173285198556,0.62,0.056515516340369915,0.41818181818181815,1.0,0.0,0.0,0.0,0.0,0.0,0.0,0.0,0.0,1.0,0.0,0.0,0.0,0.0,0.0,0.0
3 BHK,893.67,1011.88,7,9,7,1,Fully Furnished,1,3,3,2,3,Marble,0,1,1,0,0,Covered,1,Municipal,4152.48,Kalyani Nagar,411006,Standalone,1.83,5.3,0.92,1.57,70661.01,16428147.66,18382.81,Owner,6,1,2,3,3,0,0,0,0,1,0,0,0,0,0,0,0,0,0,0,0.303261036027413,0.2775651971437442,0.3333333333333333,0.2631578947368421,0.35000000000000003,1.0,1.0,0.4000000000000001,0.6000000000000001,0.4,0.2222222222222222,0.0,1.0,1.0,0.0,0.0,1.0,0.3846510411168887,0.089285714286234,0.22638888888888892,0.42394014962593507,0.25992779783393505,0.3800000000000001,0.4204601469910568,0.045454545454545456,0.0,0.0,0.0,0.0,0.0,1.0,0.0,0.0,0.0,0.0,0.0,0.0,0.0,0.0,0.0,0.0
2 BHK,698.43,841.68,12,17,7,1,Fully Furnished,1,2,1,0,4,Granite,1,0,1,0,1,Covered,0,Borewell,2479.93,Kharadi,411014,Society,4.27,2.03,2.12,2.07,32673.82,9218201.07,13198.37,Owner,29,2,2,2,2,0,0,0,0,0,1,0,0,0,0,0,0,0,0,0,0.20982330870247712,0.21151428127910588,0.5714285714285714,0.6842105263157894,0.35000000000000003,1.0,1.0,0.2,0.2,0.0,0.3333333333333333,1.0,0.0,1.0,0.0,1.0,0.0,0.19274889738447204,0.232142857143117,0.5652777777777778,0.15211970074812964,0.6931407942238268,0.58,0.26033527007043167,0.2545454545454545,0.5,0.0,0.0,0.0,0.0,0.0,1.0,0.0,0.0,0.0,0.0,0.0,0.0,0.0,0.0,0.0
3 BHK,1255.18,1428.55,16,19,7,1,Semi-Furnished,1,3,4,1,6,Marble,1,1,0,0,0,Not Specified,0,Corporation + Borewell,2982.09,Hadapsar,411028,Society,6.04,1.07,2.23,2.36,43982.99,16558226.72,13191.89,Broker,21,3,1,3,3,0,0,1,0,0,0,0,0,0,0,0,0,0,0,0,0.47627206248324977,0.4392657559764049,0.7619047619047619,0.7894736842105263,0.35000000000000003,1.0,1.0,0.4000000000000001,0.8,0.2,0.5555555555555556,1.0,1.0,0.0,0.0,0.0,0.0,0.25036486132974745,0.482142857143117,0.8111111111111111,0.07231920199501246,0.7328519855595668,0.696,0.2601351309613966,0.1818181818181818,1.0,0.0,0.0,1.0,0.0,0.0,0.0,0.0,0.0,0.0,0.0,0.0,0.0,0.0,0.0,0.0
4 BHK,1773.25,2043.67,6,11,4,1,Fully Furnished,1,4,3,3,5,Ceramic,1,1,0,0,1,Open,1,Corporation + Borewell,6864.51,Viman Nagar,411014,Society,2.91,6.41,1.91,1.79,56678.36,21006216.08,11846.17,Broker,32,2,2,4,4,0,0,0,0,0,0,0,0,0,0,0,0,0,1,0,0.7242093878019833,0.6779804408568768,0.2857142857142857,0.368421052631579,0.2,1.0,1.0,0.6000000000000001,0.6000000000000001,0.6000000000000001,0.4444444444444445,1.0,1.0,0.0,0.0,1.0,1.0,0.695819239895177,0.232142857143117,0.37638888888888894,0.5162094763092269,0.6173285198555957,0.4680000000000001,0.21857167389185325,0.2818181818181818,0.5,0.0,0.0,0.0,0.0,0.0,0.0,0.0,0.0,0.0,0.0,0.0,0.0,0.0,1.0,0.0
1 BHK,530.91,865.89,1,14,6,1,Unfurnished,1,2,1,0,1,Not Specified,1,1,1,0,0,Open,1,Borewell,1196.97,Wakad,411057,Society,4.9,2.53,1.98,2.56,19447.52,3822582.16,7200.12,Builder,17,3,0,1,1,0,0,0,0,0,0,0,0,0,0,0,0,0,0,1,0.1296517860561277,0.22090965538652596,0.047619047619047616,0.5263157894736842,0.30000000000000004,1.0,1.0,0.2,0.2,0.0,0.0,1.0,1.0,1.0,0.0,0.0,1.0,0.045546855996805746,1.0,0.6527777777777778,0.19368246051537819,0.6425992779783394,0.776,0.07507533013687293,0.14545454545454545,1.0,0.0,0.0,0.0,0.0,0.0,0.0,0.0,0.0,0.0,0.0,0.0,0.0,0.0,0.0,1.0
2 BHK,596.82,683.69,10,12,5,1,Fully Furnished,1,3,2,1,3,Vitrified,1,1,1,1,0,Open,0,Borewell,2234.21,Kharadi,411014,Society,4.53,0.23,1.71,2.15,24262.03,6640952.71,11127.17,Builder,19,2,2,2,2,0,0,0,0,0,1,0,0,0,0,0,0,0,0,0,0.16119491557869753,0.15020180068301775,0.47619047619047616,0.42105263157894735,0.25,1.0,1.0,0.4000000000000001,0.4,0.2,0.2222222222222222,1.0,1.0,1.0,1.0,0.0,0.0,0.16455590180411306,0.232142857143117,0.601388888888889,0.0024937655860349135,0.5451263537906137,0.612,0.1963648807751561,0.16363636363636364,0.5,0.0,0.0,0.0,0.0,0.0,1.0,0.0,0.0,0.0,0.0,0.0,0.0,0.0,0.0,0.0
2 BHK,557.74,607.94,9,9,8,1,Semi-Furnished,1,2,3,2,4,Vitrified,1,1,1,1,0,Covered,1,Corporation + Borewell,2628.08,Koregaon Park,411001,Society,2.27,4.29,1.04,1.47,36124.66,6974596.14,12505.0,Broker,27,1,1,2,2,0,0,0,0,0,0,1,0,0,0,0,0,0,0,0,0.14249205559171485,0.12080487426265141,0.42857142857142855,0.2631578947368421,0.4,1.0,1.0,0.2,0.6000000000000001,0.4,0.3333333333333333,1.0,1.0,1.0,1.0,0.0,1.0,0.20974707537254866,0.0,0.2875,0.33998337489609304,0.3032490974729242,0.33999999999999997,0.2389200765470321,0.23636363636363636,0.0,0.0,0.0,0.0,0.0,0.0,0.0,1.0,0.0,0.0,0.0,0.0,0.0,0.0,0.0,0.0
2 BHK,465.4,552.44,3,8,14,1,Semi-Furnished,1,1,2,1,3,Marble,1,1,0,0,0,Bike,1,Corporation + Borewell,1272.35,Aundh,411007,Society,3.17,3.58,1.16,1.46,26243.75,4214194.31,9054.94,Broker,21,2,1,2,2,1,0,0,0,0,0,0,0,0,0,0,0,0,0,0,0.09830008805850148,0.09926653213287803,0.14285714285714285,0.21052631578947367,0.7000000000000001,1.0,1.0,0.0,0.4,0.2,0.2222222222222222,1.0,1.0,0.0,0.0,0.0,1.0,0.05419567581956114,0.107142857143117,0.4125,0.28096425602660013,0.34657039711191334,0.33599999999999997,0.13236267924495673,0.1818181818181818,0.5,1.0,0.0,0.0,0.0,0.0,0.0,0.0,0.0,0.0,0.0,0.0,0.0,0.0,0.0,0.0
1 BHK,353.21,413.2,0,16,11,1,Unfurnished,1,1,0,0,2,Wooden,1,1,0,1,1,Covered,0,Municipal,800.0,Kothrud,411038,Society,1.26,8.51,0.21,1.4,9785.96,2898159.64,8205.13,Owner,15,2,0,1,1,0,0,0,0,0,0,0,1,0,0,0,0,0,0,0,0.04460833109996552,0.04523051847252407,0.0,0.631578947368421,0.55,1.0,1.0,0.0,0.0,0.0,0.1111111111111111,1.0,1.0,0.0,1.0,1.0,0.0,0.0,0.6607142857146755,0.14722222222222223,0.6907730673316708,0.0036101083032490933,0.31199999999999994,0.10611573229293939,0.12727272727272726,0.5,0.0,0.0,0.0,0.0,0.0,0.0,0.0,1.0,0.0,0.0,0.0,0.0,0.0,0.0,0.0
3 BHK,840.06,865.89,12,14,7,1,Semi-Furnished,1,4,2,2,4,Marble,0,0,0,1,0,Covered,1,Municipal,2130.49,Wakad,411057,Standalone,4.02,1.91,2.33,2.17,28793.59,6513888.26,7754.05,Broker,31,3,1,3,3,0,0,0,0,0,0,0,0,0,0,0,0,0,0,1,0.2776044258968567,0.22090965538652596,0.5714285714285714,0.5263157894736842,0.35000000000000003,1.0,1.0,0.6000000000000001,0.4,0.4,0.3333333333333333,0.0,0.0,0.0,1.0,0.0,1.0,0.1526554561684512,1.0,0.5305555555555556,0.14214463840399,0.7689530685920578,0.62,0.09218382653622212,0.2727272727272727,1.0,0.0,0.0,0.0,0.0,0.0,0.0,0.0,0.0,0.0,0.0,0.0,0.0,0.0,0.0,1.0
2 BHK,735.72,809.57,5,8,6,1,Semi-Furnished,1,3,2,2,3,Vitrified,1,1,1,1,1,Covered,0,Municipal,3738.49,Koregaon Park,411001,Society,2.38,4.99,1.36,1.47,55561.97,11200693.68,15224.17,Owner,5,1,1,2,2,0,0,0,0,0,0,1,0,0,0,0,0,0,0,0,0.22766951261533752,0.1990530891027632,0.23809523809523808,0.21052631578947367,0.30000000000000004,1.0,1.0,0.4000000000000001,0.4,0.4,0.2222222222222222,1.0,1.0,1.0,1.0,1.0,0.0,0.3371513738520636,0.0,0.30277777777777776,0.398171238570241,0.4187725631768954,0.33999999999999997,0.32290345017586297,0.03636363636363636,0.0,0.0,0.0,0.0,0.0,0.0,0.0,1.0,0.0,0.0,0.0,0.0,0.0,0.0,0.0,0.0
3 BHK,711.04,827.62,3,10,12,1,Semi-Furnished,0,3,4,2,4,Vitrified,1,1,1,1,0,Covered,1,Municipal,2133.4,Shivajinagar,411005,Society,1.66,6.5,0.64,1.4,20860.37,9215293.39,12960.25,Owner,20,2,1,3,3,0,0,0,0,0,0,0,0,0,0,0,0,1,0,0,0.2158581875263218,0.20605790127289664,0.14285714285714285,0.3157894736842105,0.6000000000000001,1.0,0.0,0.4000000000000001,0.8,0.4,0.3333333333333333,1.0,1.0,1.0,1.0,0.0,1.0,0.1529893387060503,0.071428571429351,0.20277777777777775,0.5236907730673316,0.15884476534296027,0.31199999999999994,0.2529807755266933,0.17272727272727273,0.5,0.0,0.0,0.0,0.0,0.0,0.0,0.0,0.0,0.0,0.0,0.0,0.0,1.0,0.0,0.0
2 BHK,463.9,563.96,3,8,6,1,Semi-Furnished,1,3,2,0,4,Marble,1,1,0,1,0,Bike,0,Corporation + Borewell,2092.91,Hinjewadi,411057,Society,6.64,0.37,2.28,3.07,8823.72,2870837.09,6188.51,Owner,17,3,1,2,2,0,0,0,1,0,0,0,0,0,0,0,0,0,0,0,0.09758221983996325,0.10373719341819315,0.14285714285714285,0.21052631578947367,0.30000000000000004,1.0,1.0,0.4000000000000001,0.4,0.0,0.3333333333333333,1.0,1.0,0.0,1.0,0.0,0.0,0.14834366724646725,1.0,0.8944444444444444,0.014131338320864505,0.7509025270758122,0.98,0.043831082591974435,0.14545454545454545,1.0,0.0,0.0,0.0,1.0,0.0,0.0,0.0,0.0,0.0,0.0,0.0,0.0,0.0,0.0,0.0
3 BHK,1053.21,1141.04,10,11,10,1,Unfurnished,0,4,3,1,6,Wooden,0,1,0,0,0,Covered,0,Corporation + Borewell,2800.77,Wakad,411057,Society,4.61,4.09,1.84,2.44,25099.25,5377763.83,5106.06,Owner,30,3,0,3,3,0,0,0,0,0,0,0,0,0,0,0,0,0,0,1,0.37961349975113906,0.32768938217944743,0.47619047619047616,0.368421052631579,0.5,1.0,0.0,0.6000000000000001,0.6000000000000001,0.2,0.5555555555555556,0.0,1.0,0.0,0.0,0.0,0.0,0.22956088135811026,1.0,0.6125,0.3233582709891936,0.5920577617328521,0.728,0.010398894540279258,0.2636363636363636,1.0,0.0,0.0,0.0,0.0,0.0,0.0,0.0,0.0,0.0,0.0,0.0,0.0,0.0,0.0,1.0
1 BHK,426.26,531.78,16,16,5,1,Semi-Furnished,1,1,1,0,1,Vitrified,1,1,0,0,0,Open,1,Borewell,3144.33,Kharadi,411014,Society,5.03,0.66,1.69,2.33,12246.53,5214532.39,12233.35,Not Specified,46,2,1,1,1,0,0,0,0,0,1,0,0,0,0,0,0,0,0,0,0.0795685133427773,0.0912488357652903,0.7619047619047619,0.631578947368421,0.25,1.0,1.0,0.0,0.2,0.0,0.0,1.0,1.0,0.0,0.0,0.0,1.0,0.26897967332289996,0.232142857143117,0.6708333333333334,0.03823773898586866,0.5379061371841155,0.684,0.23052998565669722,0.40909090909090906,0.5,0.0,0.0,0.0,0.0,0.0,1.0,0.0,0.0,0.0,0.0,0.0,0.0,0.0,0.0,0.0
3 BHK,839.48,1011.29,3,10,11,1,Semi-Furnished,1,4,3,2,5,Vitrified,1,0,1,1,1,Covered,1,Municipal,3927.72,Baner,411045,Society,3.08,1.63,1.83,2.42,52574.64,18959444.82,22584.64,Owner,56,1,1,3,3,0,1,0,0,0,0,0,0,0,0,0,0,0,0,0,0.2773268501856886,0.27733623098416643,0.14285714285714285,0.3157894736842105,0.55,1.0,1.0,0.6000000000000001,0.6000000000000001,0.4,0.4444444444444445,1.0,0.0,1.0,1.0,1.0,1.0,0.35886291769738077,0.7857142857146755,0.4,0.1188694929343308,0.5884476534296029,0.72,0.5502364606510451,0.49999999999999994,0.0,0.0,1.0,0.0,0.0,0.0,0.0,0.0,0.0,0.0,0.0,0.0,0.0,0.0,0.0,0.0
1 BHK,277.9,340.6,1,15,8,1,Semi-Furnished,1,1,1,0,1,Vitrified,1,1,1,0,0,Open,1,Municipal,800.0,Shivajinagar,411005,Society,0.33,7.62,1.15,1.36,13964.44,2800000.0,10075.54,Owner,14,2,1,1,1,0,0,0,0,0,0,0,0,0,0,0,0,1,0,0,0.008566560741222848,0.017056038497361092,0.047619047619047616,0.5789473684210527,0.4,1.0,1.0,0.0,0.2,0.0,0.0,1.0,1.0,1.0,0.0,0.0,1.0,0.0,0.071428571429351,0.018055555555555557,0.6167913549459684,0.34296028880866425,0.29600000000000004,0.1638845889179764,0.11818181818181817,0.5,0.0,0.0,0.0,0.0,0.0,0.0,0.0,0.0,0.0,0.0,0.0,0.0,1.0,0.0,0.0
2 BHK,682.27,781.11,0,9,8,1,Semi-Furnished,1,3,1,2,2,Ceramic,0,1,1,1,0,Covered,0,Corporation + Borewell,3152.21,Koregaon Park,411001,Standalone,2.53,5.5,1.75,0.7,44303.16,7094195.85,10397.87,Owner,49,1,1,2,2,0,0,0,0,0,0,1,0,0,0,0,0,0,0,0,0.2020894750947586,0.18800838248991003,0.0,0.2631578947368421,0.4,1.0,1.0,0.4000000000000001,0.2,0.4,0.1111111111111111,0.0,1.0,1.0,1.0,0.0,0.0,0.2698837951085635,0.0,0.32361111111111107,0.44056525353283454,0.5595667870036102,0.03199999999999997,0.17383996530922116,0.43636363636363634,0.0,0.0,0.0,0.0,0.0,0.0,0.0,1.0,0.0,0.0,0.0,0.0,0.0,0.0,0.0,0.0
2 BHK,771.93,929.23,4,14,2,1,Semi-Furnished,1,3,2,1,3,Granite,0,0,1,1,1,Stilt,0,Corporation + Borewell,3165.39,Aundh,411007,Standalone,3.62,3.47,1.55,1.86,21331.47,7124298.13,9229.22,Builder,24,2,1,2,2,1,0,0,0,0,0,0,0,0,0,0,0,0,0,0,0.24499885141085032,0.24549053089102768,0.19047619047619047,0.5263157894736842,0.1,1.0,1.0,0.4000000000000001,0.4,0.2,0.2222222222222222,0.0,0.0,1.0,1.0,1.0,0.0,0.2713960191104727,0.107142857143117,0.475,0.2718204488778055,0.4873646209386282,0.4960000000000001,0.13774543293672023,0.20909090909090908,0.5,1.0,0.0,0.0,0.0,0.0,0.0,0.0,0.0,0.0,0.0,0.0,0.0,0.0,0.0,0.0
5 BHK,1861.4,2084.99,3,18,7,1,Semi-Furnished,1,5,5,4,6,Vitrified,1,1,0,0,0,Covered,1,Municipal,4494.68,Hinjewadi,411057,Society,5.13,0.91,2.63,2.66,53162.36,15487788.91,8320.52,Owner,31,3,1,5,5,0,0,0,1,0,0,0,0,0,0,0,0,0,0,0,0.7663961101114133,0.6940158335920521,0.14285714285714285,0.7368421052631579,0.35000000000000003,1.0,1.0,0.8,1.0,0.8,0.5555555555555556,1.0,1.0,0.0,0.0,0.0,1.0,0.42391379175826455,1.0,0.6847222222222222,0.05901911886949293,0.8772563176895307,0.8160000000000001,0.10967962917435206,0.2727272727272727,1.0,0.0,0.0,0.0,1.0,0.0,0.0,0.0,0.0,0.0,0.0,0.0,0.0,0.0,0.0,0.0
3 BHK,1289.97,1567.09,1,15,10,1,Fully Furnished,1,3,4,1,3,Marble,0,1,1,0,1,Open,0,Municipal,3019.06,Wakad,411057,Standalone,5.12,2.96,2.51,2.0,40725.5,11616000.61,9004.85,Broker,9,3,2,3,3,0,0,0,0,0,0,0,0,0,0,0,0,0,0,1,0.4929218193652131,0.49303011487115805,0.047619047619047616,0.5789473684210527,0.5,1.0,1.0,0.4000000000000001,0.8,0.2,0.2222222222222222,0.0,1.0,1.0,0.0,1.0,0.0,0.2546066611287295,1.0,0.6833333333333333,0.22942643391521195,0.8339350180505415,0.552,0.1308156162863818,0.07272727272727272,1.0,0.0,0.0,0.0,0.0,0.0,0.0,0.0,0.0,0.0,0.0,0.0,0.0,0.0,0.0,1.0
4 BHK,1264.3,1569.94,6,13,16,1,Fully Furnished,1,4,2,2,5,Granite,1,1,0,1,0,Covered,1,Corporation + Borewell,4005.96,Hinjewadi,411057,Society,5.83,0.97,2.42,2.55,33442.27,11189760.15,8850.53,Owner,7,3,2,4,4,0,0,0,1,0,0,0,0,0,0,0,0,0,0,0,0.4806367012519622,0.49413613784538973,0.2857142857142857,0.4736842105263157,0.8,1.0,1.0,0.6000000000000001,0.4,0.4,0.4444444444444445,1.0,1.0,0.0,1.0,0.0,1.0,0.3678398832443745,1.0,0.7819444444444444,0.06400665004156275,0.8014440433212996,0.772,0.12604934046751018,0.054545454545454536,1.0,0.0,0.0,0.0,1.0,0.0,0.0,0.0,0.0,0.0,0.0,0.0,0.0,0.0,0.0,0.0
2 BHK,642.43,798.6,7,14,8,1,Fully Furnished,1,2,3,1,3,Ceramic,1,1,1,1,1,Open,0,Borewell,2934.04,Kothrud,411038,Society,1.72,7.92,1.52,1.09,32961.1,7490414.79,11659.56,Owner,17,2,2,2,2,0,0,0,0,0,0,0,1,0,0,0,0,0,0,0,0.18302289521038323,0.1947958708475629,0.3333333333333333,0.5263157894736842,0.4,1.0,1.0,0.2,0.6000000000000001,0.2,0.2222222222222222,1.0,1.0,1.0,1.0,1.0,0.0,0.24485178369001015,0.6607142857146755,0.2111111111111111,0.6417290108063175,0.47653429602888087,0.18800000000000006,0.2128080999509536,0.14545454545454545,0.5,0.0,0.0,0.0,0.0,0.0,0.0,0.0,1.0,0.0,0.0,0.0,0.0,0.0,0.0,0.0
3 BHK,748.12,952.69,10,11,3,1,Semi-Furnished,1,3,3,2,5,Vitrified,0,1,1,1,0,Covered,1,Municipal,2668.21,Aundh,411007,Standalone,4.17,3.87,1.68,1.42,26104.27,12522479.41,16738.66,Broker,36,2,1,3,3,1,0,0,0,0,0,0,0,0,0,0,0,0,0,0,0.23360388988858688,0.25459484632101836,0.47619047619047616,0.368421052631579,0.15000000000000002,1.0,1.0,0.4000000000000001,0.6000000000000001,0.4,0.4444444444444445,0.0,1.0,1.0,1.0,0.0,1.0,0.21435144177593385,0.107142857143117,0.5513888888888889,0.30507065669160427,0.5342960288808665,0.31999999999999995,0.36967948092316016,0.3181818181818182,0.5,1.0,0.0,0.0,0.0,0.0,0.0,0.0,0.0,0.0,0.0,0.0,0.0,0.0,0.0,0.0
2 BHK,753.69,910.38,10,14,0,1,Semi-Furnished,1,2,2,2,3,Granite,1,1,1,1,1,Stilt,1,Corporation + Borewell,4089.94,Baner,411045,Society,3.15,3.53,2.2,2.25,43291.46,20210386.73,26815.18,Broker,22,1,1,2,2,0,1,0,0,0,0,0,0,0,0,0,0,0,0,0,0.2362695738734255,0.2381752561316362,0.47619047619047616,0.5263157894736842,0.0,1.0,1.0,0.2,0.4,0.4,0.2222222222222222,1.0,1.0,1.0,1.0,1.0,1.0,0.37747543496518904,0.7857142857146755,0.4097222222222222,0.2768079800498753,0.7220216606498195,0.652,0.6808995017524526,0.1909090909090909,0.0,0.0,1.0,0.0,0.0,0.0,0.0,0.0,0.0,0.0,0.0,0.0,0.0,0.0,0.0,0.0
1 BHK,392.83,468.29,3,11,13,1,Unfurnished,1,1,0,0,2,Vitrified,1,1,0,0,1,Covered,1,Corporation + Borewell,1939.99,Kothrud,411038,Society,1.35,8.86,1.39,1.92,14899.2,6514310.56,16583.15,Broker,16,2,0,1,1,0,0,0,0,0,0,0,1,0,0,0,0,0,0,0,0.06356962364562195,0.06660974852530274,0.14285714285714285,0.368421052631579,0.65,1.0,1.0,0.0,0.0,0.0,0.1111111111111111,1.0,1.0,0.0,0.0,1.0,1.0,0.1307981972637695,0.6607142857146755,0.15972222222222224,0.7198669991687446,0.4296028880866426,0.52,0.36487645116296885,0.13636363636363635,0.5,0.0,0.0,0.0,0.0,0.0,0.0,0.0,1.0,0.0,0.0,0.0,0.0,0.0,0.0,0.0
3 BHK,950.59,1076.33,12,12,18,1,Fully Furnished,1,3,2,2,5,Marble,1,1,0,0,0,Stilt,0,Municipal,2613.07,Wakad,411057,Society,5.14,2.75,1.59,2.48,18580.73,8069367.56,8488.8,Broker,71,3,2,3,3,0,0,0,0,0,0,0,0,0,0,0,0,0,0,1,0.330501742026877,0.3025768394908414,0.5714285714285714,0.42105263157894735,0.9,1.0,1.0,0.4000000000000001,0.4,0.4,0.4444444444444445,1.0,1.0,0.0,0.0,0.0,0.0,0.20802488400163388,1.0,0.6861111111111111,0.21197007481296756,0.5018050541516246,0.744,0.11487706887626833,0.6363636363636364,1.0,0.0,0.0,0.0,0.0,0.0,0.0,0.0,0.0,0.0,0.0,0.0,0.0,0.0,0.0,1.0
1 BHK,443.94,487.97,11,13,9,1,Fully Furnished,1,2,1,1,1,Vitrified,0,0,1,1,0,Covered,1,Municipal,2814.32,Baner,411045,Society,2.57,3.33,1.61,2.57,26448.35,11406553.5,25693.91,Broker,57,1,2,1,1,0,1,0,0,0,0,0,0,0,0,0,0,0,0,0,0.08802978674528121,0.0742471282210494,0.5238095238095237,0.4736842105263157,0.45,1.0,1.0,0.2,0.2,0.2,0.0,0.0,0.0,1.0,1.0,0.0,1.0,0.23111555777888948,0.7857142857146755,0.32916666666666666,0.26018287614297586,0.5090252707581228,0.78,0.6462683321864456,0.5090909090909091,0.0,0.0,1.0,0.0,0.0,0.0,0.0,0.0,0.0,0.0,0.0,0.0,0.0,0.0,0.0,0.0
3 BHK,867.66,1070.58,1,12,12,1,Fully Furnished,1,3,3,2,6,Vitrified,1,1,0,1,0,Bike,1,Municipal,4085.3,Aundh,411007,Society,3.61,4.71,1.19,1.74,38055.91,9193008.81,10595.21,Owner,22,2,2,3,3,1,0,0,0,0,0,0,0,0,0,0,0,0,0,0,0.2908132011179601,0.3003453896305495,0.047619047619047616,0.42105263157894735,0.6000000000000001,1.0,1.0,0.4000000000000001,0.6000000000000001,0.4,0.5555555555555556,1.0,1.0,0.0,1.0,0.0,1.0,0.376943058685306,0.107142857143117,0.4736111111111111,0.3748960931005818,0.3574007220216606,0.44800000000000006,0.1799349424352976,0.1909090909090909,0.5,1.0,0.0,0.0,0.0,0.0,0.0,0.0,0.0,0.0,0.0,0.0,0.0,0.0,0.0,0.0
1 BHK,410.21,462.87,13,16,12,1,Unfurnished,0,2,0,0,2,Wooden,1,1,0,1,0,Open,0,Municipal,1109.05,Wakad,411057,Standalone,4.19,1.09,2.32,2.05,7500.0,2800000.0,6825.83,Not Specified,48,3,0,1,1,0,0,0,0,0,0,0,0,0,0,0,0,0,0,1,0.07188732340441824,0.06450636448307981,0.6190476190476191,0.631578947368421,0.6000000000000001,1.0,0.0,0.2,0.0,0.0,0.1111111111111111,1.0,1.0,0.0,1.0,0.0,0.0,0.03545924338315948,1.0,0.5541666666666667,0.0739817123857024,0.7653429602888087,0.572,0.06351513459355085,0.42727272727272725,1.0,0.0,0.0,0.0,0.0,0.0,0.0,0.0,0.0,0.0,0.0,0.0,0.0,0.0,0.0,1.0
2 BHK,458.49,546.0,16,18,7,1,Fully Furnished,0,2,1,1,4,Wooden,0,0,0,1,0,Covered,1,Municipal,1827.81,Pune Camp,411001,Society,2.0,6.86,1.22,1.7,19197.86,4191191.49,9141.28,Not Specified,35,3,2,2,2,0,0,0,0,0,0,0,0,0,0,0,1,0,0,0,0.09499310846510205,0.09676730828935115,0.7619047619047619,0.7368421052631579,0.35000000000000003,1.0,0.0,0.2,0.2,0.2,0.3333333333333333,0.0,0.0,0.0,1.0,0.0,1.0,0.11792708280745878,0.0,0.25,0.5536159600997506,0.36823104693140796,0.43200000000000005,0.13502934755885884,0.3090909090909091,1.0,0.0,0.0,0.0,0.0,0.0,0.0,0.0,0.0,0.0,0.0,0.0,1.0,0.0,0.0,0.0
1 BHK,458.92,564.21,5,11,9,1,Semi-Furnished,1,2,1,0,1,Marble,0,1,0,1,0,Covered,0,Municipal,1029.04,Kharadi,411014,Standalone,4.7,1.48,2.15,1.83,16319.51,4461767.58,9722.36,Broker,21,2,1,1,1,0,0,0,0,0,1,0,0,0,0,0,0,0,0,0,0.09519889735441635,0.10383421297733628,0.23809523809523808,0.368421052631579,0.45,1.0,1.0,0.2,0.2,0.0,0.0,0.0,1.0,0.0,1.0,0.0,0.0,0.026279194643193157,0.232142857143117,0.625,0.10640066500415626,0.703971119133574,0.4840000000000001,0.15297638976226688,0.1818181818181818,0.5,0.0,0.0,0.0,0.0,0.0,1.0,0.0,0.0,0.0,0.0,0.0,0.0,0.0,0.0,0.0
2 BHK,415.28,475.77,0,10,5,1,Unfurnished,1,2,2,1,3,Wooden,0,0,0,1,1,Covered,1,Corporation + Borewell,2440.61,Viman Nagar,411014,Society,2.76,6.88,1.96,1.02,12427.12,3882792.23,9349.83,Broker,51,2,0,2,2,0,0,0,0,0,0,0,0,0,0,0,0,0,1,0,0.07431371798307744,0.06951257373486497,0.0,0.3157894736842105,0.25,1.0,1.0,0.2,0.4,0.2,0.2222222222222222,0.0,0.0,0.0,1.0,1.0,1.0,0.188237467357532,0.232142857143117,0.3555555555555555,0.5552784704904404,0.6353790613718412,0.16000000000000003,0.14147055298929997,0.45454545454545453,0.5,0.0,0.0,0.0,0.0,0.0,0.0,0.0,0.0,0.0,0.0,0.0,0.0,0.0,1.0,0.0
1 BHK,349.39,421.27,14,14,8,1,Semi-Furnished,1,1,2,0,2,Granite,0,0,0,0,0,Stilt,1,Municipal,800.0,Wakad,411057,Standalone,5.54,2.49,1.93,2.83,8274.86,3366126.69,9634.25,Broker,42,3,1,1,1,0,0,0,0,0,0,0,0,0,0,0,0,0,0,1,0.04278016003675485,0.04836230984166409,0.6666666666666666,0.5263157894736842,0.4,1.0,1.0,0.0,0.4,0.0,0.1111111111111111,0.0,0.0,0.0,0.0,0.0,1.0,0.0,1.0,0.7416666666666667,0.19035743973399832,0.6245487364620939,0.8840000000000001,0.1502550538213598,0.3727272727272727,1.0,0.0,0.0,0.0,0.0,0.0,0.0,0.0,0.0,0.0,0.0,0.0,0.0,0.0,0.0,1.0
2 BHK,535.06,681.49,5,11,9,1,Fully Furnished,1,2,1,1,3,Granite,0,0,1,0,0,Covered,1,Corporation + Borewell,2331.32,Aundh,411007,Standalone,3.95,4.87,1.64,1.19,30046.93,9900725.32,18503.94,Broker,11,2,2,2,2,1,0,0,0,0,0,0,0,0,0,0,0,0,0,0,0.13163788812741678,0.14934802856255824,0.23809523809523808,0.368421052631579,0.45,1.0,1.0,0.2,0.2,0.2,0.2222222222222222,0.0,0.0,1.0,0.0,0.0,1.0,0.17569794071347605,0.107142857143117,0.5208333333333334,0.38819617622610136,0.51985559566787,0.22799999999999998,0.4242013275894232,0.0909090909090909,0.5,1.0,0.0,0.0,0.0,0.0,0.0,0.0,0.0,0.0,0.0,0.0,0.0,0.0,0.0,0.0
1 BHK,386.79,457.11,10,15,7,1,Fully Furnished,1,1,1,0,1,Granite,1,1,0,1,1,Stilt,0,Borewell,2195.12,Viman Nagar,411014,Society,2.5,5.48,1.44,1.57,13898.18,8132058.2,21024.22,Owner,82,2,2,1,1,0,0,0,0,0,0,0,0,0,0,0,0,0,1,0,0.0606790076189747,0.06227103384042226,0.47619047619047616,0.5789473684210527,0.35000000000000003,1.0,1.0,0.0,0.2,0.0,0.0,1.0,1.0,0.0,1.0,1.0,0.0,0.16007086111863272,0.232142857143117,0.3194444444444444,0.4389027431421446,0.4476534296028881,0.3800000000000001,0.5020418513114672,0.7363636363636363,0.5,0.0,0.0,0.0,0.0,0.0,0.0,0.0,0.0,0.0,0.0,0.0,0.0,0.0,1.0,0.0
2 BHK,643.16,782.09,1,12,3,1,Fully Furnished,1,2,2,1,3,Ceramic,1,1,0,0,0,Covered,1,Borewell,2758.63,Kharadi,411014,Society,4.75,0.98,1.88,1.93,38562.9,7197021.68,11190.06,Broker,2,2,2,2,2,0,0,0,0,0,1,0,0,0,0,0,0,0,0,0,0.18337225774340515,0.18838869916175105,0.047619047619047616,0.42105263157894735,0.15000000000000002,1.0,1.0,0.2,0.4,0.2,0.2222222222222222,1.0,1.0,0.0,0.0,0.0,1.0,0.22472589505762058,0.232142857143117,0.6319444444444444,0.06483790523690772,0.6064981949458483,0.524,0.19830728024540514,0.00909090909090909,0.5,0.0,0.0,0.0,0.0,0.0,1.0,0.0,0.0,0.0,0.0,0.0,0.0,0.0,0.0,0.0
3 BHK,1111.8,1227.49,11,16,9,1,Semi-Furnished,0,3,2,1,4,Vitrified,1,1,0,0,1,Covered,1,Corporation + Borewell,4056.56,Aundh,411007,Standalone,3.66,5.48,1.58,1.23,58286.48,10423287.68,9375.17,Broker,38,2,1,3,3,1,0,0,0,0,0,0,0,0,0,0,0,0,0,0,0.4076534323672422,0.36123874573113945,0.5238095238095237,0.631578947368421,0.45,1.0,0.0,0.4000000000000001,0.4,0.2,0.3333333333333333,1.0,1.0,0.0,0.0,1.0,1.0,0.37364553836551306,0.107142857143117,0.4805555555555556,0.4389027431421446,0.49819494584837554,0.244,0.14225319573975495,0.33636363636363636,0.5,1.0,0.0,0.0,0.0,0.0,0.0,0.0,0.0,0.0,0.0,0.0,0.0,0.0,0.0,0.0
2 BHK,534.88,586.3,6,13,14,1,Unfurnished,0,2,1,0,2,Vitrified,1,1,0,0,1,Bike,1,Municipal,2886.98,Hadapsar,411028,Society,5.52,2.48,2.3,2.35,12818.09,5230064.05,9778.05,Owner,39,3,0,2,2,0,0,1,0,0,0,0,0,0,0,0,0,0,0,0,0.13155174394119223,0.1124068612232226,0.2857142857142857,0.4736842105263157,0.7000000000000001,1.0,0.0,0.2,0.2,0.0,0.1111111111111111,1.0,1.0,0.0,0.0,1.0,1.0,0.23945229495481685,0.482142857143117,0.7388888888888888,0.18952618453865333,0.7581227436823105,0.6920000000000001,0.1546964124446992,0.34545454545454546,1.0,0.0,0.0,1.0,0.0,0.0,0.0,0.0,0.0,0.0,0.0,0.0,0.0,0.0,0.0,0.0
3 BHK,566.7,731.795,8,18,12,1,Semi-Furnished,1,3,2,1,6,Vitrified,1,1,0,1,1,Covered,1,Borewell,3064.92,Aundh,411007,Society,3.4,3.27,0.64,1.87,17661.51,9221838.45,16272.95,Broker,16,2,1,3,3,1,0,0,0,0,0,0,0,0,0,0,0,0,0,0,0.14678012175044985,0.1688703042533375,0.38095238095238093,0.7368421052631579,0.6000000000000001,1.0,1.0,0.4000000000000001,0.4,0.2,0.5555555555555556,1.0,1.0,0.0,1.0,1.0,1.0,0.2598684663432634,0.107142857143117,0.4444444444444444,0.255195344970906,0.15884476534296027,0.5000000000000001,0.3552957178878653,0.13636363636363635,0.5,1.0,0.0,0.0,0.0,0.0,0.0,0.0,0.0,0.0,0.0,0.0,0.0,0.0,0.0,0.0
1 BHK,446.07,554.89,11,13,10,1,Semi-Furnished,1,1,0,0,1,Ceramic,0,1,0,0,0,Covered,0,Tanker,2234.62,Kothrud,411038,Standalone,2.02,6.1,1.64,1.45,19257.28,7221171.08,16188.28,Not Specified,24,2,1,1,1,0,0,0,0,0,0,0,1,0,0,0,0,0,0,0,0.08904915961560549,0.10021732381248061,0.5238095238095237,0.4736842105263157,0.5,1.0,1.0,0.0,0.0,0.0,0.0,0.0,1.0,0.0,0.0,0.0,0.0,0.16460294367367168,0.6607142857146755,0.25277777777777777,0.49044056525353275,0.51985559566787,0.33199999999999996,0.3526806286344707,0.20909090909090908,0.5,0.0,0.0,0.0,0.0,0.0,0.0,0.0,1.0,0.0,0.0,0.0,0.0,0.0,0.0,0.0
1 BHK,393.51,461.46,4,8,3,1,Semi-Furnished,1,1,1,1,1,Vitrified,0,0,1,1,1,Covered,1,Corporation + Borewell,2311.86,Koregaon Park,411001,Standalone,2.52,4.1,1.18,1.16,28122.21,6777119.89,17222.1,Broker,38,1,1,1,1,0,0,0,0,0,0,1,0,0,0,0,0,0,0,0,0.06389505723802595,0.06395917416951258,0.19047619047619047,0.21052631578947367,0.15000000000000002,1.0,1.0,0.0,0.2,0.2,0.0,0.0,0.0,1.0,1.0,1.0,1.0,0.1734651729534492,0.0,0.32222222222222224,0.32418952618453856,0.35379061371841153,0.21599999999999997,0.3846108467984537,0.33636363636363636,0.0,0.0,0.0,0.0,0.0,0.0,0.0,1.0,0.0,0.0,0.0,0.0,0.0,0.0,0.0,0.0
3 BHK,1008.04,1195.78,8,11,13,1,Semi-Furnished,1,3,3,1,4,Marble,0,0,0,0,0,Open,0,Tanker,2398.86,Pimple Saudagar,411027,Society,3.96,5.49,2.23,1.84,23183.78,5702245.3,5656.79,Owner,55,3,1,3,3,0,0,0,0,0,0,0,0,0,0,1,0,0,0,0,0.35799609479689115,0.3489327848494257,0.38095238095238093,0.368421052631579,0.65,1.0,1.0,0.4000000000000001,0.6000000000000001,0.2,0.3333333333333333,0.0,0.0,0.0,0.0,0.0,0.0,0.18344722820125664,0.464285714286234,0.5222222222222223,0.43973399833748955,0.7328519855595668,0.4880000000000001,0.027408556811709894,0.4909090909090909,1.0,0.0,0.0,0.0,0.0,0.0,0.0,0.0,0.0,0.0,0.0,1.0,0.0,0.0,0.0,0.0
1 RK,448.6,528.49,12,14,10,1,Semi-Furnished,0,2,1,0,2,Ceramic,1,1,0,0,0,Covered,0,Borewell,800.0,Nigdi,411044,Society,3.68,11.48,1.9,2.76,10303.19,2800000.0,6241.69,Broker,15,3,1,1,1,0,0,0,0,0,0,0,0,0,1,0,0,0,0,0,0.09025996401087331,0.08997205836696681,0.5714285714285714,0.5263157894736842,0.5,1.0,0.0,0.2,0.2,0.0,0.1111111111111111,1.0,1.0,0.0,0.0,0.0,0.0,0.0,0.7678571428577925,0.4833333333333334,0.9376558603491271,0.6137184115523465,0.8559999999999999,0.045473582255320666,0.12727272727272726,1.0,0.0,0.0,0.0,0.0,0.0,0.0,0.0,0.0,0.0,1.0,0.0,0.0,0.0,0.0,0.0
1 RK,482.98,591.4,4,11,2,1,Semi-Furnished,1,2,1,0,1,Vitrified,0,0,0,1,1,Bike,0,Corporation + Borewell,2320.6,Kothrud,411038,Standalone,1.68,7.5,0.96,1.86,17535.09,8435520.12,17465.43,Broker,59,2,1,1,1,0,0,0,0,0,0,0,1,0,0,0,0,0,0,0,0.10671350357976954,0.11438606022974235,0.19047619047619047,0.368421052631579,0.1,1.0,1.0,0.2,0.2,0.0,0.0,0.0,0.0,0.0,1.0,1.0,0.0,0.1744679679289186,0.6607142857146755,0.20555555555555555,0.6068162926018287,0.27436823104693137,0.4960000000000001,0.39212625565670955,0.5272727272727273,0.5,0.0,0.0,0.0,0.0,0.0,0.0,0.0,1.0,0.0,0.0,0.0,0.0,0.0,0.0,0.0
2 BHK,514.69,628.13,2,4,6,1,Fully Furnished,1,2,2,1,4,Granite,1,1,1,1,0,Covered,1,Corporation + Borewell,1452.35,Kothrud,411038,Society,1.86,7.33,0.66,1.33,17779.62,6439052.78,12510.6,Broker,33,2,2,2,2,0,0,0,0,0,0,0,1,0,0,0,0,0,0,0,0.12188923771966771,0.12864017385905002,0.09523809523809523,0.0,0.30000000000000004,1.0,1.0,0.2,0.4,0.2,0.3333333333333333,1.0,1.0,1.0,1.0,0.0,1.0,0.074848203918473,0.6607142857146755,0.23055555555555557,0.5926849542809642,0.1660649819494585,0.28400000000000003,0.23909303627088954,0.2909090909090909,0.5,0.0,0.0,0.0,0.0,0.0,0.0,0.0,1.0,0.0,0.0,0.0,0.0,0.0,0.0,0.0
3 BHK,884.55,1057.92,14,17,15,1,Semi-Furnished,1,2,4,2,4,Marble,1,1,0,0,0,Covered,1,Municipal,2151.15,Wakad,411057,Society,4.04,3.0,1.41,2.12,17873.08,9076589.78,10261.22,Broker,5,3,1,3,3,0,0,0,0,0,0,0,0,0,0,0,0,0,0,1,0.29889639725870054,0.29543231915554186,0.6666666666666666,0.6842105263157894,0.75,1.0,1.0,0.2,0.8,0.4,0.3333333333333333,1.0,1.0,0.0,0.0,0.0,1.0,0.15502590744913744,1.0,0.5333333333333333,0.2327514546965918,0.4368231046931408,0.6000000000000001,0.16961943919044967,0.03636363636363636,1.0,0.0,0.0,0.0,0.0,0.0,0.0,0.0,0.0,0.0,0.0,0.0,0.0,0.0,0.0,1.0
2 BHK,735.91,894.82,5,12,10,1,Semi-Furnished,0,2,2,1,4,Wooden,1,1,1,1,1,Covered,0,Borewell,4181.94,Kalyani Nagar,411006,Society,1.42,3.39,1.2,1.07,47394.98,19755603.19,26845.03,Broker,53,1,1,2,2,0,0,0,0,1,0,0,0,0,0,0,0,0,0,0,0.22776044258968564,0.23213675877056822,0.23809523809523808,0.42105263157894735,0.5,1.0,0.0,0.2,0.4,0.2,0.3333333333333333,1.0,1.0,1.0,1.0,1.0,0.0,0.38803117154907724,0.089285714286234,0.16944444444444443,0.2651704073150457,0.3610108303249097,0.18000000000000005,0.6818214388519428,0.4727272727272727,0.0,0.0,0.0,0.0,0.0,1.0,0.0,0.0,0.0,0.0,0.0,0.0,0.0,0.0,0.0,0.0
3 BHK,1026.84,1223.99,3,13,8,1,Unfurnished,0,4,4,2,4,Wooden,0,0,1,0,1,Stilt,0,Corporation + Borewell,4480.12,Aundh,411007,Society,3.75,4.52,1.76,1.72,29212.74,9344743.03,9100.53,Owner,55,2,0,3,3,1,0,0,0,0,0,0,0,0,0,0,0,0,0,0,0.3669933764692369,0.35988047190313577,0.14285714285714285,0.4736842105263157,0.4,1.0,0.0,0.6000000000000001,0.8,0.4,0.3333333333333333,0.0,0.0,1.0,0.0,1.0,0.0,0.422243231707597,0.107142857143117,0.4930555555555556,0.3591022443890273,0.5631768953068592,0.44000000000000006,0.13377075671114616,0.4909090909090909,0.5,1.0,0.0,0.0,0.0,0.0,0.0,0.0,0.0,0.0,0.0,0.0,0.0,0.0,0.0,0.0
1 BHK,415.32,473.79,2,14,10,1,Semi-Furnished,1,2,1,0,2,Granite,0,0,0,1,0,Covered,0,Borewell,800.0,Kothrud,411038,Standalone,1.5,8.7,1.32,1.6,12385.61,3452134.2,8311.9,Owner,18,2,1,1,1,0,0,0,0,0,0,0,1,0,0,0,0,0,0,0,0.07433286113557182,0.06874417882645145,0.09523809523809523,0.5263157894736842,0.5,1.0,1.0,0.2,0.2,0.0,0.1111111111111111,0.0,0.0,0.0,1.0,0.0,0.0,0.0,0.6607142857146755,0.18055555555555555,0.7065669160432251,0.40433212996389895,0.3920000000000001,0.10941339474227149,0.15454545454545454,0.5,0.0,0.0,0.0,0.0,0.0,0.0,0.0,1.0,0.0,0.0,0.0,0.0,0.0,0.0,0.0
2 BHK,688.17,804.93,5,13,7,1,Fully Furnished,1,3,0,2,3,Ceramic,0,0,1,1,1,Covered,0,Tanker,4098.51,Baner,411045,Standalone,3.46,2.62,1.75,2.06,48416.84,17927689.39,26051.22,Broker,8,1,2,2,2,0,1,0,0,0,0,0,0,0,0,0,0,0,0,0,0.2049130900876756,0.19725240608506678,0.23809523809523808,0.4736842105263157,0.35000000000000003,1.0,1.0,0.4000000000000001,0.0,0.4,0.2222222222222222,0.0,0.0,1.0,1.0,1.0,0.0,0.3784587247752317,0.7857142857146755,0.4527777777777778,0.20116375727348293,0.5595667870036102,0.5760000000000001,0.6573040891385,0.06363636363636363,0.0,0.0,1.0,0.0,0.0,0.0,0.0,0.0,0.0,0.0,0.0,0.0,0.0,0.0,0.0,0.0
2 BHK,783.39,903.37,8,12,6,1,Unfurnished,1,2,3,1,3,Vitrified,1,1,0,1,0,Covered,1,Corporation + Borewell,2033.09,Magarpatta,411013,Society,4.41,2.16,2.08,2.07,25852.99,9277783.35,11843.08,Owner,10,3,0,2,2,0,0,0,0,0,0,0,0,1,0,0,0,0,0,0,0.25048336460048237,0.23545482769326304,0.38095238095238093,0.42105263157894735,0.30000000000000004,1.0,1.0,0.2,0.6000000000000001,0.2,0.2222222222222222,1.0,1.0,0.0,1.0,0.0,1.0,0.14148014374159557,0.214285714286234,0.5847222222222223,0.1629260182876143,0.6787003610108304,0.58,0.2184762371870819,0.08181818181818182,1.0,0.0,0.0,0.0,0.0,0.0,0.0,0.0,0.0,1.0,0.0,0.0,0.0,0.0,0.0,0.0
1 RK,497.01,804.04,16,17,9,1,Semi-Furnished,0,1,1,0,1,Marble,1,1,0,0,0,Covered,0,Corporation + Borewell,2470.24,Viman Nagar,411014,Society,2.65,5.11,2.02,1.45,20170.05,5405327.08,10875.62,Owner,24,2,1,1,1,0,0,0,0,0,0,0,0,0,0,0,0,0,1,0,0.11342796431716375,0.19690701645451725,0.7619047619047619,0.6842105263157894,0.45,1.0,0.0,0.0,0.2,0.0,0.0,1.0,1.0,0.0,0.0,0.0,0.0,0.1916371029551473,0.232142857143117,0.3402777777777778,0.4081463009143807,0.6570397111913358,0.33199999999999996,0.18859559175080956,0.20909090909090908,0.5,0.0,0.0,0.0,0.0,0.0,0.0,0.0,0.0,0.0,0.0,0.0,0.0,0.0,1.0,0.0
5 BHK,2047.53,2297.27,10,16,5,1,Unfurnished,0,4,5,3,6,Ceramic,1,1,0,0,1,Open,0,Corporation + Borewell,6233.99,Pune Camp,411001,Society,2.31,7.4,1.01,1.35,68669.78,15926729.76,7778.5,Broker,6,3,0,5,5,0,0,0,0,0,0,0,0,0,0,0,1,0,0,0,0.8554739844557603,0.776397081651661,0.47619047619047616,0.631578947368421,0.25,1.0,0.0,0.6000000000000001,1.0,0.6000000000000001,0.5555555555555556,1.0,1.0,0.0,0.0,1.0,0.0,0.623475728690033,0.0,0.29305555555555557,0.598503740648379,0.2924187725631769,0.29200000000000004,0.09293898104484971,0.045454545454545456,1.0,0.0,0.0,0.0,0.0,0.0,0.0,0.0,0.0,0.0,0.0,0.0,1.0,0.0,0.0,0.0
1 BHK,404.19,507.88,8,12,10,1,Fully Furnished,1,1,1,0,1,Vitrified,0,0,0,0,0,Covered,0,Corporation + Borewell,966.37,Pune Camp,411001,Standalone,1.85,5.79,0.42,2.22,8871.79,3112575.8,7700.79,Owner,14,3,2,1,1,0,0,0,0,0,0,0,0,0,0,0,1,0,0,0,0.06900627895401816,0.08197376591120772,0.38095238095238093,0.42105263157894735,0.5,1.0,1.0,0.0,0.2,0.0,0.0,0.0,0.0,0.0,0.0,0.0,0.0,0.019088672776755355,0.0,0.22916666666666669,0.4646716541978387,0.07942238267148015,0.6400000000000001,0.0905388560196779,0.11818181818181817,1.0,0.0,0.0,0.0,0.0,0.0,0.0,0.0,0.0,0.0,0.0,0.0,1.0,0.0,0.0,0.0
2 BHK,771.05,867.21,0,8,2,1,Semi-Furnished,1,3,2,1,2,Ceramic,1,1,1,1,0,Open,0,Corporation + Borewell,1769.04,Kharadi,411014,Society,4.56,1.47,2.4,2.01,34658.2,8071682.56,10468.48,Owner,56,2,1,2,2,0,0,0,0,0,1,0,0,0,0,0,0,0,0,0,0.24457770205597457,0.22142191865880168,0.0,0.21052631578947367,0.1,1.0,1.0,0.4000000000000001,0.4,0.2,0.1111111111111111,1.0,1.0,1.0,1.0,0.0,0.0,0.11118403238316407,0.232142857143117,0.6055555555555555,0.10556940980881128,0.7942238267148014,0.5559999999999999,0.17602080211307367,0.49999999999999994,0.5,0.0,0.0,0.0,0.0,0.0,1.0,0.0,0.0,0.0,0.0,0.0,0.0,0.0,0.0,0.0
1 RK,444.12,529.45,9,11,13,1,Semi-Furnished,1,1,0,1,1,Wooden,1,1,1,1,1,Covered,0,Not Specified,2222.98,Baner,411045,Society,3.8,2.96,2.06,2.16,32019.77,10513329.25,23672.14,Owner,18,1,1,1,1,0,1,0,0,0,0,0,0,0,0,0,0,0,0,0,0.08811593093150581,0.09034461347407641,0.42857142857142855,0.368421052631579,0.65,1.0,1.0,0.0,0.0,0.2,0.0,1.0,1.0,1.0,1.0,1.0,0.0,0.1632674135232754,0.7857142857146755,0.5,0.22942643391521195,0.6714801444043321,0.6160000000000001,0.5838246213108618,0.15454545454545454,0.0,0.0,1.0,0.0,0.0,0.0,0.0,0.0,0.0,0.0,0.0,0.0,0.0,0.0,0.0,0.0
2 BHK,614.06,731.89,5,11,10,1,Semi-Furnished,0,2,2,1,3,Wooden,1,1,0,0,0,Covered,0,Corporation + Borewell,2155.96,Wakad,411057,Society,5.28,2.65,2.02,1.9,14499.75,3486260.83,5677.4,Broker,38,3,1,2,2,0,0,0,0,0,0,0,0,0,0,0,0,0,0,1,0.16944561430376354,0.16890717168581187,0.23809523809523808,0.368421052631579,0.5,1.0,0.0,0.2,0.4,0.2,0.2222222222222222,1.0,1.0,0.0,0.0,0.0,0.0,0.15557778889444723,1.0,0.7055555555555556,0.20365752285951783,0.6570397111913358,0.512,0.028045110366835213,0.33636363636363636,1.0,0.0,0.0,0.0,0.0,0.0,0.0,0.0,0.0,0.0,0.0,0.0,0.0,0.0,0.0,1.0
3 BHK,733.31,904.46,9,10,12,1,Semi-Furnished,1,3,4,1,3,Vitrified,1,1,0,1,0,Bike,1,Tanker,1998.48,Kothrud,411038,Society,2.2,7.17,0.85,1.55,29889.25,7999533.1,10908.86,Owner,25,2,1,3,3,0,0,0,0,0,0,0,1,0,0,0,0,0,0,0,0.2265161376775527,0.23587783297112702,0.42857142857142855,0.3157894736842105,0.6000000000000001,1.0,1.0,0.4000000000000001,0.8,0.2,0.2222222222222222,1.0,1.0,0.0,1.0,0.0,1.0,0.13750912153324368,0.6607142857146755,0.2777777777777778,0.5793848711554447,0.23465703971119134,0.3720000000000001,0.18962223125456337,0.21818181818181817,0.5,0.0,0.0,0.0,0.0,0.0,0.0,0.0,1.0,0.0,0.0,0.0,0.0,0.0,0.0,0.0
2 BHK,620.5,699.78,9,12,15,1,Semi-Furnished,1,3,1,1,3,Vitrified,1,1,1,0,1,Covered,0,Borewell,800.0,Hadapsar,411028,Society,5.32,2.82,1.8,2.14,10425.33,3536029.84,5698.65,Owner,11,3,1,2,2,0,0,1,0,0,0,0,0,0,0,0,0,0,0,0,0.17252766185535434,0.15644597950946915,0.42857142857142855,0.42105263157894735,0.75,1.0,1.0,0.4000000000000001,0.2,0.2,0.2222222222222222,1.0,1.0,1.0,0.0,1.0,0.0,0.0,0.482142857143117,0.7111111111111111,0.21778886118038235,0.5776173285198556,0.6080000000000001,0.028701430747544276,0.0909090909090909,1.0,0.0,0.0,1.0,0.0,0.0,0.0,0.0,0.0,0.0,0.0,0.0,0.0,0.0,0.0,0.0
1 BHK,446.84,500.81,4,5,9,1,Unfurnished,0,2,0,0,1,Wooden,1,1,0,1,1,Covered,1,Municipal,2326.02,Kothrud,411038,Society,1.39,6.8,1.18,1.39,18862.3,4640023.1,10384.01,Owner,30,2,0,1,1,0,0,0,0,0,0,0,1,0,0,0,0,0,0,0,0.08941766530112179,0.0792300527786402,0.19047619047619047,0.05263157894736842,0.45,1.0,0.0,0.2,0.0,0.0,0.0,1.0,1.0,0.0,1.0,1.0,1.0,0.17508983849723025,0.6607142857146755,0.16527777777777777,0.5486284289276807,0.35379061371841153,0.30799999999999994,0.17341188999267396,0.2636363636363636,0.5,0.0,0.0,0.0,0.0,0.0,0.0,0.0,1.0,0.0,0.0,0.0,0.0,0.0,0.0,0.0
1 RK,463.05,513.54,3,15,12,1,Semi-Furnished,1,1,1,0,1,Marble,0,1,1,0,0,Stilt,0,Municipal,1810.74,Hadapsar,411028,Standalone,4.82,1.24,2.77,1.58,13362.85,4025559.44,8693.59,Broker,53,3,1,1,1,0,0,1,0,0,0,0,0,0,0,0,0,0,0,0,0.09717542784945825,0.08417028873020801,0.14285714285714285,0.5789473684210527,0.6000000000000001,1.0,1.0,0.0,0.2,0.0,0.0,0.0,1.0,1.0,0.0,0.0,0.0,0.11596853472607865,0.482142857143117,0.6416666666666667,0.08645054031587696,0.927797833935018,0.3840000000000001,0.12120214420640521,0.4727272727272727,1.0,0.0,0.0,1.0,0.0,0.0,0.0,0.0,0.0,0.0,0.0,0.0,0.0,0.0,0.0,0.0
4 BHK,1492.33,1798.58,4,11,5,1,Unfurnished,0,4,3,3,7,Wooden,0,1,0,0,0,Covered,1,Municipal,3614.63,Hinjewadi,411057,Standalone,6.31,2.0,2.41,2.19,34875.25,8669229.53,5809.18,Owner,25,3,0,4,4,0,0,0,1,0,0,0,0,0,0,0,0,0,0,0,0.5897670278341438,0.5828663458553245,0.19047619047619047,0.368421052631579,0.25,1.0,0.0,0.6000000000000001,0.6000000000000001,0.6000000000000001,0.6666666666666665,0.0,1.0,0.0,0.0,0.0,1.0,0.322940139794668,1.0,0.8486111111111111,0.14962593516209474,0.7978339350180507,0.628,0.03211522329718067,0.21818181818181817,1.0,0.0,0.0,0.0,1.0,0.0,0.0,0.0,0.0,0.0,0.0,0.0,0.0,0.0,0.0,0.0
1 RK,385.37,480.83,18,18,7,1,Fully Furnished,1,1,0,0,2,Vitrified,1,1,0,1,0,Open,1,Municipal,1916.51,Shivajinagar,411005,Society,1.41,7.05,0.76,1.0,21854.89,3249816.95,8432.97,Builder,2,2,2,1,1,0,0,0,0,0,0,0,0,0,0,0,0,1,0,0,0.05999942570542517,0.07147624961192178,0.8571428571428571,0.7368421052631579,0.35000000000000003,1.0,1.0,0.0,0.0,0.0,0.1111111111111111,1.0,1.0,0.0,1.0,0.0,1.0,0.12810418970953366,0.071428571429351,0.16805555555555554,0.569409808811305,0.20216606498194944,0.15200000000000002,0.11315272220073955,0.00909090909090909,0.5,0.0,0.0,0.0,0.0,0.0,0.0,0.0,0.0,0.0,0.0,0.0,0.0,1.0,0.0,0.0
3 BHK,1000.18,1129.56,1,18,4,1,Semi-Furnished,1,2,4,1,5,Granite,0,1,0,0,0,Stilt,0,Municipal,2519.94,Hinjewadi,411057,Standalone,5.97,2.19,2.65,2.18,20659.66,10237635.94,10235.83,Owner,22,3,1,3,3,0,0,0,1,0,0,0,0,0,0,0,0,0,0,0,0.3542344653317508,0.3232342440235952,0.047619047619047616,0.7368421052631579,0.2,1.0,1.0,0.2,0.8,0.2,0.4444444444444445,0.0,1.0,0.0,0.0,0.0,0.0,0.19733949543579132,1.0,0.8013888888888889,0.1654197838736492,0.8844765342960289,0.6240000000000001,0.16883525215674602,0.1909090909090909,1.0,0.0,0.0,0.0,1.0,0.0,0.0,0.0,0.0,0.0,0.0,0.0,0.0,0.0,0.0,0.0
1 BHK,413.39,459.63,2,12,16,1,Semi-Furnished,1,1,1,0,2,Wooden,0,0,0,0,0,Not Specified,1,Borewell,1688.01,Hinjewadi,411057,Standalone,5.89,2.44,1.93,2.57,7500.0,2800000.0,6773.29,Owner,38,3,1,1,1,0,0,0,1,0,0,0,0,0,0,0,0,0,0,0,0.07340920402771929,0.06324899099658493,0.09523809523809523,0.42105263157894735,0.8,1.0,1.0,0.0,0.2,0.0,0.1111111111111111,0.0,0.0,0.0,0.0,0.0,1.0,0.10188695265063724,1.0,0.7902777777777777,0.18620116375727344,0.6245487364620939,0.78,0.06189240175578831,0.33636363636363636,1.0,0.0,0.0,0.0,1.0,0.0,0.0,0.0,0.0,0.0,0.0,0.0,0.0,0.0,0.0,0.0
4 BHK,1345.75,1641.66,16,18,10,1,Unfurnished,1,4,3,2,8,Vitrified,1,1,0,1,0,Open,0,Corporation + Borewell,3475.75,Pune Camp,411001,Society,2.42,6.53,1.63,1.4,29663.69,10236985.35,7606.91,Builder,53,3,0,4,4,0,0,0,0,0,0,0,0,0,0,0,1,0,0,0,0.5196169455185881,0.521969108972369,0.7619047619047619,0.7368421052631579,0.5,1.0,1.0,0.6000000000000001,0.6000000000000001,0.4,0.7777777777777777,1.0,1.0,0.0,1.0,0.0,0.0,0.30700556700368536,0.0,0.30833333333333335,0.5261845386533666,0.516245487364621,0.31199999999999994,0.08763930979186768,0.4727272727272727,1.0,0.0,0.0,0.0,0.0,0.0,0.0,0.0,0.0,0.0,0.0,0.0,1.0,0.0,0.0,0.0
2 BHK,696.96,871.92,15,15,17,1,Unfurnished,1,2,2,1,3,Vitrified,1,1,1,0,0,Covered,1,Municipal,2543.29,Kothrud,411038,Society,1.37,9.33,0.92,1.56,23432.29,10342935.54,14840.13,Broker,31,2,0,2,2,0,0,0,0,0,0,0,1,0,0,0,0,0,0,0,0.2091197978483097,0.2232497671530581,0.7142857142857142,0.5789473684210527,0.8500000000000001,1.0,1.0,0.2,0.4,0.2,0.2222222222222222,1.0,1.0,1.0,0.0,0.0,1.0,0.20001858727528904,0.6607142857146755,0.1625,0.7589359933499583,0.25992779783393505,0.3760000000000001,0.31104211939903914,0.2727272727272727,0.5,0.0,0.0,0.0,0.0,0.0,0.0,0.0,1.0,0.0,0.0,0.0,0.0,0.0,0.0,0.0
3 BHK,1013.62,1129.66,0,5,5,1,Semi-Furnished,1,2,2,1,6,Wooden,0,1,1,1,0,Stilt,0,Borewell,3087.11,Pune Camp,411001,Society,2.46,6.63,1.26,1.72,18506.97,8877298.37,8757.99,Broker,10,3,1,3,3,0,0,0,0,0,0,0,0,0,0,0,1,0,0,0,0.36066656456985335,0.3232730518472525,0.0,0.05263157894736842,0.25,1.0,1.0,0.2,0.4,0.2,0.5555555555555556,0.0,1.0,1.0,1.0,0.0,0.0,0.26241446411279035,0.0,0.3138888888888889,0.5344970906068162,0.38267148014440433,0.44000000000000006,0.12319118103076585,0.08181818181818182,1.0,0.0,0.0,0.0,0.0,0.0,0.0,0.0,0.0,0.0,0.0,0.0,1.0,0.0,0.0,0.0
2 BHK,472.82,533.33,10,16,2,1,Semi-Furnished,1,2,2,1,4,Marble,0,1,1,0,1,Covered,0,Municipal,800.0,Kothrud,411038,Society,1.5,5.96,0.89,1.85,22059.07,4869538.66,10298.92,Builder,8,2,1,2,2,0,0,0,0,0,0,0,1,0,0,0,0,0,0,0,0.1018511428462039,0.09185035703197769,0.47619047619047616,0.631578947368421,0.1,1.0,1.0,0.2,0.4,0.2,0.3333333333333333,0.0,1.0,1.0,0.0,1.0,0.0,0.0,0.6607142857146755,0.18055555555555555,0.4788029925187032,0.2490974729241877,0.4920000000000001,0.17078382875999001,0.06363636363636363,0.5,0.0,0.0,0.0,0.0,0.0,0.0,0.0,1.0,0.0,0.0,0.0,0.0,0.0,0.0,0.0
3 BHK,1059.72,1249.1,3,14,5,1,Fully Furnished,1,3,3,2,5,Vitrified,0,1,0,0,0,Covered,0,Borewell,3405.08,Hadapsar,411028,Standalone,5.35,2.76,1.85,2.14,23202.7,7265663.3,6856.22,Owner,3,3,2,3,3,0,0,1,0,0,0,0,0,0,0,0,0,0,0,0,0.382729047819595,0.369625116423471,0.14285714285714285,0.5263157894736842,0.25,1.0,1.0,0.4000000000000001,0.6000000000000001,0.4,0.4444444444444445,0.0,1.0,0.0,0.0,0.0,0.0,0.29889715499951813,0.482142857143117,0.7152777777777778,0.2128013300083125,0.5956678700361011,0.6080000000000001,0.06445374995212724,0.01818181818181818,1.0,0.0,0.0,1.0,0.0,0.0,0.0,0.0,0.0,0.0,0.0,0.0,0.0,0.0,0.0,0.0
4 BHK,1395.27,1664.53,0,11,11,1,Semi-Furnished,1,5,3,2,8,Not Specified,1,1,1,1,0,Covered,0,Borewell,4662.48,Kothrud,411038,Society,1.42,6.65,1.11,1.5,54770.3,13193854.95,9456.12,Owner,49,2,1,4,4,0,0,0,0,0,0,0,1,0,0,0,0,0,0,0,0.5433161683065968,0.5308444582427818,0.0,0.368421052631579,0.55,1.0,1.0,0.8,0.6000000000000001,0.4,0.7777777777777777,1.0,1.0,1.0,1.0,0.0,0.0,0.4431665373971389,0.6607142857146755,0.16944444444444443,0.5361596009975061,0.32851985559566793,0.3520000000000001,0.14475339031944431,0.43636363636363634,0.5,0.0,0.0,0.0,0.0,0.0,0.0,0.0,1.0,0.0,0.0,0.0,0.0,0.0,0.0,0.0
4 BHK,1490.16,1784.94,0,10,12,1,Unfurnished,1,5,3,2,5,Vitrified,1,1,0,0,0,Covered,1,Municipal,6671.3,Kharadi,411014,Society,4.09,1.28,2.31,2.0,37156.12,13165457.33,8834.92,Owner,2,2,0,4,4,0,0,0,0,0,1,0,0,0,0,0,0,0,0,0,0.5887285118113252,0.5775729587084757,0.0,0.3157894736842105,0.6000000000000001,1.0,1.0,0.8,0.6000000000000001,0.4,0.4444444444444445,1.0,1.0,0.0,0.0,0.0,1.0,0.6736510457063394,0.232142857143117,0.5402777777777777,0.08977556109725685,0.7617328519855596,0.552,0.12556721523725753,0.00909090909090909,0.5,0.0,0.0,0.0,0.0,0.0,1.0,0.0,0.0,0.0,0.0,0.0,0.0,0.0,0.0,0.0
2 BHK,708.18,903.39,6,7,5,1,Unfurnished,0,3,1,1,2,Vitrified,1,1,0,0,0,Covered,1,Corporation + Borewell,2338.755,Viman Nagar,411014,Society,2.32,5.89,1.77,1.16,29692.86,9489200.75,13399.5,Owner,8,2,0,2,2,0,0,0,0,0,0,0,0,0,0,0,0,0,1,0,0.2144894521229756,0.23546258925799446,0.2857142857142857,0.15789473684210525,0.25,1.0,0.0,0.4000000000000001,0.2,0.2,0.1111111111111111,1.0,1.0,0.0,0.0,0.0,1.0,0.1765510048602283,0.232142857143117,0.2944444444444444,0.47298420615128833,0.5667870036101084,0.21599999999999997,0.26654730386676173,0.06363636363636363,0.5,0.0,0.0,0.0,0.0,0.0,0.0,0.0,0.0,0.0,0.0,0.0,0.0,0.0,1.0,0.0
2 BHK,447.15,526.42,4,6,13,1,Semi-Furnished,1,2,3,1,2,Wooden,1,1,0,0,1,Covered,0,Tanker,1545.61,Aundh,411007,Society,3.49,2.91,1.62,1.65,13818.06,4116281.09,9205.66,Builder,17,2,1,2,2,1,0,0,0,0,0,0,0,0,0,0,0,0,0,0,0.08956602473295301,0.08916873641726172,0.19047619047619047,0.10526315789473684,0.65,1.0,1.0,0.2,0.6000000000000001,0.2,0.1111111111111111,1.0,1.0,0.0,0.0,1.0,0.0,0.08554850819905366,0.107142857143117,0.4569444444444445,0.2252701579384871,0.5126353790613719,0.41200000000000003,0.13701776666991997,0.14545454545454545,0.5,1.0,0.0,0.0,0.0,0.0,0.0,0.0,0.0,0.0,0.0,0.0,0.0,0.0,0.0,0.0
1 RK,438.56,545.77,15,17,11,1,Semi-Furnished,1,1,0,0,1,Marble,0,0,0,0,0,Stilt,0,Corporation + Borewell,800.0,Pimple Saudagar,411027,Standalone,3.87,5.38,1.38,2.3,7668.41,3393399.56,7737.54,Owner,87,3,1,1,1,0,0,0,0,0,0,0,0,0,0,1,0,0,0,0,0.08545503273479078,0.09667805029493948,0.7142857142857142,0.6842105263157894,0.55,1.0,1.0,0.0,0.0,0.0,0.0,0.0,0.0,0.0,0.0,0.0,0.0,0.0,0.464285714286234,0.5097222222222223,0.43059019118869485,0.42599277978339345,0.6719999999999999,0.09167390420749238,0.7818181818181819,1.0,0.0,0.0,0.0,0.0,0.0,0.0,0.0,0.0,0.0,0.0,1.0,0.0,0.0,0.0,0.0
3 BHK,881.57,973.31,7,12,10,1,Semi-Furnished,1,3,4,1,6,Granite,1,1,0,1,1,Open,1,Corporation + Borewell,3624.54,Hadapsar,411028,Society,4.59,3.03,2.37,2.36,20356.41,7205540.56,8173.52,Broker,15,3,1,3,3,0,0,1,0,0,0,0,0,0,0,0,0,0,0,0,0.2974702323978713,0.26259701955914316,0.3333333333333333,0.42105263157894735,0.5,1.0,1.0,0.4000000000000001,0.8,0.2,0.5555555555555556,1.0,1.0,0.0,1.0,1.0,1.0,0.3240771762027803,0.482142857143117,0.6097222222222222,0.23524522028262673,0.7833935018050542,0.696,0.10513943642309412,0.12727272727272726,1.0,0.0,0.0,1.0,0.0,0.0,0.0,0.0,0.0,0.0,0.0,0.0,0.0,0.0,0.0,0.0
1 BHK,444.28,560.6,11,13,9,1,Semi-Furnished,1,1,0,0,2,Vitrified,1,1,0,1,0,Open,1,Municipal,1126.47,Hadapsar,411028,Society,4.98,2.21,2.5,2.15,8994.92,4410268.32,9926.78,Broker,31,3,1,1,1,0,0,1,0,0,0,0,0,0,0,0,0,0,0,0,0.08819250354148321,0.10243325054330957,0.5238095238095237,0.4736842105263157,0.45,1.0,1.0,0.0,0.0,0.0,0.1111111111111111,1.0,1.0,0.0,1.0,0.0,1.0,0.037457949158065273,0.482142857143117,0.663888888888889,0.16708229426433913,0.8303249097472925,0.612,0.1592900373963632,0.2727272727272727,1.0,0.0,0.0,1.0,0.0,0.0,0.0,0.0,0.0,0.0,0.0,0.0,0.0,0.0,0.0,0.0
2 BHK,632.99,697.42,9,11,3,1,Unfurnished,0,3,2,2,3,Vitrified,1,1,1,0,1,Covered,0,Corporation + Borewell,3381.48,Baner,411045,Standalone,3.96,2.66,1.73,2.31,31225.31,12639791.15,19968.33,Owner,23,1,0,2,2,0,1,0,0,0,0,0,0,0,0,0,0,0,0,0,0.17850511122171597,0.15553011487115803,0.42857142857142855,0.368421052631579,0.15000000000000002,1.0,0.0,0.4000000000000001,0.4,0.4,0.2222222222222222,1.0,1.0,1.0,0.0,1.0,0.0,0.29618937909321635,0.7857142857146755,0.5222222222222223,0.20448877805486282,0.5523465703971119,0.676,0.4694299865214959,0.19999999999999998,0.0,0.0,1.0,0.0,0.0,0.0,0.0,0.0,0.0,0.0,0.0,0.0,0.0,0.0,0.0,0.0
2 BHK,642.25,748.31,2,19,5,1,Semi-Furnished,0,3,1,1,3,Ceramic,1,1,0,0,0,Open,0,Borewell,2212.41,Magarpatta,411013,Society,5.18,2.74,2.45,2.02,20523.52,5235410.76,8151.64,Owner,18,3,1,2,2,0,0,0,0,0,0,0,0,1,0,0,0,0,0,0,0.18293675102415863,0.17527941633033223,0.09523809523809523,0.7894736842105263,0.25,1.0,0.0,0.4000000000000001,0.2,0.2,0.2222222222222222,1.0,1.0,0.0,0.0,0.0,0.0,0.1620546511788004,0.214285714286234,0.6916666666666667,0.2111388196176226,0.812274368231047,0.56,0.10446365807345107,0.15454545454545454,1.0,0.0,0.0,0.0,0.0,0.0,0.0,0.0,0.0,1.0,0.0,0.0,0.0,0.0,0.0,0.0
2 BHK,486.56,621.38,4,13,7,1,Fully Furnished,1,2,2,2,2,Marble,1,1,1,1,1,Covered,1,Municipal,2906.14,Koregaon Park,411001,Standalone,2.09,4.25,1.11,1.12,39690.67,16718188.45,34359.79,Owner,16,1,2,2,2,0,0,0,0,0,0,1,0,0,0,0,0,0,0,0,0.10842681572801409,0.1260206457621857,0.19047619047619047,0.4736842105263157,0.35000000000000003,1.0,1.0,0.2,0.4,0.4,0.1111111111111111,1.0,1.0,1.0,1.0,1.0,1.0,0.24165064183467883,0.0,0.26249999999999996,0.3366583541147132,0.32851985559566793,0.20000000000000007,0.9139197985760473,0.13636363636363635,0.0,0.0,0.0,0.0,0.0,0.0,0.0,1.0,0.0,0.0,0.0,0.0,0.0,0.0,0.0,0.0
2 BHK,723.26,854.07,8,8,10,1,Fully Furnished,1,2,1,1,4,Granite,1,1,1,0,0,Covered,1,Borewell,2023.09,Aundh,411007,Standalone,3.7,4.16,1.63,1.51,39138.54,8027343.7,11098.76,Broker,27,2,2,2,2,1,0,0,0,0,0,0,0,0,0,0,0,0,0,0,0.2217064206133466,0.21632257063023913,0.38095238095238093,0.21052631578947367,0.5,1.0,1.0,0.2,0.2,0.2,0.3333333333333333,1.0,1.0,1.0,0.0,0.0,1.0,0.1403327810694338,0.107142857143117,0.48611111111111116,0.32917705735660846,0.516245487364621,0.3560000000000001,0.19548741903322928,0.23636363636363636,0.5,1.0,0.0,0.0,0.0,0.0,0.0,0.0,0.0,0.0,0.0,0.0,0.0,0.0,0.0,0.0
2 BHK,588.18,702.81,5,10,10,1,Unfurnished,0,2,2,1,3,Granite,1,1,1,1,0,Covered,1,Borewell,2283.02,Kharadi,411014,Society,3.68,2.12,2.21,1.76,20313.3,5539028.48,9417.26,Owner,58,2,0,2,2,0,0,0,0,0,1,0,0,0,0,0,0,0,0,0,0.15705999463991727,0.1576218565662838,0.23809523809523808,0.3157894736842105,0.5,1.0,0.0,0.2,0.4,0.2,0.2222222222222222,1.0,1.0,1.0,1.0,0.0,1.0,0.1701561790069347,0.232142857143117,0.4833333333333334,0.1596009975062344,0.7256317689530686,0.45600000000000007,0.1435531733785335,0.5181818181818182,0.5,0.0,0.0,0.0,0.0,0.0,1.0,0.0,0.0,0.0,0.0,0.0,0.0,0.0,0.0,0.0
1 BHK,469.21,517.75,0,12,7,1,Semi-Furnished,1,3,1,1,2,Marble,0,0,1,1,1,Bike,1,Corporation + Borewell,2460.87,Kalyani Nagar,411006,Standalone,1.89,5.28,1.33,1.19,27250.93,12436272.89,26504.97,Owner,58,1,1,1,1,0,0,0,0,1,0,0,0,0,0,0,0,0,0,0,0.10012347333358858,0.08580409810617823,0.0,0.42105263157894735,0.35000000000000003,1.0,1.0,0.4000000000000001,0.2,0.2,0.1111111111111111,0.0,0.0,1.0,1.0,1.0,1.0,0.19056202413133172,0.089285714286234,0.23472222222222222,0.4222776392352452,0.40794223826714804,0.22799999999999998,0.6713184596206994,0.5181818181818182,0.0,0.0,0.0,0.0,0.0,1.0,0.0,0.0,0.0,0.0,0.0,0.0,0.0,0.0,0.0,0.0
1 BHK,450.99,573.61,17,17,11,1,Semi-Furnished,1,1,2,0,2,Granite,1,1,0,0,0,Covered,1,Municipal,1968.87,Nigdi,411044,Society,3.82,10.12,1.37,2.35,13713.96,5067518.17,11236.35,Owner,13,3,1,1,1,0,0,0,0,0,0,0,0,0,1,0,0,0,0,0,0.09140376737241089,0.1074821484011177,0.8095238095238095,0.6842105263157894,0.55,1.0,1.0,0.0,0.4,0.0,0.1111111111111111,1.0,1.0,0.0,0.0,0.0,1.0,0.13411178066097268,0.7678571428577925,0.5027777777777778,0.824605153782211,0.42238267148014447,0.6920000000000001,0.1997369776770768,0.10909090909090909,1.0,0.0,0.0,0.0,0.0,0.0,0.0,0.0,0.0,0.0,1.0,0.0,0.0,0.0,0.0,0.0
3 BHK,1128.6,1385.53,10,15,5,1,Semi-Furnished,1,3,2,2,6,Wooden,0,1,1,0,0,Not Specified,0,Tanker,4121.34,Viman Nagar,411014,Standalone,2.72,5.64,1.84,1.56,38763.25,17376160.36,15396.26,Broker,22,2,1,3,3,0,0,0,0,0,0,0,0,0,0,0,0,0,1,0,0.4156935564148703,0.4225706302390562,0.47619047619047616,0.5789473684210527,0.25,1.0,1.0,0.4000000000000001,0.4,0.4,0.5555555555555556,0.0,1.0,1.0,0.0,0.0,0.0,0.381078153755777,0.232142857143117,0.35000000000000003,0.4522028262676641,0.5920577617328521,0.3760000000000001,0.32821856426133234,0.1909090909090909,0.5,0.0,0.0,0.0,0.0,0.0,0.0,0.0,0.0,0.0,0.0,0.0,0.0,0.0,1.0,0.0
2 BHK,660.84,727.87,4,12,2,1,Semi-Furnished,1,3,2,1,3,Granite,1,0,1,1,0,Covered,1,Borewell,2802.9,Viman Nagar,411014,Society,2.61,5.59,1.52,1.38,29616.99,5563088.27,8418.16,Owner,12,2,1,2,2,0,0,0,0,0,0,0,0,0,0,0,0,0,1,0,0.19183353114590912,0.16734709717479046,0.19047619047619047,0.42105263157894735,0.1,1.0,1.0,0.4000000000000001,0.4,0.2,0.2222222222222222,1.0,0.0,1.0,1.0,0.0,1.0,0.2298052696072807,0.232142857143117,0.3347222222222222,0.44804655029093926,0.47653429602888087,0.30399999999999994,0.11269530550246656,0.09999999999999999,0.5,0.0,0.0,0.0,0.0,0.0,0.0,0.0,0.0,0.0,0.0,0.0,0.0,0.0,1.0,0.0
2 BHK,865.93,1076.42,5,15,3,1,Unfurnished,0,2,3,1,3,Granite,1,1,0,0,0,Covered,0,Municipal,3307.45,Aundh,411007,Society,2.04,4.87,1.1,2.04,23193.86,14504547.56,16750.34,Broker,10,2,0,2,2,1,0,0,0,0,0,0,0,0,0,0,0,0,0,0,0.28998525977257933,0.30261176653213295,0.23809523809523808,0.5789473684210527,0.15000000000000002,1.0,0.0,0.2,0.6000000000000001,0.2,0.2222222222222222,1.0,1.0,0.0,0.0,0.0,0.0,0.28769545323120277,0.107142857143117,0.25555555555555554,0.38819617622610136,0.3249097472924188,0.5680000000000001,0.3700402254900629,0.08181818181818182,0.5,1.0,0.0,0.0,0.0,0.0,0.0,0.0,0.0,0.0,0.0,0.0,0.0,0.0,0.0,0.0
4 BHK,1267.84,1373.19,5,9,11,1,Unfurnished,0,4,4,2,8,Ceramic,1,1,0,1,0,Open,1,Municipal,3472.5,Wakad,411057,Society,4.29,3.77,1.75,2.56,20755.92,8514266.62,6715.58,Broker,18,3,0,4,4,0,0,0,0,0,0,0,0,0,0,0,0,0,0,1,0.4823308702477123,0.4177817447997518,0.23809523809523808,0.2631578947368421,0.55,1.0,0.0,0.6000000000000001,0.8,0.4,0.7777777777777777,1.0,1.0,0.0,1.0,0.0,1.0,0.30663267413523276,1.0,0.5680555555555555,0.29675810473815456,0.5595667870036102,0.776,0.06010999003010736,0.15454545454545454,1.0,0.0,0.0,0.0,0.0,0.0,0.0,0.0,0.0,0.0,0.0,0.0,0.0,0.0,0.0,1.0
1 BHK,353.98,393.96,3,11,12,1,Semi-Furnished,0,1,0,0,1,Ceramic,0,0,1,1,0,Covered,1,Municipal,1186.19,Aundh,411007,Standalone,3.87,3.69,1.15,1.24,7500.0,3068862.86,8669.58,Broker,23,2,1,1,1,1,0,0,0,0,0,0,0,0,0,0,0,0,0,0,0.04497683678548185,0.037763893200869314,0.14285714285714285,0.368421052631579,0.6000000000000001,1.0,0.0,0.0,0.0,0.0,0.0,0.0,0.0,1.0,1.0,0.0,1.0,0.04430999903621535,0.107142857143117,0.5097222222222223,0.2901080631753948,0.34296028880866425,0.248,0.12046057939036639,0.19999999999999998,0.5,1.0,0.0,0.0,0.0,0.0,0.0,0.0,0.0,0.0,0.0,0.0,0.0,0.0,0.0,0.0
4 BHK,1242.52,1386.54,4,8,0,1,Semi-Furnished,1,5,4,3,4,Ceramic,1,0,0,1,0,Not Specified,1,Municipal,4974.6,Aundh,411007,Society,3.39,4.2,1.39,1.81,38737.13,13241152.34,10656.68,Owner,12,2,1,4,4,1,0,0,0,0,0,0,0,0,0,0,0,0,0,0,0.4702132547187871,0.4229625892579945,0.19047619047619047,0.21052631578947367,0.0,1.0,1.0,0.8,0.8,0.6000000000000001,0.3333333333333333,1.0,0.0,0.0,1.0,0.0,1.0,0.4789780211206522,0.107142857143117,0.4430555555555556,0.3325020781379883,0.4296028880866426,0.4760000000000001,0.1818334842612829,0.09999999999999999,0.5,1.0,0.0,0.0,0.0,0.0,0.0,0.0,0.0,0.0,0.0,0.0,0.0,0.0,0.0,0.0
4 BHK,1190.67,1320.19,12,13,12,1,Unfurnished,0,4,3,3,5,Vitrified,0,0,0,0,0,Open,1,Borewell,3202.85,Pimple Saudagar,411027,Society,3.5,5.89,1.46,1.73,25035.37,9820154.92,8247.57,Builder,18,3,0,4,4,0,0,0,0,0,0,0,0,0,0,1,0,0,0,0,0.4453989432979824,0.3972135982614096,0.5714285714285714,0.4736842105263157,0.6000000000000001,1.0,0.0,0.6000000000000001,0.6000000000000001,0.6000000000000001,0.4444444444444445,0.0,0.0,0.0,0.0,0.0,1.0,0.27569403968039063,0.464285714286234,0.45833333333333337,0.47298420615128833,0.4548736462093863,0.44400000000000006,0.10742651991445909,0.15454545454545454,1.0,0.0,0.0,0.0,0.0,0.0,0.0,0.0,0.0,0.0,0.0,1.0,0.0,0.0,0.0,0.0
4 BHK,1172.43,1488.08,4,9,4,1,Semi-Furnished,1,6,4,3,5,Granite,1,1,1,1,0,Stilt,1,Municipal,4438.91,Viman Nagar,411014,Society,2.5,5.47,1.39,1.27,44627.44,9930225.31,8469.79,Broker,18,2,1,4,4,0,0,0,0,0,0,0,0,0,0,0,0,0,1,0,0.4366696657605575,0.4623680533995654,0.19047619047619047,0.2631578947368421,0.2,1.0,1.0,1.0000000000000002,0.8,0.6000000000000001,0.4444444444444445,1.0,1.0,1.0,1.0,0.0,1.0,0.4175149501356183,0.232142857143117,0.3194444444444444,0.43807148794679956,0.4296028880866426,0.26,0.1142899323851023,0.15454545454545454,0.5,0.0,0.0,0.0,0.0,0.0,0.0,0.0,0.0,0.0,0.0,0.0,0.0,0.0,1.0,0.0
3 BHK,955.9,1048.59,18,18,0,1,Unfurnished,1,4,2,1,5,Vitrified,1,1,1,1,1,Stilt,0,Corporation + Borewell,4359.32,Viman Nagar,411014,Society,2.89,4.4,1.87,1.69,48061.8,8775194.05,9180.0,Owner,22,2,0,3,3,0,0,0,0,0,0,0,0,0,0,0,0,0,1,0,0.3330429955205023,0.2918115492083204,0.8571428571428571,0.7368421052631579,0.0,1.0,1.0,0.6000000000000001,0.4,0.2,0.4444444444444445,1.0,1.0,1.0,1.0,1.0,0.0,0.40838309062788275,0.232142857143117,0.3736111111111111,0.34912718204488774,0.6028880866425993,0.42800000000000005,0.1362252405066732,0.1909090909090909,0.5,0.0,0.0,0.0,0.0,0.0,0.0,0.0,0.0,0.0,0.0,0.0,0.0,0.0,1.0,0.0
2 BHK,660.9,714.97,6,9,10,1,Semi-Furnished,1,2,3,1,2,Granite,1,1,0,1,0,Covered,1,Municipal,2711.75,Kharadi,411014,Society,3.57,1.74,2.11,2.23,31848.96,8284061.01,12534.6,Broker,35,2,1,2,2,0,0,0,0,0,1,0,0,0,0,0,0,0,0,0,0.19186224587465062,0.16234088792300533,0.2857142857142857,0.2631578947368421,0.5,1.0,1.0,0.2,0.6000000000000001,0.2,0.1111111111111111,1.0,1.0,0.0,1.0,0.0,1.0,0.2193470588505262,0.232142857143117,0.46805555555555556,0.1280133000831255,0.6895306859205776,0.644,0.2398342922302786,0.3090909090909091,0.5,0.0,0.0,0.0,0.0,0.0,1.0,0.0,0.0,0.0,0.0,0.0,0.0,0.0,0.0,0.0
1 BHK,453.61,552.74,8,10,7,1,Fully Furnished,1,2,1,1,1,Ceramic,1,1,0,1,0,Stilt,1,Tanker,1904.65,Koregaon Park,411001,Society,2.04,3.95,0.85,1.57,38320.96,15393405.54,33935.12,Owner,20,1,2,1,1,0,0,0,0,0,0,1,0,0,0,0,0,0,0,0,0.09265764386079102,0.09938295560384977,0.38095238095238093,0.3157894736842105,0.35000000000000003,1.0,1.0,0.2,0.2,0.2,0.0,1.0,1.0,0.0,1.0,0.0,1.0,0.12674341758034982,0.0,0.25555555555555554,0.31172069825436405,0.23465703971119134,0.3800000000000001,0.9008035832313078,0.17272727272727273,0.0,0.0,0.0,0.0,0.0,0.0,0.0,1.0,0.0,0.0,0.0,0.0,0.0,0.0,0.0,0.0
2 BHK,648.03,785.5,10,13,4,1,Semi-Furnished,1,3,2,1,4,Vitrified,1,1,0,0,0,Open,0,Corporation + Borewell,2288.33,Kharadi,411014,Standalone,4.14,1.66,1.95,2.43,23083.14,8760353.88,13518.42,Broker,21,2,1,2,2,0,0,0,0,0,1,0,0,0,0,0,0,0,0,0,0.18570293655959264,0.18971204594846325,0.47619047619047616,0.4736842105263157,0.2,1.0,1.0,0.4000000000000001,0.4,0.2,0.3333333333333333,1.0,1.0,0.0,0.0,0.0,0.0,0.17076542858585259,0.232142857143117,0.5472222222222222,0.12136325852036572,0.631768953068592,0.7240000000000001,0.2702202271455345,0.1818181818181818,0.5,0.0,0.0,0.0,0.0,0.0,1.0,0.0,0.0,0.0,0.0,0.0,0.0,0.0,0.0,0.0
3 BHK,1084.17,1360.0,5,16,1,1,Fully Furnished,1,4,3,2,4,Vitrified,1,1,0,0,0,Covered,1,Municipal,3303.86,Hinjewadi,411057,Standalone,6.5,1.69,1.85,2.47,34840.08,9439654.08,8706.77,Owner,43,3,2,3,3,0,0,0,1,0,0,0,0,0,0,0,0,0,0,0,0.3944302997817681,0.41266299285936053,0.23809523809523808,0.631578947368421,0.05,1.0,1.0,0.6000000000000001,0.6000000000000001,0.4,0.3333333333333333,1.0,1.0,0.0,0.0,0.0,1.0,0.2872835500318967,1.0,0.875,0.12385702410640065,0.5956678700361011,0.7400000000000001,0.1216092172707697,0.3818181818181818,1.0,0.0,0.0,0.0,1.0,0.0,0.0,0.0,0.0,0.0,0.0,0.0,0.0,0.0,0.0,0.0
1 BHK,545.7,656.3,19,20,14,1,Semi-Furnished,1,1,0,0,1,Marble,1,1,0,0,0,Open,1,Tanker,2415.87,Aundh,411007,Society,3.73,5.06,1.31,1.44,17978.28,5352077.05,9807.81,Owner,22,2,1,1,1,1,0,0,0,0,0,0,0,0,0,0,0,0,0,0,0.1367299666909147,0.13957233778329714,0.9047619047619047,0.8421052631578947,0.7000000000000001,1.0,1.0,0.0,0.0,0.0,0.0,1.0,1.0,0.0,0.0,0.0,1.0,0.18539889210660376,0.107142857143117,0.4902777777777778,0.4039900249376558,0.40072202166064985,0.32799999999999996,0.15561556983434163,0.1909090909090909,0.5,1.0,0.0,0.0,0.0,0.0,0.0,0.0,0.0,0.0,0.0,0.0,0.0,0.0,0.0,0.0
1 BHK,359.66,435.57,6,9,7,1,Semi-Furnished,1,1,0,1,2,Vitrified,1,1,1,0,1,Covered,1,Municipal,1726.47,Baner,411045,Society,3.43,3.89,1.92,2.26,27055.11,8052872.53,22390.55,Broker,15,1,1,1,1,0,1,0,0,0,0,0,0,0,0,0,0,0,0,0,0.04769516443967993,0.05391182862465074,0.2857142857142857,0.2631578947368421,0.35000000000000003,1.0,1.0,0.0,0.0,0.2,0.1111111111111111,1.0,1.0,1.0,0.0,1.0,1.0,0.10629970948777143,0.7857142857146755,0.4486111111111111,0.30673316708229426,0.6209386281588447,0.6559999999999999,0.5442418619361359,0.12727272727272726,0.0,0.0,1.0,0.0,0.0,0.0,0.0,0.0,0.0,0.0,0.0,0.0,0.0,0.0,0.0,0.0
1 BHK,466.08,523.33,11,12,15,1,Semi-Furnished,1,1,0,1,1,Vitrified,1,1,0,1,1,Covered,0,Municipal,2486.09,Baner,411045,Society,2.45,3.76,1.54,1.94,19459.09,11389414.55,24436.48,Owner,60,1,1,1,1,0,1,0,0,0,0,0,0,0,0,0,0,0,0,0,0.09862552165090548,0.08796957466625277,0.5238095238095237,0.42105263157894735,0.75,1.0,1.0,0.0,0.0,0.2,0.0,1.0,1.0,0.0,1.0,1.0,0.0,0.19345567279052373,0.7857142857146755,0.3125,0.29592684954280957,0.48375451263537905,0.528,0.6074317704775047,0.5363636363636364,0.0,0.0,1.0,0.0,0.0,0.0,0.0,0.0,0.0,0.0,0.0,0.0,0.0,0.0,0.0,0.0
2 BHK,446.05,490.28,9,11,9,1,Semi-Furnished,1,3,2,0,3,Ceramic,0,0,0,1,0,Covered,1,Corporation + Borewell,2249.69,Shivajinagar,411005,Society,0.71,6.59,1.05,1.46,17844.57,4691316.24,10517.38,Broker,27,2,1,2,2,0,0,0,0,0,0,0,0,0,0,0,0,1,0,0,0.08903958803935834,0.07514358894753184,0.42857142857142855,0.368421052631579,0.45,1.0,1.0,0.4000000000000001,0.4,0.0,0.2222222222222222,0.0,0.0,0.0,1.0,0.0,1.0,0.16633201922061952,0.071428571429351,0.07083333333333333,0.5311720698254363,0.3068592057761733,0.33599999999999997,0.17753111113032885,0.23636363636363636,0.5,0.0,0.0,0.0,0.0,0.0,0.0,0.0,0.0,0.0,0.0,0.0,0.0,1.0,0.0,0.0
3 BHK,1196.43,1347.55,3,11,11,1,Semi-Furnished,1,4,3,1,5,Vitrified,1,1,0,1,0,Open,0,Municipal,4335.72,Kharadi,411014,Society,4.1,2.2,2.67,1.79,52509.84,12127234.96,10136.21,Owner,48,2,1,3,3,0,0,0,0,0,1,0,0,0,0,0,0,0,0,0,0.4481555572571691,0.407831418814033,0.14285714285714285,0.368421052631579,0.55,1.0,1.0,0.6000000000000001,0.6000000000000001,0.2,0.4444444444444445,1.0,1.0,0.0,1.0,0.0,0.0,0.405675314721581,0.232142857143117,0.5416666666666666,0.16625103906899416,0.8916967509025271,0.4680000000000001,0.16575842221198192,0.42727272727272725,0.5,0.0,0.0,0.0,0.0,0.0,1.0,0.0,0.0,0.0,0.0,0.0,0.0,0.0,0.0,0.0
3 BHK,1534.4,1895.77,6,11,12,1,Unfurnished,1,4,3,2,4,Granite,1,1,1,1,0,Open,0,Corporation + Borewell,3377.82,Magarpatta,411013,Society,4.37,1.95,1.69,2.38,43239.25,11398049.98,7428.34,Owner,25,3,0,3,3,0,0,0,0,0,0,0,0,1,0,0,0,0,0,0,0.6099008384700794,0.6205836696678051,0.2857142857142857,0.368421052631579,0.6000000000000001,1.0,1.0,0.6000000000000001,0.6000000000000001,0.4,0.3333333333333333,1.0,1.0,1.0,1.0,0.0,0.0,0.29576944435520514,0.214285714286234,0.5791666666666667,0.1454696591853699,0.5379061371841155,0.704,0.08212405659736338,0.21818181818181817,1.0,0.0,0.0,0.0,0.0,0.0,0.0,0.0,0.0,1.0,0.0,0.0,0.0,0.0,0.0,0.0
2 BHK,503.84,608.58,8,22,9,1,Semi-Furnished,0,3,2,1,3,Marble,0,0,0,0,1,Open,0,Municipal,1433.43,Pimple Saudagar,411027,Society,3.97,4.86,1.69,1.68,14382.53,3328046.72,6605.34,Broker,26,3,1,2,2,0,0,0,0,0,0,0,0,0,0,1,0,0,0,0,0.11669665760557447,0.12105324433405779,0.38095238095238093,0.9473684210526316,0.45,1.0,0.0,0.4000000000000001,0.4,0.2,0.2222222222222222,0.0,0.0,0.0,0.0,1.0,0.0,0.07267739374274293,0.464285714286234,0.5236111111111111,0.3873649210307564,0.5379061371841155,0.42400000000000004,0.056705154323313633,0.22727272727272727,1.0,0.0,0.0,0.0,0.0,0.0,0.0,0.0,0.0,0.0,0.0,1.0,0.0,0.0,0.0,0.0
1 BHK,457.54,559.92,9,14,8,1,Unfurnished,0,1,1,0,1,Ceramic,0,0,1,0,0,Covered,0,Municipal,1142.83,Pune Camp,411001,Society,1.55,6.69,1.84,1.88,7500.0,2800000.0,6119.66,Owner,40,3,0,1,1,0,0,0,0,0,0,0,0,0,0,0,1,0,0,0,0.09453845859336117,0.10216935734244026,0.42857142857142855,0.5263157894736842,0.4,1.0,0.0,0.0,0.2,0.0,0.0,0.0,0.0,1.0,0.0,0.0,0.0,0.03933503448972192,0.0,0.1875,0.5394846217788861,0.5920577617328521,0.504,0.041704604558477076,0.35454545454545455,1.0,0.0,0.0,0.0,0.0,0.0,0.0,0.0,0.0,0.0,0.0,0.0,1.0,0.0,0.0,0.0
1 BHK,366.16,442.86,15,17,11,1,Fully Furnished,0,1,0,0,2,Granite,1,1,0,0,0,Covered,0,Municipal,1251.84,Hadapsar,411028,Society,5.09,2.13,2.42,1.93,11120.43,2800000.0,7646.85,Owner,13,3,2,1,1,0,0,1,0,0,0,0,0,0,0,0,0,0,0,0,0.05080592672001226,0.056740918969264226,0.7142857142857142,0.6842105263157894,0.55,1.0,0.0,0.0,0.0,0.0,0.1111111111111111,1.0,1.0,0.0,0.0,0.0,0.0,0.05184243497895735,0.482142857143117,0.6791666666666667,0.16043225270157935,0.8014440433212996,0.524,0.088872883250951,0.10909090909090909,1.0,0.0,0.0,1.0,0.0,0.0,0.0,0.0,0.0,0.0,0.0,0.0,0.0,0.0,0.0,0.0
3 BHK,1043.11,1253.78,2,12,8,1,Fully Furnished,1,3,3,1,3,Wooden,1,1,1,1,1,Covered,1,Municipal,3113.98,Kothrud,411038,Society,1.76,8.04,1.03,1.57,33000.68,9148869.8,8770.75,Broker,33,2,2,3,3,0,0,0,0,0,0,0,1,0,0,0,0,0,0,0,0.3747798537463149,0.3714413225706303,0.09523809523809523,0.42105263157894735,0.4,1.0,1.0,0.4000000000000001,0.6000000000000001,0.2,0.2222222222222222,1.0,1.0,1.0,1.0,1.0,1.0,0.265497427612889,0.6607142857146755,0.21666666666666667,0.6517040731504571,0.2996389891696751,0.3800000000000001,0.12358528211584105,0.2909090909090909,0.5,0.0,0.0,0.0,0.0,0.0,0.0,0.0,1.0,0.0,0.0,0.0,0.0,0.0,0.0,0.0
3 BHK,935.17,1088.98,13,13,11,1,Semi-Furnished,0,5,3,2,4,Vitrified,1,1,0,0,1,Covered,0,Corporation + Borewell,3109.68,Wakad,411057,Society,4.78,2.11,1.99,2.42,28710.53,6502919.02,6953.73,Owner,52,3,1,3,3,0,0,0,0,0,0,0,0,0,0,0,0,0,0,1,0.323122056740304,0.30748602918348344,0.6190476190476191,0.4736842105263157,0.55,1.0,0.0,0.8,0.6000000000000001,0.4,0.3333333333333333,1.0,1.0,0.0,0.0,1.0,0.0,0.2650040616638594,1.0,0.6361111111111112,0.15876974231088942,0.6462093862815884,0.72,0.067465411143795,0.4636363636363636,1.0,0.0,0.0,0.0,0.0,0.0,0.0,0.0,0.0,0.0,0.0,0.0,0.0,0.0,0.0,1.0
2 BHK,550.25,696.55,14,14,7,1,Semi-Furnished,1,2,1,1,3,Marble,1,1,0,1,0,Covered,1,Borewell,2403.49,Wakad,411057,Society,4.06,3.55,1.96,1.93,12202.92,5726080.61,10406.35,Owner,20,3,1,2,2,0,0,0,0,0,0,0,0,0,0,0,0,0,0,1,0.13890750028714727,0.15519248680533998,0.6666666666666666,0.5263157894736842,0.35000000000000003,1.0,1.0,0.2,0.2,0.2,0.2222222222222222,1.0,1.0,0.0,1.0,0.0,1.0,0.1839784571184675,1.0,0.5361111111111111,0.2784704904405652,0.6353790613718412,0.524,0.17410187574820526,0.17272727272727273,1.0,0.0,0.0,0.0,0.0,0.0,0.0,0.0,0.0,0.0,0.0,0.0,0.0,0.0,0.0,1.0
1 BHK,428.69,527.54,3,16,4,1,Semi-Furnished,1,2,2,0,2,Not Specified,1,1,0,0,0,Bike,0,Tanker,800.0,Wakad,411057,Society,5.71,3.21,2.1,2.4,18560.7,3812354.63,8893.1,Builder,18,3,1,1,1,0,0,0,0,0,0,0,0,0,0,0,0,0,0,1,0.08073145985680923,0.08960338404222293,0.14285714285714285,0.631578947368421,0.2,1.0,1.0,0.2,0.4,0.0,0.1111111111111111,1.0,1.0,0.0,0.0,0.0,0.0,0.0,1.0,0.7652777777777778,0.2502078137988362,0.6859205776173286,0.712,0.12736414322547648,0.15454545454545454,1.0,0.0,0.0,0.0,0.0,0.0,0.0,0.0,0.0,0.0,0.0,0.0,0.0,0.0,0.0,1.0
1 BHK,326.67,375.99,1,12,7,1,Fully Furnished,1,1,1,1,2,Vitrified,1,1,1,1,0,Covered,1,Borewell,800.0,Baner,411045,Society,3.17,2.79,2.21,2.04,13116.02,10867354.58,33266.91,Owner,9,1,2,1,1,0,1,0,0,0,0,0,0,0,0,0,0,0,0,0,0.03190684941996248,0.0307901272896616,0.047619047619047616,0.42105263157894735,0.35000000000000003,1.0,1.0,0.0,0.2,0.2,0.1111111111111111,1.0,1.0,1.0,1.0,0.0,1.0,0.0,0.7857142857146755,0.4125,0.21529509559434745,0.7256317689530686,0.5680000000000001,0.8801654730386678,0.07272727272727272,0.0,0.0,1.0,0.0,0.0,0.0,0.0,0.0,0.0,0.0,0.0,0.0,0.0,0.0,0.0,0.0
1 BHK,431.97,492.74,8,14,4,1,Fully Furnished,1,1,1,1,1,Vitrified,0,0,0,0,0,Covered,1,Municipal,2312.02,Kalyani Nagar,411006,Standalone,1.95,4.08,0.87,1.14,38339.97,10041376.07,23245.32,Broker,54,1,2,1,1,0,0,0,0,1,0,0,0,0,0,0,0,0,0,0,0.08230119836134615,0.07609826140950018,0.38095238095238093,0.5263157894736842,0.2,1.0,1.0,0.0,0.2,0.2,0.0,0.0,0.0,0.0,0.0,0.0,1.0,0.17348353075620382,0.089285714286234,0.24305555555555552,0.3225270157938487,0.24187725631768953,0.20799999999999996,0.5706420017864269,0.4818181818181818,0.0,0.0,0.0,0.0,0.0,1.0,0.0,0.0,0.0,0.0,0.0,0.0,0.0,0.0,0.0,0.0
5 BHK,1358.55,962.365,4,12,1,1,Semi-Furnished,1,5,4,3,7,Ceramic,0,0,0,0,0,Covered,0,Municipal,4431.88,Hadapsar,411028,Standalone,6.25,2.62,2.14,2.25,50689.52,10851618.56,7987.65,Broker,65,3,1,5,5,0,0,1,0,0,0,0,0,0,0,0,0,0,0,0,0.525742754316781,0.2583495032598572,0.19047619047619047,0.42105263157894735,0.05,1.0,1.0,0.8,0.8,0.6000000000000001,0.6666666666666665,0.0,0.0,0.0,0.0,0.0,0.0,0.41670835417708857,0.482142857143117,0.8402777777777778,0.20116375727348293,0.700361010830325,0.652,0.0993987178742756,0.5818181818181818,1.0,0.0,0.0,1.0,0.0,0.0,0.0,0.0,0.0,0.0,0.0,0.0,0.0,0.0,0.0,0.0
2 BHK,660.94,817.52,6,9,0,1,Fully Furnished,1,2,2,2,3,Granite,1,1,1,0,1,Open,1,Municipal,4364.05,Baner,411045,Standalone,2.25,3.2,1.75,1.87,62399.84,20962205.6,31715.54,Broker,19,1,2,2,2,0,1,0,0,0,0,0,0,0,0,0,0,0,0,0,0.19188138902714502,0.2021383110835145,0.2857142857142857,0.2631578947368421,0.0,1.0,1.0,0.2,0.4,0.4,0.2222222222222222,1.0,1.0,1.0,0.0,1.0,1.0,0.40892579317181527,0.7857142857146755,0.2847222222222222,0.24937655860349123,0.5595667870036102,0.5000000000000001,0.8322503789671093,0.16363636363636364,0.0,0.0,1.0,0.0,0.0,0.0,0.0,0.0,0.0,0.0,0.0,0.0,0.0,0.0,0.0,0.0
3 BHK,967.62,1181.46,5,7,7,1,Unfurnished,0,4,4,1,6,Wooden,1,1,0,0,0,Covered,1,Corporation + Borewell,3939.64,Kharadi,411014,Society,4.23,1.42,2.04,2.23,35633.39,14435786.23,14918.92,Broker,28,2,0,3,3,0,0,0,0,0,1,0,0,0,0,0,0,0,0,0,0.3386519392013477,0.3433755045017076,0.23809523809523808,0.15789473684210525,0.35000000000000003,1.0,0.0,0.6000000000000001,0.8,0.2,0.5555555555555556,1.0,1.0,0.0,0.0,0.0,1.0,0.3602305740025976,0.232142857143117,0.5597222222222223,0.10141313383208643,0.6642599277978339,0.644,0.31347560094238347,0.24545454545454543,0.5,0.0,0.0,0.0,0.0,0.0,1.0,0.0,0.0,0.0,0.0,0.0,0.0,0.0,0.0,0.0
2 BHK,837.7,923.02,6,9,8,1,Semi-Furnished,1,2,4,1,3,Ceramic,1,1,0,0,1,Covered,0,Corporation + Borewell,3810.88,Aundh,411007,Society,5.06,3.67,2.04,1.67,43119.96,7636738.21,9116.37,Owner,17,2,1,2,2,1,0,0,0,0,0,0,0,0,0,0,0,0,0,0,0.2764749798996899,0.2430805650419125,0.2857142857142857,0.2631578947368421,0.4,1.0,1.0,0.2,0.8,0.2,0.2222222222222222,1.0,1.0,0.0,0.0,1.0,0.0,0.34545713223584273,0.107142857143117,0.6749999999999999,0.28844555278470485,0.6642599277978339,0.42000000000000004,0.13425998564434297,0.14545454545454545,0.5,1.0,0.0,0.0,0.0,0.0,0.0,0.0,0.0,0.0,0.0,0.0,0.0,0.0,0.0,0.0
4 BHK,1509.5,1890.17,3,8,16,1,Semi-Furnished,1,4,4,3,6,Marble,1,1,1,1,1,Bike,1,Municipal,6936.51,Baner,411045,Society,3.59,4.33,2.15,2.28,67341.95,17974206.62,11907.41,Owner,25,1,1,4,4,0,1,0,0,0,0,0,0,0,0,0,0,0,0,0,0.5979842260423447,0.6184104315429992,0.14285714285714285,0.21052631578947367,0.8,1.0,1.0,0.6000000000000001,0.8,0.6000000000000001,0.5555555555555556,1.0,1.0,1.0,1.0,1.0,1.0,0.7040802511347417,0.7857142857146755,0.4708333333333333,0.34330839567747296,0.703971119133574,0.6639999999999999,0.2204631120148943,0.21818181818181817,0.0,0.0,1.0,0.0,0.0,0.0,0.0,0.0,0.0,0.0,0.0,0.0,0.0,0.0,0.0,0.0
3 BHK,1036.97,1325.76,0,18,12,1,Semi-Furnished,1,3,2,2,5,Ceramic,1,0,0,1,0,Covered,0,Tanker,2834.71,Magarpatta,411013,Society,5.15,1.71,2.53,2.61,21103.83,6654305.84,6417.04,Owner,50,3,1,3,3,0,0,0,0,0,0,0,0,1,0,0,0,0,0,0,0.3718413798384318,0.3993751940391183,0.0,0.7368421052631579,0.6000000000000001,1.0,1.0,0.4000000000000001,0.4,0.4,0.4444444444444445,1.0,0.0,0.0,1.0,0.0,0.0,0.2334550302674273,0.214285714286234,0.6875000000000001,0.12551953449709058,0.8411552346570397,0.796,0.05088938360860698,0.44545454545454544,1.0,0.0,0.0,0.0,0.0,0.0,0.0,0.0,0.0,1.0,0.0,0.0,0.0,0.0,0.0,0.0
2 BHK,756.01,873.45,11,12,7,1,Semi-Furnished,1,2,2,1,3,Marble,1,1,0,0,0,Stilt,1,Borewell,1972.34,Pimple Saudagar,411027,Society,3.92,5.71,1.57,2.27,28517.4,6610536.08,8743.93,Owner,13,3,1,2,2,0,0,0,0,0,0,0,0,0,0,1,0,0,0,0,0.2373798767180979,0.22384352685501402,0.5238095238095237,0.42105263157894735,0.35000000000000003,1.0,1.0,0.2,0.4,0.2,0.2222222222222222,1.0,1.0,0.0,0.0,0.0,1.0,0.1345099155082128,0.464285714286234,0.5166666666666667,0.4580216126350789,0.4945848375451264,0.66,0.12275692858122375,0.10909090909090909,1.0,0.0,0.0,0.0,0.0,0.0,0.0,0.0,0.0,0.0,0.0,1.0,0.0,0.0,0.0,0.0
1 BHK,375.13,420.62,8,13,11,1,Semi-Furnished,1,1,1,0,2,Granite,0,0,1,1,0,Open,1,Corporation + Borewell,1384.77,Kharadi,411014,Society,4.49,1.64,2.11,1.57,15576.53,5539511.32,14766.76,Broker,15,2,1,1,1,0,0,0,0,0,1,0,0,0,0,0,0,0,0,0,0.055098778666870865,0.048110058987891974,0.38095238095238093,0.4736842105263157,0.55,1.0,1.0,0.0,0.2,0.0,0.1111111111111111,0.0,0.0,1.0,1.0,0.0,1.0,0.06709432698000375,0.232142857143117,0.5958333333333333,0.1197007481296758,0.6895306859205776,0.3800000000000001,0.3087760381598569,0.12727272727272726,0.5,0.0,0.0,0.0,0.0,0.0,1.0,0.0,0.0,0.0,0.0,0.0,0.0,0.0,0.0,0.0
2 BHK,671.02,802.36,10,13,8,1,Unfurnished,0,2,2,1,3,Granite,1,1,0,0,0,Covered,1,Tanker,1759.22,Pimple Saudagar,411027,Society,3.66,5.8,1.71,1.96,15255.87,4357089.0,6493.21,Owner,32,3,0,2,2,0,0,0,0,0,0,0,0,0,0,1,0,0,0,0,0.19670546345572187,0.19625504501707547,0.47619047619047616,0.4736842105263157,0.4,1.0,0.0,0.2,0.4,0.2,0.2222222222222222,1.0,1.0,0.0,0.0,0.0,1.0,0.11005732223910122,0.464285714286234,0.4805555555555556,0.4655029093931836,0.5451263537906137,0.536,0.05324194470971802,0.2818181818181818,1.0,0.0,0.0,0.0,0.0,0.0,0.0,0.0,0.0,0.0,0.0,1.0,0.0,0.0,0.0,0.0
2 BHK,740.24,863.26,0,11,11,1,Fully Furnished,1,3,1,1,3,Not Specified,1,1,1,1,1,Stilt,0,Tanker,2859.33,Kothrud,411038,Society,2.42,7.42,1.34,1.17,29522.98,7435038.99,10044.03,Broker,10,2,2,2,2,0,0,0,0,0,0,0,1,0,0,0,0,0,0,0,0.22983268884719937,0.21988900962434033,0.0,0.368421052631579,0.55,1.0,1.0,0.4000000000000001,0.2,0.2,0.2222222222222222,1.0,1.0,1.0,1.0,1.0,0.0,0.23627983716628959,0.6607142857146755,0.30833333333333335,0.600166251039069,0.41155234657039713,0.21999999999999997,0.1629113816146285,0.08181818181818182,0.5,0.0,0.0,0.0,0.0,0.0,0.0,0.0,1.0,0.0,0.0,0.0,0.0,0.0,0.0,0.0
1 BHK,401.07,508.43,10,15,10,1,Unfurnished,1,1,0,1,2,Marble,1,1,1,0,1,Open,1,Municipal,1614.26,Koregaon Park,411001,Society,2.76,5.57,1.82,1.4,25586.32,9474867.63,23624.0,Broker,3,1,0,1,1,0,0,0,0,0,0,1,0,0,0,0,0,0,0,0,0.06751311305945863,0.08218720894132259,0.47619047619047616,0.5789473684210527,0.5,1.0,1.0,0.0,0.0,0.2,0.1111111111111111,1.0,1.0,1.0,0.0,1.0,1.0,0.0934251529434442,0.0,0.3555555555555555,0.44638403990024933,0.5848375451263538,0.31199999999999994,0.5823377853989872,0.01818181818181818,0.0,0.0,0.0,0.0,0.0,0.0,0.0,1.0,0.0,0.0,0.0,0.0,0.0,0.0,0.0,0.0
1 RK,368.41,402.25,1,9,12,1,Semi-Furnished,1,2,0,0,2,Wooden,0,0,1,1,0,Stilt,0,Municipal,800.0,Kharadi,411014,Standalone,3.56,0.2,2.22,1.63,13891.9,5241693.93,14227.99,Broker,7,2,1,1,1,0,0,0,0,0,1,0,0,0,0,0,0,0,0,0,0.05188272904781961,0.04098106178205527,0.047619047619047616,0.2631578947368421,0.6000000000000001,1.0,1.0,0.2,0.0,0.0,0.1111111111111111,0.0,0.0,1.0,1.0,0.0,0.0,0.0,0.232142857143117,0.4666666666666667,0.0,0.7292418772563178,0.404,0.29213576844152167,0.054545454545454536,0.5,0.0,0.0,0.0,0.0,0.0,1.0,0.0,0.0,0.0,0.0,0.0,0.0,0.0,0.0,0.0
1 RK,334.65,366.28,2,13,11,1,Fully Furnished,1,2,2,0,2,Marble,1,1,0,0,0,Covered,1,Municipal,1044.1,Hadapsar,411028,Society,5.13,2.03,1.65,2.08,11962.34,2800000.0,8367.04,Owner,25,3,2,1,1,0,0,1,0,0,0,0,0,0,0,0,0,0,0,0,0.035725908342585835,0.027021887612542705,0.09523809523809523,0.4736842105263157,0.55,1.0,1.0,0.2,0.4,0.0,0.1111111111111111,1.0,1.0,0.0,0.0,0.0,1.0,0.02800712282746877,0.482142857143117,0.6847222222222222,0.15211970074812964,0.5234657039711191,0.5840000000000001,0.11111643030896787,0.21818181818181817,1.0,0.0,0.0,1.0,0.0,0.0,0.0,0.0,0.0,0.0,0.0,0.0,0.0,0.0,0.0,0.0
1 RK,391.84,451.0,7,11,15,1,Semi-Furnished,1,1,1,0,1,Not Specified,1,1,0,1,0,Not Specified,0,Municipal,1245.64,Kothrud,411038,Society,0.87,7.26,0.86,1.64,9268.64,5744466.38,14660.25,Builder,33,2,1,1,1,0,0,0,0,0,0,0,1,0,0,0,0,0,0,0,0.06309583062138673,0.05989987581496431,0.3333333333333333,0.368421052631579,0.75,1.0,1.0,0.0,0.2,0.0,0.0,1.0,1.0,0.0,1.0,0.0,0.0,0.0511310701222171,0.6607142857146755,0.09305555555555556,0.5868661679135494,0.23826714801444043,0.40800000000000003,0.30548640598341814,0.2909090909090909,0.5,0.0,0.0,0.0,0.0,0.0,0.0,0.0,1.0,0.0,0.0,0.0,0.0,0.0,0.0,0.0
3 BHK,891.12,991.0,11,17,3,1,Semi-Furnished,1,3,3,2,5,Vitrified,1,1,1,1,1,Open,0,Corporation + Borewell,2816.76,Shivajinagar,411005,Society,0.24,7.37,1.26,1.48,40961.15,7946234.76,8917.13,Broker,12,2,1,3,3,0,0,0,0,0,0,0,0,0,0,0,0,1,0,0,0.302040660055898,0.2694621235641106,0.5238095238095237,0.6842105263157894,0.15000000000000002,1.0,1.0,0.4000000000000001,0.6000000000000001,0.4,0.4444444444444445,1.0,1.0,1.0,1.0,1.0,0.0,0.23139551427089694,0.071428571429351,0.005555555555555553,0.5960099750623441,0.38267148014440433,0.344,0.12810632575481476,0.09999999999999999,0.5,0.0,0.0,0.0,0.0,0.0,0.0,0.0,0.0,0.0,0.0,0.0,0.0,1.0,0.0,0.0
3 BHK,938.07,1174.13,10,16,13,1,Fully Furnished,1,3,3,2,5,Marble,0,1,0,1,0,Stilt,0,Borewell,2535.58,Wakad,411057,Standalone,4.9,2.76,1.77,2.19,30081.21,6176673.01,6584.48,Broker,40,3,2,3,3,0,0,0,0,0,0,0,0,0,0,0,0,0,0,1,0.3245099352961446,0.3405308910276313,0.47619047619047616,0.631578947368421,0.65,1.0,1.0,0.4000000000000001,0.6000000000000001,0.4,0.4444444444444445,0.0,1.0,0.0,1.0,0.0,0.0,0.19913397065505228,1.0,0.6527777777777778,0.2128013300083125,0.5667870036101084,0.628,0.05606087935194462,0.35454545454545455,1.0,0.0,0.0,0.0,0.0,0.0,0.0,0.0,0.0,0.0,0.0,0.0,0.0,0.0,0.0,1.0
2 BHK,702.45,826.01,11,15,9,1,Semi-Furnished,1,3,2,1,2,Marble,0,0,0,1,0,Covered,0,Corporation + Borewell,2736.18,Kothrud,411038,Standalone,2.09,7.22,1.21,1.23,22501.36,5863897.19,8347.81,Broker,16,2,1,2,2,0,0,0,0,0,0,0,1,0,0,0,0,0,0,0,0.21174719552815957,0.20543309531201492,0.5238095238095237,0.5789473684210527,0.45,1.0,1.0,0.4000000000000001,0.4,0.2,0.1111111111111111,0.0,0.0,0.0,1.0,0.0,0.0,0.22215006585861735,0.6607142857146755,0.26249999999999996,0.5835411471321695,0.3646209386281588,0.244,0.11052249897150737,0.13636363636363635,0.5,0.0,0.0,0.0,0.0,0.0,0.0,0.0,1.0,0.0,0.0,0.0,0.0,0.0,0.0,0.0
3 BHK,884.78,982.52,3,9,10,1,Unfurnished,1,3,3,1,6,Wooden,0,1,0,1,0,Covered,0,Municipal,2989.67,Kharadi,411014,Society,4.03,2.0,2.17,1.83,24356.03,10698241.75,12091.47,Broker,4,2,0,3,3,0,0,0,0,0,1,0,0,0,0,0,0,0,0,0,0.29900647038554307,0.26617122011797584,0.14285714285714285,0.2631578947368421,0.5,1.0,1.0,0.4000000000000001,0.6000000000000001,0.2,0.5555555555555556,0.0,1.0,0.0,1.0,0.0,0.0,0.2512345622352461,0.232142857143117,0.5319444444444444,0.14962593516209474,0.7111913357400722,0.4840000000000001,0.2261479275101089,0.02727272727272727,0.5,0.0,0.0,0.0,0.0,0.0,1.0,0.0,0.0,0.0,0.0,0.0,0.0,0.0,0.0,0.0
2 BHK,588.21,668.15,5,12,4,1,Fully Furnished,1,2,2,1,3,Marble,1,1,0,1,0,Bike,1,Municipal,2159.15,Kothrud,411038,Standalone,1.72,6.68,0.96,1.24,25645.01,12107070.72,20582.76,Broker,86,2,2,2,2,0,0,0,0,0,0,0,1,0,0,0,0,0,0,0,0.1570743520042881,0.1441710648866812,0.23809523809523808,0.42105263157894735,0.2,1.0,1.0,0.2,0.4,0.2,0.2222222222222222,1.0,1.0,0.0,1.0,0.0,1.0,0.15594379758686686,0.6607142857146755,0.2111111111111111,0.538653366583541,0.27436823104693137,0.248,0.4884070656518048,0.7727272727272727,0.5,0.0,0.0,0.0,0.0,0.0,0.0,0.0,1.0,0.0,0.0,0.0,0.0,0.0,0.0,0.0
1 BHK,449.53,558.26,6,11,9,1,Unfurnished,0,1,1,0,1,Marble,1,1,0,0,0,Covered,1,Corporation + Borewell,1031.85,Nigdi,411044,Society,4.15,9.82,1.79,2.78,16092.84,3105404.19,6908.08,Broker,26,3,0,1,1,0,0,0,0,0,0,0,0,0,1,0,0,0,0,0,0.09070504230636701,0.10152514746972993,0.2857142857142857,0.368421052631579,0.45,1.0,0.0,0.0,0.2,0.0,0.0,1.0,1.0,0.0,0.0,0.0,1.0,0.02660160355407061,0.7678571428577925,0.5486111111111112,0.799667497921862,0.5740072202166066,0.8639999999999999,0.0660554805377071,0.22727272727272727,1.0,0.0,0.0,0.0,0.0,0.0,0.0,0.0,0.0,0.0,1.0,0.0,0.0,0.0,0.0,0.0
2 BHK,967.08,1074.57,5,18,5,1,Semi-Furnished,1,2,1,0,4,Marble,1,0,0,0,0,Covered,0,Not Specified,2084.7,Wakad,411057,Standalone,4.83,2.66,1.76,2.34,25342.09,6024632.45,6229.72,Broker,49,3,1,2,2,0,0,0,0,0,0,0,0,0,0,0,0,0,0,1,0.3383935066426739,0.30189382179447377,0.23809523809523808,0.7368421052631579,0.25,1.0,1.0,0.2,0.2,0.0,0.3333333333333333,1.0,0.0,0.0,0.0,0.0,0.0,0.14740168249262245,1.0,0.6430555555555556,0.20448877805486282,0.5631768953068592,0.688,0.0451038808455754,0.43636363636363634,1.0,0.0,0.0,0.0,0.0,0.0,0.0,0.0,0.0,0.0,0.0,0.0,0.0,0.0,0.0,1.0
1 BHK,461.11,535.17,5,8,6,1,Unfurnished,1,2,1,0,2,Granite,1,0,1,0,0,Covered,1,Tanker,1372.95,Magarpatta,411013,Society,5.01,3.1,2.06,1.92,10064.48,3502186.09,7595.09,Owner,6,3,0,1,1,0,0,0,0,0,0,0,0,1,0,0,0,0,0,0,0.09624698495348215,0.09256442098727105,0.23809523809523808,0.21052631578947367,0.30000000000000004,1.0,1.0,0.2,0.2,0.0,0.1111111111111111,1.0,0.0,1.0,0.0,0.0,1.0,0.06573814430150857,0.214285714286234,0.6680555555555555,0.24106400665004152,0.6714801444043321,0.52,0.08727424123186858,0.045454545454545456,1.0,0.0,0.0,0.0,0.0,0.0,0.0,0.0,0.0,1.0,0.0,0.0,0.0,0.0,0.0,0.0
2 BHK,953.79,1093.14,1,14,20,1,Unfurnished,1,2,1,0,4,Vitrified,1,1,1,0,0,Open,1,Municipal,2657.1,Kharadi,411014,Society,4.58,0.2,2.12,2.24,31292.94,9291001.0,9741.15,Owner,12,2,0,2,2,0,0,0,0,0,1,0,0,0,0,0,0,0,0,0,0.3320331942264252,0.30910043464762504,0.047619047619047616,0.5263157894736842,1.0,1.0,1.0,0.2,0.2,0.0,0.3333333333333333,1.0,1.0,1.0,0.0,0.0,1.0,0.2130767218471621,0.232142857143117,0.6083333333333334,0.0,0.6931407942238268,0.6480000000000001,0.15355673140713857,0.09999999999999999,0.5,0.0,0.0,0.0,0.0,0.0,1.0,0.0,0.0,0.0,0.0,0.0,0.0,0.0,0.0,0.0
2 BHK,739.62,922.09,15,18,10,1,Semi-Furnished,1,2,1,0,3,Ceramic,1,1,0,0,0,Covered,1,Not Specified,2344.65,Magarpatta,411013,Society,4.53,1.95,1.81,2.01,22445.56,5086263.88,6876.88,Broker,17,3,1,2,2,0,0,0,0,0,0,0,0,1,0,0,0,0,0,0,0.22953596998353687,0.24271965228190007,0.7142857142857142,0.7368421052631579,0.5,1.0,1.0,0.2,0.2,0.0,0.2222222222222222,1.0,1.0,0.0,0.0,0.0,1.0,0.17722737515546766,0.214285714286234,0.601388888888889,0.1454696591853699,0.5812274368231047,0.5559999999999999,0.06509184779050131,0.14545454545454545,1.0,0.0,0.0,0.0,0.0,0.0,0.0,0.0,0.0,1.0,0.0,0.0,0.0,0.0,0.0,0.0
2 BHK,606.01,733.89,12,13,11,1,Semi-Furnished,1,2,1,1,4,Ceramic,1,1,1,0,0,Not Specified,0,Municipal,1812.96,Nigdi,411044,Society,3.24,9.81,1.89,2.42,23869.95,4615074.47,7615.54,Owner,44,3,1,2,2,0,0,0,0,0,0,0,0,0,1,0,0,0,0,0,0.16559305486427506,0.16968332815895687,0.5714285714285714,0.4736842105263157,0.55,1.0,1.0,0.2,0.2,0.2,0.3333333333333333,1.0,1.0,1.0,0.0,0.0,0.0,0.11622324923929855,0.7678571428577925,0.4222222222222223,0.798836242726517,0.6101083032490975,0.72,0.087905853080598,0.3909090909090909,1.0,0.0,0.0,0.0,0.0,0.0,0.0,0.0,0.0,0.0,1.0,0.0,0.0,0.0,0.0,0.0
1 RK,332.02,374.46,7,7,4,1,Semi-Furnished,1,1,2,1,2,Wooden,0,0,1,1,1,Stilt,1,Municipal,1203.99,Koregaon Park,411001,Standalone,2.07,5.24,1.82,0.85,19214.61,4924752.73,14832.66,Owner,29,1,1,1,1,0,0,0,0,0,0,1,0,0,0,0,0,0,0,0,0.03446724606608216,0.03019636758770569,0.3333333333333333,0.15789473684210525,0.2,1.0,1.0,0.0,0.4,0.2,0.1111111111111111,0.0,0.0,1.0,1.0,1.0,1.0,0.04635230459266332,0.0,0.2597222222222222,0.4189526184538653,0.5848375451263538,0.09200000000000003,0.31081140348167924,0.2545454545454545,0.0,0.0,0.0,0.0,0.0,0.0,0.0,1.0,0.0,0.0,0.0,0.0,0.0,0.0,0.0,0.0
2 BHK,687.75,800.6,4,10,4,1,Fully Furnished,1,2,4,2,4,Vitrified,1,1,0,1,0,Open,1,Borewell,2156.2,Kalyani Nagar,411006,Society,2.37,5.58,1.1,0.88,55594.9,8797416.67,12791.66,Owner,30,1,2,2,2,0,0,0,0,1,0,0,0,0,0,0,0,0,0,0,0.2047120869864849,0.1955720273207079,0.19047619047619047,0.3157894736842105,0.2,1.0,1.0,0.2,0.8,0.4,0.3333333333333333,1.0,1.0,0.0,1.0,0.0,1.0,0.1556053255985791,0.089285714286234,0.30138888888888893,0.4472152950955943,0.3249097472924188,0.10400000000000004,0.2477737612686349,0.2636363636363636,0.0,0.0,0.0,0.0,0.0,1.0,0.0,0.0,0.0,0.0,0.0,0.0,0.0,0.0,0.0,0.0
1 RK,425.45,510.92,10,10,3,1,Unfurnished,0,1,0,0,1,Marble,1,1,0,0,1,Covered,1,Municipal,2308.18,Kothrud,411038,Society,2.99,6.89,1.15,1.46,17767.97,3550226.15,8344.6,Owner,16,2,0,1,1,0,0,0,0,0,0,0,1,0,0,0,0,0,0,0,0.07918086450476665,0.08315352375038812,0.47619047619047616,0.3157894736842105,0.15000000000000002,1.0,0.0,0.0,0.0,0.0,0.0,1.0,1.0,0.0,0.0,1.0,1.0,0.17304294349009364,0.6607142857146755,0.3875,0.5561097256857854,0.34296028880866425,0.33599999999999997,0.11042335598693911,0.13636363636363635,0.5,0.0,0.0,0.0,0.0,0.0,0.0,0.0,1.0,0.0,0.0,0.0,0.0,0.0,0.0,0.0
3 BHK,756.15,961.65,2,18,7,1,Fully Furnished,1,4,4,2,5,Vitrified,0,0,0,1,1,Covered,1,Municipal,2093.29,Aundh,411007,Standalone,4.57,2.03,1.03,2.04,22685.48,8567201.37,11329.98,Owner,10,2,2,3,3,1,0,0,0,0,0,0,0,0,0,0,0,0,0,0,0.23744687775182816,0.2580720273207079,0.09523809523809523,0.7368421052631579,0.35000000000000003,1.0,1.0,0.6000000000000001,0.8,0.4,0.4444444444444445,0.0,0.0,0.0,1.0,1.0,1.0,0.14838726702800942,0.107142857143117,0.6069444444444445,0.15211970074812964,0.2996389891696751,0.5680000000000001,0.20262880248864337,0.08181818181818182,0.5,1.0,0.0,0.0,0.0,0.0,0.0,0.0,0.0,0.0,0.0,0.0,0.0,0.0,0.0,0.0
1 BHK,422.3,474.48,7,9,9,1,Fully Furnished,1,1,0,0,1,Granite,1,1,1,1,0,Covered,1,Municipal,2452.04,Shivajinagar,411005,Standalone,2.08,6.35,0.96,0.98,22785.35,4903203.47,11610.61,Broker,33,2,2,1,1,0,0,0,0,0,0,0,0,0,0,0,0,1,0,0,0.07767334124583637,0.06901195280968647,0.3333333333333333,0.2631578947368421,0.45,1.0,1.0,0.0,0.0,0.0,0.0,1.0,1.0,1.0,1.0,0.0,1.0,0.18954890289181286,0.071428571429351,0.2611111111111111,0.511221945137157,0.27436823104693137,0.14400000000000002,0.2112962466504497,0.2909090909090909,0.5,0.0,0.0,0.0,0.0,0.0,0.0,0.0,0.0,0.0,0.0,0.0,0.0,1.0,0.0,0.0
1 BHK,390.16,498.47,13,15,11,1,Unfurnished,0,2,0,0,1,Vitrified,1,1,0,1,0,Covered,1,Borewell,800.0,Wakad,411057,Society,4.35,2.31,2.1,2.3,14081.47,5041562.91,12921.91,Broker,57,3,0,1,1,0,0,0,0,0,0,0,0,0,0,0,0,0,0,1,0.062291818216623926,0.07832194970506057,0.6190476190476191,0.5789473684210527,0.55,1.0,0.0,0.2,0.0,0.0,0.0,1.0,1.0,0.0,1.0,0.0,1.0,0.0,1.0,0.5763888888888888,0.17539484621778884,0.6859205776173286,0.6719999999999999,0.25179661913156925,0.5090909090909091,1.0,0.0,0.0,0.0,0.0,0.0,0.0,0.0,0.0,0.0,0.0,0.0,0.0,0.0,0.0,1.0
3 BHK,1248.9,1547.21,7,11,8,1,Unfurnished,1,4,3,2,4,Vitrified,1,1,0,0,0,Not Specified,0,Municipal,1960.51,Pimple Saudagar,411027,Society,4.05,5.6,1.2,2.55,37562.34,9632777.48,7713.02,Broker,21,3,0,3,3,0,0,0,0,0,0,0,0,0,0,1,0,0,0,0,0.47326658754163636,0.48531511952809697,0.3333333333333333,0.368421052631579,0.4,1.0,1.0,0.6000000000000001,0.6000000000000001,0.4,0.3333333333333333,1.0,1.0,0.0,0.0,0.0,0.0,0.13315258546704545,0.464285714286234,0.5347222222222222,0.4488778054862842,0.3610108303249097,0.772,0.09091658770231659,0.1818181818181818,1.0,0.0,0.0,0.0,0.0,0.0,0.0,0.0,0.0,0.0,0.0,1.0,0.0,0.0,0.0,0.0
2 BHK,588.78,663.61,3,10,6,1,Fully Furnished,1,3,2,2,4,Marble,0,0,1,1,0,Covered,1,Corporation + Borewell,2855.04,Baner,411045,Standalone,3.05,3.84,1.5,2.01,47413.17,14293792.82,24277.01,Not Specified,28,1,2,2,2,0,1,0,0,0,0,0,0,0,0,0,0,0,0,0,0.15734714192733257,0.1424091896926421,0.14285714285714285,0.3157894736842105,0.30000000000000004,1.0,1.0,0.4000000000000001,0.4,0.4,0.3333333333333333,0.0,0.0,1.0,1.0,0.0,1.0,0.2357876185799322,0.7857142857146755,0.3958333333333333,0.30257689110556935,0.4693140794223827,0.5559999999999999,0.6025064334840141,0.24545454545454543,0.0,0.0,1.0,0.0,0.0,0.0,0.0,0.0,0.0,0.0,0.0,0.0,0.0,0.0,0.0,0.0
3 BHK,1170.82,1479.46,15,15,6,1,Semi-Furnished,1,3,2,2,5,Marble,1,0,0,0,0,Covered,1,Municipal,4562.8,Viman Nagar,411014,Society,3.94,5.24,1.84,1.45,56958.94,15382669.39,13138.39,Broker,17,2,1,3,3,0,0,0,0,0,0,0,0,0,0,0,0,0,1,0,0.4358991538726597,0.45902281900031056,0.7142857142857142,0.5789473684210527,0.30000000000000004,1.0,1.0,0.4000000000000001,0.4,0.4,0.4444444444444445,1.0,0.0,0.0,0.0,0.0,1.0,0.43172962628103045,0.232142857143117,0.5194444444444445,0.4189526184538653,0.5920577617328521,0.33199999999999996,0.2584827478852585,0.14545454545454545,0.5,0.0,0.0,0.0,0.0,0.0,0.0,0.0,0.0,0.0,0.0,0.0,0.0,0.0,1.0,0.0
2 BHK,726.4,785.57,9,13,0,1,Semi-Furnished,1,2,2,2,2,Granite,1,1,1,0,0,Covered,1,Municipal,3102.5,Kalyani Nagar,411006,Society,1.51,4.03,1.29,1.74,37275.21,13221917.59,18202.08,Builder,30,1,1,2,2,0,0,0,0,1,0,0,0,0,0,0,0,0,0,0,0.22320915808415326,0.18973921142502337,0.42857142857142855,0.4736842105263157,0.0,1.0,1.0,0.2,0.4,0.4,0.1111111111111111,1.0,1.0,1.0,0.0,0.0,1.0,0.2641802552652473,0.089285714286234,0.18194444444444444,0.3183707398171238,0.39350180505415167,0.44800000000000006,0.41487818076020744,0.2636363636363636,0.0,0.0,0.0,0.0,0.0,1.0,0.0,0.0,0.0,0.0,0.0,0.0,0.0,0.0,0.0,0.0
5 BHK,1889.62,2395.6,21,21,13,1,Semi-Furnished,1,6,5,5,8,Ceramic,1,1,1,1,0,Covered,1,Municipal,6426.63,Hadapsar,411028,Society,6.4,0.42,2.31,1.8,55064.56,12409193.03,6567.02,Broker,48,3,1,5,5,0,0,1,0,0,0,0,0,0,0,0,0,0,0,0,0.779901604196179,0.8145568146538342,1.0,0.894736842105263,0.65,1.0,1.0,1.0000000000000002,1.0,1.0,0.7777777777777777,1.0,1.0,1.0,1.0,0.0,1.0,0.6455785232065574,0.482142857143117,0.8611111111111112,0.01828761429758936,0.7617328519855596,0.4720000000000001,0.05552161564148911,0.42727272727272725,1.0,0.0,0.0,1.0,0.0,0.0,0.0,0.0,0.0,0.0,0.0,0.0,0.0,0.0,0.0,0.0
1 BHK,448.04,541.14,15,15,3,1,Semi-Furnished,1,2,1,0,2,Vitrified,1,1,0,0,0,Covered,1,Tanker,1286.67,Wakad,411057,Society,4.31,2.6,1.85,2.08,7958.29,4165845.03,9297.91,Owner,38,3,1,1,1,0,0,0,0,0,0,0,0,0,0,0,0,0,0,1,0.08999195987595239,0.09488124805960885,0.7142857142857142,0.5789473684210527,0.15000000000000002,1.0,1.0,0.2,0.2,0.0,0.1111111111111111,1.0,1.0,0.0,0.0,0.0,1.0,0.05583869916609682,1.0,0.5708333333333333,0.199501246882793,0.5956678700361011,0.5840000000000001,0.13986696926382167,0.33636363636363636,1.0,0.0,0.0,0.0,0.0,0.0,0.0,0.0,0.0,0.0,0.0,0.0,0.0,0.0,0.0,1.0
2 BHK,471.74,592.06,17,22,15,1,Semi-Furnished,1,3,2,1,4,Wooden,1,1,0,0,0,Stilt,0,Municipal,800.0,Hinjewadi,411057,Society,7.4,0.2,2.05,1.99,11382.62,3359994.3,7122.59,Builder,5,3,1,2,2,0,0,0,1,0,0,0,0,0,0,0,0,0,0,0,0.1013342777288564,0.11464219186588018,0.8095238095238095,0.9473684210526316,0.75,1.0,1.0,0.4000000000000001,0.4,0.2,0.3333333333333333,1.0,1.0,0.0,0.0,0.0,0.0,0.0,1.0,1.0000000000000002,0.0,0.667870036101083,0.548,0.07268076453139655,0.03636363636363636,1.0,0.0,0.0,0.0,1.0,0.0,0.0,0.0,0.0,0.0,0.0,0.0,0.0,0.0,0.0,0.0
1 BHK,391.44,441.31,1,13,3,1,Semi-Furnished,1,1,0,0,1,Vitrified,0,0,1,0,0,Stilt,0,Corporation + Borewell,1582.71,Nigdi,411044,Standalone,3.76,10.07,1.2,2.77,15047.54,4830828.31,12341.3,Owner,56,3,1,1,1,0,0,0,0,0,0,0,0,0,1,0,0,0,0,0,0.0629043990964432,0.056139397702576865,0.047619047619047616,0.4736842105263157,0.15000000000000002,1.0,1.0,0.0,0.0,0.0,0.0,0.0,0.0,1.0,0.0,0.0,0.0,0.08980522371277383,0.7678571428577925,0.49444444444444446,0.8204488778054863,0.3610108303249097,0.8600000000000001,0.2338640931906992,0.49999999999999994,1.0,0.0,0.0,0.0,0.0,0.0,0.0,0.0,0.0,0.0,1.0,0.0,0.0,0.0,0.0,0.0
1 RK,402.03,456.67,5,21,12,1,Unfurnished,1,1,1,0,1,Wooden,1,1,1,0,0,Bike,0,Not Specified,2043.91,Shivajinagar,411005,Society,0.38,6.56,0.75,0.91,16031.18,3719185.94,9250.92,Broker,26,2,0,1,1,0,0,0,0,0,0,0,0,0,0,0,0,1,0,0,0.06797254871932308,0.06210027941633037,0.23809523809523808,0.894736842105263,0.6000000000000001,1.0,1.0,0.0,0.2,0.0,0.0,1.0,1.0,1.0,0.0,0.0,0.0,0.1427215901528746,0.071428571429351,0.024999999999999998,0.5286783042394014,0.19855595667870035,0.11600000000000005,0.13841565186666785,0.22727272727272727,0.5,0.0,0.0,0.0,0.0,0.0,0.0,0.0,0.0,0.0,0.0,0.0,0.0,1.0,0.0,0.0
2 BHK,658.44,760.01,0,15,14,1,Fully Furnished,1,3,1,1,3,Granite,1,1,0,0,0,Covered,0,Municipal,2383.93,Wakad,411057,Society,6.07,2.83,2.31,1.99,25194.39,5668310.79,8608.67,Builder,15,3,2,2,2,0,0,0,0,0,0,0,0,0,0,0,0,0,0,1,0.19068494199624797,0.1798199316982304,0.0,0.5789473684210527,0.7000000000000001,1.0,1.0,0.4000000000000001,0.2,0.2,0.2222222222222222,1.0,1.0,0.0,0.0,0.0,0.0,0.18173421573171905,1.0,0.8152777777777779,0.2186201163757273,0.7617328519855596,0.548,0.11857933353676695,0.12727272727272726,1.0,0.0,0.0,0.0,0.0,0.0,0.0,0.0,0.0,0.0,0.0,0.0,0.0,0.0,0.0,1.0
3 BHK,866.14,1041.63,6,11,12,1,Semi-Furnished,1,4,3,2,4,Ceramic,0,0,1,0,0,Bike,0,Municipal,1801.15,Hadapsar,411028,Standalone,5.94,3.52,2.67,2.19,22469.68,4872848.39,5625.95,Owner,28,3,1,3,3,0,0,1,0,0,0,0,0,0,0,0,0,0,0,0,0.2900857613231747,0.28911052468177595,0.2857142857142857,0.368421052631579,0.6000000000000001,1.0,1.0,0.6000000000000001,0.6000000000000001,0.4,0.3333333333333333,0.0,0.0,1.0,0.0,0.0,0.0,0.11486821392347552,0.482142857143117,0.7972222222222223,0.2759767248545303,0.8916967509025271,0.628,0.026456042903894944,0.24545454545454543,1.0,0.0,0.0,1.0,0.0,0.0,0.0,0.0,0.0,0.0,0.0,0.0,0.0,0.0,0.0,0.0
1 BHK,470.38,600.72,11,12,2,1,Unfurnished,1,1,3,0,1,Marble,1,0,0,1,0,Covered,1,Municipal,2594.21,Shivajinagar,411005,Society,0.81,7.25,0.39,1.3,17462.99,7474880.89,15890.98,Broker,73,2,0,1,1,0,0,0,0,0,0,0,0,0,0,0,0,1,0,0,0.1006834105440484,0.11800294939459799,0.5238095238095237,0.42105263157894735,0.1,1.0,1.0,0.0,0.6000000000000001,0.0,0.0,1.0,0.0,0.0,1.0,0.0,1.0,0.20586095800193677,0.071428571429351,0.08472222222222224,0.5860349127182044,0.06859205776173284,0.272,0.3434983204375387,0.6545454545454545,0.5,0.0,0.0,0.0,0.0,0.0,0.0,0.0,0.0,0.0,0.0,0.0,0.0,1.0,0.0,0.0
2 BHK,522.97,593.55,3,9,9,1,Semi-Furnished,1,2,2,0,4,Vitrified,1,1,0,0,0,Covered,1,Borewell,2683.07,Viman Nagar,411014,Society,3.03,5.83,1.79,1.3,17671.5,4138815.33,7913.99,Broker,43,2,1,2,2,0,0,0,0,0,0,0,0,0,0,0,0,0,1,0,0.1258518702859987,0.11522042843837318,0.14285714285714285,0.2631578947368421,0.45,1.0,1.0,0.2,0.4,0.0,0.3333333333333333,1.0,1.0,0.0,0.0,0.0,1.0,0.21605642270676628,0.232142857143117,0.39305555555555555,0.46799667497921854,0.5740072202166066,0.272,0.09712367979225067,0.3818181818181818,0.5,0.0,0.0,0.0,0.0,0.0,0.0,0.0,0.0,0.0,0.0,0.0,0.0,0.0,1.0,0.0
2 BHK,610.72,737.41,5,11,2,1,Fully Furnished,0,2,1,2,2,Ceramic,1,1,1,1,1,Covered,1,Corporation + Borewell,3434.61,Kalyani Nagar,411006,Society,1.97,5.85,1.44,0.96,31430.49,8082585.89,13234.53,Owner,14,1,2,2,2,0,0,0,0,1,0,0,0,0,0,0,0,0,0,0,0.16784716107048508,0.17104936355169204,0.23809523809523808,0.368421052631579,0.1,1.0,0.0,0.2,0.2,0.4,0.1111111111111111,1.0,1.0,1.0,1.0,1.0,1.0,0.30228531697041183,0.089285714286234,0.24583333333333335,0.46965918536990847,0.4476534296028881,0.136,0.2614520957159112,0.11818181818181817,0.0,0.0,0.0,0.0,0.0,1.0,0.0,0.0,0.0,0.0,0.0,0.0,0.0,0.0,0.0,0.0
2 BHK,596.54,677.53,6,10,7,1,Semi-Furnished,1,3,1,1,3,Marble,1,1,0,1,0,Covered,1,Municipal,2036.27,Kharadi,411014,Society,4.94,2.51,2.16,1.93,29576.31,10955916.16,18365.69,Owner,28,2,1,2,2,0,0,0,0,0,1,0,0,0,0,0,0,0,0,0,0.16106091351123702,0.14781123874573115,0.2857142857142857,0.3157894736842105,0.35000000000000003,1.0,1.0,0.4000000000000001,0.2,0.2,0.2222222222222222,1.0,1.0,0.0,1.0,0.0,1.0,0.141845005071343,0.232142857143117,0.6583333333333334,0.19201995012468823,0.7075812274368232,0.524,0.41993138440669253,0.24545454545454543,0.5,0.0,0.0,0.0,0.0,0.0,1.0,0.0,0.0,0.0,0.0,0.0,0.0,0.0,0.0,0.0
1 BHK,414.75,487.88,13,16,6,1,Semi-Furnished,1,1,2,0,1,Vitrified,1,1,1,1,0,Covered,1,Municipal,2543.29,Kothrud,411038,Society,1.84,7.53,1.5,1.49,15848.25,4851990.66,11698.71,Owner,14,2,1,1,1,0,0,0,0,0,0,0,1,0,0,0,0,0,0,0,0.07406007121252729,0.07421220117975785,0.6190476190476191,0.631578947368421,0.30000000000000004,1.0,1.0,0.0,0.4,0.0,0.0,1.0,1.0,1.0,1.0,0.0,1.0,0.20001858727528904,0.6607142857146755,0.2277777777777778,0.6093100581878637,0.4693140794223827,0.348,0.21401727373470694,0.11818181818181817,0.5,0.0,0.0,0.0,0.0,0.0,0.0,0.0,1.0,0.0,0.0,0.0,0.0,0.0,0.0,0.0
5 BHK,1648.05,1861.92,4,10,7,1,Semi-Furnished,1,6,5,3,9,Vitrified,1,1,0,0,0,Covered,1,Tanker,2814.96,Magarpatta,411013,Society,4.72,2.16,2.12,1.89,27938.05,13122768.64,7962.6,Broker,14,3,1,5,5,0,0,0,0,0,0,0,0,1,0,0,0,0,0,0,0.6642913204946591,0.6074472213598263,0.19047619047619047,0.3157894736842105,0.35000000000000003,1.0,1.0,1.0000000000000002,1.0,0.6000000000000001,0.8888888888888888,1.0,1.0,0.0,0.0,0.0,1.0,0.2311889889899078,0.214285714286234,0.6277777777777778,0.1629260182876143,0.6931407942238268,0.508,0.09862503196666328,0.11818181818181817,1.0,0.0,0.0,0.0,0.0,0.0,0.0,0.0,0.0,1.0,0.0,0.0,0.0,0.0,0.0,0.0
1 RK,438.48,529.81,8,8,10,1,Fully Furnished,0,2,0,1,1,Vitrified,0,1,0,1,1,Bike,1,Municipal,1544.11,Koregaon Park,411001,Standalone,1.75,5.2,1.57,0.67,27539.28,10798121.74,24626.05,Broker,38,1,2,1,1,0,0,0,0,0,0,1,0,0,0,0,0,0,0,0,0.08541674642980208,0.09048432163924247,0.38095238095238093,0.21052631578947367,0.5,1.0,0.0,0.2,0.0,0.2,0.0,0.0,1.0,0.0,1.0,1.0,1.0,0.08537640379822939,0.0,0.2152777777777778,0.4156275976724854,0.4945848375451264,0.020000000000000018,0.613286765986729,0.33636363636363636,0.0,0.0,0.0,0.0,0.0,0.0,0.0,1.0,0.0,0.0,0.0,0.0,0.0,0.0,0.0,0.0
3 BHK,782.29,978.69,7,15,7,1,Semi-Furnished,1,4,4,2,5,Marble,1,0,0,0,0,Stilt,1,Municipal,3061.7,Kharadi,411014,Society,4.06,2.28,2.47,2.26,30542.84,12292303.01,15713.24,Broker,38,2,1,3,3,0,0,0,0,0,1,0,0,0,0,0,0,0,0,0,0.24995692790688767,0.2646848804719032,0.3333333333333333,0.5789473684210527,0.35000000000000003,1.0,1.0,0.6000000000000001,0.8,0.4,0.4444444444444445,1.0,0.0,0.0,0.0,0.0,1.0,0.2594990155628273,0.232142857143117,0.5361111111111111,0.1729010806317539,0.8194945848375452,0.6559999999999999,0.3380087023449633,0.33636363636363636,0.5,0.0,0.0,0.0,0.0,0.0,1.0,0.0,0.0,0.0,0.0,0.0,0.0,0.0,0.0,0.0
3 BHK,1195.74,1457.82,2,11,11,1,Semi-Furnished,1,4,2,2,4,Vitrified,1,1,1,1,0,Open,0,Corporation + Borewell,5203.7,Shivajinagar,411005,Society,1.3,8.46,0.78,1.12,47821.74,11106763.01,9288.61,Broker,30,2,1,3,3,0,0,0,0,0,0,0,0,0,0,0,0,1,0,0,0.4478253378766415,0.4506248059608818,0.09523809523809523,0.368421052631579,0.55,1.0,1.0,0.6000000000000001,0.4,0.4,0.3333333333333333,1.0,1.0,1.0,1.0,0.0,0.0,0.5052640999398781,0.071428571429351,0.1527777777777778,0.6866167913549459,0.20938628158844763,0.20000000000000007,0.13957973257955844,0.2636363636363636,0.5,0.0,0.0,0.0,0.0,0.0,0.0,0.0,0.0,0.0,0.0,0.0,0.0,1.0,0.0,0.0
1 BHK,260.0,324.21,2,14,7,1,Unfurnished,1,1,0,0,2,Vitrified,0,1,1,0,1,Covered,1,Corporation + Borewell,800.0,Kothrud,411038,Standalone,1.78,7.3,1.15,1.47,8177.53,3619491.69,13921.12,Owner,19,2,0,1,1,0,0,0,0,0,0,0,1,0,0,0,0,0,0,0,0.0,0.010695436199937902,0.09523809523809523,0.5263157894736842,0.35000000000000003,1.0,1.0,0.0,0.0,0.0,0.1111111111111111,0.0,1.0,1.0,0.0,1.0,1.0,0.0,0.6607142857146755,0.21944444444444444,0.5901911886949293,0.34296028880866425,0.33999999999999997,0.28265788443078343,0.16363636363636364,0.5,0.0,0.0,0.0,0.0,0.0,0.0,0.0,1.0,0.0,0.0,0.0,0.0,0.0,0.0,0.0
2 BHK,757.58,890.26,10,12,13,1,Semi-Furnished,0,3,1,1,3,Marble,1,0,0,0,0,Covered,0,Municipal,3570.84,Shivajinagar,411005,Society,0.97,6.85,1.56,1.27,28625.12,5652365.36,7461.05,Broker,15,2,1,2,2,0,0,0,0,0,0,0,0,0,0,0,0,1,0,0,0.23813124545350128,0.2303671220117976,0.47619047619047616,0.42105263157894735,0.65,1.0,0.0,0.4000000000000001,0.2,0.2,0.2222222222222222,1.0,0.0,0.0,0.0,0.0,0.0,0.3179158386532716,0.071428571429351,0.10694444444444444,0.5527847049044056,0.49097472924187724,0.26,0.0831343266986807,0.12727272727272726,0.5,0.0,0.0,0.0,0.0,0.0,0.0,0.0,0.0,0.0,0.0,0.0,0.0,1.0,0.0,0.0
2 BHK,567.46,713.27,8,11,4,1,Unfurnished,0,2,1,1,3,Marble,0,0,0,0,0,Covered,0,Municipal,2183.84,Magarpatta,411013,Standalone,5.69,1.08,2.17,2.09,17328.76,2903630.55,5116.85,Owner,7,3,0,2,2,0,0,0,0,0,0,0,0,1,0,0,0,0,0,0,0.14714384164784255,0.16168115492083207,0.38095238095238093,0.368421052631579,0.2,1.0,0.0,0.2,0.2,0.2,0.2222222222222222,0.0,0.0,0.0,0.0,0.0,0.0,0.15877663602443426,0.214285714286234,0.7625000000000001,0.07315045719035744,0.7111913357400722,0.588,0.01073215086535459,0.054545454545454536,1.0,0.0,0.0,0.0,0.0,0.0,0.0,0.0,0.0,1.0,0.0,0.0,0.0,0.0,0.0,0.0
2 BHK,665.82,761.15,10,16,15,1,Semi-Furnished,1,3,2,1,4,Ceramic,1,1,0,0,0,Stilt,0,Not Specified,2125.75,Wakad,411057,Society,4.59,1.81,1.73,2.04,9252.49,5372649.63,8069.21,Broker,15,3,1,2,2,0,0,0,0,0,0,0,0,0,0,0,0,0,0,1,0.19421685363145602,0.18026234088792303,0.47619047619047616,0.631578947368421,0.75,1.0,1.0,0.4000000000000001,0.4,0.2,0.3333333333333333,1.0,1.0,0.0,0.0,0.0,0.0,0.15211160626184653,1.0,0.6097222222222222,0.1338320864505403,0.5523465703971119,0.5680000000000001,0.10191775270959941,0.12727272727272726,1.0,0.0,0.0,0.0,0.0,0.0,0.0,0.0,0.0,0.0,0.0,0.0,0.0,0.0,0.0,1.0
2 BHK,675.84,766.36,7,14,11,1,Unfurnished,1,2,3,1,3,Vitrified,1,1,1,1,0,Covered,0,Municipal,2912.27,Kharadi,411014,Society,4.54,0.6,1.85,2.07,19274.54,6346095.77,9389.97,Broker,51,2,0,2,2,0,0,0,0,0,1,0,0,0,0,0,0,0,0,0,0.19901221333129143,0.18228422850046572,0.3333333333333333,0.5263157894736842,0.55,1.0,1.0,0.2,0.6000000000000001,0.2,0.2222222222222222,1.0,1.0,1.0,1.0,0.0,0.0,0.242353975152714,0.232142857143117,0.6027777777777777,0.03325020781379884,0.5956678700361011,0.58,0.14271030358137818,0.45454545454545453,0.5,0.0,0.0,0.0,0.0,0.0,1.0,0.0,0.0,0.0,0.0,0.0,0.0,0.0,0.0,0.0
1 RK,397.01,446.86,4,9,4,1,Fully Furnished,1,1,1,1,1,Marble,1,1,1,1,1,Covered,1,Municipal,1842.02,Koregaon Park,411001,Society,1.76,4.53,1.1,1.17,28207.48,5588850.39,14077.25,Broker,14,1,2,1,1,0,0,0,0,0,0,1,0,0,0,0,0,0,0,0,0.06557008308128183,0.05829323191555419,0.19047619047619047,0.2631578947368421,0.2,1.0,1.0,0.0,0.2,0.2,0.0,1.0,1.0,1.0,1.0,1.0,1.0,0.11955748516460066,0.0,0.21666666666666667,0.3599334995843724,0.3249097472924188,0.21999999999999997,0.2874800633032589,0.11818181818181817,0.0,0.0,0.0,0.0,0.0,0.0,0.0,1.0,0.0,0.0,0.0,0.0,0.0,0.0,0.0,0.0
3 BHK,1013.08,1170.04,7,11,8,1,Unfurnished,1,4,3,1,4,Vitrified,1,1,1,0,0,Covered,1,Borewell,4559.39,Kharadi,411014,Society,5.41,0.26,2.1,1.79,37092.13,10423103.43,10288.55,Owner,35,2,0,3,3,0,0,0,0,0,1,0,0,0,0,0,0,0,0,0,0.3604081320111796,0.3389436510400497,0.3333333333333333,0.368421052631579,0.4,1.0,1.0,0.6000000000000001,0.6000000000000001,0.2,0.3333333333333333,1.0,1.0,1.0,0.0,0.0,1.0,0.4313383756098233,0.232142857143117,0.7236111111111112,0.004987531172069827,0.6859205776173286,0.4680000000000001,0.17046354441420394,0.3090909090909091,0.5,0.0,0.0,0.0,0.0,0.0,1.0,0.0,0.0,0.0,0.0,0.0,0.0,0.0,0.0,0.0
3 BHK,944.83,1127.53,9,10,3,1,Semi-Furnished,1,3,2,2,6,Vitrified,1,1,1,1,1,Covered,1,Corporation + Borewell,3335.56,Aundh,411007,Society,2.72,5.05,1.5,1.65,31813.79,13987091.66,14803.89,Owner,41,2,1,3,3,1,0,0,0,0,0,0,0,0,0,0,0,0,0,0,0.3277451280676902,0.322446445203353,0.42857142857142855,0.3157894736842105,0.15000000000000002,1.0,1.0,0.4000000000000001,0.4,0.4,0.5555555555555556,1.0,1.0,1.0,1.0,1.0,1.0,0.2909206897026495,0.107142857143117,0.35000000000000003,0.4031587697423108,0.4693140794223827,0.41200000000000003,0.30992282290036166,0.3636363636363636,0.5,1.0,0.0,0.0,0.0,0.0,0.0,0.0,0.0,0.0,0.0,0.0,0.0,0.0,0.0,0.0
1 BHK,505.7,559.87,5,10,6,1,Fully Furnished,1,1,1,0,2,Ceramic,0,0,0,0,0,Covered,0,Corporation + Borewell,868.75,Wakad,411057,Society,4.55,2.31,2.24,2.22,14860.39,3369786.78,6663.61,Owner,32,3,2,1,1,0,0,0,0,0,0,0,0,0,0,0,0,0,0,1,0.1175868141965619,0.10214995343061165,0.23809523809523808,0.3157894736842105,0.30000000000000004,1.0,1.0,0.0,0.2,0.0,0.1111111111111111,0.0,0.0,0.0,0.0,0.0,0.0,0.007888118371112168,1.0,0.6041666666666666,0.17539484621778884,0.736462093862816,0.6400000000000001,0.058504862021380305,0.2818181818181818,1.0,0.0,0.0,0.0,0.0,0.0,0.0,0.0,0.0,0.0,0.0,0.0,0.0,0.0,0.0,1.0
3 BHK,807.25,955.72,13,13,11,1,Fully Furnished,1,4,3,1,4,Vitrified,0,0,0,0,0,Bike,0,Borewell,2953.68,Hinjewadi,411057,Standalone,6.24,0.75,2.75,2.37,28114.75,6128196.68,7591.49,Broker,19,3,2,3,3,0,0,0,1,0,0,0,0,0,0,0,0,0,0,0,0.26190225506336384,0.255770723377833,0.6190476190476191,0.4736842105263157,0.55,1.0,1.0,0.6000000000000001,0.6000000000000001,0.2,0.3333333333333333,0.0,0.0,0.0,0.0,0.0,0.0,0.24710520397813585,1.0,0.8388888888888889,0.04571903574397339,0.92057761732852,0.7000000000000001,0.08716305283796022,0.16363636363636364,1.0,0.0,0.0,0.0,1.0,0.0,0.0,0.0,0.0,0.0,0.0,0.0,0.0,0.0,0.0,0.0
2 BHK,635.63,788.37,2,6,6,1,Unfurnished,0,3,1,0,4,Marble,0,1,0,1,1,Covered,1,Corporation + Borewell,2836.27,Kothrud,411038,Society,1.57,7.41,0.94,1.55,29710.77,6433886.44,10122.14,Owner,12,2,0,2,2,0,0,0,0,0,0,0,1,0,0,0,0,0,0,0,0.17976855928634328,0.1908258304874263,0.09523809523809523,0.10526315789473684,0.30000000000000004,1.0,0.0,0.4000000000000001,0.2,0.0,0.3333333333333333,0.0,1.0,0.0,1.0,1.0,1.0,0.23363401884428453,0.6607142857146755,0.1902777777777778,0.599334995843724,0.2671480144404332,0.3720000000000001,0.16532386090579007,0.09999999999999999,0.5,0.0,0.0,0.0,0.0,0.0,0.0,0.0,1.0,0.0,0.0,0.0,0.0,0.0,0.0,0.0
2 BHK,657.63,827.2,1,14,2,1,Semi-Furnished,1,2,2,1,3,Marble,1,0,0,0,0,Not Specified,1,Municipal,1793.2,Viman Nagar,411014,Society,2.04,5.12,1.96,1.49,25879.43,6543694.06,9950.39,Not Specified,50,2,1,2,2,0,0,0,0,0,0,0,0,0,0,0,0,0,1,0,0.1902972931582373,0.20589490841353625,0.047619047619047616,0.5263157894736842,0.1,1.0,1.0,0.2,0.4,0.2,0.2222222222222222,1.0,0.0,0.0,0.0,0.0,1.0,0.1139560605991069,0.232142857143117,0.25555555555555554,0.40897755610972564,0.6353790613718412,0.348,0.16001924794641212,0.44545454545454544,0.5,0.0,0.0,0.0,0.0,0.0,0.0,0.0,0.0,0.0,0.0,0.0,0.0,0.0,1.0,0.0
1 BHK,471.81,565.08,9,10,9,1,Unfurnished,1,1,2,0,2,Vitrified,1,0,0,1,0,Stilt,1,Municipal,1812.08,Kharadi,411014,Society,4.93,1.06,2.27,1.83,13385.51,3583548.63,7595.33,Broker,43,2,0,1,1,0,0,0,0,0,1,0,0,0,0,0,0,0,0,0,0.1013677782457215,0.10417184104315433,0.42857142857142855,0.3157894736842105,0.45,1.0,1.0,0.0,0.4,0.0,0.1111111111111111,1.0,0.0,0.0,1.0,0.0,1.0,0.11612228132414831,0.232142857143117,0.6569444444444444,0.0714879467996675,0.7472924187725632,0.4840000000000001,0.08728165379146247,0.3818181818181818,0.5,0.0,0.0,0.0,0.0,0.0,1.0,0.0,0.0,0.0,0.0,0.0,0.0,0.0,0.0,0.0
2 BHK,842.48,731.795,3,11,3,1,Semi-Furnished,1,2,3,1,4,Granite,0,1,0,1,0,Covered,0,Borewell,3349.93,Aundh,411007,Society,3.07,5.13,1.78,1.62,25582.29,8815175.88,10463.37,Owner,34,2,1,2,2,1,0,0,0,0,0,0,0,0,0,0,0,0,0,0,0.27876258662276504,0.1688703042533375,0.14285714285714285,0.368421052631579,0.15000000000000002,1.0,1.0,0.2,0.6000000000000001,0.2,0.3333333333333333,0.0,1.0,0.0,1.0,0.0,0.0,0.29256944986254596,0.107142857143117,0.3986111111111111,0.4098088113050706,0.5703971119133574,0.40000000000000013,0.1758629763650538,0.3,0.5,1.0,0.0,0.0,0.0,0.0,0.0,0.0,0.0,0.0,0.0,0.0,0.0,0.0,0.0,0.0
4 BHK,917.19,1123.26,0,15,12,1,Semi-Furnished,1,4,3,1,6,Vitrified,1,0,0,0,0,Covered,1,Borewell,2160.37,Aundh,411007,Standalone,3.84,4.06,2.25,1.25,33626.17,13370914.7,14578.16,Owner,20,2,1,4,4,1,0,0,0,0,0,0,0,0,0,0,0,0,0,0,0.31451720969409247,0.3207893511331885,0.0,0.5789473684210527,0.6000000000000001,1.0,1.0,0.6000000000000001,0.6000000000000001,0.2,0.5555555555555556,1.0,0.0,0.0,0.0,0.0,1.0,0.15608377583287056,0.107142857143117,0.5055555555555555,0.3208645054031587,0.740072202166065,0.252,0.3029510017456578,0.17272727272727273,0.5,1.0,0.0,0.0,0.0,0.0,0.0,0.0,0.0,0.0,0.0,0.0,0.0,0.0,0.0,0.0
4 BHK,1219.77,1535.46,3,19,9,1,Unfurnished,0,4,3,2,7,Ceramic,1,0,0,0,0,Covered,0,Corporation + Borewell,3146.4,Hadapsar,411028,Society,5.14,1.1,2.84,1.64,32100.33,8730174.7,7157.23,Broker,4,3,0,4,4,0,0,1,0,0,0,0,0,0,0,0,0,0,0,0,0.45932558673762397,0.4807552002483702,0.14285714285714285,0.7894736842105263,0.45,1.0,0.0,0.6000000000000001,0.6000000000000001,0.4,0.6666666666666665,1.0,0.0,0.0,0.0,0.0,0.0,0.2692171773960375,0.482142857143117,0.6861111111111111,0.07481296758104737,0.9530685920577616,0.40800000000000003,0.07375064396611472,0.02727272727272727,1.0,0.0,0.0,1.0,0.0,0.0,0.0,0.0,0.0,0.0,0.0,0.0,0.0,0.0,0.0,0.0
1 BHK,383.09,465.3,0,11,11,1,Semi-Furnished,1,2,0,0,1,Vitrified,1,1,0,1,1,Open,1,Borewell,1426.07,Kharadi,411014,Society,3.92,0.96,2.6,1.95,13442.35,5425519.36,14162.65,Broker,26,2,1,1,1,0,0,0,0,0,1,0,0,0,0,0,0,0,0,0,0.05890826601324704,0.06544939459795096,0.0,0.368421052631579,0.55,1.0,1.0,0.2,0.0,0.0,0.0,1.0,1.0,0.0,1.0,1.0,1.0,0.07183293481603187,0.232142857143117,0.5166666666666667,0.06317539484621777,0.8664259927797835,0.532,0.29011769909208496,0.22727272727272727,0.5,0.0,0.0,0.0,0.0,0.0,1.0,0.0,0.0,0.0,0.0,0.0,0.0,0.0,0.0,0.0
2 BHK,656.49,773.39,0,12,6,1,Semi-Furnished,1,2,1,1,4,Granite,0,0,0,1,0,Covered,0,Tanker,1713.62,Kharadi,411014,Society,4.27,2.23,2.27,2.35,29798.42,5439962.76,8286.44,Broker,10,2,1,2,2,0,0,0,0,0,1,0,0,0,0,0,0,0,0,0,0.18975171331214824,0.18501241850357036,0.0,0.42105263157894735,0.30000000000000004,1.0,1.0,0.2,0.2,0.2,0.3333333333333333,0.0,0.0,0.0,1.0,0.0,0.0,0.10482534845404354,0.232142857143117,0.5652777777777778,0.16874480465502906,0.7472924187725632,0.6920000000000001,0.10862704571201962,0.08181818181818182,0.5,0.0,0.0,0.0,0.0,0.0,1.0,0.0,0.0,0.0,0.0,0.0,0.0,0.0,0.0,0.0
3 BHK,778.49,990.38,4,10,8,1,Semi-Furnished,1,3,2,2,6,Not Specified,1,1,1,0,1,Covered,0,Municipal,2789.91,Shivajinagar,411005,Society,0.98,6.39,0.29,1.66,40971.06,7350027.66,9441.39,Broker,35,2,1,3,3,0,0,0,0,0,0,0,0,0,0,0,0,1,0,0,0.24813832841992417,0.26922151505743563,0.19047619047619047,0.3157894736842105,0.4,1.0,1.0,0.4000000000000001,0.4,0.4,0.5555555555555556,1.0,1.0,1.0,0.0,1.0,0.0,0.22831484549614256,0.071428571429351,0.10833333333333335,0.5145469659185369,0.03249097472924187,0.41600000000000004,0.1442984444743692,0.3090909090909091,0.5,0.0,0.0,0.0,0.0,0.0,0.0,0.0,0.0,0.0,0.0,0.0,0.0,1.0,0.0,0.0
2 BHK,510.17,557.3,4,5,6,1,Fully Furnished,1,3,3,2,4,Vitrified,0,0,0,0,1,Covered,1,Corporation + Borewell,2171.88,Koregaon Park,411001,Society,2.37,4.03,1.48,0.91,39678.52,11449158.67,22441.83,Builder,55,1,2,2,2,0,0,0,0,0,0,1,0,0,0,0,0,0,0,0,0.11972606148780583,0.10115259236262031,0.19047619047619047,0.05263157894736842,0.30000000000000004,1.0,1.0,0.4000000000000001,0.6000000000000001,0.4,0.3333333333333333,0.0,0.0,0.0,0.0,1.0,1.0,0.1574043902685288,0.0,0.30138888888888893,0.3183707398171238,0.4620938628158845,0.11600000000000005,0.5458256788360305,0.4909090909090909,0.0,0.0,0.0,0.0,0.0,0.0,0.0,1.0,0.0,0.0,0.0,0.0,0.0,0.0,0.0,0.0
2 BHK,662.08,763.56,4,11,9,1,Unfurnished,1,2,2,1,3,Vitrified,1,1,1,0,0,Stilt,1,Corporation + Borewell,1875.46,Aundh,411007,Society,3.34,4.58,1.56,1.19,23799.15,10387956.66,15689.88,Owner,7,2,0,2,2,1,0,0,0,0,0,0,0,0,0,0,0,0,0,0,0.19242696887323407,0.18119760943806273,0.19047619047619047,0.368421052631579,0.45,1.0,1.0,0.2,0.4,0.2,0.2222222222222222,1.0,1.0,1.0,0.0,0.0,1.0,0.12339426594030961,0.107142857143117,0.4361111111111111,0.36408977556109723,0.49097472924187724,0.22799999999999998,0.33728721321115784,0.054545454545454536,0.5,1.0,0.0,0.0,0.0,0.0,0.0,0.0,0.0,0.0,0.0,0.0,0.0,0.0,0.0,0.0
3 BHK,955.89,1162.48,4,15,8,1,Semi-Furnished,1,3,3,2,5,Vitrified,1,1,1,1,1,Covered,1,Corporation + Borewell,4735.67,Koregaon Park,411001,Society,2.23,5.27,1.82,0.94,52132.47,11327592.12,11850.27,Owner,22,1,1,3,3,0,0,0,0,0,0,1,0,0,0,0,0,0,0,0,0.33303820973237874,0.3360097795715617,0.19047619047619047,0.5789473684210527,0.4,1.0,1.0,0.4000000000000001,0.6000000000000001,0.4,0.4444444444444445,1.0,1.0,1.0,1.0,1.0,1.0,0.45156408479469096,0.0,0.28194444444444444,0.42144638403990015,0.5848375451263538,0.128,0.21869830511824892,0.1909090909090909,0.0,0.0,0.0,0.0,0.0,0.0,0.0,1.0,0.0,0.0,0.0,0.0,0.0,0.0,0.0,0.0
3 BHK,1015.39,1197.34,4,15,4,1,Unfurnished,0,3,3,2,3,Vitrified,1,1,0,0,0,Open,1,Municipal,2126.18,Pimple Saudagar,411027,Society,4.42,5.19,1.52,2.18,30885.61,6148146.55,6054.99,Broker,25,3,0,3,3,0,0,0,0,0,0,0,0,0,0,1,0,0,0,0,0.3615136490677285,0.34953818689847876,0.19047619047619047,0.5789473684210527,0.2,1.0,0.0,0.4000000000000001,0.6000000000000001,0.4,0.2222222222222222,1.0,1.0,0.0,0.0,0.0,1.0,0.15216094285674947,0.464285714286234,0.5861111111111111,0.4147963424771405,0.47653429602888087,0.6240000000000001,0.03970722860457332,0.21818181818181817,1.0,0.0,0.0,0.0,0.0,0.0,0.0,0.0,0.0,0.0,0.0,1.0,0.0,0.0,0.0,0.0
4 BHK,1369.72,1674.24,15,16,11,1,Semi-Furnished,0,5,3,3,8,Ceramic,0,1,0,0,0,Stilt,0,Municipal,4195.85,Hadapsar,411028,Standalone,4.87,2.33,2.17,2.09,34091.93,8141393.98,5943.86,Broker,25,3,1,4,4,0,0,1,0,0,0,0,0,0,0,0,0,0,0,0,0.531088479650829,0.5346126979199008,0.7142857142857142,0.631578947368421,0.55,1.0,0.0,0.8,0.6000000000000001,0.6000000000000001,0.7777777777777777,0.0,1.0,0.0,0.0,0.0,0.0,0.3896271530260544,0.482142857143117,0.6486111111111111,0.1770573566084788,0.7111913357400722,0.588,0.036274904655952234,0.21818181818181817,1.0,0.0,0.0,1.0,0.0,0.0,0.0,0.0,0.0,0.0,0.0,0.0,0.0,0.0,0.0,0.0
1 BHK,368.6,731.795,2,9,12,1,Semi-Furnished,1,1,2,0,1,Granite,0,0,1,1,0,Covered,0,Tanker,1797.87,Aundh,411007,Standalone,3.38,2.63,1.71,1.64,15034.61,6150634.92,16686.54,Broker,67,2,1,1,1,1,0,0,0,0,0,0,0,0,0,0,0,0,0,0,0.05197365902216779,0.1688703042533375,0.09523809523809523,0.2631578947368421,0.6000000000000001,1.0,1.0,0.0,0.4,0.0,0.0,0.0,0.0,1.0,1.0,0.0,0.0,0.11449187896700644,0.107142857143117,0.44166666666666665,0.2019950124688279,0.5451263537906137,0.40800000000000003,0.36806972006468697,0.6,0.5,1.0,0.0,0.0,0.0,0.0,0.0,0.0,0.0,0.0,0.0,0.0,0.0,0.0,0.0,0.0
1 BHK,362.58,424.83,12,12,10,1,Fully Furnished,1,2,1,0,1,Vitrified,0,0,0,0,0,Covered,0,Tanker,800.0,Pimple Saudagar,411027,Standalone,3.83,5.52,1.16,1.92,7500.0,2800000.0,7722.41,Owner,27,3,2,1,1,0,0,0,0,0,0,0,0,0,0,1,0,0,0,0,0.04909261457176768,0.04974386836386216,0.5714285714285714,0.42105263157894735,0.5,1.0,1.0,0.2,0.2,0.0,0.0,0.0,0.0,0.0,0.0,0.0,0.0,0.0,0.464285714286234,0.5041666666666667,0.4422277639235244,0.34657039711191334,0.52,0.09120660409642753,0.23636363636363636,1.0,0.0,0.0,0.0,0.0,0.0,0.0,0.0,0.0,0.0,0.0,1.0,0.0,0.0,0.0,0.0
2 BHK,710.32,830.09,0,6,11,1,Semi-Furnished,1,3,2,1,3,Granite,1,1,0,1,0,Covered,1,Not Specified,2458.99,Kothrud,411038,Society,1.84,7.42,1.28,1.67,29751.13,6110928.07,8603.08,Owner,45,2,1,2,2,0,0,0,0,0,0,0,1,0,0,0,0,0,0,0,0.2155136107814235,0.20701645451723072,0.0,0.10526315789473684,0.55,1.0,1.0,0.4000000000000001,0.4,0.2,0.2222222222222222,1.0,1.0,0.0,1.0,0.0,1.0,0.19034631994896528,0.6607142857146755,0.2277777777777778,0.600166251039069,0.3898916967509025,0.42000000000000004,0.11840668266955925,0.39999999999999997,0.5,0.0,0.0,0.0,0.0,0.0,0.0,0.0,1.0,0.0,0.0,0.0,0.0,0.0,0.0,0.0
4 BHK,1707.43,2081.72,1,9,12,1,Semi-Furnished,1,4,3,3,7,Wooden,1,1,1,1,1,Covered,1,Tanker,5112.46,Kharadi,411014,Society,4.16,1.67,2.33,1.67,52767.09,17407424.9,10195.07,Owner,21,2,1,4,4,0,0,0,0,0,1,0,0,0,0,0,0,0,0,0,0.6927093303725259,0.6927468177584601,0.047619047619047616,0.2631578947368421,0.6000000000000001,1.0,1.0,0.6000000000000001,0.6000000000000001,0.6000000000000001,0.6666666666666665,1.0,1.0,1.0,1.0,1.0,1.0,0.4947955629190743,0.232142857143117,0.55,0.12219451371571069,0.7689530685920578,0.42000000000000004,0.1675763524523836,0.1818181818181818,0.5,0.0,0.0,0.0,0.0,0.0,1.0,0.0,0.0,0.0,0.0,0.0,0.0,0.0,0.0,0.0
2 BHK,582.13,693.67,9,14,10,1,Unfurnished,0,2,3,1,3,Granite,1,1,0,0,0,Stilt,0,Not Specified,2038.17,Wakad,411057,Society,5.98,3.12,2.02,2.22,11144.36,3553567.26,6104.43,Owner,28,3,0,2,2,0,0,0,0,0,0,0,0,0,0,0,0,0,0,1,0.15416459282514644,0.1540748214840112,0.42857142857142855,0.5263157894736842,0.5,1.0,0.0,0.2,0.6000000000000001,0.2,0.2222222222222222,1.0,1.0,0.0,0.0,0.0,0.0,0.14206300397905378,1.0,0.8027777777777778,0.2427265170407315,0.6570397111913358,0.6400000000000001,0.041234215880914776,0.24545454545454543,1.0,0.0,0.0,0.0,0.0,0.0,0.0,0.0,0.0,0.0,0.0,0.0,0.0,0.0,0.0,1.0
3 BHK,1118.3,1417.13,4,17,17,1,Semi-Furnished,1,3,3,2,6,Granite,1,1,0,0,1,Covered,0,Borewell,3839.19,Hadapsar,411028,Society,6.35,1.73,2.39,2.21,23148.04,11499120.0,10282.69,Broker,4,3,1,3,3,0,0,1,0,0,0,0,0,0,0,0,0,0,0,0,0.4107641946475746,0.43483390251474713,0.19047619047619047,0.6842105263157894,0.8500000000000001,1.0,1.0,0.4000000000000001,0.6000000000000001,0.4,0.5555555555555556,1.0,1.0,0.0,0.0,1.0,0.0,0.3487053159607327,0.482142857143117,0.8541666666666666,0.12718204488778054,0.7906137184115524,0.636,0.17028255441745313,0.02727272727272727,1.0,0.0,0.0,1.0,0.0,0.0,0.0,0.0,0.0,0.0,0.0,0.0,0.0,0.0,0.0,0.0
1 BHK,326.6,412.39,4,11,11,1,Unfurnished,1,1,0,0,2,Ceramic,1,1,0,0,0,Bike,1,Tanker,837.02,Kharadi,411014,Society,3.86,1.36,1.47,2.07,12301.88,4870710.05,14913.44,Owner,8,2,0,1,1,0,0,0,0,0,1,0,0,0,0,0,0,0,0,0,0.031873348903097384,0.044916175100900346,0.19047619047619047,0.368421052631579,0.55,1.0,1.0,0.0,0.0,0.0,0.1111111111111111,1.0,1.0,0.0,0.0,0.0,1.0,0.004247536612342867,0.232142857143117,0.5083333333333333,0.09642560266001662,0.45848375451263534,0.58,0.313306347498323,0.06363636363636363,0.5,0.0,0.0,0.0,0.0,0.0,1.0,0.0,0.0,0.0,0.0,0.0,0.0,0.0,0.0,0.0
2 BHK,702.47,874.24,2,15,6,1,Semi-Furnished,1,2,2,0,3,Ceramic,1,1,1,0,0,Covered,0,Municipal,1996.45,Viman Nagar,411014,Society,1.99,5.54,1.56,0.98,23516.4,6594852.17,9388.04,Broker,16,2,1,2,2,0,0,0,0,0,0,0,0,0,0,0,0,0,1,0,0.21175676710440677,0.22415010866190627,0.09523809523809523,0.5789473684210527,0.30000000000000004,1.0,1.0,0.2,0.4,0.0,0.2222222222222222,1.0,1.0,1.0,0.0,0.0,0.0,0.13727620691079487,0.232142857143117,0.24861111111111112,0.4438902743142144,0.49097472924187724,0.14400000000000002,0.14265069424797736,0.13636363636363635,0.5,0.0,0.0,0.0,0.0,0.0,0.0,0.0,0.0,0.0,0.0,0.0,0.0,0.0,1.0,0.0
1 BHK,417.94,526.04,5,11,6,1,Fully Furnished,1,2,2,1,1,Wooden,1,1,0,1,1,Open,1,Municipal,2682.55,Kalyani Nagar,411006,Society,3.12,5.63,0.94,1.62,22848.95,8103796.48,19390.08,Owner,14,1,2,1,1,0,0,0,0,1,0,0,0,0,0,0,0,0,0,0,0.07558673762395192,0.08902126668736418,0.23809523809523808,0.368421052631579,0.30000000000000004,1.0,1.0,0.2,0.4,0.2,0.0,1.0,1.0,0.0,1.0,1.0,1.0,0.21599675984781386,0.089285714286234,0.40555555555555556,0.4513715710723191,0.2671480144404332,0.40000000000000013,0.45157035074996577,0.11818181818181817,0.0,0.0,0.0,0.0,0.0,1.0,0.0,0.0,0.0,0.0,0.0,0.0,0.0,0.0,0.0,0.0
3 BHK,666.3,721.88,1,13,6,1,Semi-Furnished,1,3,3,2,3,Vitrified,1,1,0,0,0,Open,0,Municipal,2485.83,Hinjewadi,411057,Society,5.95,0.2,2.33,2.56,28730.49,5137694.04,7710.78,Owner,32,3,1,3,3,0,0,0,1,0,0,0,0,0,0,0,0,0,0,0,0.19444657146138822,0.1650225085377212,0.047619047619047616,0.4736842105263157,0.30000000000000004,1.0,1.0,0.4000000000000001,0.6000000000000001,0.4,0.2222222222222222,1.0,1.0,0.0,0.0,0.0,0.0,0.1934258413610475,1.0,0.7986111111111112,0.0,0.7689530685920578,0.776,0.09084740381277359,0.2818181818181818,1.0,0.0,0.0,0.0,1.0,0.0,0.0,0.0,0.0,0.0,0.0,0.0,0.0,0.0,0.0,0.0
2 BHK,682.6,848.08,2,16,10,1,Semi-Furnished,1,2,1,1,4,Vitrified,0,0,0,0,1,Not Specified,0,Corporation + Borewell,1990.22,Hinjewadi,411057,Standalone,6.05,1.44,2.52,2.62,11631.4,7698596.02,11278.3,Owner,46,3,1,2,2,0,0,0,1,0,0,0,0,0,0,0,0,0,0,0,0.20224740610283704,0.21399798199316988,0.09523809523809523,0.631578947368421,0.5,1.0,1.0,0.2,0.2,0.2,0.3333333333333333,0.0,0.0,0.0,0.0,1.0,0.0,0.13656139996603808,1.0,0.8125,0.10307564422277637,0.8375451263537906,0.8,0.20103263132275892,0.40909090909090906,1.0,0.0,0.0,0.0,1.0,0.0,0.0,0.0,0.0,0.0,0.0,0.0,0.0,0.0,0.0,0.0
3 BHK,1007.1,1192.4,6,9,11,1,Fully Furnished,1,3,4,2,4,Wooden,1,1,1,0,0,Bike,1,Corporation + Borewell,4541.58,Viman Nagar,411014,Society,1.97,5.17,1.97,1.68,36781.01,20449056.14,20304.88,Owner,32,2,2,3,3,0,0,0,0,0,0,0,0,0,0,0,0,0,1,0,0.3575462307132739,0.3476210804098107,0.2857142857142857,0.2631578947368421,0.55,1.0,1.0,0.4000000000000001,0.8,0.4,0.3333333333333333,1.0,1.0,1.0,0.0,0.0,1.0,0.4292949226907032,0.232142857143117,0.24583333333333335,0.4131338320864505,0.6389891696750902,0.42400000000000004,0.47982455706867866,0.2818181818181818,0.5,0.0,0.0,0.0,0.0,0.0,0.0,0.0,0.0,0.0,0.0,0.0,0.0,0.0,1.0,0.0
2 BHK,700.06,877.48,3,4,15,0,Unfurnished,0,3,3,1,2,Granite,1,1,1,1,1,Not Specified,1,Tanker,1818.48,Kharadi,411014,Society,3.69,0.56,1.78,2.04,23394.87,4484715.9,6406.2,Broker,44,2,0,2,2,0,0,0,0,0,1,0,0,0,0,0,0,0,0,0,0.210603392166622,0.22540748214840117,0.14285714285714285,0.0,0.75,0.0,0.0,0.4000000000000001,0.6000000000000001,0.2,0.1111111111111111,1.0,1.0,1.0,1.0,1.0,1.0,0.11685659343433186,0.232142857143117,0.4847222222222223,0.029925187032418952,0.5703971119133574,0.5680000000000001,0.05055458300028293,0.3909090909090909,0.5,0.0,0.0,0.0,0.0,0.0,1.0,0.0,0.0,0.0,0.0,0.0,0.0,0.0,0.0,0.0
1 BHK,401.43,445.2,5,14,6,1,Semi-Furnished,1,1,0,0,1,Wooden,1,1,1,1,0,Covered,1,Tanker,2236.35,Kharadi,411014,Standalone,3.89,1.64,1.61,1.87,15671.64,3560637.73,8869.92,Builder,23,2,1,1,1,0,0,0,0,0,1,0,0,0,0,0,0,0,0,0,0.06768540143190781,0.05764902204284386,0.23809523809523808,0.5263157894736842,0.30000000000000004,1.0,1.0,0.0,0.0,0.0,0.0,1.0,1.0,1.0,1.0,0.0,1.0,0.1648014374159557,0.232142857143117,0.5125000000000001,0.1197007481296758,0.5090252707581228,0.5000000000000001,0.12664821351136654,0.19999999999999998,0.5,0.0,0.0,0.0,0.0,0.0,1.0,0.0,0.0,0.0,0.0,0.0,0.0,0.0,0.0,0.0
4 BHK,1727.11,2109.98,8,14,10,1,Semi-Furnished,1,5,2,2,6,Granite,1,0,0,0,0,Covered,1,Tanker,5227.97,Hinjewadi,411057,Society,5.8,0.21,2.52,2.53,47538.91,12925337.89,7483.79,Owner,31,3,1,4,4,0,0,0,1,0,0,0,0,0,0,0,0,0,0,0,0.7021277613997473,0.703713908723999,0.38095238095238093,0.5263157894736842,0.5,1.0,1.0,0.8,0.4,0.4,0.5555555555555556,1.0,0.0,0.0,0.0,0.0,1.0,0.5080487491452148,1.0,0.7777777777777778,0.0008312551953449723,0.8375451263537906,0.764,0.08383666672020185,0.2727272727272727,1.0,0.0,0.0,0.0,1.0,0.0,0.0,0.0,0.0,0.0,0.0,0.0,0.0,0.0,0.0,0.0
3 BHK,1174.35,1395.27,8,11,4,1,Fully Furnished,1,3,3,2,3,Marble,1,0,1,0,0,Covered,1,Corporation + Borewell,4540.78,Kothrud,411038,Society,1.49,7.91,1.62,1.72,51598.26,12754481.68,10860.88,Not Specified,24,2,2,3,3,0,0,0,0,0,0,0,1,0,0,0,0,0,0,0,0.4375885370802864,0.4263505122632723,0.38095238095238093,0.368421052631579,0.2,1.0,1.0,0.4000000000000001,0.6000000000000001,0.4,0.2222222222222222,1.0,0.0,1.0,0.0,0.0,1.0,0.42920313367693025,0.6607142857146755,0.17916666666666667,0.6408977556109725,0.5126353790613719,0.44000000000000006,0.18814033704908475,0.20909090909090908,0.5,0.0,0.0,0.0,0.0,0.0,0.0,0.0,1.0,0.0,0.0,0.0,0.0,0.0,0.0,0.0
4 BHK,1283.33,1480.21,11,15,15,1,Unfurnished,0,4,3,2,5,Ceramic,1,1,1,0,0,Bike,0,Tanker,5452.32,Viman Nagar,411014,Society,2.27,5.66,1.69,1.48,46962.03,11960067.76,9319.53,Owner,7,2,0,4,4,0,0,0,0,0,0,0,0,0,0,0,0,0,1,0,0.4897440560511505,0.45931387767773996,0.5238095238095237,0.5789473684210527,0.75,1.0,0.0,0.6000000000000001,0.6000000000000001,0.4,0.4444444444444445,1.0,1.0,1.0,0.0,0.0,0.0,0.5337898306951641,0.232142857143117,0.2875,0.45386533665835405,0.5379061371841155,0.344,0.14053471734057135,0.054545454545454536,0.5,0.0,0.0,0.0,0.0,0.0,0.0,0.0,0.0,0.0,0.0,0.0,0.0,0.0,1.0,0.0
2 BHK,525.13,657.65,1,15,16,1,Semi-Furnished,1,3,1,1,3,Ceramic,0,0,1,1,0,Covered,0,Corporation + Borewell,2620.94,Kharadi,411014,Standalone,4.78,1.11,1.7,2.36,20532.17,4353812.21,8290.95,Owner,7,2,1,2,2,0,0,0,0,0,1,0,0,0,0,0,0,0,0,0,0.12688560052069375,0.14009624340267002,0.047619047619047616,0.5789473684210527,0.8,1.0,1.0,0.4000000000000001,0.2,0.2,0.2222222222222222,0.0,0.0,1.0,1.0,0.0,0.0,0.2089278584246252,0.232142857143117,0.6361111111111112,0.07564422277639235,0.5415162454873647,0.696,0.10876634006105482,0.054545454545454536,0.5,0.0,0.0,0.0,0.0,0.0,1.0,0.0,0.0,0.0,0.0,0.0,0.0,0.0,0.0,0.0
1 BHK,446.05,506.59,9,14,8,1,Semi-Furnished,1,1,0,0,1,Ceramic,1,0,0,1,0,Bike,0,Municipal,1098.01,Nigdi,411044,Society,3.49,11.15,2.0,2.55,14901.95,4914325.81,11017.31,Owner,6,3,1,1,1,0,0,0,0,0,0,0,0,0,1,0,0,0,0,0,0.08903958803935834,0.0814731449860292,0.42857142857142855,0.5263157894736842,0.4,1.0,1.0,0.0,0.0,0.0,0.0,1.0,0.0,0.0,1.0,0.0,0.0,0.03419255499309287,0.7678571428577925,0.4569444444444445,0.9102244389027431,0.6498194945848376,0.772,0.1929717816210527,0.045454545454545456,1.0,0.0,0.0,0.0,0.0,0.0,0.0,0.0,0.0,0.0,1.0,0.0,0.0,0.0,0.0,0.0
2 BHK,556.21,695.37,1,9,1,1,Semi-Furnished,1,3,2,1,3,Vitrified,0,0,1,0,0,Bike,1,Borewell,2793.59,Kothrud,411038,Standalone,2.73,7.2,1.56,1.54,12894.27,7928860.15,14255.05,Owner,7,2,1,2,2,0,0,0,0,0,0,0,1,0,0,0,0,0,0,0,0.14175983000880588,0.15473455448618445,0.047619047619047616,0.2631578947368421,0.05,1.0,1.0,0.4000000000000001,0.4,0.2,0.2222222222222222,0.0,0.0,1.0,0.0,0.0,1.0,0.22873707495949813,0.6607142857146755,0.3513888888888889,0.5818786367414795,0.49097472924187724,0.3680000000000001,0.2929715345357329,0.054545454545454536,0.5,0.0,0.0,0.0,0.0,0.0,0.0,0.0,1.0,0.0,0.0,0.0,0.0,0.0,0.0,0.0
2 BHK,357.8,391.82,6,11,4,1,Semi-Furnished,1,3,1,2,3,Granite,1,1,0,1,0,Covered,1,Municipal,1227.47,Koregaon Park,411001,Society,2.4,5.49,1.61,1.37,22312.02,5686375.76,15892.7,Builder,8,1,1,2,2,0,0,0,0,0,0,1,0,0,0,0,0,0,0,0,0.04680500784869253,0.03693340577460416,0.2857142857142857,0.368421052631579,0.2,1.0,1.0,0.4000000000000001,0.2,0.4,0.2222222222222222,1.0,1.0,0.0,1.0,0.0,1.0,0.04904631214689914,0.0,0.3055555555555555,0.43973399833748955,0.5090252707581228,0.30000000000000004,0.343551443781295,0.06363636363636363,0.0,0.0,0.0,0.0,0.0,0.0,0.0,1.0,0.0,0.0,0.0,0.0,0.0,0.0,0.0,0.0
1 BHK,400.7,483.04,0,7,10,1,Fully Furnished,0,2,1,0,2,Vitrified,1,1,0,0,0,Covered,1,Corporation + Borewell,800.0,Kothrud,411038,Society,1.51,8.13,1.2,1.44,17473.14,4776674.23,11920.81,Broker,5,2,2,1,1,0,0,0,0,0,0,0,1,0,0,0,0,0,0,0,0.06733603889888586,0.072333902514747,0.0,0.15789473684210525,0.5,1.0,0.0,0.2,0.2,0.0,0.1111111111111111,1.0,1.0,0.0,0.0,0.0,1.0,0.0,0.6607142857146755,0.18194444444444444,0.6591853699085619,0.3610108303249097,0.32799999999999996,0.2208769799255532,0.03636363636363636,0.5,0.0,0.0,0.0,0.0,0.0,0.0,0.0,1.0,0.0,0.0,0.0,0.0,0.0,0.0,0.0
1 RK,321.48,392.38,5,13,7,1,Fully Furnished,1,2,1,0,2,Marble,0,1,1,1,0,Covered,1,Tanker,1609.89,Pimple Saudagar,411027,Standalone,4.35,4.9,1.44,1.46,13167.14,2800000.0,8709.71,Builder,12,3,2,1,1,0,0,0,0,0,0,0,0,0,0,1,0,0,0,0,0.029423025383820203,0.03715072958708476,0.23809523809523808,0.4736842105263157,0.35000000000000003,1.0,1.0,0.2,0.2,0.0,0.1111111111111111,0.0,1.0,1.0,1.0,0.0,1.0,0.09292375545570952,0.464285714286234,0.5763888888888888,0.3906899418121363,0.4476534296028881,0.33599999999999997,0.12170002112579484,0.09999999999999999,1.0,0.0,0.0,0.0,0.0,0.0,0.0,0.0,0.0,0.0,0.0,1.0,0.0,0.0,0.0,0.0
2 BHK,589.25,677.56,7,9,14,1,Fully Furnished,1,2,2,2,3,Vitrified,1,1,1,1,1,Covered,1,Corporation + Borewell,1719.74,Koregaon Park,411001,Society,2.58,4.97,1.34,0.7,36308.43,15619858.37,26508.03,Builder,40,1,2,2,2,0,0,0,0,0,0,1,0,0,0,0,0,0,0,0,0.15757207396914125,0.14782288109282832,0.3333333333333333,0.2631578947368421,0.7000000000000001,1.0,1.0,0.2,0.4,0.4,0.2222222222222222,1.0,1.0,1.0,1.0,1.0,1.0,0.10552753440940654,0.0,0.33055555555555555,0.3965087281795511,0.41155234657039713,0.03199999999999997,0.6714129697555214,0.35454545454545455,0.0,0.0,0.0,0.0,0.0,0.0,0.0,1.0,0.0,0.0,0.0,0.0,0.0,0.0,0.0,0.0
3 BHK,1307.53,1559.08,9,12,6,1,Semi-Furnished,1,3,3,1,4,Granite,1,0,0,1,0,Covered,1,Corporation + Borewell,4942.85,Shivajinagar,411005,Society,0.58,8.25,0.65,1.19,58272.58,13338662.23,10201.39,Owner,13,2,1,3,3,0,0,0,0,0,0,0,0,0,0,0,0,1,0,0,0.501325663310234,0.4899216081962124,0.42857142857142855,0.42105263157894735,0.30000000000000004,1.0,1.0,0.4000000000000001,0.6000000000000001,0.2,0.3333333333333333,1.0,0.0,0.0,1.0,0.0,1.0,0.47533514463653853,0.071428571429351,0.05277777777777777,0.6691604322527015,0.16245487364620942,0.22799999999999998,0.1677715498550227,0.10909090909090909,0.5,0.0,0.0,0.0,0.0,0.0,0.0,0.0,0.0,0.0,0.0,0.0,0.0,1.0,0.0,0.0
4 BHK,1545.29,1728.92,6,11,8,1,Semi-Furnished,1,5,5,3,4,Ceramic,0,0,0,1,0,Covered,1,Tanker,3914.59,Hadapsar,411028,Standalone,5.72,2.43,1.73,1.56,54300.1,9477120.4,6132.92,Broker,38,3,1,4,4,0,0,1,0,0,0,0,0,0,0,0,0,0,0,0,0.6151125617366668,0.5558328158956847,0.2857142857142857,0.368421052631579,0.4,1.0,1.0,0.8,1.0,0.6000000000000001,0.3333333333333333,0.0,0.0,0.0,1.0,0.0,1.0,0.3573564305088324,0.482142857143117,0.7666666666666666,0.1853699085619285,0.5523465703971119,0.3760000000000001,0.04211414847603953,0.33636363636363636,1.0,0.0,0.0,1.0,0.0,0.0,0.0,0.0,0.0,0.0,0.0,0.0,0.0,0.0,0.0,0.0
1 BHK,405.07,440.32,7,15,15,1,Fully Furnished,1,1,1,1,2,Wooden,1,0,1,1,1,Covered,1,Tanker,2407.4,Koregaon Park,411001,Society,2.12,4.73,1.69,1.38,32476.52,11846598.52,29245.56,Broker,2,1,2,1,1,0,0,0,0,0,0,1,0,0,0,0,0,0,0,0,0.06942742830889391,0.05575520024837008,0.3333333333333333,0.5789473684210527,0.75,1.0,1.0,0.0,0.2,0.2,0.1111111111111111,1.0,0.0,1.0,1.0,1.0,1.0,0.18442707592328278,0.0,0.26666666666666666,0.3765586034912718,0.5379061371841155,0.30399999999999994,0.755963404193285,0.00909090909090909,0.0,0.0,0.0,0.0,0.0,0.0,0.0,1.0,0.0,0.0,0.0,0.0,0.0,0.0,0.0,0.0
2 BHK,576.04,694.16,7,9,2,1,Semi-Furnished,1,3,3,1,3,Vitrified,0,0,1,0,0,Covered,0,Corporation + Borewell,2535.88,Pune Camp,411001,Society,2.74,7.51,1.35,1.56,14150.82,6019956.2,10450.57,Broker,20,3,1,2,2,0,0,0,0,0,0,0,0,0,0,0,1,0,0,0,0.1512500478578812,0.1542649798199317,0.3333333333333333,0.2631578947368421,0.1,1.0,1.0,0.4000000000000001,0.6000000000000001,0.2,0.2222222222222222,0.0,0.0,1.0,0.0,0.0,0.0,0.19916839153521715,0.0,0.3527777777777778,0.6076475477971737,0.4151624548736462,0.3760000000000001,0.17546763985337957,0.17272727272727273,1.0,0.0,0.0,0.0,0.0,0.0,0.0,0.0,0.0,0.0,0.0,0.0,1.0,0.0,0.0,0.0
4 BHK,1293.21,1541.29,13,13,8,1,Semi-Furnished,1,4,4,4,5,Vitrified,0,0,0,1,1,Bike,1,Tanker,5083.94,Kothrud,411038,Standalone,2.02,6.98,0.99,1.52,40938.52,21797820.05,16855.62,Builder,32,2,1,4,4,0,0,0,0,0,0,0,1,0,0,0,0,0,0,0,0.4944724147172556,0.4830176963675878,0.6190476190476191,0.4736842105263157,0.4,1.0,1.0,0.6000000000000001,0.8,0.8,0.4444444444444445,0.0,0.0,0.0,1.0,1.0,1.0,0.4915232845780689,0.6607142857146755,0.25277777777777777,0.5635910224438903,0.2851985559566787,0.3600000000000001,0.37329186829858285,0.2818181818181818,0.5,0.0,0.0,0.0,0.0,0.0,0.0,0.0,1.0,0.0,0.0,0.0,0.0,0.0,0.0,0.0
2 BHK,790.03,963.16,10,18,13,1,Semi-Furnished,1,2,4,1,2,Vitrified,1,1,0,0,0,Covered,0,Borewell,1072.02,Hadapsar,411028,Society,4.7,1.55,2.18,2.07,19613.25,5297008.55,6704.81,Broker,29,3,1,2,2,0,0,1,0,0,0,0,0,0,0,0,0,0,0,0,0.2536611279145449,0.2586580254579324,0.47619047619047616,0.7368421052631579,0.65,1.0,1.0,0.2,0.8,0.2,0.1111111111111111,1.0,1.0,0.0,0.0,0.0,0.0,0.031210559408144434,0.482142857143117,0.625,0.11221945137157105,0.7148014440433214,0.58,0.05977735141833154,0.2545454545454545,1.0,0.0,0.0,1.0,0.0,0.0,0.0,0.0,0.0,0.0,0.0,0.0,0.0,0.0,0.0,0.0
1 BHK,396.75,487.05,0,10,7,1,Unfurnished,1,2,2,0,1,Marble,0,0,0,1,0,Not Specified,1,Municipal,1416.44,Nigdi,411044,Society,3.22,11.02,1.98,2.26,7500.0,3573873.64,9007.97,Owner,41,3,0,1,1,0,0,0,0,0,0,0,0,0,1,0,0,0,0,0,0.06544565259006853,0.0738900962434027,0.0,0.3157894736842105,0.35000000000000003,1.0,1.0,0.2,0.4,0.0,0.0,0.0,0.0,0.0,1.0,0.0,1.0,0.0707280245627401,0.7678571428577925,0.41944444444444445,0.8994181213632584,0.6425992779783394,0.6559999999999999,0.13091197956110237,0.3636363636363636,1.0,0.0,0.0,0.0,0.0,0.0,0.0,0.0,0.0,0.0,1.0,0.0,0.0,0.0,0.0,0.0
2 BHK,561.45,716.1,3,13,10,1,Fully Furnished,1,3,1,1,4,Vitrified,0,0,0,1,0,Covered,0,Municipal,914.58,Viman Nagar,411014,Standalone,2.05,4.59,1.6,1.96,18575.02,8966124.8,15969.61,Owner,30,2,2,2,2,0,0,0,0,0,0,0,0,0,0,0,0,0,1,0,0.14426758298556608,0.16277941633033222,0.14285714285714285,0.4736842105263157,0.5,1.0,1.0,0.4000000000000001,0.2,0.2,0.3333333333333333,0.0,0.0,0.0,1.0,0.0,0.0,0.01314648149762955,0.232142857143117,0.2569444444444444,0.36492103075644217,0.5054151624548737,0.536,0.34592686027448716,0.2636363636363636,0.5,0.0,0.0,0.0,0.0,0.0,0.0,0.0,0.0,0.0,0.0,0.0,0.0,0.0,1.0,0.0
1 RK,447.29,536.62,13,15,9,1,Unfurnished,1,1,2,0,2,Granite,1,1,0,0,0,Covered,0,Corporation + Borewell,1428.88,Wakad,411057,Society,5.19,1.96,2.19,2.59,12925.98,3247178.77,7259.6,Broker,7,3,0,1,1,0,0,0,0,0,0,0,0,0,0,0,0,0,0,1,0.08963302576668326,0.09312713443030118,0.6190476190476191,0.5789473684210527,0.45,1.0,1.0,0.0,0.4,0.0,0.1111111111111111,1.0,1.0,0.0,0.0,0.0,0.0,0.07215534372690935,1.0,0.6930555555555556,0.14630091438071485,0.7184115523465704,0.788,0.07691240948955883,0.054545454545454536,1.0,0.0,0.0,0.0,0.0,0.0,0.0,0.0,0.0,0.0,0.0,0.0,0.0,0.0,0.0,1.0
1 BHK,506.6,567.25,7,14,11,1,Semi-Furnished,1,2,0,0,2,Vitrified,1,1,0,1,0,Covered,0,Tanker,2818.25,Aundh,411007,Society,3.98,3.76,1.99,1.47,28824.2,4434763.17,8753.95,Broker,22,2,1,1,1,1,0,0,0,0,0,0,0,0,0,0,0,0,0,0,0.11801753512768486,0.10501397081651664,0.3333333333333333,0.5263157894736842,0.55,1.0,1.0,0.2,0.0,0.0,0.1111111111111111,1.0,1.0,0.0,1.0,0.0,0.0,0.231566471309049,0.107142857143117,0.525,0.29592684954280957,0.6462093862815884,0.33999999999999997,0.12306640294426871,0.1909090909090909,0.5,1.0,0.0,0.0,0.0,0.0,0.0,0.0,0.0,0.0,0.0,0.0,0.0,0.0,0.0,0.0
2 BHK,708.26,798.1,6,6,8,1,Semi-Furnished,1,3,2,1,3,Vitrified,1,1,1,0,0,Covered,0,Borewell,2900.75,Kothrud,411038,Standalone,2.27,7.77,1.32,1.52,28883.57,6050122.04,8542.19,Broker,8,2,1,2,2,0,0,0,0,0,0,0,1,0,0,0,0,0,0,0,0.2145277384279643,0.1946018317292767,0.2857142857142857,0.10526315789473684,0.4,1.0,1.0,0.4000000000000001,0.4,0.2,0.2222222222222222,1.0,1.0,1.0,0.0,0.0,0.0,0.24103221335438363,0.6607142857146755,0.2875,0.6292601828761428,0.40433212996389895,0.3600000000000001,0.11652605452925927,0.06363636363636363,0.5,0.0,0.0,0.0,0.0,0.0,0.0,0.0,1.0,0.0,0.0,0.0,0.0,0.0,0.0,0.0
2 BHK,699.27,801.51,1,12,6,1,Semi-Furnished,1,2,2,0,3,Granite,1,1,1,1,0,Covered,1,Corporation + Borewell,2125.42,Shivajinagar,411005,Standalone,1.39,7.11,1.36,1.4,26806.07,5546152.12,7931.33,Builder,21,2,1,2,2,0,0,0,0,0,0,0,0,0,0,0,0,1,0,0,0.21022531490485852,0.19592517851598884,0.047619047619047616,0.42105263157894735,0.30000000000000004,1.0,1.0,0.2,0.4,0.0,0.2222222222222222,1.0,1.0,1.0,1.0,0.0,1.0,0.1520737432936652,0.071428571429351,0.16527777777777777,0.5743973399833748,0.4187725631768954,0.31199999999999994,0.09765923722290928,0.1818181818181818,0.5,0.0,0.0,0.0,0.0,0.0,0.0,0.0,0.0,0.0,0.0,0.0,0.0,1.0,0.0,0.0
1 BHK,451.62,526.57,7,11,7,1,Semi-Furnished,1,2,1,1,2,Vitrified,0,0,1,1,0,Stilt,1,Municipal,1026.46,Baner,411045,Standalone,3.45,3.1,2.38,2.29,21151.05,5509612.31,12199.74,Broker,37,1,1,1,1,0,1,0,0,0,0,0,0,0,0,0,0,0,0,0,0.09170527202419694,0.08922694815274765,0.3333333333333333,0.368421052631579,0.35000000000000003,1.0,1.0,0.2,0.2,0.2,0.1111111111111111,0.0,0.0,1.0,1.0,0.0,1.0,0.025983175073775427,0.7857142857146755,0.4513888888888889,0.24106400665004152,0.7870036101083032,0.668,0.22949191845690278,0.32727272727272727,0.0,0.0,1.0,0.0,0.0,0.0,0.0,0.0,0.0,0.0,0.0,0.0,0.0,0.0,0.0,0.0
3 BHK,995.98,1178.99,1,11,7,1,Fully Furnished,0,3,3,1,4,Marble,1,1,1,0,1,Bike,0,Tanker,2739.68,Hadapsar,411028,Society,5.37,2.25,2.43,1.88,40573.51,13629693.75,13684.73,Owner,33,3,2,3,3,0,0,1,0,0,0,0,0,0,0,0,0,0,0,0,0.3522244343198438,0.34241695125737354,0.047619047619047616,0.368421052631579,0.35000000000000003,1.0,0.0,0.4000000000000001,0.6000000000000001,0.2,0.3333333333333333,1.0,1.0,1.0,0.0,1.0,0.0,0.22255164279387402,0.482142857143117,0.7180555555555556,0.17040731504571902,0.8050541516245489,0.504,0.27535682208745094,0.2909090909090909,1.0,0.0,0.0,1.0,0.0,0.0,0.0,0.0,0.0,0.0,0.0,0.0,0.0,0.0,0.0,0.0
1 BHK,399.43,504.25,2,10,1,1,Unfurnished,0,1,1,0,2,Vitrified,0,0,1,0,1,Stilt,0,Tanker,1348.43,Viman Nagar,411014,Standalone,1.83,5.74,1.87,1.4,14599.12,3321714.73,8316.13,Owner,44,2,0,1,1,0,0,0,0,0,0,0,0,0,0,0,0,0,1,0,0.06672824380719018,0.08056504191244956,0.09523809523809523,0.3157894736842105,0.05,1.0,0.0,0.0,0.2,0.0,0.1111111111111111,0.0,0.0,1.0,0.0,1.0,0.0,0.0629248110293679,0.232142857143117,0.22638888888888892,0.4605153782211138,0.6028880866425993,0.31199999999999994,0.10954404110511382,0.3909090909090909,0.5,0.0,0.0,0.0,0.0,0.0,0.0,0.0,0.0,0.0,0.0,0.0,0.0,0.0,1.0,0.0
2 BHK,617.57,698.37,1,14,9,1,Fully Furnished,1,2,1,0,2,Vitrified,1,1,0,0,0,Covered,1,Municipal,1355.59,Kharadi,411014,Society,5.06,2.68,1.67,1.5,28474.24,7530995.3,12194.49,Broker,53,2,2,2,2,0,0,0,0,0,1,0,0,0,0,0,0,0,0,0,0.17112542593514302,0.15589878919590194,0.047619047619047616,0.5263157894736842,0.45,1.0,1.0,0.2,0.2,0.0,0.1111111111111111,1.0,1.0,0.0,0.0,0.0,1.0,0.06374632270263572,0.232142857143117,0.6749999999999999,0.20615128844555278,0.5306859205776173,0.3520000000000001,0.22932976871578645,0.4727272727272727,0.5,0.0,0.0,0.0,0.0,0.0,1.0,0.0,0.0,0.0,0.0,0.0,0.0,0.0,0.0,0.0
2 BHK,809.91,960.86,1,10,7,1,Semi-Furnished,1,3,2,0,3,Vitrified,1,0,0,1,0,Open,1,Borewell,1811.23,Hadapsar,411028,Standalone,6.03,2.34,2.2,2.42,26791.2,6724388.23,8302.61,Broker,18,3,1,2,2,0,0,1,0,0,0,0,0,0,0,0,0,0,0,0,0.2631752747042383,0.25776544551381564,0.047619047619047616,0.3157894736842105,0.35000000000000003,1.0,1.0,0.4000000000000001,0.4,0.0,0.2222222222222222,1.0,0.0,0.0,1.0,0.0,1.0,0.11602475549701458,0.482142857143117,0.8097222222222222,0.17788861180382373,0.7220216606498195,0.72,0.10912646691465802,0.15454545454545454,1.0,0.0,0.0,1.0,0.0,0.0,0.0,0.0,0.0,0.0,0.0,0.0,0.0,0.0,0.0,0.0
3 BHK,882.75,1070.08,6,12,10,1,Semi-Furnished,1,4,4,1,3,Vitrified,1,1,0,1,1,Not Specified,1,Municipal,4243.0,Kharadi,411014,Society,3.61,1.97,1.98,1.84,41305.25,7306092.18,8276.52,Broker,5,2,1,3,3,0,0,0,0,0,1,0,0,0,0,0,0,0,0,0,0.2980349553964547,0.3001513505122633,0.2857142857142857,0.42105263157894735,0.5,1.0,1.0,0.6000000000000001,0.8,0.2,0.2222222222222222,1.0,1.0,0.0,1.0,1.0,1.0,0.3950369680252971,0.232142857143117,0.4736111111111111,0.14713216957605982,0.6425992779783394,0.4880000000000001,0.10832065991547216,0.03636363636363636,0.5,0.0,0.0,0.0,0.0,0.0,1.0,0.0,0.0,0.0,0.0,0.0,0.0,0.0,0.0,0.0
4 BHK,1296.07,1658.15,2,12,5,1,Semi-Furnished,1,5,3,2,6,Vitrified,0,1,0,0,0,Covered,1,Municipal,4563.29,Nigdi,411044,Standalone,3.85,11.03,1.66,1.9,37360.67,9226795.3,7119.06,Owner,40,3,1,4,4,0,0,0,0,0,0,0,0,0,1,0,0,0,0,0,0.49584115012060187,0.5283685190934493,0.09523809523809523,0.42105263157894735,0.25,1.0,1.0,0.8,0.6000000000000001,0.4,0.5555555555555556,0.0,1.0,0.0,0.0,0.0,1.0,0.4317858470519664,0.7678571428577925,0.5069444444444444,0.9002493765586034,0.5270758122743682,0.512,0.07257173813403639,0.35454545454545455,1.0,0.0,0.0,0.0,0.0,0.0,0.0,0.0,0.0,0.0,1.0,0.0,0.0,0.0,0.0,0.0
2 BHK,878.56,962.75,6,11,7,1,Semi-Furnished,1,2,1,1,3,Vitrified,1,1,0,0,0,Covered,0,Tanker,2521.14,Kharadi,411014,Society,4.39,1.36,2.06,2.09,31012.33,16639175.53,18939.1,Owner,32,2,1,2,2,0,0,0,0,0,1,0,0,0,0,0,0,0,0,0,0.2960297101726712,0.25849891338093767,0.2857142857142857,0.368421052631579,0.35000000000000003,1.0,1.0,0.2,0.2,0.2,0.2222222222222222,1.0,1.0,0.0,0.0,0.0,0.0,0.19747717895645067,0.232142857143117,0.5819444444444444,0.09642560266001662,0.6714801444043321,0.588,0.4376415335597458,0.2818181818181818,0.5,0.0,0.0,0.0,0.0,0.0,1.0,0.0,0.0,0.0,0.0,0.0,0.0,0.0,0.0,0.0
3 BHK,900.22,1052.11,7,18,9,1,Unfurnished,0,3,2,2,3,Vitrified,1,1,1,0,0,Covered,1,Municipal,2676.91,Pimple Saudagar,411027,Society,5.6,5.92,1.34,1.47,17452.85,6650156.21,7387.23,Broker,13,3,0,3,3,0,0,0,0,0,0,0,0,0,0,1,0,0,0,0,0.3063957272483633,0.2931775846010556,0.3333333333333333,0.7368421052631579,0.45,1.0,0.0,0.4000000000000001,0.4,0.4,0.2222222222222222,1.0,1.0,1.0,0.0,0.0,1.0,0.2153496473007146,0.464285714286234,0.75,0.4754779717373233,0.41155234657039713,0.33999999999999997,0.08085434691025986,0.10909090909090909,1.0,0.0,0.0,0.0,0.0,0.0,0.0,0.0,0.0,0.0,0.0,1.0,0.0,0.0,0.0,0.0
1 BHK,424.62,498.08,12,13,13,1,Fully Furnished,0,2,2,1,2,Granite,1,0,1,1,1,Stilt,1,Municipal,1866.15,Baner,411045,Society,2.76,3.14,1.65,2.1,35240.26,12865075.94,30298.1,Broker,50,1,2,1,1,0,1,0,0,0,0,0,0,0,0,0,0,0,0,0,0.07878364409050882,0.07817059919279729,0.5714285714285714,0.4736842105263157,0.65,1.0,0.0,0.2,0.4,0.2,0.1111111111111111,1.0,0.0,1.0,1.0,1.0,1.0,0.12232607129252701,0.7857142857146755,0.3555555555555555,0.24438902743142144,0.5234657039711191,0.5920000000000001,0.7884718020055915,0.44545454545454544,0.0,0.0,1.0,0.0,0.0,0.0,0.0,0.0,0.0,0.0,0.0,0.0,0.0,0.0,0.0,0.0
2 BHK,551.09,683.12,3,14,5,1,Fully Furnished,1,2,1,1,4,Vitrified,1,1,1,1,1,Bike,0,Municipal,2706.88,Kothrud,411038,Society,1.75,7.94,1.01,1.45,25542.61,5466624.78,9919.63,Owner,31,2,2,2,2,0,0,0,0,0,0,0,1,0,0,0,0,0,0,0,0.13930950648952872,0.14998059608817144,0.14285714285714285,0.5263157894736842,0.25,1.0,1.0,0.2,0.2,0.2,0.3333333333333333,1.0,1.0,1.0,1.0,1.0,0.0,0.21878829322918342,0.6607142857146755,0.2152777777777778,0.6433915211970075,0.2924187725631769,0.33199999999999996,0.15906920489179519,0.2727272727272727,0.5,0.0,0.0,0.0,0.0,0.0,0.0,0.0,1.0,0.0,0.0,0.0,0.0,0.0,0.0,0.0
2 BHK,469.25,513.88,2,9,11,1,Semi-Furnished,1,2,1,0,2,Marble,1,1,1,1,0,Stilt,0,Corporation + Borewell,1208.23,Aundh,411007,Society,3.45,2.99,1.83,1.88,12503.34,3110719.0,6629.07,Owner,21,2,1,2,2,1,0,0,0,0,0,0,0,0,0,0,0,0,0,0,0.10014261648608293,0.08430223533064268,0.09523809523809523,0.2631578947368421,0.55,1.0,1.0,0.2,0.2,0.0,0.1111111111111111,1.0,1.0,1.0,1.0,0.0,0.0,0.04683878636565991,0.107142857143117,0.4513888888888889,0.23192019950124687,0.5884476534296029,0.504,0.05743807115315955,0.1818181818181818,0.5,1.0,0.0,0.0,0.0,0.0,0.0,0.0,0.0,0.0,0.0,0.0,0.0,0.0,0.0,0.0
1 RK,317.86,352.31,2,7,9,1,Semi-Furnished,1,1,2,0,2,Wooden,1,1,1,0,0,Open,0,Municipal,2135.31,Kharadi,411014,Society,3.66,1.3,2.35,1.87,15644.31,2800000.0,8809.05,Broker,39,2,1,1,1,0,0,0,0,0,1,0,0,0,0,0,0,0,0,0,0.027690570083081276,0.021600434647624983,0.09523809523809523,0.15789473684210525,0.45,1.0,1.0,0.0,0.4,0.0,0.1111111111111111,1.0,1.0,1.0,0.0,0.0,0.0,0.15320848497643316,0.232142857143117,0.4805555555555556,0.09143807148794679,0.776173285198556,0.5000000000000001,0.12476820308436606,0.34545454545454546,0.5,0.0,0.0,0.0,0.0,0.0,1.0,0.0,0.0,0.0,0.0,0.0,0.0,0.0,0.0,0.0
4 BHK,1634.25,1809.3,6,15,16,1,Fully Furnished,1,4,4,3,7,Marble,1,1,0,0,0,Covered,0,Municipal,3886.55,Hadapsar,411028,Standalone,5.03,1.72,2.16,2.03,54354.9,14185065.99,8679.88,Owner,37,3,2,4,4,0,0,1,0,0,0,0,0,0,0,0,0,0,0,0,0.6576869328841074,0.5870265445513816,0.2857142857142857,0.5789473684210527,0.8,1.0,1.0,0.6000000000000001,0.8,0.6000000000000001,0.6666666666666665,1.0,1.0,0.0,0.0,0.0,0.0,0.35413922557609084,0.482142857143117,0.6708333333333334,0.12635078969243554,0.7075812274368232,0.564,0.12077870173960417,0.32727272727272727,1.0,0.0,0.0,1.0,0.0,0.0,0.0,0.0,0.0,0.0,0.0,0.0,0.0,0.0,0.0,0.0
3 BHK,992.2,1185.12,8,16,16,1,Semi-Furnished,0,3,3,2,5,Vitrified,1,1,0,1,0,Stilt,0,Corporation + Borewell,3126.64,Magarpatta,411013,Society,5.11,0.93,2.57,2.02,31929.18,5360431.41,5402.59,Not Specified,39,3,1,3,3,0,0,0,0,0,0,0,0,1,0,0,0,0,0,0,0.3504154064091275,0.3447958708475629,0.38095238095238093,0.631578947368421,0.8,1.0,0.0,0.4000000000000001,0.6000000000000001,0.4,0.4444444444444445,1.0,1.0,0.0,1.0,0.0,0.0,0.2669499887558458,0.214285714286234,0.6819444444444445,0.060681629260182876,0.855595667870036,0.56,0.0195574207751808,0.34545454545454546,1.0,0.0,0.0,0.0,0.0,0.0,0.0,0.0,0.0,1.0,0.0,0.0,0.0,0.0,0.0,0.0
2 BHK,714.12,846.28,10,10,13,1,Semi-Furnished,1,3,2,1,4,Vitrified,1,1,1,0,1,Stilt,1,Corporation + Borewell,3218.16,Aundh,411007,Society,3.77,3.93,1.39,1.69,26082.11,9266339.64,12975.81,Broker,34,2,1,2,2,1,0,0,0,0,0,0,0,0,0,0,0,0,0,0,0.217332210268387,0.21329944116733934,0.47619047619047616,0.3157894736842105,0.65,1.0,1.0,0.4000000000000001,0.4,0.2,0.3333333333333333,1.0,1.0,1.0,0.0,1.0,1.0,0.27745065193147034,0.107142857143117,0.49583333333333335,0.3100581878636741,0.4296028880866426,0.42800000000000005,0.25346135647369716,0.3,0.5,1.0,0.0,0.0,0.0,0.0,0.0,0.0,0.0,0.0,0.0,0.0,0.0,0.0,0.0,0.0
2 BHK,532.59,640.41,0,9,6,1,Fully Furnished,1,2,1,1,3,Vitrified,1,1,0,0,0,Bike,0,Corporation + Borewell,1384.86,Shivajinagar,411005,Society,0.2,7.8,0.9,1.32,27775.79,10167792.25,19091.14,Broker,20,2,2,2,2,0,0,0,0,0,0,0,0,0,0,0,0,1,0,0,0.13045579846089056,0.13340577460416023,0.0,0.2631578947368421,0.30000000000000004,1.0,1.0,0.2,0.2,0.2,0.2222222222222222,1.0,1.0,0.0,0.0,0.0,0.0,0.06710465324405321,0.071428571429351,0.0,0.6317539484621778,0.2527075812274368,0.28,0.4423373900624755,0.17272727272727273,0.5,0.0,0.0,0.0,0.0,0.0,0.0,0.0,0.0,0.0,0.0,0.0,0.0,1.0,0.0,0.0
4 BHK,1744.71,1995.9,11,16,11,1,Fully Furnished,1,4,5,2,6,Vitrified,1,0,0,0,0,Covered,1,Tanker,4561.77,Pimple Saudagar,411027,Society,3.76,5.09,1.19,1.53,58530.25,11976268.08,6864.34,Broker,27,3,2,4,4,0,0,0,0,0,0,0,0,0,0,1,0,0,0,0,0.7105507484972626,0.659441943495809,0.5238095238095237,0.631578947368421,0.55,1.0,1.0,0.6000000000000001,1.0,0.4,0.5555555555555556,1.0,0.0,0.0,0.0,0.0,1.0,0.4316114479257978,0.464285714286234,0.49444444444444446,0.4064837905236907,0.3574007220216606,0.3640000000000001,0.06470454155172053,0.23636363636363636,1.0,0.0,0.0,0.0,0.0,0.0,0.0,0.0,0.0,0.0,0.0,1.0,0.0,0.0,0.0,0.0
1 BHK,436.63,519.67,6,12,4,1,Fully Furnished,1,1,1,0,2,Marble,1,1,0,1,0,Covered,1,Municipal,2538.77,Viman Nagar,411014,Society,1.84,4.87,1.51,1.48,25361.23,6972369.68,15968.76,Broker,26,2,2,1,1,0,0,0,0,0,0,0,0,0,0,0,0,0,1,0,0.08453137562693826,0.08654920832039739,0.2857142857142857,0.42105263157894735,0.2,1.0,1.0,0.0,0.2,0.0,0.1111111111111111,1.0,1.0,0.0,1.0,0.0,1.0,0.19949997934747193,0.232142857143117,0.2277777777777778,0.38819617622610136,0.47292418772563183,0.344,0.34590060745925877,0.22727272727272727,0.5,0.0,0.0,0.0,0.0,0.0,0.0,0.0,0.0,0.0,0.0,0.0,0.0,0.0,1.0,0.0
2 BHK,576.17,692.67,4,8,5,1,Semi-Furnished,1,2,2,2,2,Granite,1,1,1,1,0,Covered,1,Municipal,2863.77,Koregaon Park,411001,Society,2.93,4.64,1.55,1.21,40456.24,9148390.24,15877.84,Owner,38,1,1,2,2,0,0,0,0,0,0,1,0,0,0,0,0,0,0,0,0.15131226310348783,0.1536867432474387,0.19047619047619047,0.21052631578947367,0.25,1.0,1.0,0.2,0.4,0.4,0.1111111111111111,1.0,1.0,1.0,1.0,0.0,1.0,0.2367892661927294,0.0,0.3791666666666667,0.369077306733167,0.4873646209386282,0.236,0.3430924827997732,0.33636363636363636,0.0,0.0,0.0,0.0,0.0,0.0,0.0,1.0,0.0,0.0,0.0,0.0,0.0,0.0,0.0,0.0
2 BHK,943.76,1151.8,0,11,12,1,Semi-Furnished,1,2,2,1,3,Vitrified,1,1,1,1,0,Stilt,0,Corporation + Borewell,3592.73,Kothrud,411038,Society,1.12,6.94,1.31,0.92,31424.37,8167563.42,8654.29,Builder,57,2,1,2,2,0,0,0,0,0,0,0,1,0,0,0,0,0,0,0,0.32723304873846626,0.33186510400496744,0.0,0.368421052631579,0.6000000000000001,1.0,1.0,0.2,0.4,0.2,0.2222222222222222,1.0,1.0,1.0,1.0,0.0,0.0,0.3204274155426337,0.6607142857146755,0.1277777777777778,0.5602660016625104,0.40072202166064985,0.12000000000000005,0.11998833757290564,0.5090909090909091,0.5,0.0,0.0,0.0,0.0,0.0,0.0,0.0,1.0,0.0,0.0,0.0,0.0,0.0,0.0,0.0
3 BHK,944.69,1080.18,7,14,6,1,Unfurnished,1,4,2,1,5,Vitrified,0,1,1,0,1,Covered,0,Not Specified,3107.67,Kothrud,411038,Standalone,2.22,7.0,1.34,1.74,38789.36,9163341.03,9699.81,Owner,21,2,0,3,3,0,0,0,0,0,0,0,1,0,0,0,0,0,0,0,0.32767812703396,0.30407094070164553,0.3333333333333333,0.5263157894736842,0.30000000000000004,1.0,1.0,0.6000000000000001,0.4,0.2,0.4444444444444445,0.0,1.0,1.0,0.0,1.0,0.0,0.26477344176675494,0.6607142857146755,0.28055555555555556,0.5652535328345801,0.41155234657039713,0.44800000000000006,0.15227991801709087,0.1818181818181818,0.5,0.0,0.0,0.0,0.0,0.0,0.0,0.0,1.0,0.0,0.0,0.0,0.0,0.0,0.0,0.0
2 BHK,726.05,908.64,7,13,8,1,Semi-Furnished,1,2,2,0,2,Marble,0,0,0,0,0,Covered,0,Municipal,2810.18,Wakad,411057,Standalone,5.2,2.23,1.9,2.1,13269.28,5356496.05,7377.56,Builder,13,3,1,2,2,0,0,0,0,0,0,0,0,0,0,0,0,0,0,1,0.22304165549982768,0.23750000000000004,0.3333333333333333,0.4736842105263157,0.4,1.0,1.0,0.2,0.4,0.0,0.1111111111111111,0.0,0.0,0.0,0.0,0.0,0.0,0.2306405496326145,1.0,0.6944444444444445,0.16874480465502906,0.6137184115523465,0.5920000000000001,0.08055568252995604,0.10909090909090909,1.0,0.0,0.0,0.0,0.0,0.0,0.0,0.0,0.0,0.0,0.0,0.0,0.0,0.0,0.0,1.0
3 BHK,792.42,890.73,10,12,4,1,Unfurnished,1,4,2,2,3,Vitrified,1,0,0,0,0,Covered,0,Municipal,2119.07,Hadapsar,411028,Society,5.72,2.56,2.0,2.41,27974.34,8850436.68,11168.81,Broker,25,3,0,3,3,0,0,1,0,0,0,0,0,0,0,0,0,0,0,0,0.2548049312760825,0.23054951878298668,0.47619047619047616,0.42105263157894735,0.2,1.0,1.0,0.6000000000000001,0.4,0.4,0.2222222222222222,1.0,0.0,0.0,0.0,0.0,0.0,0.15134516799684247,0.482142857143117,0.7666666666666666,0.1961762261014131,0.6498194945848376,0.7160000000000001,0.19765095986469608,0.21818181818181817,1.0,0.0,0.0,1.0,0.0,0.0,0.0,0.0,0.0,0.0,0.0,0.0,0.0,0.0,0.0,0.0
1 BHK,321.5,752.35,11,12,10,1,Fully Furnished,1,2,2,0,2,Wooden,0,0,0,0,1,Not Specified,1,Municipal,800.0,Kharadi,411014,Standalone,4.9,1.33,2.07,1.67,12637.61,3060685.02,9520.16,Broker,25,2,2,1,1,0,0,0,0,0,1,0,0,0,0,0,0,0,0,0,0.029432596960067378,0.17684725240608512,0.5238095238095237,0.42105263157894735,0.5,1.0,1.0,0.2,0.4,0.0,0.1111111111111111,0.0,0.0,0.0,0.0,1.0,1.0,0.0,0.232142857143117,0.6527777777777778,0.0939318370739817,0.6750902527075812,0.42000000000000004,0.14673130830441408,0.21818181818181817,0.5,0.0,0.0,0.0,0.0,0.0,1.0,0.0,0.0,0.0,0.0,0.0,0.0,0.0,0.0,0.0
2 BHK,354.02,400.13,13,14,10,1,Fully Furnished,1,2,3,1,4,Wooden,0,1,0,1,0,Stilt,0,Borewell,1013.15,Kharadi,411014,Standalone,4.59,1.66,1.73,2.21,10208.68,5207841.12,14710.52,Owner,33,2,2,2,2,0,0,0,0,0,1,0,0,0,0,0,0,0,0,0,0.044995979937976174,0.04015833592052159,0.6190476190476191,0.5263157894736842,0.5,1.0,1.0,0.2,0.6000000000000001,0.2,0.3333333333333333,0.0,1.0,0.0,1.0,0.0,0.0,0.024456035357128106,0.232142857143117,0.6097222222222222,0.12136325852036572,0.5523465703971119,0.636,0.3070390283616885,0.2909090909090909,0.5,0.0,0.0,0.0,0.0,0.0,1.0,0.0,0.0,0.0,0.0,0.0,0.0,0.0,0.0,0.0
3 BHK,1276.43,1500.44,17,19,13,1,Semi-Furnished,1,4,4,2,6,Marble,1,1,0,0,0,Covered,0,Corporation + Borewell,5256.68,Magarpatta,411013,Society,4.74,2.12,1.72,1.87,29141.24,8322289.03,6519.96,Owner,24,3,1,3,3,0,0,0,0,0,0,0,0,1,0,0,0,0,0,0,0.48644186224587466,0.4671647004036014,0.8095238095238095,0.7894736842105263,0.65,1.0,1.0,0.6000000000000001,0.8,0.4,0.5555555555555556,1.0,1.0,0.0,0.0,0.0,0.0,0.5113428273769913,0.214285714286234,0.6305555555555556,0.1596009975062344,0.5487364620938628,0.5000000000000001,0.05406813624778706,0.20909090909090908,1.0,0.0,0.0,0.0,0.0,0.0,0.0,0.0,0.0,1.0,0.0,0.0,0.0,0.0,0.0,0.0
3 BHK,731.51,822.4,5,14,4,1,Semi-Furnished,1,3,2,2,5,Ceramic,0,1,0,0,1,Open,0,Municipal,2717.4,Pune Camp,411001,Standalone,1.86,6.22,1.19,2.15,22086.15,5135059.43,7019.85,Broker,52,3,1,3,3,0,0,0,0,0,0,0,0,0,0,0,1,0,0,0,0.22565469581530684,0.20403213287798821,0.23809523809523808,0.5263157894736842,0.2,1.0,1.0,0.4000000000000001,0.4,0.4,0.4444444444444445,0.0,1.0,0.0,0.0,1.0,0.0,0.2199953187602976,0.0,0.23055555555555557,0.5004156275976724,0.3574007220216606,0.612,0.06950757131191188,0.4636363636363636,1.0,0.0,0.0,0.0,0.0,0.0,0.0,0.0,0.0,0.0,0.0,0.0,1.0,0.0,0.0,0.0
2 BHK,755.7,960.28,4,13,10,1,Fully Furnished,1,2,1,2,4,Granite,1,1,0,1,1,Covered,1,Municipal,4583.73,Kalyani Nagar,411006,Society,1.35,3.44,1.43,1.35,62245.27,11407541.76,15095.36,Broker,9,1,2,2,2,0,0,0,0,1,0,0,0,0,0,0,0,0,0,0,0.23723151728626674,0.2575403601366036,0.19047619047619047,0.4736842105263157,0.5,1.0,1.0,0.2,0.2,0.4,0.3333333333333333,1.0,1.0,0.0,1.0,1.0,1.0,0.434131056353865,0.089285714286234,0.15972222222222224,0.2693266832917705,0.44404332129963897,0.29200000000000004,0.318925067670492,0.07272727272727272,0.0,0.0,0.0,0.0,0.0,1.0,0.0,0.0,0.0,0.0,0.0,0.0,0.0,0.0,0.0,0.0
5 BHK,1711.99,2076.99,7,13,8,1,Fully Furnished,1,5,4,5,7,Granite,1,1,0,0,0,Covered,0,Borewell,4620.63,Wakad,411057,Society,5.04,2.2,2.43,2.37,57356.25,12881978.95,7524.55,Broker,1,3,2,5,5,0,0,0,0,0,0,0,0,0,0,0,0,0,0,1,0.694891649756882,0.6909112076994723,0.3333333333333333,0.4736842105263157,0.4,1.0,1.0,0.8,0.8,1.0,0.6666666666666665,1.0,1.0,0.0,0.0,0.0,0.0,0.438364824614142,1.0,0.6722222222222223,0.16625103906899416,0.8050541516245489,0.7000000000000001,0.08509556642456426,0.0,1.0,0.0,0.0,0.0,0.0,0.0,0.0,0.0,0.0,0.0,0.0,0.0,0.0,0.0,0.0,1.0
3 BHK,1128.44,1231.58,13,14,7,1,Semi-Furnished,1,4,2,1,5,Vitrified,1,1,0,1,1,Open,0,Corporation + Borewell,4388.54,Shivajinagar,411005,Society,1.08,7.88,1.4,1.25,38376.87,12440509.05,11024.55,Broker,15,2,1,3,3,0,0,0,0,0,0,0,0,0,0,0,0,1,0,0,0.41561698380489304,0.36282598571872093,0.6190476190476191,0.5263157894736842,0.35000000000000003,1.0,1.0,0.6000000000000001,0.4,0.2,0.4444444444444445,1.0,1.0,0.0,1.0,1.0,0.0,0.4117356843559395,0.071428571429351,0.12222222222222225,0.6384039900249375,0.43321299638989164,0.252,0.19319539383546838,0.12727272727272726,0.5,0.0,0.0,0.0,0.0,0.0,0.0,0.0,0.0,0.0,0.0,0.0,0.0,1.0,0.0,0.0
3 BHK,643.31,723.57,9,10,6,1,Semi-Furnished,1,3,4,2,3,Ceramic,0,1,1,1,0,Covered,1,Municipal,4558.03,Koregaon Park,411001,Society,2.24,5.04,1.59,0.91,25912.3,9356008.43,14543.5,Broker,45,1,1,3,3,0,0,0,0,0,0,1,0,0,0,0,0,0,0,0,0.18344404456525898,0.1656783607575288,0.42857142857142855,0.3157894736842105,0.30000000000000004,1.0,1.0,0.4000000000000001,0.8,0.4,0.2222222222222222,0.0,1.0,1.0,1.0,0.0,1.0,0.43118233428640923,0.0,0.2833333333333334,0.40232751454696586,0.5018050541516246,0.11600000000000005,0.30188050459764015,0.39999999999999997,0.0,0.0,0.0,0.0,0.0,0.0,0.0,1.0,0.0,0.0,0.0,0.0,0.0,0.0,0.0,0.0
2 BHK,602.66,677.44,4,13,5,1,Fully Furnished,0,2,2,1,4,Marble,0,1,0,1,0,Covered,1,Municipal,3219.91,Aundh,411007,Standalone,3.09,4.54,1.51,1.54,33266.74,6738023.48,11180.43,Owner,24,2,2,2,2,1,0,0,0,0,0,0,0,0,0,0,0,0,0,0,0.16398981584287298,0.14777631170443967,0.19047619047619047,0.4736842105263157,0.25,1.0,0.0,0.2,0.4,0.2,0.3333333333333333,0.0,1.0,0.0,1.0,0.0,1.0,0.2776514403990986,0.107142857143117,0.40138888888888885,0.3607647547797173,0.47292418772563183,0.3680000000000001,0.19800985129170032,0.20909090909090908,0.5,1.0,0.0,0.0,0.0,0.0,0.0,0.0,0.0,0.0,0.0,0.0,0.0,0.0,0.0,0.0
1 BHK,264.89,301.66,0,14,10,1,Semi-Furnished,1,1,1,0,1,Granite,0,0,0,0,0,Bike,0,Municipal,1509.08,Kharadi,411014,Standalone,3.79,0.95,1.68,2.07,13719.23,4218421.21,15925.38,Broker,34,2,1,1,1,0,0,0,0,0,1,0,0,0,0,0,0,0,0,0,0.0023402503924346146,0.0019442719652282142,0.0,0.5263157894736842,0.5,1.0,1.0,0.0,0.2,0.0,0.0,0.0,0.0,0.0,0.0,0.0,0.0,0.08135719235764671,0.232142857143117,0.4986111111111111,0.06234413965087281,0.5342960288808665,0.58,0.34456078731266304,0.3,0.5,0.0,0.0,0.0,0.0,0.0,1.0,0.0,0.0,0.0,0.0,0.0,0.0,0.0,0.0,0.0
1 BHK,363.09,415.6,9,12,8,1,Unfurnished,0,2,2,0,2,Vitrified,1,1,1,0,0,Covered,0,Borewell,800.0,Hinjewadi,411057,Society,6.51,1.37,2.18,2.82,10049.22,2800000.0,7711.65,Owner,34,3,0,1,1,0,0,0,1,0,0,0,0,0,0,0,0,0,0,0,0.049336689766070654,0.04616190624029806,0.42857142857142855,0.42105263157894735,0.4,1.0,0.0,0.2,0.4,0.0,0.1111111111111111,1.0,1.0,1.0,0.0,0.0,0.0,0.0,1.0,0.8763888888888889,0.09725685785536159,0.7148014440433214,0.8799999999999999,0.09087427434130144,0.3,1.0,0.0,0.0,0.0,1.0,0.0,0.0,0.0,0.0,0.0,0.0,0.0,0.0,0.0,0.0,0.0
2 BHK,559.16,663.05,6,16,10,1,Semi-Furnished,1,2,0,1,3,Wooden,1,1,0,0,0,Covered,1,Borewell,2134.42,Aundh,411007,Society,3.51,3.61,1.61,1.67,17596.84,5189088.71,9280.13,Owner,36,2,1,2,2,1,0,0,0,0,0,0,0,0,0,0,0,0,0,0,0.14317163750526435,0.14219186588016147,0.2857142857142857,0.631578947368421,0.5,1.0,1.0,0.2,0.0,0.2,0.2222222222222222,1.0,1.0,0.0,0.0,0.0,1.0,0.1531063696986108,0.107142857143117,0.4597222222222222,0.28345802161263506,0.5090252707581228,0.42000000000000004,0.13931782214057423,0.3181818181818182,0.5,1.0,0.0,0.0,0.0,0.0,0.0,0.0,0.0,0.0,0.0,0.0,0.0,0.0,0.0,0.0
3 BHK,1047.6,1300.71,9,10,8,1,Unfurnished,1,3,4,1,4,Wooden,0,1,0,0,0,Covered,1,Corporation + Borewell,2990.89,Hinjewadi,411057,Society,6.67,1.16,2.15,2.96,23758.87,10097289.08,9638.46,Owner,24,3,0,3,3,0,0,0,1,0,0,0,0,0,0,0,0,0,0,0,0.37692867261380597,0.38965383421297745,0.42857142857142855,0.3157894736842105,0.4,1.0,1.0,0.4000000000000001,0.8,0.2,0.3333333333333333,0.0,1.0,0.0,0.0,0.0,1.0,0.2513745404812498,1.0,0.8986111111111111,0.07980049875311719,0.703971119133574,0.9359999999999999,0.15038508247090263,0.20909090909090908,1.0,0.0,0.0,0.0,1.0,0.0,0.0,0.0,0.0,0.0,0.0,0.0,0.0,0.0,0.0,0.0
3 BHK,1167.83,1298.96,7,14,10,1,Fully Furnished,1,4,3,2,6,Vitrified,0,1,0,1,0,Stilt,0,Municipal,3045.71,Hadapsar,411028,Standalone,5.87,2.12,1.51,2.64,22396.77,8174951.4,7000.13,Owner,33,3,2,3,3,0,0,1,0,0,0,0,0,0,0,0,0,0,0,0,0.4344682032237069,0.38897469729897555,0.3333333333333333,0.5263157894736842,0.5,1.0,1.0,0.6000000000000001,0.6000000000000001,0.4,0.5555555555555556,0.0,1.0,0.0,1.0,0.0,0.0,0.25766438265004066,0.482142857143117,0.7875000000000001,0.1596009975062344,0.47292418772563183,0.808,0.06889850599861388,0.2909090909090909,1.0,0.0,0.0,1.0,0.0,0.0,0.0,0.0,0.0,0.0,0.0,0.0,0.0,0.0,0.0,0.0
2 BHK,443.67,563.75,4,14,9,1,Semi-Furnished,1,2,2,1,3,Granite,1,1,1,1,0,Bike,0,Tanker,1742.82,Shivajinagar,411005,Society,0.57,6.15,1.31,1.48,12683.49,3662121.15,8254.08,Owner,49,2,1,2,2,0,0,0,0,0,0,0,0,0,0,0,0,1,0,0,0.08790057046594434,0.1036556969885129,0.19047619047619047,0.5263157894736842,0.45,1.0,1.0,0.2,0.4,0.2,0.2222222222222222,1.0,1.0,1.0,1.0,0.0,0.0,0.1081756474567559,0.071428571429351,0.05138888888888889,0.4945968412302576,0.40072202166064985,0.344,0.10762758559344335,0.43636363636363634,0.5,0.0,0.0,0.0,0.0,0.0,0.0,0.0,0.0,0.0,0.0,0.0,0.0,1.0,0.0,0.0
2 BHK,673.67,817.53,2,10,5,1,Semi-Furnished,1,3,1,0,4,Wooden,1,1,0,0,0,Open,0,Corporation + Borewell,1323.83,Viman Nagar,411014,Society,2.5,6.08,1.71,1.48,14176.06,11151522.57,16553.46,Owner,17,2,1,2,2,0,0,0,0,0,0,0,0,0,0,0,0,0,1,0,0.19797369730847275,0.20214219186588017,0.09523809523809523,0.3157894736842105,0.25,1.0,1.0,0.4000000000000001,0.2,0.0,0.3333333333333333,1.0,1.0,0.0,0.0,0.0,0.0,0.060102298855849945,0.232142857143117,0.3194444444444444,0.48877805486284287,0.5451263537906137,0.344,0.36395945576987454,0.14545454545454545,0.5,0.0,0.0,0.0,0.0,0.0,0.0,0.0,0.0,0.0,0.0,0.0,0.0,0.0,1.0,0.0
1 RK,480.33,524.67,0,15,6,1,Semi-Furnished,1,1,2,0,1,Marble,1,1,1,0,0,Covered,0,Corporation + Borewell,2045.35,Magarpatta,411013,Society,4.43,1.61,1.59,2.14,9943.87,4959982.1,10326.11,Owner,17,3,1,1,1,0,0,0,0,0,0,0,0,1,0,0,0,0,0,0,0.10544526972701863,0.08848959950325985,0.0,0.5789473684210527,0.30000000000000004,1.0,1.0,0.0,0.4,0.0,0.0,1.0,1.0,1.0,0.0,0.0,0.0,0.1428868103776659,0.214285714286234,0.5875,0.1172069825436409,0.5018050541516246,0.6080000000000001,0.17162360999064788,0.14545454545454545,1.0,0.0,0.0,0.0,0.0,0.0,0.0,0.0,0.0,1.0,0.0,0.0,0.0,0.0,0.0,0.0
4 BHK,1106.02,1196.25,1,8,12,1,Semi-Furnished,1,5,2,4,5,Vitrified,0,0,1,0,1,Covered,1,Corporation + Borewell,5844.59,Kalyani Nagar,411006,Standalone,1.92,4.39,0.86,1.32,48956.46,10570812.14,9557.56,Broker,26,1,1,4,4,0,0,0,0,1,0,0,0,0,0,0,0,0,0,0,0.40488724683180827,0.3491151816206148,0.047619047619047616,0.21052631578947367,0.6000000000000001,1.0,1.0,0.8,0.4,0.8,0.4444444444444445,0.0,0.0,1.0,0.0,1.0,1.0,0.5787974262360538,0.089285714286234,0.23888888888888887,0.34829592684954275,0.23826714801444043,0.28,0.14788643217446198,0.22727272727272727,0.0,0.0,0.0,0.0,0.0,1.0,0.0,0.0,0.0,0.0,0.0,0.0,0.0,0.0,0.0,0.0
1 RK,392.21,498.0,10,11,4,1,Unfurnished,1,1,2,0,2,Marble,1,1,0,0,0,Not Specified,0,Municipal,1024.92,Wakad,411057,Society,4.83,3.76,2.1,2.35,7512.95,2800000.0,7139.05,Owner,80,3,0,1,1,0,0,0,0,0,0,0,0,0,0,0,0,0,0,1,0.06327290478195947,0.07813955293387148,0.47619047619047616,0.368421052631579,0.2,1.0,1.0,0.0,0.4,0.0,0.1111111111111111,1.0,1.0,0.0,0.0,0.0,0.0,0.02580648122226252,1.0,0.6430555555555556,0.29592684954280957,0.6859205776173286,0.6920000000000001,0.07318914257687753,0.7181818181818183,1.0,0.0,0.0,0.0,0.0,0.0,0.0,0.0,0.0,0.0,0.0,0.0,0.0,0.0,0.0,1.0
2 BHK,556.49,601.8,7,12,4,1,Fully Furnished,1,2,2,1,2,Granite,1,1,1,1,1,Bike,0,Corporation + Borewell,4003.02,Aundh,411007,Society,3.58,3.87,1.75,1.87,25341.55,5445775.73,9785.96,Owner,13,2,2,2,2,1,0,0,0,0,0,0,0,0,0,0,0,0,0,0,0.14189383207626632,0.11842207389009626,0.3333333333333333,0.42105263157894735,0.2,1.0,1.0,0.2,0.4,0.2,0.1111111111111111,1.0,1.0,1.0,1.0,1.0,0.0,0.3675025586187589,0.107142857143117,0.46944444444444444,0.30507065669160427,0.5595667870036102,0.5000000000000001,0.15494071805464785,0.10909090909090909,0.5,1.0,0.0,0.0,0.0,0.0,0.0,0.0,0.0,0.0,0.0,0.0,0.0,0.0,0.0,0.0
2 BHK,473.53,548.79,11,13,12,1,Fully Furnished,1,1,2,1,4,Ceramic,1,0,0,1,0,Open,0,Borewell,3352.84,Koregaon Park,411001,Society,2.16,5.96,1.6,1.29,24028.41,14637552.74,30911.49,Broker,5,1,2,2,2,0,0,0,0,0,0,1,0,0,0,0,0,0,0,0,0.10219093380297865,0.0978500465693884,0.5238095238095237,0.4736842105263157,0.6000000000000001,1.0,1.0,0.0,0.4,0.2,0.3333333333333333,1.0,0.0,0.0,1.0,0.0,0.0,0.29290333240014504,0.0,0.27222222222222225,0.4788029925187032,0.5054151624548737,0.268,0.8074167600443272,0.03636363636363636,0.0,0.0,0.0,0.0,0.0,0.0,0.0,1.0,0.0,0.0,0.0,0.0,0.0,0.0,0.0,0.0
2 BHK,631.4,787.29,13,13,5,1,Unfurnished,1,2,2,1,4,Granite,1,1,0,1,0,Stilt,0,Corporation + Borewell,2010.63,Wakad,411057,Society,4.15,2.47,1.42,2.01,18061.28,5401489.37,8554.85,Owner,26,3,0,2,2,0,0,0,0,0,0,0,0,0,0,0,0,0,0,1,0.17774417091006545,0.190406705991928,0.6190476190476191,0.4736842105263157,0.25,1.0,1.0,0.2,0.4,0.2,0.3333333333333333,1.0,1.0,0.0,1.0,0.0,0.0,0.13890316717992027,1.0,0.5486111111111112,0.1886949293433084,0.4404332129963898,0.5559999999999999,0.11691706704783697,0.22727272727272727,1.0,0.0,0.0,0.0,0.0,0.0,0.0,0.0,0.0,0.0,0.0,0.0,0.0,0.0,0.0,1.0
2 BHK,473.77,604.77,5,19,8,1,Unfurnished,0,2,0,1,3,Granite,1,1,1,0,0,Covered,0,Borewell,1075.38,Hadapsar,411028,Society,6.22,2.94,2.12,2.01,10689.47,5740433.81,12116.43,Broker,4,3,0,2,2,0,0,1,0,0,0,0,0,0,0,0,0,0,0,0,0.10230579271794478,0.11957466625271657,0.23809523809523808,0.7894736842105263,0.4,1.0,0.0,0.2,0.0,0.2,0.2222222222222222,1.0,1.0,1.0,0.0,0.0,0.0,0.031596073265990815,0.482142857143117,0.8361111111111111,0.227763923524522,0.6931407942238268,0.5559999999999999,0.22691883370787355,0.02727272727272727,1.0,0.0,0.0,1.0,0.0,0.0,0.0,0.0,0.0,0.0,0.0,0.0,0.0,0.0,0.0,0.0
3 BHK,948.75,1027.35,0,22,9,1,Unfurnished,0,3,3,1,5,Vitrified,1,1,0,0,0,Open,0,Municipal,2297.05,Hadapsar,411028,Society,5.96,1.81,2.73,2.12,27806.34,6011386.8,6336.08,Broker,45,3,0,3,3,0,0,1,0,0,0,0,0,0,0,0,0,0,0,0,0.3296211570121368,0.28356876746352067,0.0,0.9473684210526316,0.45,1.0,0.0,0.4000000000000001,0.6000000000000001,0.2,0.4444444444444445,1.0,1.0,0.0,0.0,0.0,0.0,0.17176592883597763,0.482142857143117,0.8,0.1338320864505403,0.9133574007220217,0.6000000000000001,0.04838888017226789,0.39999999999999997,1.0,0.0,0.0,1.0,0.0,0.0,0.0,0.0,0.0,0.0,0.0,0.0,0.0,0.0,0.0,0.0
4 BHK,928.94,1098.18,4,18,10,1,Fully Furnished,1,4,3,2,6,Vitrified,1,1,0,0,1,Bike,0,Tanker,2997.39,Kharadi,411014,Society,4.3,0.93,2.0,2.54,56101.27,8519685.56,9171.41,Broker,21,2,2,4,4,0,0,0,0,0,1,0,0,0,0,0,0,0,0,0,0.3201405107393086,0.31105634895995043,0.19047619047619047,0.7368421052631579,0.5,1.0,1.0,0.6000000000000001,0.6000000000000001,0.4,0.5555555555555556,1.0,1.0,0.0,0.0,1.0,0.0,0.25212032621815494,0.232142857143117,0.5694444444444444,0.060681629260182876,0.6498194945848376,0.768,0.13595993264454184,0.1818181818181818,0.5,0.0,0.0,0.0,0.0,0.0,1.0,0.0,0.0,0.0,0.0,0.0,0.0,0.0,0.0,0.0
1 BHK,393.75,429.69,6,13,7,1,Semi-Furnished,1,1,1,0,2,Marble,1,1,1,0,0,Stilt,0,Tanker,1844.59,Kharadi,411014,Society,3.8,2.47,2.33,2.07,14583.37,3437224.72,8729.48,Owner,62,2,1,1,1,0,0,0,0,0,1,0,0,0,0,0,0,0,0,0,0.06400991615299208,0.05162992859360449,0.2857142857142857,0.4736842105263157,0.35000000000000003,1.0,1.0,0.0,0.2,0.0,0.1111111111111111,1.0,1.0,1.0,0.0,0.0,0.0,0.11985235737134622,0.232142857143117,0.5,0.1886949293433084,0.7689530685920578,0.58,0.12231063072234158,0.5545454545454546,0.5,0.0,0.0,0.0,0.0,0.0,1.0,0.0,0.0,0.0,0.0,0.0,0.0,0.0,0.0,0.0
1 BHK,456.7,526.22,4,14,12,1,Semi-Furnished,1,1,0,0,2,Vitrified,0,1,0,1,0,Not Specified,1,Municipal,2161.7,Kharadi,411014,Society,4.03,1.87,1.95,1.48,20852.86,4855424.76,10631.6,Broker,70,2,1,1,1,0,0,0,0,0,1,0,0,0,0,0,0,0,0,0,0.09413645239097974,0.08909112076994727,0.19047619047619047,0.5263157894736842,0.6000000000000001,1.0,1.0,0.0,0.0,0.0,0.1111111111111111,0.0,1.0,0.0,1.0,0.0,1.0,0.15623637506826807,0.232142857143117,0.5319444444444444,0.13881961762261014,0.631768953068592,0.344,0.1810588717837213,0.6272727272727273,0.5,0.0,0.0,0.0,0.0,0.0,1.0,0.0,0.0,0.0,0.0,0.0,0.0,0.0,0.0,0.0
3 BHK,866.27,975.43,3,14,1,1,Unfurnished,1,4,3,3,3,Vitrified,1,1,1,1,1,Bike,0,Tanker,4588.77,Baner,411045,Society,3.4,3.9,1.61,1.8,55928.51,20015155.53,23104.87,Owner,18,1,0,3,3,0,1,0,0,0,0,0,0,0,0,0,0,0,0,0,0.29014797656878133,0.26341974542067687,0.14285714285714285,0.5263157894736842,0.05,1.0,1.0,0.6000000000000001,0.6000000000000001,0.6000000000000001,0.2222222222222222,1.0,1.0,1.0,1.0,1.0,0.0,0.43470932714063465,0.7857142857146755,0.4444444444444444,0.3075644222776392,0.5090252707581228,0.4720000000000001,0.5663041101407521,0.15454545454545454,0.0,0.0,1.0,0.0,0.0,0.0,0.0,0.0,0.0,0.0,0.0,0.0,0.0,0.0,0.0,0.0
4 BHK,1208.3,1387.29,3,13,13,1,Unfurnished,0,4,5,2,6,Granite,1,1,0,1,1,Not Specified,0,Borewell,3590.54,Magarpatta,411013,Society,5.17,1.94,1.78,2.19,39522.84,14423750.3,11937.25,Broker,28,3,0,4,4,0,0,0,0,0,0,0,0,1,0,0,0,0,0,0,0.45383628775986823,0.4232536479354238,0.14285714285714285,0.4736842105263157,0.65,1.0,0.0,0.6000000000000001,1.0,0.4,0.5555555555555556,1.0,1.0,0.0,1.0,1.0,0.0,0.3201761431174303,0.214285714286234,0.6902777777777778,0.14463840399002492,0.5703971119133574,0.628,0.22138474025773472,0.24545454545454543,1.0,0.0,0.0,0.0,0.0,0.0,0.0,0.0,0.0,1.0,0.0,0.0,0.0,0.0,0.0,0.0
1 BHK,424.08,495.55,5,15,13,1,Fully Furnished,1,2,1,1,2,Granite,0,0,0,0,0,Not Specified,1,Corporation + Borewell,1881.62,Baner,411045,Standalone,3.66,1.94,1.51,2.52,26084.93,10490720.63,24737.43,Broker,36,1,2,1,1,0,1,0,0,0,0,0,0,0,0,0,0,0,0,0,0.07852521153183505,0.07718876125426888,0.23809523809523808,0.5789473684210527,0.65,1.0,1.0,0.2,0.2,0.2,0.1111111111111111,0.0,0.0,0.0,0.0,0.0,1.0,0.12410104134636124,0.7857142857146755,0.4805555555555556,0.14463840399002492,0.47292418772563183,0.76,0.6167268113515938,0.3181818181818182,0.0,0.0,1.0,0.0,0.0,0.0,0.0,0.0,0.0,0.0,0.0,0.0,0.0,0.0,0.0,0.0
1 BHK,489.23,559.44,8,8,8,1,Fully Furnished,1,2,1,1,2,Vitrified,0,0,1,1,0,Covered,1,Municipal,2845.75,Baner,411045,Standalone,3.04,3.5,1.77,1.94,29313.69,11844963.18,24211.64,Builder,45,1,2,1,1,0,1,0,0,0,0,0,0,0,0,0,0,0,0,0,0.10970462115701214,0.10198307978888549,0.38095238095238093,0.21052631578947367,0.4,1.0,1.0,0.2,0.2,0.2,0.1111111111111111,0.0,0.0,1.0,1.0,0.0,1.0,0.23472171865749392,0.7857142857146755,0.39444444444444443,0.27431421446384036,0.5667870036101084,0.528,0.6004874375646283,0.39999999999999997,0.0,0.0,1.0,0.0,0.0,0.0,0.0,0.0,0.0,0.0,0.0,0.0,0.0,0.0,0.0,0.0
3 BHK,1120.05,1356.03,10,12,9,1,Semi-Furnished,1,3,3,2,5,Vitrified,1,1,0,0,0,Open,1,Borewell,3033.99,Pune Camp,411001,Society,2.13,6.58,1.9,1.78,22589.67,7221395.17,6447.4,Broker,32,3,1,3,3,0,0,0,0,0,0,0,0,0,0,0,1,0,0,0,0.4116017075692025,0.4111223222601677,0.47619047619047616,0.42105263157894735,0.45,1.0,1.0,0.4000000000000001,0.6000000000000001,0.4,0.4444444444444445,1.0,1.0,0.0,0.0,0.0,1.0,0.256319673598267,0.0,0.26805555555555555,0.5303408146300914,0.6137184115523465,0.4640000000000001,0.051827072397234136,0.2818181818181818,1.0,0.0,0.0,0.0,0.0,0.0,0.0,0.0,0.0,0.0,0.0,0.0,1.0,0.0,0.0,0.0
1 BHK,344.48,396.37,9,10,9,1,Semi-Furnished,1,2,3,0,1,Vitrified,1,1,1,0,1,Covered,0,Tanker,1406.47,Kothrud,411038,Society,1.85,7.27,1.53,1.84,12794.82,3645561.23,10582.91,Broker,73,2,1,1,1,0,0,0,0,0,0,0,1,0,0,0,0,0,0,0,0.04043033806807307,0.038699161751009015,0.42857142857142855,0.3157894736842105,0.45,1.0,1.0,0.2,0.6000000000000001,0.0,0.0,1.0,1.0,1.0,0.0,1.0,0.0,0.0695841039785948,0.6607142857146755,0.22916666666666669,0.5876974231088943,0.48014440433213,0.4880000000000001,0.17955504875611075,0.6545454545454545,0.5,0.0,0.0,0.0,0.0,0.0,0.0,0.0,1.0,0.0,0.0,0.0,0.0,0.0,0.0,0.0
3 BHK,1082.65,1195.68,1,13,8,1,Semi-Furnished,1,3,1,2,3,Granite,1,1,0,0,0,Covered,0,Not Specified,1294.86,Wakad,411057,Society,4.56,3.7,2.64,2.4,24465.3,9020181.34,8331.56,Owner,24,3,1,3,3,0,0,0,0,0,0,0,0,0,0,0,0,0,0,1,0.3937028599869827,0.34889397702576846,0.047619047619047616,0.4736842105263157,0.4,1.0,1.0,0.4000000000000001,0.2,0.4,0.2222222222222222,1.0,1.0,0.0,0.0,0.0,0.0,0.056778389194597295,1.0,0.6055555555555555,0.2909393183707398,0.8808664259927799,0.712,0.11002060691567103,0.20909090909090908,1.0,0.0,0.0,0.0,0.0,0.0,0.0,0.0,0.0,0.0,0.0,0.0,0.0,0.0,0.0,1.0
2 BHK,598.36,650.05,4,11,0,1,Unfurnished,0,2,2,1,2,Marble,1,1,1,1,0,Covered,1,Corporation + Borewell,1941.86,Kharadi,411014,Society,4.16,1.61,1.89,1.81,29351.02,4889090.94,8170.88,Broker,22,2,0,2,2,0,0,0,0,0,1,0,0,0,0,0,0,0,0,0,0.16193192694973008,0.13714684880471906,0.19047619047619047,0.368421052631579,0.0,1.0,0.0,0.2,0.4,0.2,0.1111111111111111,1.0,1.0,1.0,1.0,0.0,1.0,0.13101275408346374,0.232142857143117,0.55,0.1172069825436409,0.6101083032490975,0.4760000000000001,0.10505789826756132,0.1909090909090909,0.5,0.0,0.0,0.0,0.0,0.0,1.0,0.0,0.0,0.0,0.0,0.0,0.0,0.0,0.0,0.0
2 BHK,930.45,1021.26,0,16,4,1,Fully Furnished,1,2,3,0,4,Vitrified,0,0,0,1,0,Covered,0,Municipal,3923.5,Nigdi,411044,Society,3.57,10.05,1.8,2.28,26712.25,7315543.51,7862.38,Owner,11,3,2,2,2,0,0,0,0,0,0,0,0,0,1,0,0,0,0,0,0.3208631647459704,0.2812053710027942,0.0,0.631578947368421,0.2,1.0,1.0,0.2,0.6000000000000001,0.0,0.3333333333333333,0.0,0.0,0.0,1.0,0.0,0.0,0.3583787306497285,0.7678571428577925,0.46805555555555556,0.8187863674147963,0.5776173285198556,0.6639999999999999,0.09552967062291448,0.0909090909090909,1.0,0.0,0.0,0.0,0.0,0.0,0.0,0.0,0.0,0.0,1.0,0.0,0.0,0.0,0.0,0.0
4 BHK,1132.05,1265.52,9,12,6,1,Semi-Furnished,1,4,4,3,6,Vitrified,0,1,0,0,1,Covered,1,Municipal,3547.63,Kharadi,411014,Society,3.56,1.21,2.66,1.58,46620.74,11068245.91,9777.15,Owner,36,2,1,4,4,0,0,0,0,0,1,0,0,0,0,0,0,0,0,0,0.4173446533175083,0.37599736106799136,0.42857142857142855,0.42105263157894735,0.30000000000000004,1.0,1.0,0.6000000000000001,0.8,0.6000000000000001,0.5555555555555556,0.0,1.0,0.0,0.0,1.0,1.0,0.31525280989118415,0.232142857143117,0.4666666666666667,0.08395677472984205,0.888086642599278,0.3840000000000001,0.15466861534622214,0.3181818181818182,0.5,0.0,0.0,0.0,0.0,0.0,1.0,0.0,0.0,0.0,0.0,0.0,0.0,0.0,0.0,0.0
1 RK,600.99,703.06,8,12,7,1,Unfurnished,1,1,0,0,2,Wooden,1,1,0,0,0,Covered,1,Municipal,1479.4,Kharadi,411014,Society,4.92,1.2,2.0,2.13,19948.52,7078278.06,11777.61,Not Specified,11,2,0,1,1,0,0,0,0,0,1,0,0,0,0,0,0,0,0,0,0.16319058922623375,0.1577188761254269,0.38095238095238093,0.42105263157894735,0.35000000000000003,1.0,1.0,0.0,0.0,0.0,0.1111111111111111,1.0,1.0,0.0,0.0,0.0,1.0,0.07795181994667061,0.232142857143117,0.6555555555555556,0.08312551953449708,0.6498194945848376,0.604,0.21645415270119853,0.0909090909090909,0.5,0.0,0.0,0.0,0.0,0.0,1.0,0.0,0.0,0.0,0.0,0.0,0.0,0.0,0.0,0.0
2 BHK,595.63,665.05,7,12,8,1,Semi-Furnished,1,3,2,1,2,Vitrified,1,1,0,1,0,Covered,1,Municipal,800.0,Aundh,411007,Society,4.37,2.93,1.38,1.22,25676.939340542824,4993408.156359034,8314.6,Broker,18,2,1,2,2,1,0,0,0,0,0,0,0,0,0,0,0,0,0,0,0.1606254067919905,0.14296802235330647,0.3333333333333333,0.42105263157894735,0.4,1.0,1.0,0.4000000000000001,0.4,0.2,0.1111111111111111,1.0,1.0,0.0,1.0,0.0,1.0,0.0,0.107142857143117,0.5791666666666667,0.22693266832917705,0.42599277978339345,0.24,0.10949678603770277,0.15454545454545454,0.5,1.0,0.0,0.0,0.0,0.0,0.0,0.0,0.0,0.0,0.0,0.0,0.0,0.0,0.0,0.0
1 BHK,386.81,493.89,0,6,8,1,Fully Furnished,1,1,0,1,1,Ceramic,1,1,0,1,1,Covered,1,Borewell,1725.68,Koregaon Park,411001,Society,3.3,4.35,1.6,1.54,27007.12016130051,10399236.693251528,26500.78,Owner,36,1,2,1,1,0,0,0,0,0,0,1,0,0,0,0,0,0,0,0,0.06068857919522187,0.07654455138155855,0.0,0.10526315789473684,0.4,1.0,1.0,0.0,0.0,0.2,0.0,1.0,1.0,0.0,1.0,1.0,1.0,0.10620906783667064,0.0,0.4305555555555555,0.34497090606816283,0.5054151624548737,0.3680000000000001,0.671189048684456,0.3181818181818182,0.0,0.0,0.0,0.0,0.0,0.0,0.0,1.0,0.0,0.0,0.0,0.0,0.0,0.0,0.0,0.0
1 BHK,578.93,718.88,14,17,10,1,Semi-Furnished,1,1,0,0,1,Marble,1,1,0,0,0,Covered,1,Tanker,800.0,Wakad,411057,Society,4.66,3.8,1.99,2.14,12599.28423111464,4337943.424733104,7407.09,Owner,25,3,1,1,1,0,0,0,0,0,0,0,0,0,0,0,0,0,0,1,0.15263314062559818,0.16385827382800378,0.6666666666666666,0.6842105263157894,0.5,1.0,1.0,0.0,0.0,0.0,0.0,1.0,1.0,0.0,0.0,0.0,1.0,0.0,1.0,0.6194444444444445,0.2992518703241895,0.6462093862815884,0.6080000000000001,0.08146773621665432,0.21818181818181817,1.0,0.0,0.0,0.0,0.0,0.0,0.0,0.0,0.0,0.0,0.0,0.0,0.0,0.0,0.0,1.0
2 BHK,640.35,750.52,11,15,15,1,Semi-Furnished,1,3,2,1,4,Granite,0,0,1,0,1,Covered,0,Corporation + Borewell,2099.48,Kharadi,411014,Standalone,4.61,1.57,2.31,1.84,20221.883631043,5587837.79557035,8709.68,Owner,18,2,1,2,2,0,0,0,0,0,1,0,0,0,0,0,0,0,0,0,0.18202745128067693,0.17613706923315742,0.5238095238095237,0.5789473684210527,0.75,1.0,1.0,0.4000000000000001,0.4,0.2,0.3333333333333333,0.0,0.0,1.0,0.0,1.0,0.0,0.14909748452207755,0.232142857143117,0.6125,0.11388196176226101,0.7617328519855596,0.4880000000000001,0.12169909455584563,0.15454545454545454,0.5,0.0,0.0,0.0,0.0,0.0,1.0,0.0,0.0,0.0,0.0,0.0,0.0,0.0,0.0,0.0
1 BHK,470.32,525.14,15,15,3,1,Semi-Furnished,1,1,0,0,1,Marble,1,1,1,0,1,Open,1,Municipal,971.64,Aundh,411007,Society,3.89,3.9,1.11,1.94,25307.86818431248,4289178.283200952,8978.56,Owner,66,2,1,1,1,1,0,0,0,0,0,0,0,0,0,0,0,0,0,0,0.10065469581530688,0.08867199627444894,0.7142857142857142,0.5789473684210527,0.15000000000000002,1.0,1.0,0.0,0.0,0.0,0.0,1.0,1.0,1.0,0.0,1.0,1.0,0.01969333290498461,0.107142857143117,0.5125000000000001,0.3075644222776392,0.32851985559566793,0.528,0.130003632154201,0.5909090909090909,0.5,1.0,0.0,0.0,0.0,0.0,0.0,0.0,0.0,0.0,0.0,0.0,0.0,0.0,0.0,0.0
3 BHK,809.58,900.82,6,12,9,1,Semi-Furnished,0,3,2,2,6,Granite,0,0,1,1,1,Not Specified,0,Municipal,3587.42,Aundh,411007,Society,3.65,4.15,1.28,1.7,25476.043862162427,8584714.09215427,10474.66,Owner,73,2,1,3,3,1,0,0,0,0,0,0,0,0,0,0,0,0,0,0,0.2630173436961599,0.23446522819000315,0.2857142857142857,0.42105263157894735,0.45,1.0,0.0,0.4000000000000001,0.4,0.4,0.5555555555555556,0.0,0.0,1.0,1.0,1.0,0.0,0.3198181659637158,0.107142857143117,0.47916666666666663,0.32834580216126347,0.3898916967509025,0.43200000000000005,0.17621167552261638,0.6545454545454545,0.5,1.0,0.0,0.0,0.0,0.0,0.0,0.0,0.0,0.0,0.0,0.0,0.0,0.0,0.0,0.0
2 BHK,530.23,633.69,11,14,7,1,Semi-Furnished,1,2,1,1,4,Vitrified,0,0,0,1,0,Covered,0,Municipal,1836.58,Hinjewadi,411057,Society,6.04,1.37,2.76,2.41,11021.624518295192,6480641.9074478205,12223.3,Owner,45,3,1,2,2,0,0,0,1,0,0,0,0,0,0,0,0,0,0,0,0.1293263524637237,0.13079788885439309,0.5238095238095237,0.5263157894736842,0.35000000000000003,1.0,1.0,0.2,0.2,0.2,0.3333333333333333,0.0,0.0,0.0,1.0,0.0,0.0,0.11893331987094463,1.0,0.8111111111111111,0.09725685785536159,0.9241877256317689,0.7160000000000001,0.23021958472370305,0.39999999999999997,1.0,0.0,0.0,0.0,1.0,0.0,0.0,0.0,0.0,0.0,0.0,0.0,0.0,0.0,0.0,0.0
2 BHK,884.31,990.5,7,11,16,1,Unfurnished,1,2,2,1,2,Vitrified,1,1,0,1,1,Covered,0,Municipal,2438.76,Hinjewadi,411057,Society,5.69,1.12,2.57,2.39,22113.99184719936,5383628.295117996,6079.55,Owner,10,3,0,2,2,0,0,0,1,0,0,0,0,0,0,0,0,0,0,0,0.29878153834373444,0.26926808444582434,0.3333333333333333,0.368421052631579,0.8,1.0,1.0,0.2,0.4,0.2,0.1111111111111111,1.0,1.0,0.0,1.0,1.0,0.0,0.18802520526318206,1.0,0.7625000000000001,0.07647547797173732,0.855595667870036,0.7080000000000001,0.04046578053634811,0.08181818181818182,1.0,0.0,0.0,0.0,1.0,0.0,0.0,0.0,0.0,0.0,0.0,0.0,0.0,0.0,0.0,0.0
3 BHK,1396.84,1629.03,8,14,5,1,Unfurnished,1,3,3,2,4,Marble,1,1,0,0,0,Bike,0,Municipal,2543.29,Kothrud,411038,Society,1.78,7.09,1.18,1.64,45203.57806701206,13098118.085059917,9467.69,Broker,20,2,0,3,3,0,0,0,0,0,0,0,1,0,0,0,0,0,0,0,0.5440675370420001,0.5170676808444583,0.38095238095238093,0.5263157894736842,0.25,1.0,1.0,0.4000000000000001,0.6000000000000001,0.4,0.3333333333333333,1.0,1.0,0.0,0.0,0.0,0.0,0.20001858727528904,0.6607142857146755,0.21944444444444444,0.5727348295926848,0.35379061371841153,0.40800000000000003,0.14511073746319977,0.17272727272727273,0.5,0.0,0.0,0.0,0.0,0.0,0.0,0.0,1.0,0.0,0.0,0.0,0.0,0.0,0.0,0.0
2 BHK,723.26,854.07,8,8,10,1,Fully Furnished,1,2,1,1,4,Granite,1,1,1,0,0,Covered,1,Borewell,2023.09,Aundh,411007,Standalone,3.7,4.16,1.63,1.51,39365.93763288356,8111741.068729857,11098.76,Broker,27,2,2,2,2,1,0,0,0,0,0,0,0,0,0,0,0,0,0,0,0.2217064206133466,0.21632257063023913,0.38095238095238093,0.21052631578947367,0.5,1.0,1.0,0.2,0.2,0.2,0.3333333333333333,1.0,1.0,1.0,0.0,0.0,1.0,0.1403327810694338,0.107142857143117,0.48611111111111116,0.32917705735660846,0.516245487364621,0.3560000000000001,0.19548741903322928,0.23636363636363636,0.5,1.0,0.0,0.0,0.0,0.0,0.0,0.0,0.0,0.0,0.0,0.0,0.0,0.0,0.0,0.0
1 RK,463.59,522.41,7,14,17,1,Semi-Furnished,1,2,0,0,1,Marble,0,0,0,0,0,Covered,0,Municipal,1288.37,Magarpatta,411013,Standalone,5.48,1.75,2.29,2.31,17423.39962401373,3463303.167135808,7461.62,Builder,27,3,1,1,1,0,0,0,0,0,0,0,0,1,0,0,0,0,0,0,0.097433860408132,0.08761254268860602,0.3333333333333333,0.5263157894736842,0.8500000000000001,1.0,1.0,0.2,0.0,0.0,0.0,0.0,0.0,0.0,0.0,0.0,0.0,0.0560337508203643,0.214285714286234,0.7333333333333334,0.12884455527847047,0.7545126353790614,0.676,0.08315193152771619,0.23636363636363636,1.0,0.0,0.0,0.0,0.0,0.0,0.0,0.0,0.0,1.0,0.0,0.0,0.0,0.0,0.0,0.0
2 BHK,618.41,754.73,1,13,13,1,Unfurnished,1,2,2,1,2,Granite,1,1,1,0,0,Covered,1,Borewell,2396.36,Nigdi,411044,Society,3.71,10.12,2.02,3.12,14914.827489930673,7686518.317318663,12318.93,Owner,6,3,0,2,2,0,0,0,0,0,0,0,0,0,1,0,0,0,0,0,0.17152743213752436,0.17777087860912766,0.047619047619047616,0.4736842105263157,0.65,1.0,1.0,0.2,0.4,0.2,0.1111111111111111,1.0,1.0,1.0,0.0,0.0,1.0,0.18316038753321617,0.7678571428577925,0.48750000000000004,0.824605153782211,0.6570397111913358,1.0000000000000002,0.23317318086521868,0.045454545454545456,1.0,0.0,0.0,0.0,0.0,0.0,0.0,0.0,0.0,0.0,1.0,0.0,0.0,0.0,0.0,0.0
1 BHK,321.74,394.86,4,9,3,1,Fully Furnished,1,1,0,1,2,Granite,1,1,0,1,1,Bike,0,Tanker,2008.72,Baner,411045,Society,2.61,2.96,1.41,2.41,33314.48473976604,7285571.569221821,22214.36,Broker,19,1,2,1,1,0,1,0,0,0,0,0,0,0,0,0,0,0,0,0,0.029547455875033504,0.038113163613784556,0.19047619047619047,0.2631578947368421,0.15000000000000002,1.0,1.0,0.0,0.0,0.2,0.1111111111111111,1.0,1.0,0.0,1.0,1.0,0.0,0.13868402090953735,0.7857142857146755,0.3347222222222222,0.22942643391521195,0.4368231046931408,0.7160000000000001,0.538800116624271,0.16363636363636364,0.0,0.0,1.0,0.0,0.0,0.0,0.0,0.0,0.0,0.0,0.0,0.0,0.0,0.0,0.0,0.0
4 BHK,1410.5,1751.19,0,13,10,1,Semi-Furnished,1,4,4,3,6,Vitrified,1,1,0,1,0,Stilt,0,Corporation + Borewell,7206.88,Shivajinagar,411005,Society,1.25,7.64,1.08,1.46,60260.67087461741,17212095.9284489,12168.61,Broker,5,2,1,4,4,0,0,0,0,0,0,0,0,0,0,0,0,1,0,0,0.5506049236188216,0.5644753182241542,0.0,0.4736842105263157,0.5,1.0,1.0,0.6000000000000001,0.8,0.6000000000000001,0.5555555555555556,1.0,1.0,0.0,1.0,0.0,0.0,0.7351014957019795,0.071428571429351,0.14583333333333331,0.6184538653366582,0.3176895306859206,0.33599999999999997,0.22853044770624523,0.03636363636363636,0.5,0.0,0.0,0.0,0.0,0.0,0.0,0.0,0.0,0.0,0.0,0.0,0.0,1.0,0.0,0.0
2 BHK,448.87,486.99,0,9,5,1,Fully Furnished,1,3,3,1,2,Vitrified,0,0,1,0,1,Covered,0,Corporation + Borewell,1646.52,Kalyani Nagar,411006,Society,2.32,5.56,1.32,1.4,39987.07375542715,13540054.670133565,29857.71,Owner,82,1,2,2,2,0,0,0,0,1,0,0,0,0,0,0,0,0,0,0,0.09038918029021019,0.07386681154920835,0.0,0.2631578947368421,0.25,1.0,1.0,0.4000000000000001,0.6000000000000001,0.2,0.1111111111111111,0.0,0.0,1.0,0.0,1.0,0.0,0.09712654492383807,0.089285714286234,0.2944444444444444,0.44555278470490434,0.40433212996389895,0.31199999999999994,0.7748700640074521,0.7363636363636363,0.0,0.0,0.0,0.0,0.0,1.0,0.0,0.0,0.0,0.0,0.0,0.0,0.0,0.0,0.0,0.0
2 BHK,447.15,548.14,1,16,9,1,Semi-Furnished,1,3,2,1,3,Marble,0,0,0,1,0,Bike,1,Corporation + Borewell,1456.91,Kothrud,411038,Society,2.06,8.21,1.43,1.68,24890.069297862407,3790518.972524693,8361.77,Owner,7,2,1,2,2,0,0,0,0,0,0,0,1,0,0,0,0,0,0,0,0.08956602473295301,0.09759779571561628,0.047619047619047616,0.631578947368421,0.45,1.0,1.0,0.4000000000000001,0.4,0.2,0.2222222222222222,0.0,0.0,0.0,1.0,0.0,1.0,0.07537140129697878,0.6607142857146755,0.25833333333333336,0.6658354114713216,0.44404332129963897,0.42400000000000004,0.11095366285455202,0.054545454545454536,0.5,0.0,0.0,0.0,0.0,0.0,0.0,0.0,1.0,0.0,0.0,0.0,0.0,0.0,0.0,0.0
3 BHK,682.08,770.3,7,7,8,1,Semi-Furnished,1,4,1,3,5,Vitrified,1,1,0,1,0,Covered,1,Tanker,2930.85,Baner,411045,Society,3.1,3.69,1.63,2.4,41355.78543292722,16809165.305964366,24474.75,Owner,38,1,1,3,3,0,1,0,0,0,0,0,0,0,0,0,0,0,0,0,0.20199854512041043,0.18381325675256133,0.3333333333333333,0.15789473684210525,0.4,1.0,1.0,0.6000000000000001,0.2,0.6000000000000001,0.4444444444444445,1.0,1.0,0.0,1.0,0.0,1.0,0.24448577499759055,0.7857142857146755,0.4027777777777778,0.2901080631753948,0.516245487364621,0.712,0.6086137648760805,0.33636363636363636,0.0,0.0,1.0,0.0,0.0,0.0,0.0,0.0,0.0,0.0,0.0,0.0,0.0,0.0,0.0,0.0
3 BHK,1169.55,1458.02,11,13,3,1,Unfurnished,0,3,2,2,3,Granite,1,1,0,1,1,Covered,1,Municipal,4701.71,Kharadi,411014,Society,4.41,1.56,1.9,2.17,50521.06309513596,9623369.034161538,8103.92,Owner,18,2,0,3,3,0,0,0,0,0,1,0,0,0,0,0,0,0,0,0,0.4352913587809641,0.45070242160819624,0.5238095238095237,0.4736842105263157,0.15000000000000002,1.0,0.0,0.4000000000000001,0.4,0.4,0.2222222222222222,1.0,1.0,0.0,1.0,1.0,1.0,0.4476676411600296,0.232142857143117,0.5847222222222223,0.11305070656691604,0.6137184115523465,0.62,0.10298979414086581,0.15454545454545454,0.5,0.0,0.0,0.0,0.0,0.0,1.0,0.0,0.0,0.0,0.0,0.0,0.0,0.0,0.0,0.0
1 BHK,491.3,540.68,8,13,6,1,Semi-Furnished,1,1,1,1,1,Vitrified,0,0,1,1,1,Open,1,Tanker,1705.28,Koregaon Park,411001,Society,2.17,5.09,1.57,0.72,30016.52595575309,9986434.865039865,20434.57,Owner,36,1,1,1,1,0,0,0,0,0,0,1,0,0,0,0,0,0,0,0,0.11069527929859489,0.09470273207078547,0.38095238095238093,0.4736842105263157,0.30000000000000004,1.0,1.0,0.0,0.2,0.2,0.0,0.0,0.0,1.0,1.0,1.0,1.0,0.10386844798546063,0.0,0.2736111111111111,0.4064837905236907,0.4945848375451264,0.03999999999999998,0.48383011895922723,0.3181818181818182,0.0,0.0,0.0,0.0,0.0,0.0,0.0,1.0,0.0,0.0,0.0,0.0,0.0,0.0,0.0,0.0
2 BHK,462.45,539.8,1,14,7,1,Semi-Furnished,1,3,2,1,4,Vitrified,1,1,0,1,0,Covered,0,Tanker,1986.69,Aundh,411007,Society,4.84,5.03,1.18,1.47,21261.00273346057,4936619.858719952,10507.07,Owner,5,2,1,2,2,1,0,0,0,0,0,0,0,0,0,0,0,0,0,0,0.09688828056204295,0.09436122322260168,0.047619047619047616,0.5263157894736842,0.35000000000000003,1.0,1.0,0.4000000000000001,0.4,0.2,0.3333333333333333,1.0,1.0,0.0,1.0,0.0,0.0,0.13615638094276497,0.107142857143117,0.6444444444444445,0.4014962593516209,0.35379061371841153,0.33999999999999997,0.1772126799244413,0.03636363636363636,0.5,1.0,0.0,0.0,0.0,0.0,0.0,0.0,0.0,0.0,0.0,0.0,0.0,0.0,0.0,0.0
4 BHK,1701.88,1910.24,14,16,10,1,Unfurnished,1,4,4,2,5,Granite,1,1,0,0,0,Covered,1,Municipal,2092.91,Hinjewadi,411057,Society,5.71,0.64,2.07,2.73,29637.854455875666,21548272.68832594,12509.6,Owner,25,3,0,4,4,0,0,0,1,0,0,0,0,0,0,0,0,0,0,0,0.6900532179639345,0.6261991617510092,0.6666666666666666,0.631578947368421,0.5,1.0,1.0,0.6000000000000001,0.8,0.4,0.4444444444444445,1.0,1.0,0.0,0.0,0.0,1.0,0.14834366724646725,1.0,0.7652777777777778,0.03657522859517871,0.6750902527075812,0.8440000000000001,0.23906215060591499,0.21818181818181817,1.0,0.0,0.0,0.0,1.0,0.0,0.0,0.0,0.0,0.0,0.0,0.0,0.0,0.0,0.0,0.0
1 BHK,339.02,401.85,8,8,7,1,Semi-Furnished,1,2,0,1,1,Wooden,1,1,1,1,0,Covered,1,Municipal,1066.58,Kalyani Nagar,411006,Society,3.05,3.73,0.87,1.54,26911.400590707268,8494744.790001713,24998.35,Broker,64,1,1,1,1,0,0,0,0,1,0,0,0,0,0,0,0,0,0,0,0.03781729775259389,0.0408258304874263,0.38095238095238093,0.21052631578947367,0.35000000000000003,1.0,1.0,0.2,0.0,0.2,0.0,1.0,1.0,1.0,1.0,0.0,1.0,0.030586394114488435,0.089285714286234,0.3958333333333333,0.2934330839567747,0.24187725631768953,0.3680000000000001,0.6247854990567517,0.5727272727272728,0.0,0.0,0.0,0.0,0.0,1.0,0.0,0.0,0.0,0.0,0.0,0.0,0.0,0.0,0.0,0.0
3 BHK,1115.06,1420.67,7,11,4,1,Fully Furnished,1,3,3,2,5,Vitrified,1,1,0,1,0,Stilt,1,Corporation + Borewell,4640.19,Aundh,411007,Society,4.08,4.29,1.21,1.4,35374.41621775263,21502823.144918304,19377.89,Broker,18,2,2,3,3,1,0,0,0,0,0,0,0,0,0,0,0,0,0,0,0.40921359929553197,0.43620769947221366,0.3333333333333333,0.368421052631579,0.2,1.0,1.0,0.4000000000000001,0.6000000000000001,0.4,0.4444444444444445,1.0,1.0,0.0,1.0,0.0,1.0,0.4406090660008903,0.107142857143117,0.5388888888888889,0.33998337489609304,0.3646209386281588,0.31199999999999994,0.451193854493926,0.15454545454545454,0.5,1.0,0.0,0.0,0.0,0.0,0.0,0.0,0.0,0.0,0.0,0.0,0.0,0.0,0.0,0.0
3 BHK,1218.45,1506.7,7,19,18,1,Unfurnished,1,4,4,2,6,Vitrified,0,0,0,1,1,Not Specified,0,Municipal,4355.66,Kharadi,411014,Society,4.61,2.69,2.7,2.3,37926.2585888801,13883593.82843629,11328.1,Broker,24,2,0,3,3,0,0,0,0,0,1,0,0,0,0,0,0,0,0,0,0.4586938627053104,0.4695940701645453,0.3333333333333333,0.7894736842105263,0.9,1.0,1.0,0.6000000000000001,0.8,0.4,0.5555555555555556,0.0,0.0,0.0,1.0,1.0,0.0,0.40796315588987153,0.232142857143117,0.6125,0.20698254364089771,0.9025270758122744,0.6719999999999999,0.20257073743849122,0.20909090909090908,0.5,0.0,0.0,0.0,0.0,0.0,1.0,0.0,0.0,0.0,0.0,0.0,0.0,0.0,0.0,0.0
2 BHK,412.41,493.23,0,13,1,1,Semi-Furnished,1,2,1,1,3,Marble,0,0,1,1,0,Covered,1,Corporation + Borewell,2424.99,Kharadi,411014,Standalone,4.81,1.63,2.48,1.87,12842.803109709645,4425878.042857092,10538.93,Owner,97,2,1,2,2,0,0,0,0,0,1,0,0,0,0,0,0,0,0,0,0.07294019679160767,0.0762884197454207,0.0,0.4736842105263157,0.05,1.0,1.0,0.2,0.2,0.2,0.2222222222222222,0.0,0.0,1.0,1.0,0.0,1.0,0.18644528686361528,0.232142857143117,0.6402777777777777,0.1188694929343308,0.8231046931407943,0.5000000000000001,0.1781966972105303,0.8727272727272727,0.5,0.0,0.0,0.0,0.0,0.0,1.0,0.0,0.0,0.0,0.0,0.0,0.0,0.0,0.0,0.0
3 BHK,1080.93,865.89,13,14,14,1,Fully Furnished,1,3,2,1,4,Ceramic,1,1,1,1,0,Covered,1,Corporation + Borewell,3125.8,Wakad,411057,Society,3.76,3.91,2.29,2.09,21809.10160598185,8036729.465244264,7498.29,Owner,10,3,2,3,3,0,0,0,0,0,0,0,0,0,0,0,0,0,0,1,0.3928797044297255,0.22090965538652596,0.6190476190476191,0.5263157894736842,0.7000000000000001,1.0,1.0,0.4000000000000001,0.4,0.2,0.3333333333333333,1.0,1.0,1.0,1.0,0.0,1.0,0.26685361029138427,1.0,0.49444444444444446,0.3083956774729842,0.7545126353790614,0.588,0.08428450886233271,0.08181818181818182,1.0,0.0,0.0,0.0,0.0,0.0,0.0,0.0,0.0,0.0,0.0,0.0,0.0,0.0,0.0,1.0
3 BHK,733.31,904.46,9,10,12,1,Semi-Furnished,1,3,4,1,3,Vitrified,1,1,0,1,0,Bike,1,Tanker,1998.48,Kothrud,411038,Society,2.2,7.17,0.85,1.55,30342.8496844148,8068344.928286839,10908.86,Owner,25,2,1,3,3,0,0,0,0,0,0,0,1,0,0,0,0,0,0,0,0.2265161376775527,0.23587783297112702,0.42857142857142855,0.3157894736842105,0.6000000000000001,1.0,1.0,0.4000000000000001,0.8,0.2,0.2222222222222222,1.0,1.0,0.0,1.0,0.0,1.0,0.13750912153324368,0.6607142857146755,0.2777777777777778,0.5793848711554447,0.23465703971119134,0.3720000000000001,0.18962223125456337,0.21818181818181817,0.5,0.0,0.0,0.0,0.0,0.0,0.0,0.0,1.0,0.0,0.0,0.0,0.0,0.0,0.0,0.0
1 BHK,311.46,354.52,14,17,5,1,Fully Furnished,1,2,2,0,1,Vitrified,1,1,0,0,1,Covered,1,Municipal,1039.54,Pune Camp,411001,Society,2.67,6.94,1.35,1.82,13936.781948027923,4613323.256206013,14784.52,Owner,23,3,2,1,1,0,0,0,0,0,0,0,0,0,0,0,1,0,0,0,0.02462766568398482,0.022458087550450173,0.6666666666666666,0.6842105263157894,0.25,1.0,1.0,0.2,0.4,0.0,0.0,1.0,1.0,0.0,0.0,1.0,1.0,0.027483925448963012,0.0,0.34305555555555556,0.5602660016625104,0.4151624548736462,0.4800000000000001,0.30932456756980475,0.19999999999999998,1.0,0.0,0.0,0.0,0.0,0.0,0.0,0.0,0.0,0.0,0.0,0.0,1.0,0.0,0.0,0.0
4 BHK,1187.1,1367.53,15,16,13,1,Semi-Furnished,1,4,3,3,6,Ceramic,1,1,1,1,0,Covered,1,Municipal,4608.31,Kharadi,411014,Society,4.4,1.78,1.95,2.41,67835.31157400968,18649938.6034419,15417.93,Owner,32,2,1,4,4,0,0,0,0,0,1,0,0,0,0,0,0,0,0,0,0.4436904169378613,0.4155852219807514,0.7142857142857142,0.631578947368421,0.65,1.0,1.0,0.6000000000000001,0.6000000000000001,0.6000000000000001,0.5555555555555556,1.0,1.0,1.0,1.0,0.0,1.0,0.43695127380203874,0.232142857143117,0.5833333333333334,0.1313383208645054,0.631768953068592,0.7160000000000001,0.3288878566213307,0.2818181818181818,0.5,0.0,0.0,0.0,0.0,0.0,1.0,0.0,0.0,0.0,0.0,0.0,0.0,0.0,0.0,0.0
3 BHK,1009.03,1125.19,9,14,14,1,Unfurnished,1,4,2,1,5,Marble,0,1,0,0,0,Covered,0,Corporation + Borewell,3093.96,Hadapsar,411028,Society,5.77,1.27,2.39,2.34,20852.764336404416,7251289.864925661,7256.95,Owner,35,3,0,3,3,0,0,1,0,0,0,0,0,0,0,0,0,0,0,0,0.3584698878211264,0.32153834212977345,0.42857142857142855,0.5263157894736842,0.7000000000000001,1.0,1.0,0.6000000000000001,0.4,0.2,0.4444444444444445,0.0,1.0,0.0,0.0,0.0,0.0,0.26320040754322116,0.482142857143117,0.773611111111111,0.08894430590191188,0.7906137184115524,0.688,0.07683056247737627,0.3090909090909091,1.0,0.0,0.0,1.0,0.0,0.0,0.0,0.0,0.0,0.0,0.0,0.0,0.0,0.0,0.0,0.0
2 BHK,818.35,1005.5,9,21,3,1,Unfurnished,0,3,2,1,3,Vitrified,1,1,0,0,0,Bike,0,Corporation + Borewell,2784.66,Pimple Saudagar,411027,Society,3.5,4.64,1.73,2.05,20383.604950131223,6241973.370946837,7543.72,Owner,55,3,0,2,2,0,0,0,0,0,0,0,0,0,0,1,0,0,0,0,0.26721447988054675,0.27508925799441175,0.42857142857142855,0.894736842105263,0.15000000000000002,1.0,0.0,0.4000000000000001,0.4,0.2,0.2222222222222222,1.0,1.0,0.0,0.0,0.0,0.0,0.22771248009325762,0.464285714286234,0.45833333333333337,0.369077306733167,0.5523465703971119,0.572,0.08568764462212627,0.4909090909090909,1.0,0.0,0.0,0.0,0.0,0.0,0.0,0.0,0.0,0.0,0.0,1.0,0.0,0.0,0.0,0.0
5 BHK,1946.82,2310.09,10,17,3,1,Semi-Furnished,1,5,5,4,10,Granite,1,1,0,0,0,Covered,0,Municipal,5950.97,Nigdi,411044,Society,3.87,11.07,2.0,2.42,67532.0512249081,16796668.42616778,8548.59,Broker,3,3,1,5,5,0,0,0,0,0,0,0,0,0,1,0,0,0,0,0,0.8072763122631036,0.7813722446445206,0.47619047619047616,0.6842105263157894,0.15000000000000002,1.0,1.0,0.8,1.0,0.8,1.0,1.0,1.0,0.0,0.0,0.0,0.0,0.5910030703425107,0.7678571428577925,0.5097222222222223,0.9035743973399832,0.6498194945848376,0.72,0.11672372278509632,0.01818181818181818,1.0,0.0,0.0,0.0,0.0,0.0,0.0,0.0,0.0,0.0,1.0,0.0,0.0,0.0,0.0,0.0
1 BHK,458.44,525.15,13,16,8,1,Unfurnished,0,1,2,0,2,Ceramic,1,1,0,1,0,Covered,1,Municipal,991.59,Hadapsar,411028,Society,5.67,1.68,2.51,2.15,14603.27793298346,3297336.684127863,7187.96,Owner,12,3,0,1,1,0,0,1,0,0,0,0,0,0,0,0,0,0,0,0,0.0949691795244841,0.08867587705681468,0.6190476190476191,0.631578947368421,0.4,1.0,0.0,0.0,0.4,0.0,0.1111111111111111,1.0,1.0,0.0,1.0,0.0,1.0,0.021982321435947333,0.482142857143117,0.7597222222222222,0.12302576891105568,0.8339350180505415,0.612,0.07469976045078247,0.09999999999999999,1.0,0.0,0.0,1.0,0.0,0.0,0.0,0.0,0.0,0.0,0.0,0.0,0.0,0.0,0.0,0.0
1 BHK,415.32,473.79,2,14,10,1,Semi-Furnished,1,2,1,0,2,Granite,0,0,0,1,0,Covered,0,Borewell,800.0,Kothrud,411038,Standalone,1.5,8.7,1.32,1.6,12632.961475829565,3493372.173238086,8311.9,Owner,20,2,1,1,1,0,0,0,0,0,0,0,1,0,0,0,0,0,0,0,0.07433286113557182,0.06874417882645145,0.09523809523809523,0.5263157894736842,0.5,1.0,1.0,0.2,0.2,0.0,0.1111111111111111,0.0,0.0,0.0,1.0,0.0,0.0,0.0,0.6607142857146755,0.18055555555555555,0.7065669160432251,0.40433212996389895,0.3920000000000001,0.10941339474227149,0.17272727272727273,0.5,0.0,0.0,0.0,0.0,0.0,0.0,0.0,1.0,0.0,0.0,0.0,0.0,0.0,0.0,0.0
3 BHK,997.01,1270.93,2,11,10,1,Semi-Furnished,1,3,4,1,6,Ceramic,1,1,0,1,0,Covered,0,Tanker,2456.15,Wakad,411057,Society,5.14,1.7,2.08,2.16,35225.1132405716,6896516.89244151,6938.63,Broker,23,3,1,3,3,0,0,0,0,0,0,0,0,0,0,0,0,0,0,1,0.35271737049657337,0.3780968643278486,0.09523809523809523,0.368421052631579,0.5,1.0,1.0,0.4000000000000001,0.8,0.2,0.5555555555555556,1.0,1.0,0.0,1.0,0.0,0.0,0.1900204689500714,1.0,0.6861111111111111,0.12468827930174561,0.6787003610108304,0.6160000000000001,0.06699903760267942,0.19999999999999998,1.0,0.0,0.0,0.0,0.0,0.0,0.0,0.0,0.0,0.0,0.0,0.0,0.0,0.0,0.0,1.0
3 BHK,1289.97,1567.09,1,15,10,1,Fully Furnished,1,3,4,1,3,Marble,0,1,1,0,1,Open,0,Municipal,3019.06,Wakad,411057,Standalone,5.12,2.96,2.51,2.0,41284.75580619661,11567297.42978674,9004.85,Broker,9,3,2,3,3,0,0,0,0,0,0,0,0,0,0,0,0,0,0,1,0.4929218193652131,0.49303011487115805,0.047619047619047616,0.5789473684210527,0.5,1.0,1.0,0.4000000000000001,0.8,0.2,0.2222222222222222,0.0,1.0,1.0,0.0,1.0,0.0,0.2546066611287295,1.0,0.6833333333333333,0.22942643391521195,0.8339350180505415,0.552,0.1308156162863818,0.07272727272727272,1.0,0.0,0.0,0.0,0.0,0.0,0.0,0.0,0.0,0.0,0.0,0.0,0.0,0.0,0.0,1.0
3 BHK,831.61,900.07,10,16,10,1,Fully Furnished,0,4,3,2,5,Vitrified,1,1,0,0,0,Open,1,Municipal,3504.87,Shivajinagar,411005,Society,0.62,6.14,0.85,1.22,40591.13229792492,16001486.969376516,19042.78,Owner,78,2,2,3,3,0,0,0,0,0,0,0,0,0,0,0,0,1,0,0,0.27356043493242466,0.2341741695125738,0.47619047619047616,0.631578947368421,0.5,1.0,0.0,0.6000000000000001,0.6000000000000001,0.4,0.4444444444444445,1.0,1.0,0.0,0.0,0.0,1.0,0.3103466871050204,0.071428571429351,0.058333333333333334,0.4937655860349126,0.23465703971119134,0.24,0.4408437593043065,0.7000000000000001,0.5,0.0,0.0,0.0,0.0,0.0,0.0,0.0,0.0,0.0,0.0,0.0,0.0,1.0,0.0,0.0
3 BHK,846.48,1064.72,7,11,15,1,Fully Furnished,1,4,3,2,3,Marble,1,1,0,0,0,Stilt,1,Borewell,2156.78,Nigdi,411044,Society,3.28,10.96,1.47,2.39,24451.964160769963,11774164.674860489,13870.72,Owner,8,3,2,3,3,0,0,0,0,0,0,0,0,0,1,0,0,0,0,0,0.28067690187220035,0.2980712511642348,0.3333333333333333,0.368421052631579,0.75,1.0,1.0,0.6000000000000001,0.6000000000000001,0.4,0.2222222222222222,1.0,1.0,0.0,0.0,0.0,1.0,0.15567187263356452,0.7678571428577925,0.42777777777777776,0.8944305901911886,0.45848375451263534,0.7080000000000001,0.2811012469160663,0.06363636363636363,1.0,0.0,0.0,0.0,0.0,0.0,0.0,0.0,0.0,0.0,1.0,0.0,0.0,0.0,0.0,0.0
1 RK,397.84,435.05,14,15,7,1,Unfurnished,0,1,2,0,1,Vitrified,1,1,0,1,0,Not Specified,1,Municipal,800.0,Hinjewadi,411057,Society,6.1,0.7,2.29,2.75,10010.841922373504,2781393.583370599,7037.92,Owner,28,3,0,1,1,0,0,0,1,0,0,0,0,0,0,0,0,0,0,0,0.06596730349553963,0.05371002794163304,0.6666666666666666,0.5789473684210527,0.35000000000000003,1.0,0.0,0.0,0.4,0.0,0.0,1.0,1.0,0.0,1.0,0.0,1.0,0.0,1.0,0.8194444444444444,0.04156275976724853,0.7545126353790614,0.8520000000000001,0.0700656752780019,0.24545454545454543,1.0,0.0,0.0,0.0,1.0,0.0,0.0,0.0,0.0,0.0,0.0,0.0,0.0,0.0,0.0,0.0
1 BHK,335.66,401.65,16,18,11,1,Fully Furnished,1,1,1,0,1,Vitrified,1,1,0,0,0,Bike,0,Tanker,800.0,Hadapsar,411028,Society,5.19,2.14,2.44,2.23,7594.871146963381,3823616.251551451,11478.35,Owner,27,3,2,1,1,0,0,1,0,0,0,0,0,0,0,0,0,0,0,0,0.03620927294306829,0.04074821484011176,0.7619047619047619,0.7368421052631579,0.55,1.0,1.0,0.0,0.2,0.0,0.0,1.0,1.0,0.0,0.0,0.0,0.0,0.0,0.482142857143117,0.6930555555555556,0.16126350789692434,0.8086642599277979,0.644,0.2072113086009165,0.23636363636363636,1.0,0.0,0.0,1.0,0.0,0.0,0.0,0.0,0.0,0.0,0.0,0.0,0.0,0.0,0.0,0.0
1 RK,463.05,513.54,3,15,12,1,Semi-Furnished,1,1,1,0,1,Marble,0,1,1,0,0,Stilt,0,Municipal,1810.74,Hadapsar,411028,Standalone,4.82,1.24,2.77,1.58,13302.581070449143,4066565.662990415,8693.59,Broker,54,3,1,1,1,0,0,1,0,0,0,0,0,0,0,0,0,0,0,0,0.09717542784945825,0.08417028873020801,0.14285714285714285,0.5789473684210527,0.6000000000000001,1.0,1.0,0.0,0.2,0.0,0.0,0.0,1.0,1.0,0.0,0.0,0.0,0.11596853472607865,0.482142857143117,0.6416666666666667,0.08645054031587696,0.927797833935018,0.3840000000000001,0.12120214420640521,0.4818181818181818,1.0,0.0,0.0,1.0,0.0,0.0,0.0,0.0,0.0,0.0,0.0,0.0,0.0,0.0,0.0,0.0
1 BHK,442.84,538.79,14,14,10,1,Semi-Furnished,1,1,0,0,2,Marble,1,1,1,1,1,Open,0,Municipal,800.0,Kothrud,411038,Society,2.23,7.85,1.21,1.93,15803.957919662334,4792165.437538294,10773.53,Builder,68,2,1,1,1,0,0,0,0,0,0,0,1,0,0,0,0,0,0,0,0.08750335005168651,0.09396926420366347,0.6666666666666666,0.5263157894736842,0.5,1.0,1.0,0.0,0.0,0.0,0.1111111111111111,1.0,1.0,1.0,1.0,1.0,0.0,0.0,0.6607142857146755,0.28194444444444444,0.6359102244389027,0.3646209386281588,0.524,0.18544247421355833,0.6090909090909091,0.5,0.0,0.0,0.0,0.0,0.0,0.0,0.0,1.0,0.0,0.0,0.0,0.0,0.0,0.0,0.0
3 BHK,921.11,731.795,3,15,3,1,Semi-Furnished,1,3,4,1,5,Vitrified,0,0,1,1,1,Covered,1,Borewell,3478.43,Aundh,411007,Standalone,3.32,4.4,1.27,1.37,33595.22354626615,8803549.446346663,9455.02,Broker,25,2,1,3,3,1,0,0,0,0,0,0,0,0,0,0,0,0,0,0,0.316393238638539,0.1688703042533375,0.14285714285714285,0.5789473684210527,0.15000000000000002,1.0,1.0,0.4000000000000001,0.8,0.2,0.4444444444444445,0.0,0.0,1.0,1.0,1.0,1.0,0.3073130601998247,0.107142857143117,0.4333333333333333,0.34912718204488774,0.3862815884476534,0.30000000000000004,0.1447194160879723,0.21818181818181817,0.5,1.0,0.0,0.0,0.0,0.0,0.0,0.0,0.0,0.0,0.0,0.0,0.0,0.0,0.0,0.0
1 BHK,458.13,514.14,0,8,4,1,Semi-Furnished,1,3,0,0,2,Not Specified,0,0,0,1,0,Bike,1,Municipal,2923.82,Kharadi,411014,Standalone,3.9,0.81,2.1,1.79,19467.26592985592,7868762.121741645,17044.43,Owner,6,2,1,1,1,0,0,0,0,0,1,0,0,0,0,0,0,0,0,0,0.09482082009265287,0.08440313567215152,0.0,0.21052631578947367,0.2,1.0,1.0,0.4000000000000001,0.0,0.0,0.1111111111111111,0.0,0.0,0.0,1.0,0.0,1.0,0.24367917903906083,0.232142857143117,0.5138888888888888,0.05070656691604322,0.6859205776173286,0.4680000000000001,0.3791233907024265,0.045454545454545456,0.5,0.0,0.0,0.0,0.0,0.0,1.0,0.0,0.0,0.0,0.0,0.0,0.0,0.0,0.0,0.0
4 BHK,1591.76,1984.9,12,14,6,1,Semi-Furnished,1,5,4,3,6,Wooden,1,1,0,0,0,Covered,0,Tanker,4108.95,Hadapsar,411028,Society,5.54,3.1,1.65,2.29,36634.68101551496,12875611.365224386,8053.87,Broker,17,3,1,4,4,0,0,1,0,0,0,0,0,0,0,0,0,0,0,0,0.6373521191469812,0.6551730828935114,0.5714285714285714,0.5263157894736842,0.30000000000000004,1.0,1.0,0.8,0.8,0.6000000000000001,0.5555555555555556,1.0,1.0,0.0,0.0,0.0,0.0,0.37965657140496856,0.482142857143117,0.7416666666666667,0.24106400665004152,0.5234657039711191,0.668,0.10144396660888991,0.14545454545454545,1.0,0.0,0.0,1.0,0.0,0.0,0.0,0.0,0.0,0.0,0.0,0.0,0.0,0.0,0.0,0.0
3 BHK,845.23,1030.24,7,13,10,1,Unfurnished,1,3,2,1,3,Granite,1,1,1,0,0,Covered,1,Corporation + Borewell,1478.93,Hadapsar,411028,Society,4.9,2.3,1.96,1.71,20157.923542593704,9014342.535828944,10474.29,Broker,35,3,0,3,3,0,0,1,0,0,0,0,0,0,0,0,0,0,0,0,0.2800786783567518,0.2846903135672152,0.3333333333333333,0.4736842105263157,0.5,1.0,1.0,0.4000000000000001,0.4,0.2,0.2222222222222222,1.0,1.0,1.0,0.0,0.0,1.0,0.07789789390107899,0.482142857143117,0.6527777777777778,0.17456359102244384,0.6353790613718412,0.43600000000000005,0.1762002478265758,0.3090909090909091,1.0,0.0,0.0,1.0,0.0,0.0,0.0,0.0,0.0,0.0,0.0,0.0,0.0,0.0,0.0,0.0
2 BHK,368.1,412.08,1,19,15,1,Fully Furnished,1,2,2,1,3,Ceramic,1,1,0,0,0,Covered,0,Tanker,800.0,Wakad,411057,Standalone,5.43,3.76,1.7,2.44,13070.601001402276,3004716.2234940347,8176.38,Broker,22,3,2,2,2,0,0,0,0,0,0,0,0,0,0,0,0,0,0,1,0.05173436961598839,0.04479587084756287,0.047619047619047616,0.7894736842105263,0.75,1.0,1.0,0.2,0.4,0.2,0.2222222222222222,1.0,1.0,0.0,0.0,0.0,0.0,0.0,1.0,0.7263888888888889,0.29592684954280957,0.5415162454873647,0.728,0.10522776942492132,0.1909090909090909,1.0,0.0,0.0,0.0,0.0,0.0,0.0,0.0,0.0,0.0,0.0,0.0,0.0,0.0,0.0,1.0
1 BHK,477.91,565.09,1,10,9,1,Semi-Furnished,1,2,1,1,1,Vitrified,0,0,1,1,1,Covered,0,Corporation + Borewell,2071.1,Koregaon Park,411001,Society,1.71,5.15,1.91,1.35,32994.16782120216,11529708.660943234,23866.68,Broker,9,1,1,1,1,0,0,0,0,0,0,1,0,0,0,0,0,0,0,0,0.10428710900111031,0.10417572182552007,0.047619047619047616,0.3157894736842105,0.45,1.0,1.0,0.2,0.2,0.2,0.0,0.0,0.0,1.0,1.0,1.0,0.0,0.14584126925848245,0.0,0.20972222222222223,0.41147132169576056,0.6173285198555957,0.29200000000000004,0.5898331185750095,0.07272727272727272,0.0,0.0,0.0,0.0,0.0,0.0,0.0,1.0,0.0,0.0,0.0,0.0,0.0,0.0,0.0,0.0
1 RK,415.09,477.84,15,15,11,1,Unfurnished,1,2,1,0,2,Vitrified,1,1,0,0,0,Open,1,Municipal,1727.68,Hadapsar,411028,Standalone,5.57,3.04,1.77,1.95,9840.203399945489,2982883.370666114,7187.26,Broker,20,3,0,1,1,0,0,1,0,0,0,0,0,0,0,0,0,0,0,0,0.07422278800872927,0.07031589568457003,0.7142857142857142,0.5789473684210527,0.55,1.0,1.0,0.2,0.2,0.0,0.1111111111111111,1.0,1.0,0.0,0.0,0.0,1.0,0.10643854037110301,0.482142857143117,0.7458333333333333,0.23607647547797173,0.5667870036101084,0.532,0.0746781404853003,0.17272727272727273,1.0,0.0,0.0,1.0,0.0,0.0,0.0,0.0,0.0,0.0,0.0,0.0,0.0,0.0,0.0,0.0
3 BHK,724.17,823.68,11,11,2,1,Unfurnished,1,4,4,2,5,Ceramic,1,1,0,0,0,Stilt,1,Municipal,2578.4,Shivajinagar,411005,Society,0.48,6.74,1.28,1.67,36584.85256381881,7595654.799646768,10443.31,Owner,74,2,0,3,3,0,0,0,0,0,0,0,0,0,0,0,0,1,0,0,0.22214192733259314,0.20452887302080103,0.5238095238095237,0.368421052631579,0.1,1.0,1.0,0.6000000000000001,0.8,0.4,0.4444444444444445,1.0,1.0,0.0,0.0,0.0,1.0,0.204046977617249,0.071428571429351,0.03888888888888889,0.543640897755611,0.3898916967509025,0.42000000000000004,0.17524340992566437,0.6636363636363637,0.5,0.0,0.0,0.0,0.0,0.0,0.0,0.0,0.0,0.0,0.0,0.0,0.0,1.0,0.0,0.0
2 BHK,519.12,592.16,8,12,13,1,Semi-Furnished,1,3,2,2,3,Vitrified,1,1,1,1,1,Covered,1,Municipal,2421.59,Baner,411045,Society,2.51,2.23,1.84,1.8,16194.724645124206,6328187.332555288,12035.61,Owner,68,1,1,2,2,0,1,0,0,0,0,0,0,0,0,0,0,0,0,0,0.12400934185841726,0.11468099968953743,0.38095238095238093,0.42105263157894735,0.65,1.0,1.0,0.4000000000000001,0.4,0.4,0.2222222222222222,1.0,1.0,1.0,1.0,1.0,1.0,0.18605518355508033,0.7857142857146755,0.3208333333333333,0.16874480465502906,0.5920577617328521,0.4720000000000001,0.2244226542646309,0.6090909090909091,0.0,0.0,1.0,0.0,0.0,0.0,0.0,0.0,0.0,0.0,0.0,0.0,0.0,0.0,0.0,0.0
