bhk_type,carpet_area_sqft,super_built_up_area_sqft,floor_number,total_floors,building_age_years,lift_available,furnishing_status,modular_kitchen,bathrooms,balconies,ac_units,wardrobes,flooring_type,gated_community,security,clubhouse,gym,swimming_pool,parking_type,power_backup,water_supply,maintenance_charges,locality,pin_code,society_type,distance_to_metro_km,distance_to_it_park_km,distance_to_school_km,distance_to_hospital_km,rental_price,purchase_price,price_per_sqft,brokerage_type,days_since_listed,locality_tier,furnishing_status_encoded,bhk_number,bhk_type_encoded,locality_Aundh,locality_Baner,locality_Hadapsar,locality_Hinjewadi,locality_Kalyani Nagar,locality_Kharadi,locality_Koregaon Park,locality_Kothrud,locality_Magarpatta,locality_Nigdi,locality_Pimple Saudagar,locality_Pune Camp,locality_Shivajinagar,locality_Viman Nagar,locality_Wakad,norm_carpet_area_sqft,norm_super_built_up_area_sqft,norm_floor_number,norm_total_floors,norm_building_age_years,norm_lift_available,norm_modular_kitchen,norm_bathrooms,norm_balconies,norm_ac_units,norm_wardrobes,norm_gated_community,norm_security,norm_clubhouse,norm_gym,norm_swimming_pool,norm_power_backup,norm_maintenance_charges,norm_pin_code,norm_distance_to_metro_km,norm_distance_to_it_park_km,norm_distance_to_school_km,norm_distance_to_hospital_km,norm_price_per_sqft,norm_days_since_listed,norm_locality_tier,norm_locality_Aundh,norm_locality_Baner,norm_locality_Hadapsar,norm_locality_Hinjewadi,norm_locality_Kalyani Nagar,norm_locality_Kharadi,norm_locality_Koregaon Park,norm_locality_Kothrud,norm_locality_Magarpatta,norm_locality_Nigdi,norm_locality_Pimple Saudagar,norm_locality_Pune Camp,norm_locality_Shivajinagar,norm_locality_Viman Nagar,norm_locality_Wakad,floor_ratio,connectivity_score,area_per_bhk
2 BHK,710.05,865.89,5,9,10,1,Semi-Furnished,1,3,2,1,3,Marble,1,1,0,0,0,Covered,0,Tanker,1638.73,Wakad,411057,Society,4.62,3.17,2.11,2.3,18675.03,4857195.42,6840.638574748257,Broker,31,3,1,2,2,0,0,0,0,0,0,0,0,0,0,0,0,0,0,1,0.2153843945020865,0.2209096553865259,0.238095238095238,0.2631578947368421,0.5,1.0,1.0,0.4000000000000001,0.4,0.2,0.2222222222222222,1.0,1.0,0.0,0.0,0.0,0.0,0.096232749402224,1.0,0.6138888888888889,0.2468827930174563,0.6895306859205776,0.6719999999999999,0.0639713158652248,0.2727272727272727,1.0,0.0,0.0,0.0,0.0,0.0,0.0,0.0,0.0,0.0,0.0,0.0,0.0,0.0,0.0,1.0,0.5555555555555556,0.45976583225152323,355.025
2 BHK,521.06,632.55,13,13,10,1,Fully Furnished,1,3,2,2,3,Marble,0,0,1,1,1,Covered,1,Corporation + Borewell,3130.48,Kalyani Nagar,411006,Standalone,1.16,4.57,1.35,1.55,26336.94,14679626.57,28172.62228917975,Owner,37,1,2,2,2,0,0,0,0,1,0,0,0,0,0,0,0,0,0,0,0.1249377847543933,0.1303554796647004,0.6190476190476191,0.4736842105263157,0.5,1.0,1.0,0.4000000000000001,0.4,0.4,0.2222222222222222,0.0,0.0,1.0,1.0,1.0,1.0,0.2673905760219559,0.089285714286234,0.1333333333333333,0.3632585203657522,0.4151624548736462,0.3720000000000001,0.7228212325357007,0.3272727272727272,0.0,0.0,0.0,0.0,0.0,1.0,0.0,0.0,0.0,0.0,0.0,0.0,0.0,0.0,0.0,0.0,1.0,0.6575923571222018,260.53
1 BHK,449.83,512.23,2,15,9,1,Semi-Furnished,1,1,1,0,2,Granite,1,1,1,1,0,Covered,1,Municipal,800.0,Kothrud,411038,Society,1.14,6.8,1.32,1.27,14373.3,4462131.72,9919.595669475135,Owner,17,2,1,1,1,0,0,0,0,0,0,0,1,0,0,0,0,0,0,0,0.0908486159500746,0.083661906240298,0.0952380952380952,0.5789473684210527,0.45,1.0,1.0,0.0,0.2,0.0,0.1111111111111111,1.0,1.0,1.0,1.0,0.0,1.0,0.0,0.6607142857146755,0.1305555555555555,0.5486284289276807,0.4043321299638989,0.26,0.1590682783218459,0.1454545454545454,0.5,0.0,0.0,0.0,0.0,0.0,0.0,0.0,1.0,0.0,0.0,0.0,0.0,0.0,0.0,0.0,0.13333333333333333,0.627628283985602,449.83
2 BHK,412.72,470.99,8,15,7,1,Semi-Furnished,1,2,1,1,2,Granite,0,1,1,0,0,Covered,0,Corporation + Borewell,860.97,Hinjewadi,411057,Standalone,5.41,1.44,2.33,2.23,8032.0,4791774.16,11610.230083349486,Broker,10,3,1,2,2,0,0,0,1,0,0,0,0,0,0,0,0,0,0,0,0.0730885562234388,0.0676575597640484,0.3809523809523809,0.5789473684210527,0.35,1.0,1.0,0.2,0.2,0.2,0.1111111111111111,0.0,1.0,1.0,0.0,0.0,0.0,0.0069954702121703,1.0,0.7236111111111112,0.1030756442227763,0.7689530685920578,0.644,0.2112832746711603,0.0818181818181818,1.0,0.0,0.0,0.0,1.0,0.0,0.0,0.0,0.0,0.0,0.0,0.0,0.0,0.0,0.0,0.0,0.5333333333333333,0.4788106916275354,206.36
1 BHK,371.22,439.58,3,11,13,1,Fully Furnished,1,1,2,0,1,Wooden,1,1,0,1,0,Bike,0,Corporation + Borewell,800.0,Kharadi,411014,Society,4.67,1.77,2.05,1.99,23880.3,6013410.56,16199.047896126283,Owner,14,2,2,1,1,0,0,0,0,0,1,0,0,0,0,0,0,0,0,0,0.0532275355105478,0.0554680223533064,0.1428571428571428,0.368421052631579,0.65,1.0,1.0,0.0,0.4,0.0,0.0,1.0,1.0,0.0,1.0,0.0,0.0,0.0,0.232142857143117,0.6208333333333333,0.1305070656691604,0.667870036101083,0.548,0.3530083255398505,0.1181818181818181,0.5,0.0,0.0,0.0,0.0,0.0,1.0,0.0,0.0,0.0,0.0,0.0,0.0,0.0,0.0,0.0,0.2727272727272727,0.5287907742323115,371.22
4 BHK,1482.88,1695.21,0,15,8,1,Unfurnished,0,5,5,2,5,Granite,0,1,0,0,0,Covered,0,Tanker,3897.54,Hinjewadi,411057,Society,6.27,1.99,2.43,2.76,27826.72,9355337.01,6308.89688309236,Owner,3,3,0,4,4,0,0,0,1,0,0,0,0,0,0,0,0,0,0,0,0.585244458057353,0.5427506985408259,0.0,0.5789473684210527,0.4,1.0,0.0,0.8,1.0,0.4,0.4444444444444445,0.0,1.0,0.0,0.0,0.0,0.0,0.3554001771527966,1.0,0.8430555555555556,0.1487946799667497,0.8050541516245489,0.8559999999999999,0.04754909894161,0.0181818181818181,1.0,0.0,0.0,0.0,1.0,0.0,0.0,0.0,0.0,0.0,0.0,0.0,0.0,0.0,0.0,0.0,0.0,0.36845756064889346,370.72
1 BHK,390.95,873.45,9,18,15,1,Unfurnished,0,1,1,0,2,Vitrified,0,0,0,1,1,Covered,0,Corporation + Borewell,800.0,Pimple Saudagar,411027,Standalone,3.03,5.09,1.18,1.77,7500.0,2800000.0,7162.041181736795,Owner,11,3,0,1,1,0,0,0,0,0,0,0,0,0,0,1,0,0,0,0,0.0626698954783873,0.223843526855014,0.4285714285714285,0.7368421052631579,0.75,1.0,0.0,0.0,0.2,0.0,0.1111111111111111,0.0,0.0,0.0,1.0,1.0,0.0,0.0,0.464285714286234,0.3930555555555555,0.4064837905236907,0.3537906137184115,0.4600000000000001,0.0738992040146422,0.0909090909090909,1.0,0.0,0.0,0.0,0.0,0.0,0.0,0.0,0.0,0.0,0.0,1.0,0.0,0.0,0.0,0.0,0.5,0.5356810502558662,390.95
1 BHK,349.71,419.26,11,16,16,1,Unfurnished,1,1,1,0,1,Ceramic,1,1,0,0,0,Covered,0,Municipal,2164.755,Wakad,411057,Society,4.96,2.73,2.63,2.59,7500.0,2800000.0,8006.634068227961,Owner,30,3,0,1,1,0,0,0,0,0,0,0,0,0,0,0,0,0,0,1,0.0429333052567096,0.0475822725861533,0.5238095238095237,0.631578947368421,0.8,1.0,1.0,0.0,0.2,0.0,0.0,1.0,1.0,0.0,0.0,0.0,0.0,0.1565868943646135,1.0,0.6611111111111111,0.2103075644222776,0.8772563176895307,0.788,0.0999880163619899,0.2636363636363636,1.0,0.0,0.0,0.0,0.0,0.0,0.0,0.0,0.0,0.0,0.0,0.0,0.0,0.0,0.0,1.0,0.6875,0.4254599794460793,349.71
1 BHK,475.65,599.57,3,11,11,1,Semi-Furnished,1,1,1,0,1,Vitrified,0,0,0,0,0,Covered,1,Borewell,1244.38,Hinjewadi,411057,Standalone,5.57,0.77,2.79,2.75,12057.33,3883842.74,8165.337411962579,Not Specified,66,3,1,1,1,0,0,0,1,0,0,0,0,0,0,0,0,0,0,0,0.1032055208851793,0.1175566594225396,0.1428571428571428,0.368421052631579,0.55,1.0,1.0,0.0,0.2,0.0,0.0,0.0,0.0,0.0,0.0,0.0,1.0,0.0509865024255247,1.0,0.7458333333333333,0.0473815461346633,0.9350180505415164,0.8520000000000001,0.1048886448235007,0.5909090909090909,1.0,0.0,0.0,0.0,1.0,0.0,0.0,0.0,0.0,0.0,0.0,0.0,0.0,0.0,0.0,0.0,0.2727272727272727,0.43430903543332,475.65
2 BHK,738.75,827.76,14,17,9,1,Semi-Furnished,1,2,1,1,4,Granite,0,1,0,1,0,Bike,1,Tanker,2745.58,Hadapsar,411028,Society,5.8,0.6,2.39,2.12,17739.85,5711568.22,7731.395221658206,Owner,31,3,1,2,2,0,0,1,0,0,0,0,0,0,0,0,0,0,0,0,0.2291196064167847,0.2061122322260168,0.6666666666666666,0.6842105263157894,0.45,1.0,1.0,0.2,0.2,0.2,0.3333333333333333,0.0,1.0,0.0,1.0,0.0,1.0,0.2232285867704494,0.482142857143117,0.7777777777777778,0.0332502078137988,0.7906137184115524,0.6000000000000001,0.0914839573678989,0.2727272727272727,1.0,0.0,0.0,1.0,0.0,0.0,0.0,0.0,0.0,0.0,0.0,0.0,0.0,0.0,0.0,0.0,0.8235294117647058,0.49588978248013404,369.375
2 BHK,551.49,669.64,14,18,10,1,Unfurnished,0,2,2,1,3,Vitrified,1,1,0,0,0,Bike,0,Municipal,1849.19,Hadapsar,411028,Society,6.66,2.06,1.7,2.5,9046.2,3462727.15,6278.857549547589,Builder,16,3,0,2,2,0,0,1,0,0,0,0,0,0,0,0,0,0,0,0,0.1395009380144722,0.1447493014591742,0.6666666666666666,0.7368421052631579,0.5,1.0,0.0,0.2,0.4,0.2,0.2222222222222222,1.0,1.0,0.0,0.0,0.0,0.0,0.1203801442005406,0.482142857143117,0.8972222222222223,0.1546134663341645,0.5415162454873647,0.752,0.0466225289923737,0.1363636363636363,1.0,0.0,0.0,1.0,0.0,0.0,0.0,0.0,0.0,0.0,0.0,0.0,0.0,0.0,0.0,0.0,0.7777777777777778,0.3767598940534346,275.745
4 BHK,1480.78,1631.99,6,6,9,1,Semi-Furnished,1,5,4,1,5,Vitrified,0,1,0,0,1,Stilt,1,Not Specified,6018.07,Aundh,411007,Standalone,2.5,3.09,1.06,1.02,64816.62,15751724.75,10637.451039317117,Broker,13,2,1,4,4,1,0,0,0,0,0,0,0,0,0,0,0,0,0,0,0.5842394425513994,0.518216392424713,0.2857142857142857,0.1052631578947368,0.45,1.0,1.0,0.8,0.8,0.2,0.4444444444444445,0.0,1.0,0.0,0.0,1.0,1.0,0.5987018738727161,0.107142857143117,0.3194444444444444,0.2402327514546965,0.3104693140794224,0.16,0.1812395529238224,0.109090909090909,0.5,1.0,0.0,0.0,0.0,0.0,0.0,0.0,0.0,0.0,0.0,0.0,0.0,0.0,0.0,0.0,1.0,0.6941938951342059,370.195
2 BHK,782.43,943.61,4,8,2,1,Semi-Furnished,1,2,2,2,3,Granite,1,1,0,1,0,Stilt,1,Corporation + Borewell,3969.3,Kalyani Nagar,411006,Society,2.18,5.72,1.2,1.03,53008.65,9219249.35,11782.842362895084,Owner,46,1,1,2,2,0,0,0,0,1,0,0,0,0,0,0,0,0,0,0,0.2500239289406179,0.2510710959329401,0.1904761904761904,0.2105263157894736,0.1,1.0,1.0,0.2,0.4,0.4,0.2222222222222222,1.0,1.0,0.0,1.0,0.0,1.0,0.3636336516882295,0.089285714286234,0.275,0.4588528678304238,0.3610108303249097,0.164,0.2166156847290154,0.409090909090909,0.0,0.0,0.0,0.0,0.0,1.0,0.0,0.0,0.0,0.0,0.0,0.0,0.0,0.0,0.0,0.0,0.5,0.6358582763529617,391.215
1 BHK,429.61,490.16,1,8,9,1,Fully Furnished,1,1,1,1,1,Marble,1,1,1,1,1,Covered,1,Corporation + Borewell,2753.64,Kalyani Nagar,411006,Society,1.43,4.8,2.08,1.46,30564.79,6375895.85,14841.12532296734,Not Specified,56,1,2,1,1,0,0,0,0,1,0,0,0,0,0,0,0,0,0,0,0.0811717523641793,0.0750970195591431,0.0476190476190476,0.2105263157894736,0.45,1.0,1.0,0.0,0.2,0.2,0.0,1.0,1.0,1.0,1.0,1.0,1.0,0.2241533610842118,0.089285714286234,0.1708333333333333,0.3823773898586866,0.6787003610108304,0.3359999999999999,0.311071460780765,0.4999999999999999,0.0,0.0,0.0,0.0,0.0,1.0,0.0,0.0,0.0,0.0,0.0,0.0,0.0,0.0,0.0,0.0,0.125,0.6487768414996542,429.61
2 BHK,693.5,758.97,15,18,8,1,Unfurnished,1,2,3,1,3,Vitrified,1,0,0,0,0,Open,0,Municipal,857.82,Wakad,411057,Society,4.65,2.87,1.97,2.4,20270.17,7813221.02,11266.360519105983,Broker,29,3,0,2,2,0,0,0,0,0,0,0,0,0,0,0,0,0,0,1,0.2074639151575481,0.179416330332195,0.7142857142857142,0.7368421052631579,0.4,1.0,1.0,0.2,0.6000000000000001,0.2,0.2222222222222222,1.0,0.0,0.0,0.0,0.0,0.0,0.0066340509704393,1.0,0.6180555555555556,0.2219451371571072,0.6389891696750902,0.712,0.2006647830529121,0.2545454545454545,1.0,0.0,0.0,0.0,0.0,0.0,0.0,0.0,0.0,0.0,0.0,0.0,0.0,0.0,0.0,1.0,0.8333333333333334,0.4559073350978502,346.75
1 BHK,504.23,584.16,1,19,10,1,Semi-Furnished,1,1,1,0,2,Vitrified,1,1,0,0,0,Covered,0,Tanker,1257.95,Pune Camp,411001,Society,2.3,5.69,1.61,1.97,10475.19,3757511.88,7451.980009122821,Owner,30,3,1,1,1,0,0,0,0,0,0,0,0,0,0,0,1,0,0,0,0.1168833033423944,0.1115763737969574,0.0476190476190476,0.7894736842105263,0.5,1.0,1.0,0.0,0.2,0.0,0.1111111111111111,1.0,1.0,0.0,0.0,0.0,0.0,0.0525434735716482,0.0,0.2916666666666666,0.456359102244389,0.5090252707581228,0.54,0.0828545025740113,0.2636363636363636,1.0,0.0,0.0,0.0,0.0,0.0,0.0,0.0,0.0,0.0,0.0,0.0,1.0,0.0,0.0,0.0,0.05263157894736842,0.5308431820083497,504.23
2 BHK,513.34,595.33,10,16,6,1,Unfurnished,0,2,2,1,3,Vitrified,0,0,0,0,0,Stilt,0,Borewell,800.0,Hinjewadi,411057,Society,5.95,0.25,2.61,3.1,20975.46,4013125.04,7817.674523707484,Owner,8,3,0,2,2,0,0,0,1,0,0,0,0,0,0,0,0,0,0,0,0.1212431563229832,0.1159112076994722,0.4761904761904761,0.631578947368421,0.3,1.0,0.0,0.2,0.4,0.2,0.2222222222222222,0.0,0.0,0.0,0.0,0.0,0.0,0.0,1.0,0.7986111111111112,0.0041562759767248,0.8700361010830325,0.9920000000000002,0.0941469194020041,0.0636363636363636,1.0,0.0,0.0,0.0,1.0,0.0,0.0,0.0,0.0,0.0,0.0,0.0,0.0,0.0,0.0,0.0,0.625,0.3939715550508681,256.67
2 BHK,421.79,458.99,8,13,7,1,Fully Furnished,1,2,1,1,4,Ceramic,1,1,1,0,0,Covered,0,Corporation + Borewell,800.0,Pimple Saudagar,411027,Society,3.46,5.7,1.57,1.75,12949.19,5767519.94,13673.913416629128,Owner,57,3,2,2,2,0,0,0,0,0,0,0,0,0,0,1,0,0,0,0,0.0774292660515333,0.0630006209251785,0.3809523809523809,0.4736842105263157,0.35,1.0,1.0,0.2,0.2,0.2,0.3333333333333333,1.0,1.0,1.0,0.0,0.0,0.0,0.0,0.464285714286234,0.4527777777777778,0.4571903574397339,0.4945848375451264,0.452,0.2750238746190253,0.5090909090909091,1.0,0.0,0.0,0.0,0.0,0.0,0.0,0.0,0.0,0.0,0.0,1.0,0.0,0.0,0.0,0.0,0.6153846153846154,0.5018226494309896,210.895
3 BHK,792.69,991.31,15,19,8,1,Semi-Furnished,1,4,2,2,6,Vitrified,1,1,0,0,0,Stilt,0,Municipal,2247.13,Hinjewadi,411057,Society,5.9,2.29,2.35,3.02,21981.88,9348950.29,11793.955127477322,Owner,9,3,1,3,3,0,0,0,1,0,0,0,0,0,0,0,0,0,0,0,0.2549341475554194,0.269582427817448,0.7142857142857142,0.7894736842105263,0.4,1.0,1.0,0.6000000000000001,0.4,0.4,0.5555555555555556,1.0,1.0,0.0,0.0,0.0,0.0,0.1660382943765461,1.0,0.7916666666666667,0.1737323358270989,0.776173285198556,0.9600000000000002,0.216956971326984,0.0727272727272727,1.0,0.0,0.0,0.0,1.0,0.0,0.0,0.0,0.0,0.0,0.0,0.0,0.0,0.0,0.0,0.0,0.7894736842105263,0.3491698346563433,264.23
3 BHK,817.56,929.5,12,14,3,1,Unfurnished,0,3,2,1,3,Marble,0,0,0,0,0,Open,0,Corporation + Borewell,3021.04,Magarpatta,411013,Standalone,4.74,1.5,1.76,2.3,13626.39,5987643.93,7323.797556142668,Broker,58,3,0,3,3,0,0,0,0,0,0,0,0,1,0,0,0,0,0,0,0.2668364026187832,0.2455953120149022,0.5714285714285714,0.5263157894736842,0.15,1.0,0.0,0.4000000000000001,0.4,0.2,0.2222222222222222,0.0,0.0,0.0,0.0,0.0,0.0,0.2548338389378175,0.214285714286234,0.6305555555555556,0.1080631753948462,0.5631768953068592,0.6719999999999999,0.0788940337543255,0.5181818181818182,1.0,0.0,0.0,0.0,0.0,0.0,0.0,0.0,0.0,1.0,0.0,0.0,0.0,0.0,0.0,0.0,0.8571428571428571,0.4998769163527954,272.52
1 RK,280.78,306.92,2,8,12,1,Unfurnished,1,2,1,1,1,Marble,1,1,1,1,1,Bike,1,Corporation + Borewell,1119.62,Kalyani Nagar,411006,Society,1.49,4.73,1.64,0.83,15974.18,5617884.96,20008.13790155994,Owner,6,1,0,1,1,0,0,0,0,1,0,0,0,0,0,0,0,0,0,0,0.0099448677208162,0.0039855634895995,0.0952380952380952,0.2105263157894736,0.6000000000000001,1.0,1.0,0.2,0.2,0.2,0.0,1.0,1.0,1.0,1.0,1.0,1.0,0.0366720057276344,0.089285714286234,0.1791666666666666,0.3765586034912718,0.51985559566787,0.084,0.4706623245539801,0.0454545454545454,0.0,0.0,0.0,0.0,0.0,1.0,0.0,0.0,0.0,0.0,0.0,0.0,0.0,0.0,0.0,0.0,0.25,0.7152897079103129,280.78
1 BHK,452.92,501.68,8,15,10,1,Unfurnished,0,1,0,0,2,Not Specified,1,1,0,1,0,Covered,0,Municipal,2554.59,Pimple Saudagar,411027,Society,4.99,6.0,1.22,2.11,10378.52,3139406.27,6931.480769230769,Broker,36,3,0,1,1,0,0,0,0,0,0,0,0,0,0,1,0,0,0,0,0.0923274244802634,0.0795676808444582,0.3809523809523809,0.5789473684210527,0.5,1.0,0.0,0.0,0.0,0.0,0.1111111111111111,1.0,1.0,0.0,1.0,0.0,0.0,0.2013151070948318,0.464285714286234,0.6652777777777779,0.482128013300083,0.3682310469314079,0.596,0.0667760431015632,0.3181818181818182,1.0,0.0,0.0,0.0,0.0,0.0,0.0,0.0,0.0,0.0,0.0,1.0,0.0,0.0,0.0,0.0,0.5333333333333333,0.38626557716909315,452.92
1 RK,386.63,473.63,5,18,14,1,Fully Furnished,0,1,0,0,1,Vitrified,1,1,0,0,0,Bike,1,Corporation + Borewell,1332.34,Aundh,411007,Society,3.13,3.12,1.65,1.7,17334.11,3510242.68,9079.07477433205,Owner,4,2,2,1,1,1,0,0,0,0,0,0,0,0,0,0,0,0,0,0,0.0606024350089972,0.0686820863085998,0.238095238095238,0.7368421052631579,0.7000000000000001,1.0,0.0,0.0,0.0,0.0,0.0,1.0,1.0,0.0,0.0,0.0,1.0,0.0610787044898596,0.107142857143117,0.4069444444444444,0.2427265170407315,0.5234657039711191,0.432,0.1331091857673914,0.0272727272727272,0.5,1.0,0.0,0.0,0.0,0.0,0.0,0.0,0.0,0.0,0.0,0.0,0.0,0.0,0.0,0.0,0.2777777777777778,0.592348282618111,386.63
2 BHK,665.51,815.36,12,16,8,1,Fully Furnished,1,2,1,1,3,Marble,1,0,1,1,0,Not Specified,0,Corporation + Borewell,1707.05,Shivajinagar,411005,Society,0.2,5.7,1.01,1.31,30817.61,7735710.76,11623.733317305525,Broker,21,2,2,2,2,0,0,0,0,0,0,0,0,0,0,0,0,1,0,0,0.1940684941996248,0.2013000620925178,0.5714285714285714,0.631578947368421,0.4,1.0,1.0,0.2,0.2,0.2,0.2222222222222222,1.0,0.0,1.0,1.0,0.0,0.0,0.1040715311784332,0.071428571429351,0.0,0.4571903574397339,0.2924187725631769,0.276,0.2116996134350172,0.1818181818181818,0.5,0.0,0.0,0.0,0.0,0.0,0.0,0.0,0.0,0.0,0.0,0.0,0.0,1.0,0.0,0.0,0.75,0.6956780432863834,332.755
3 BHK,921.27,1032.64,9,20,17,1,Unfurnished,0,4,2,2,6,Ceramic,1,1,0,1,0,Covered,0,Municipal,1228.41,Hinjewadi,411057,Society,6.43,0.31,1.97,2.59,20598.27,4812288.36,5223.53746458693,Broker,25,3,0,3,3,0,0,0,1,0,0,0,0,0,0,0,0,0,0,0,0.3164698112485164,0.2856217013349892,0.4285714285714285,0.8421052631578947,0.8500000000000001,1.0,0.0,0.6000000000000001,0.4,0.4,0.5555555555555556,1.0,1.0,0.0,1.0,0.0,0.0,0.0491541642380823,1.0,0.8652777777777778,0.0091438071487946,0.6389891696750902,0.788,0.0140267247481891,0.2181818181818181,1.0,0.0,0.0,0.0,1.0,0.0,0.0,0.0,0.0,0.0,0.0,0.0,0.0,0.0,0.0,0.0,0.45,0.42520178994013824,307.09
2 BHK,706.91,855.72,0,5,0,1,Semi-Furnished,1,2,1,1,2,Granite,1,1,0,1,1,Open,1,Tanker,3418.26,Koregaon Park,411001,Society,2.34,5.73,1.3,0.98,49840.17,21441521.52,30331.33145662107,Builder,32,1,1,2,2,0,0,0,0,0,0,1,0,0,0,0,0,0,0,0,0.2138816570312798,0.2169628997205837,0.0,0.0526315789473684,0.0,1.0,1.0,0.2,0.2,0.2,0.1111111111111111,1.0,1.0,0.0,1.0,1.0,1.0,0.3004093790014273,0.0,0.2972222222222222,0.4596841230257689,0.3971119133574007,0.144,0.78949288208965,0.2818181818181818,0.0,0.0,0.0,0.0,0.0,0.0,0.0,1.0,0.0,0.0,0.0,0.0,0.0,0.0,0.0,0.0,0.0,0.6337203956582533,353.455
2 BHK,678.89,796.34,2,15,8,1,Unfurnished,0,3,1,0,3,Granite,0,0,0,1,0,Open,0,Borewell,1761.69,Hinjewadi,411057,Standalone,6.08,0.2,2.32,2.41,11750.74,7334545.56,10803.73191533238,Owner,42,3,0,2,2,0,0,0,1,0,0,0,0,0,0,0,0,0,0,0,0.2004718787089858,0.1939188140329091,0.0952380952380952,0.5789473684210527,0.4,1.0,0.0,0.4000000000000001,0.2,0.0,0.2222222222222222,0.0,0.0,0.0,1.0,0.0,0.0,0.1103407208191251,1.0,0.8166666666666667,0.0,0.7653429602888087,0.7160000000000001,0.1863742947258403,0.3727272727272727,1.0,0.0,0.0,0.0,1.0,0.0,0.0,0.0,0.0,0.0,0.0,0.0,0.0,0.0,0.0,0.0,0.13333333333333333,0.4631964170598676,339.445
2 BHK,570.52,684.59,10,16,3,1,Unfurnished,1,2,1,1,4,Granite,1,1,0,0,0,Not Specified,0,Borewell,2075.84,Pimple Saudagar,411027,Society,4.07,4.69,1.38,2.06,13310.15,4412496.29,7734.165831171563,Broker,23,3,0,2,2,0,0,0,0,0,0,0,0,0,0,1,0,0,0,0,0.1486082928136605,0.1505510710959329,0.4761904761904761,0.631578947368421,0.15,1.0,1.0,0.2,0.2,0.2,0.3333333333333333,1.0,1.0,0.0,0.0,0.0,0.0,0.1463851191650871,0.464285714286234,0.5375000000000001,0.3732335827098919,0.4259927797833934,0.5760000000000001,0.0915698195165281,0.1999999999999999,1.0,0.0,0.0,0.0,0.0,0.0,0.0,0.0,0.0,0.0,0.0,1.0,0.0,0.0,0.0,0.0,0.625,0.46875345060136553,285.26
3 BHK,682.08,770.3,7,7,8,1,Semi-Furnished,1,4,1,3,5,Vitrified,1,1,0,1,0,Covered,1,Tanker,2930.85,Baner,411045,Society,3.1,3.69,1.63,2.4,40644.48,16693803.78,24474.84720267417,Owner,36,1,1,3,3,0,1,0,0,0,0,0,0,0,0,0,0,0,0,0,0.2019985451204104,0.1838132567525613,0.3333333333333333,0.1578947368421052,0.4,1.0,1.0,0.6000000000000001,0.2,0.6000000000000001,0.4444444444444445,1.0,1.0,0.0,1.0,0.0,1.0,0.2444857749975905,0.7857142857146755,0.4027777777777778,0.2901080631753948,0.516245487364621,0.712,0.6086137648760805,0.3181818181818182,0.0,0.0,1.0,0.0,0.0,0.0,0.0,0.0,0.0,0.0,0.0,0.0,0.0,0.0,0.0,0.0,1.0,0.5033777409084033,227.36
4 BHK,1209.76,1543.22,11,11,10,1,Semi-Furnished,1,5,4,2,7,Vitrified,1,1,0,0,0,Covered,1,Municipal,3138.38,Hinjewadi,411057,Society,5.54,0.84,1.92,2.37,42789.29,10271364.16,8490.414759952388,Owner,27,3,1,4,4,0,0,0,1,0,0,0,0,0,0,0,0,0,0,0,0.4545350128259122,0.4837666873641726,0.5238095238095237,0.368421052631579,0.5,1.0,1.0,0.8,0.8,0.4,0.6666666666666665,1.0,1.0,0.0,0.0,0.0,1.0,0.2682969925329637,1.0,0.7416666666666667,0.0532003325020781,0.6209386281588447,0.7000000000000001,0.1149264859402276,0.2363636363636363,1.0,0.0,0.0,0.0,1.0,0.0,0.0,0.0,0.0,0.0,0.0,0.0,0.0,0.0,0.0,0.0,1.0,0.47435080057729284,302.44
2 BHK,633.25,767.93,8,10,3,1,Unfurnished,0,2,3,0,3,Wooden,1,1,0,1,0,Covered,1,Corporation + Borewell,2165.24,Wakad,411057,Society,4.12,2.24,2.39,2.41,15021.79,5283050.86,8342.75698381366,Broker,58,3,0,2,2,0,0,0,0,0,0,0,0,0,0,0,0,0,0,1,0.1786295417129292,0.1828935113318845,0.3809523809523809,0.3157894736842105,0.15,1.0,0.0,0.2,0.6000000000000001,0.0,0.2222222222222222,1.0,1.0,0.0,1.0,0.0,1.0,0.1566425414542133,1.0,0.5444444444444445,0.169576059850374,0.7906137184115524,0.7160000000000001,0.1103674529333351,0.5181818181818182,1.0,0.0,0.0,0.0,0.0,0.0,0.0,0.0,0.0,0.0,0.0,0.0,0.0,0.0,0.0,1.0,0.8,0.4958837241543701,316.625
2 BHK,501.36,546.77,1,11,7,1,Unfurnished,1,2,2,2,2,Granite,1,1,0,1,0,Covered,1,Municipal,898.8,Baner,411045,Society,2.1,2.62,1.8,2.37,26666.98,13757190.76,27439.74541247806,Broker,32,1,0,2,2,0,1,0,0,0,0,0,0,0,0,0,0,0,0,0,0.1155097821509246,0.0970661285315119,0.0476190476190476,0.368421052631579,0.35,1.0,1.0,0.2,0.4,0.4,0.1111111111111111,1.0,1.0,0.0,1.0,0.0,1.0,0.0113359432009582,0.7857142857146755,0.2638888888888889,0.2011637572734829,0.5776173285198556,0.7000000000000001,0.7001817312527103,0.2818181818181818,0.0,0.0,1.0,0.0,0.0,0.0,0.0,0.0,0.0,0.0,0.0,0.0,0.0,0.0,0.0,0.0,0.09090909090909091,0.5807911739023759,250.68
2 BHK,707.45,898.26,0,12,10,1,Semi-Furnished,1,2,1,2,3,Marble,1,1,1,1,1,Covered,1,Tanker,3439.93,Koregaon Park,411001,Standalone,2.29,3.73,1.45,0.81,44764.74,18611407.54,26307.735585553746,Owner,43,1,1,2,2,0,0,0,0,0,0,1,0,0,0,0,0,0,0,0,0.2141400895899536,0.2334717479043775,0.0,0.4210526315789473,0.5,1.0,1.0,0.2,0.2,0.4,0.2222222222222222,1.0,1.0,1.0,1.0,1.0,1.0,0.3028957139120019,0.0,0.2902777777777778,0.2934330839567747,0.4512635379061371,0.076,0.665231821624166,0.3818181818181818,0.0,0.0,0.0,0.0,0.0,0.0,0.0,1.0,0.0,0.0,0.0,0.0,0.0,0.0,0.0,0.0,0.0,0.7086458069491595,353.725
1 BHK,391.07,478.91,12,13,7,1,Semi-Furnished,1,2,2,0,2,Granite,1,1,0,0,1,Stilt,0,Corporation + Borewell,800.0,Viman Nagar,411014,Society,1.39,6.06,1.72,1.56,12302.08,3715956.81,9502.024727030966,Broker,7,2,1,1,1,0,0,0,0,0,0,0,0,0,0,0,0,0,1,0,0.0627273249358704,0.0707311393977026,0.5714285714285714,0.4736842105263157,0.35,1.0,1.0,0.2,0.4,0.0,0.1111111111111111,1.0,1.0,0.0,0.0,1.0,0.0,0.0,0.232142857143117,0.1652777777777777,0.4871155444721529,0.5487364620938628,0.3760000000000001,0.1461741309082733,0.0545454545454545,0.5,0.0,0.0,0.0,0.0,0.0,0.0,0.0,0.0,0.0,0.0,0.0,0.0,0.0,1.0,0.0,0.9230769230769231,0.6055531001156513,391.07
2 BHK,721.46,918.21,2,11,4,1,Semi-Furnished,1,2,0,1,3,Vitrified,0,1,0,0,1,Bike,1,Corporation + Borewell,3862.94,Kharadi,411014,Standalone,4.1,1.76,1.65,2.3,21873.22,7690000.44,10658.942200537798,Broker,12,2,1,2,2,0,0,0,0,0,1,0,0,0,0,0,0,0,0,0,0.2208449787511007,0.2412139087239988,0.0952380952380952,0.368421052631579,0.2,1.0,1.0,0.2,0.0,0.2,0.2222222222222222,0.0,1.0,0.0,0.0,1.0,1.0,0.3514303023071168,0.232142857143117,0.5416666666666666,0.1296758104738154,0.5234657039711191,0.6719999999999999,0.1819042124340745,0.0999999999999999,0.5,0.0,0.0,0.0,0.0,0.0,1.0,0.0,0.0,0.0,0.0,0.0,0.0,0.0,0.0,0.0,0.18181818181818182,0.5216193456177103,360.73
1 BHK,464.52,533.66,5,9,10,1,Fully Furnished,0,1,1,0,2,Vitrified,0,1,0,1,0,Covered,1,Not Specified,2084.21,Kothrud,411038,Standalone,1.15,7.75,1.77,1.62,14516.08,4879303.5,10503.96861276156,Broker,17,2,2,1,1,0,0,0,0,0,0,0,1,0,0,0,0,0,0,0,0.0978789387036257,0.0919784228500465,0.238095238095238,0.2631578947368421,0.5,1.0,0.0,0.0,0.2,0.0,0.1111111111111111,0.0,1.0,0.0,1.0,0.0,1.0,0.1473454617216865,0.6607142857146755,0.1319444444444444,0.627597672485453,0.5667870036101084,0.4000000000000001,0.1771156989364213,0.1454545454545454,0.5,0.0,0.0,0.0,0.0,0.0,0.0,0.0,1.0,0.0,0.0,0.0,0.0,0.0,0.0,0.0,0.5555555555555556,0.5638920573507655,464.52
1 BHK,442.62,563.4,16,16,13,1,Semi-Furnished,0,2,1,0,2,Ceramic,0,0,1,1,0,Open,1,Tanker,2449.37,Aundh,411007,Standalone,2.96,4.24,1.23,1.43,20737.7,5952042.12,13447.295919750577,Owner,58,2,1,1,1,1,0,0,0,0,0,0,0,0,0,0,0,0,0,0,0.0873980627129675,0.1035198696057125,0.7619047619047619,0.631578947368421,0.65,1.0,0.0,0.2,0.2,0.0,0.1111111111111111,0.0,0.0,1.0,1.0,0.0,1.0,0.1892425570583457,0.107142857143117,0.3833333333333333,0.3358270989193682,0.371841155234657,0.3239999999999999,0.2680264183623926,0.5181818181818182,0.5,1.0,0.0,0.0,0.0,0.0,0.0,0.0,0.0,0.0,0.0,0.0,0.0,0.0,0.0,0.0,1.0,0.5983260652312166,442.62
4 BHK,1680.16,1831.07,13,14,7,1,Semi-Furnished,1,5,3,3,5,Marble,0,0,0,0,0,Covered,0,Municipal,4790.27,Magarpatta,411013,Standalone,5.7,1.93,1.63,2.31,28430.74,21281854.24,12666.564041519854,Broker,42,3,1,4,4,0,0,0,0,0,0,0,0,1,0,0,0,0,0,0,0.6796584861595009,0.5954750077615647,0.6190476190476191,0.5263157894736842,0.35,1.0,1.0,0.8,0.6000000000000001,0.6000000000000001,0.4444444444444445,0.0,0.0,0.0,0.0,0.0,0.0,0.4578286849846942,0.214285714286234,0.763888888888889,0.1438071487946799,0.516245487364621,0.676,0.2439108911502686,0.3727272727272727,1.0,0.0,0.0,0.0,0.0,0.0,0.0,0.0,0.0,1.0,0.0,0.0,0.0,0.0,0.0,0.0,0.9285714285714286,0.44384548237778,420.04
2 BHK,567.2,725.43,0,9,13,1,Semi-Furnished,1,3,3,1,3,Wooden,1,1,0,1,0,Covered,0,Corporation + Borewell,2468.065,Kharadi,411014,Society,5.09,1.75,2.39,1.82,19705.51,4450508.79,7846.454143159379,Owner,11,2,1,2,2,0,0,0,0,0,1,0,0,0,0,0,0,0,0,0,0.1470194111566293,0.1664001862775536,0.0,0.2631578947368421,0.65,1.0,1.0,0.4000000000000001,0.6000000000000001,0.2,0.2222222222222222,1.0,1.0,0.0,1.0,0.0,0.0,0.1913875515739521,0.232142857143117,0.6791666666666667,0.1288445552784704,0.7906137184115524,0.4800000000000001,0.0950370442665705,0.0909090909090909,0.5,0.0,0.0,0.0,0.0,0.0,1.0,0.0,0.0,0.0,0.0,0.0,0.0,0.0,0.0,0.0,0.0,0.5285793561345482,283.6
1 BHK,417.41,477.01,12,13,9,1,Semi-Furnished,1,2,1,0,2,Vitrified,0,0,0,1,1,Covered,1,Corporation + Borewell,800.0,Viman Nagar,411014,Society,2.71,5.89,1.79,1.75,23388.35,6820712.4,16340.558204163772,Builder,8,2,1,1,1,0,0,0,0,0,0,0,0,0,0,0,0,0,1,0,0.0753330908534017,0.0699937907482148,0.5714285714285714,0.4736842105263157,0.45,1.0,1.0,0.2,0.2,0.0,0.1111111111111111,0.0,0.0,0.0,1.0,1.0,1.0,0.0,0.232142857143117,0.3486111111111111,0.4729842061512883,0.5740072202166066,0.452,0.3573814268435962,0.0636363636363636,0.5,0.0,0.0,0.0,0.0,0.0,0.0,0.0,0.0,0.0,0.0,0.0,0.0,0.0,1.0,0.0,0.9230769230769231,0.5304279104565286,417.41
2 BHK,648.43,735.08,12,19,2,1,Semi-Furnished,1,2,1,1,2,Vitrified,1,1,0,1,0,Covered,0,Municipal,1139.63,Hinjewadi,411057,Society,5.78,0.2,2.45,2.78,13638.48,5205733.18,8028.211495458261,Builder,5,3,1,2,2,0,0,0,1,0,0,0,0,0,0,0,0,0,0,0,0.1858943680845361,0.1701451412604781,0.5714285714285714,0.7894736842105263,0.1,1.0,1.0,0.2,0.2,0.2,0.1111111111111111,1.0,1.0,0.0,1.0,0.0,0.0,0.0389678784346301,1.0,0.775,0.0,0.812274368231047,0.8639999999999999,0.1006495873057446,0.0363636363636363,1.0,0.0,0.0,0.0,1.0,0.0,0.0,0.0,0.0,0.0,0.0,0.0,0.0,0.0,0.0,0.0,0.631578947368421,0.43718001604346657,324.215
2 BHK,354.3,385.38,14,14,7,1,Fully Furnished,1,2,1,2,4,Marble,1,0,1,1,0,Open,1,Municipal,1006.69,Koregaon Park,411001,Society,2.47,5.79,1.88,0.84,30531.3,11419607.79,32231.464267569852,Owner,18,1,2,2,2,0,0,0,0,0,0,1,0,0,0,0,0,0,0,0,0.0451299820054366,0.0344341819310773,0.6666666666666666,0.5263157894736842,0.35,1.0,1.0,0.2,0.2,0.4,0.3333333333333333,1.0,0.0,1.0,1.0,0.0,1.0,0.0237148390709116,0.0,0.3152777777777778,0.4646716541978387,0.6064981949458483,0.088,0.8481920149437201,0.1545454545454545,0.0,0.0,0.0,0.0,0.0,0.0,0.0,1.0,0.0,0.0,0.0,0.0,0.0,0.0,0.0,0.0,1.0,0.6411864817833748,177.15
1 BHK,424.72,538.86,13,14,1,1,Semi-Furnished,1,1,2,0,1,Vitrified,1,1,0,0,1,Covered,0,Corporation + Borewell,2276.38,Kothrud,411038,Society,0.92,8.18,1.2,1.45,14134.43,3572694.72,8411.882463740818,Owner,6,2,1,1,1,0,0,0,0,0,0,0,1,0,0,0,0,0,0,0,0.0788315019717447,0.0939964296802235,0.6190476190476191,0.5263157894736842,0.05,1.0,1.0,0.0,0.4,0.0,0.0,1.0,1.0,0.0,0.0,1.0,0.0,0.1693943301926193,0.6607142857146755,0.1,0.6633416458852867,0.3610108303249097,0.3319999999999999,0.1125038143796243,0.0454545454545454,0.5,0.0,0.0,0.0,0.0,0.0,0.0,0.0,1.0,0.0,0.0,0.0,0.0,0.0,0.0,0.0,0.9285714285714286,0.5806949962101229,424.72
2 BHK,598.56,740.65,2,11,14,1,Semi-Furnished,1,3,2,1,3,Marble,1,0,1,1,0,Covered,1,Corporation + Borewell,1760.53,Kharadi,411014,Society,4.16,0.38,2.14,2.11,23567.87,5711389.35,9541.882768644748,Builder,19,2,1,2,2,0,0,0,0,0,1,0,0,0,0,0,0,0,0,0,0.1620276427122018,0.1723067370381869,0.0952380952380952,0.368421052631579,0.7000000000000001,1.0,1.0,0.4000000000000001,0.4,0.2,0.2222222222222222,1.0,0.0,1.0,1.0,0.0,1.0,0.1102076267491544,0.232142857143117,0.55,0.0149625935162094,0.700361010830325,0.596,0.1474015272343617,0.1636363636363636,0.5,0.0,0.0,0.0,0.0,0.0,1.0,0.0,0.0,0.0,0.0,0.0,0.0,0.0,0.0,0.0,0.18181818181818182,0.5768282166687728,299.28
2 BHK,692.75,777.52,16,18,4,1,Unfurnished,0,2,2,1,3,Vitrified,0,0,0,0,0,Bike,0,Corporation + Borewell,1942.82,Hinjewadi,411057,Standalone,5.91,2.03,2.55,2.27,12263.82,8281831.3,11955.00728978708,Broker,36,3,0,2,2,0,0,0,1,0,0,0,0,0,0,0,0,0,0,0,0.207104981048279,0.1866151816206147,0.7619047619047619,0.7368421052631579,0.2,1.0,0.0,0.2,0.4,0.2,0.2222222222222222,0.0,0.0,0.0,0.0,0.0,0.0,0.1311229008999913,1.0,0.7930555555555556,0.1521197007481296,0.8483754512635379,0.66,0.2219304899578349,0.3181818181818182,1.0,0.0,0.0,0.0,1.0,0.0,0.0,0.0,0.0,0.0,0.0,0.0,0.0,0.0,0.0,0.0,0.8888888888888888,0.4359339888980118,346.375
4 BHK,1069.76,1194.04,10,16,2,1,Unfurnished,1,4,3,2,7,Granite,1,1,0,1,0,Open,1,Municipal,3983.9,Kharadi,411014,Society,4.68,0.2,1.51,2.07,56648.93,12592571.83,11771.399033428059,Broker,23,2,0,4,4,0,0,0,0,0,1,0,0,0,0,0,0,0,0,0,0.3875339790956775,0.3482575287177895,0.4761904761904761,0.631578947368421,0.1,1.0,1.0,0.6000000000000001,0.6000000000000001,0.4,0.6666666666666665,1.0,1.0,0.0,1.0,0.0,1.0,0.3653088011895856,0.232142857143117,0.6222222222222222,0.0,0.4729241877256318,0.58,0.2162632792916558,0.1999999999999999,0.5,0.0,0.0,0.0,0.0,0.0,1.0,0.0,0.0,0.0,0.0,0.0,0.0,0.0,0.0,0.0,0.625,0.562584266447717,267.44
4 BHK,1688.78,2002.4,2,12,13,1,Fully Furnished,1,5,4,2,7,Ceramic,0,1,0,1,0,Open,0,Municipal,3708.01,Hinjewadi,411057,Standalone,5.08,1.02,2.06,2.5,28910.14,12056874.67,7139.399252714978,Owner,36,3,2,4,4,0,0,0,1,0,0,0,0,0,0,0,0,0,0,0,0.6837838355220338,0.6619644520335302,0.0952380952380952,0.4210526315789473,0.65,1.0,1.0,0.8,0.8,0.4,0.6666666666666665,0.0,1.0,0.0,1.0,0.0,0.0,0.3336542124273146,1.0,0.6777777777777778,0.0681629260182876,0.6714801444043321,0.752,0.0731999525596186,0.3181818181818182,1.0,0.0,0.0,0.0,1.0,0.0,0.0,0.0,0.0,0.0,0.0,0.0,0.0,0.0,0.0,0.0,0.16666666666666666,0.4762766634802612,422.195
2 BHK,361.28,393.25,6,11,10,1,Unfurnished,0,3,1,0,4,Ceramic,0,0,0,1,0,Covered,1,Tanker,800.0,Kharadi,411014,Standalone,3.89,2.22,2.0,1.63,10953.41,2800000.0,7750.221434898141,Not Specified,9,2,0,2,2,0,0,0,0,0,1,0,0,0,0,0,0,0,0,0,0.0484704621157012,0.0374883576529028,0.2857142857142857,0.368421052631579,0.5,1.0,0.0,0.4000000000000001,0.2,0.0,0.3333333333333333,0.0,0.0,0.0,1.0,0.0,1.0,0.0,0.232142857143117,0.5125000000000001,0.1679135494596841,0.6498194945848376,0.404,0.092067387579268,0.0727272727272727,0.5,0.0,0.0,0.0,0.0,0.0,1.0,0.0,0.0,0.0,0.0,0.0,0.0,0.0,0.0,0.0,0.5454545454545454,0.5901225255068265,180.64
2 BHK,707.89,795.61,6,13,6,1,Semi-Furnished,0,2,1,1,3,Ceramic,1,1,0,0,1,Covered,0,Tanker,1947.97,Pimple Saudagar,411027,Society,4.22,3.96,1.3,1.95,11603.37,5535276.73,7819.402350647701,Owner,10,3,1,2,2,0,0,0,0,0,0,0,0,0,0,1,0,0,0,0,0.2143506642673915,0.1936355169202111,0.2857142857142857,0.4736842105263157,0.3,1.0,0.0,0.2,0.2,0.2,0.2222222222222222,1.0,1.0,0.0,0.0,1.0,0.0,0.1317137926761546,0.464285714286234,0.5583333333333333,0.312551953449709,0.3971119133574007,0.532,0.0942018958856588,0.0818181818181818,1.0,0.0,0.0,0.0,0.0,0.0,0.0,0.0,0.0,0.0,0.0,1.0,0.0,0.0,0.0,0.0,0.46153846153846156,0.4936452601415807,353.945
1 BHK,375.94,409.57,5,11,6,1,Semi-Furnished,1,2,0,1,1,Vitrified,1,1,1,1,1,Not Specified,1,Corporation + Borewell,1933.44,Baner,411045,Society,2.72,2.44,1.39,2.3,20681.83,11359687.13,30216.755679097732,Owner,34,1,1,1,1,0,1,0,0,0,0,0,0,0,0,0,0,0,0,0,0.0554864275048815,0.0438217944737659,0.238095238095238,0.368421052631579,0.3,1.0,1.0,0.2,0.0,0.2,0.0,1.0,1.0,1.0,1.0,1.0,1.0,0.1300466747135035,0.7857142857146755,0.35,0.1862011637572734,0.4296028880866426,0.6719999999999999,0.7859675922894556,0.3,0.0,0.0,1.0,0.0,0.0,0.0,0.0,0.0,0.0,0.0,0.0,0.0,0.0,0.0,0.0,0.0,0.45454545454545453,0.5652478473819438,375.94
5 BHK,1723.45,2014.7,2,16,11,1,Unfurnished,1,5,5,3,6,Vitrified,0,1,0,1,0,Covered,0,Corporation + Borewell,4662.87,Hinjewadi,411057,Standalone,5.71,1.09,2.38,2.27,38501.52,10898875.23,6323.870857872291,Owner,6,3,0,5,5,0,0,0,1,0,0,0,0,0,0,0,0,0,0,0,0.7003761629465142,0.6667378143433718,0.0952380952380952,0.631578947368421,0.55,1.0,1.0,0.8,1.0,0.6000000000000001,0.5555555555555556,0.0,1.0,0.0,1.0,0.0,0.0,0.4432112845413532,1.0,0.7652777777777778,0.0739817123857024,0.7870036101083032,0.66,0.0480114573462789,0.0454545454545454,1.0,0.0,0.0,0.0,1.0,0.0,0.0,0.0,0.0,0.0,0.0,0.0,0.0,0.0,0.0,0.0,0.125,0.4705630578688633,344.69
1 RK,426.82,478.06,5,11,5,1,Semi-Furnished,1,1,1,0,2,Vitrified,1,1,1,1,0,Open,1,Borewell,1958.27,Aundh,411007,Society,3.25,2.73,1.32,1.33,20748.69,7089665.23,16610.433508270467,Owner,6,2,1,1,1,1,0,0,0,0,0,0,0,0,0,0,0,0,0,0,0.0798365174776982,0.0704012728966159,0.238095238095238,0.368421052631579,0.25,1.0,1.0,0.0,0.2,0.0,0.1111111111111111,1.0,1.0,1.0,1.0,0.0,1.0,0.1328955762284812,0.107142857143117,0.4236111111111111,0.2103075644222776,0.4043321299638989,0.284,0.3657131438271293,0.0454545454545454,0.5,1.0,0.0,0.0,0.0,0.0,0.0,0.0,0.0,0.0,0.0,0.0,0.0,0.0,0.0,0.0,0.45454545454545453,0.6371023910884908,426.82
3 BHK,1206.64,1366.75,6,10,18,1,Fully Furnished,0,3,3,3,3,Vitrified,0,1,1,1,0,Covered,1,Corporation + Borewell,3619.82,Baner,411045,Society,2.63,3.91,1.99,2.35,61983.04,19094441.46,15824.472469004839,Owner,51,1,2,3,3,0,1,0,0,0,0,0,0,0,0,0,0,0,0,0,0.4530418469313527,0.4152825209562248,0.2857142857142857,0.3157894736842105,0.9,1.0,0.0,0.4000000000000001,0.6000000000000001,0.6000000000000001,0.2222222222222222,0.0,1.0,1.0,1.0,0.0,1.0,0.3235356210215199,0.7857142857146755,0.3374999999999999,0.3083956774729842,0.6462093862815884,0.6920000000000001,0.341443806003432,0.4545454545454545,0.0,0.0,1.0,0.0,0.0,0.0,0.0,0.0,0.0,0.0,0.0,0.0,0.0,0.0,0.0,0.0,0.6,0.5238946081750662,402.21333333333337
1 BHK,440.1,497.61,9,14,11,1,Semi-Furnished,1,1,1,0,1,Wooden,1,1,1,1,0,Bike,1,Tanker,1511.18,Viman Nagar,411014,Society,2.41,5.35,1.46,1.37,18515.73,4656875.91,10581.404021813223,Broker,20,2,1,1,1,0,0,0,0,0,0,0,0,0,0,0,0,0,1,0,0.0861920441058233,0.0779882024216082,0.4285714285714285,0.5263157894736842,0.55,1.0,1.0,0.0,0.2,0.0,0.0,1.0,1.0,1.0,1.0,0.0,1.0,0.0815981385188006,0.232142857143117,0.3069444444444444,0.4280964256026599,0.4548736462093863,0.3,0.1795065582621007,0.1727272727272727,0.5,0.0,0.0,0.0,0.0,0.0,0.0,0.0,0.0,0.0,0.0,0.0,0.0,0.0,1.0,0.0,0.6428571428571429,0.599257621354923,440.1
2 BHK,545.54,668.66,9,10,13,1,Fully Furnished,0,2,2,1,4,Marble,1,1,1,1,1,Covered,1,Borewell,1879.21,Aundh,411007,Standalone,2.58,3.68,1.62,1.33,18517.53,12042500.93,22074.4600395938,Owner,35,2,2,2,2,1,0,0,0,0,0,0,0,0,0,0,0,0,0,0,0.1366533940809372,0.1443689847873331,0.4285714285714285,0.3157894736842105,0.65,1.0,0.0,0.2,0.4,0.2,0.3333333333333333,1.0,1.0,1.0,1.0,1.0,1.0,0.1238245269423702,0.107142857143117,0.3305555555555555,0.2892768079800498,0.5126353790613719,0.284,0.5344819918041799,0.3090909090909091,0.5,1.0,0.0,0.0,0.0,0.0,0.0,0.0,0.0,0.0,0.0,0.0,0.0,0.0,0.0,0.0,0.9,0.6413899574774473,272.77
2 BHK,621.6,774.11,0,13,10,1,Semi-Furnished,1,3,3,1,3,Vitrified,0,0,1,1,1,Covered,0,Municipal,800.0,Kharadi,411014,Standalone,3.98,1.76,1.95,2.48,16787.64,10898924.4,17533.662162162163,Owner,23,2,1,2,2,0,0,0,0,0,1,0,0,0,0,0,0,0,0,0,0.173054098548949,0.1852918348339025,0.0,0.4736842105263157,0.5,1.0,1.0,0.4000000000000001,0.6000000000000001,0.2,0.2222222222222222,0.0,0.0,1.0,1.0,1.0,0.0,0.0,0.232142857143117,0.525,0.1296758104738154,0.631768953068592,0.744,0.3942314225813744,0.1999999999999999,0.5,0.0,0.0,0.0,0.0,0.0,1.0,0.0,0.0,0.0,0.0,0.0,0.0,0.0,0.0,0.0,0.0,0.5077939817923465,310.8
3 BHK,928.11,1080.05,7,21,11,1,Unfurnished,1,4,3,2,6,Vitrified,1,1,1,0,0,Covered,1,Municipal,3188.07,Nigdi,411044,Society,4.02,11.54,1.64,1.89,19048.65,6234527.69,6717.444796414218,Broker,20,3,0,3,3,0,0,0,0,0,0,0,0,0,1,0,0,0,0,0,0.3197432903250507,0.3040204905308911,0.3333333333333333,0.894736842105263,0.55,1.0,1.0,0.6000000000000001,0.6000000000000001,0.4,0.5555555555555556,1.0,1.0,1.0,0.0,0.0,1.0,0.2739982376509356,0.7678571428577925,0.5305555555555556,0.9426433915211968,0.51985559566787,0.508,0.0601677462236097,0.1727272727272727,1.0,0.0,0.0,0.0,0.0,0.0,0.0,0.0,0.0,0.0,1.0,0.0,0.0,0.0,0.0,0.0,0.3333333333333333,0.3024687228898185,309.37
3 BHK,973.3,1224.9,6,11,1,1,Semi-Furnished,1,3,3,2,3,Vitrified,1,1,0,1,0,Stilt,0,Corporation + Borewell,3663.29,Hadapsar,411028,Society,5.32,0.49,2.45,1.93,31534.48,8206763.68,8431.89528408507,Builder,24,3,1,3,3,0,0,1,0,0,0,0,0,0,0,0,0,0,0,0,0.3413702668555458,0.3602336230984167,0.2857142857142857,0.368421052631579,0.05,1.0,1.0,0.4000000000000001,0.6000000000000001,0.4,0.2222222222222222,1.0,1.0,0.0,1.0,0.0,0.0,0.3285232065574071,0.482142857143117,0.7111111111111111,0.0241064006650041,0.812274368231047,0.524,0.1131209099658157,0.209090909090909,1.0,0.0,0.0,1.0,0.0,0.0,0.0,0.0,0.0,0.0,0.0,0.0,0.0,0.0,0.0,0.0,0.5454545454545454,0.5408086415240954,324.43333333333334
2 BHK,700.23,817.46,5,14,12,1,Unfurnished,0,2,2,1,3,Marble,1,1,0,0,1,Covered,1,Municipal,1660.13,Magarpatta,411013,Society,3.81,1.42,1.63,2.49,19498.3,4639191.97,6625.240235351242,Owner,4,3,0,2,2,0,0,0,0,0,0,0,0,1,0,0,0,0,0,0,0.210684750564723,0.2021150263893201,0.238095238095238,0.5263157894736842,0.6000000000000001,1.0,0.0,0.2,0.4,0.2,0.2222222222222222,1.0,1.0,0.0,0.0,1.0,1.0,0.0986881055206502,0.214285714286234,0.5013888888888889,0.1014131338320864,0.516245487364621,0.7480000000000001,0.0573207056262562,0.0272727272727272,1.0,0.0,0.0,0.0,0.0,0.0,0.0,0.0,0.0,1.0,0.0,0.0,0.0,0.0,0.0,0.0,0.35714285714285715,0.5236500935805923,350.115
3 BHK,929.47,1072.28,13,13,10,1,Unfurnished,0,4,2,1,5,Ceramic,1,1,0,0,1,Not Specified,0,Municipal,2555.14,Hinjewadi,411057,Society,6.39,0.32,2.62,2.8,26996.25,7049511.44,7584.442144447911,Owner,100,3,0,3,3,0,0,0,1,0,0,0,0,0,0,0,0,0,0,0,0.3203941575098587,0.3010051226327228,0.6190476190476191,0.4736842105263157,0.5,1.0,0.0,0.6000000000000001,0.4,0.2,0.4444444444444445,1.0,1.0,0.0,0.0,1.0,0.0,0.2013782120418007,1.0,0.8597222222222222,0.0099750623441396,0.8736462093862817,0.8719999999999999,0.0869459266131891,0.9,1.0,0.0,0.0,0.0,1.0,0.0,0.0,0.0,0.0,0.0,0.0,0.0,0.0,0.0,0.0,0.0,1.0,0.4042951404766614,309.8233333333333
4 BHK,1329.68,1606.87,12,17,2,1,Unfurnished,0,4,3,3,5,Granite,0,1,0,0,0,Bike,0,Municipal,2269.59,Magarpatta,411013,Society,5.11,2.33,1.82,2.55,34978.77,7704495.12,5794.247578364719,Broker,11,3,0,4,4,0,0,0,0,0,0,0,0,1,0,0,0,0,0,0,0.5119261840039818,0.5084678671220118,0.5714285714285714,0.6842105263157894,0.1,1.0,0.0,0.6000000000000001,0.6000000000000001,0.6000000000000001,0.4444444444444445,0.0,1.0,0.0,0.0,0.0,0.0,0.1686152709382214,0.214285714286234,0.6819444444444445,0.1770573566084788,0.5848375451263538,0.772,0.0316537914624609,0.0909090909090909,1.0,0.0,0.0,0.0,0.0,0.0,0.0,0.0,0.0,1.0,0.0,0.0,0.0,0.0,0.0,0.0,0.7058823529411765,0.43387888013807885,332.42
1 BHK,433.79,501.05,6,15,6,1,Semi-Furnished,1,1,2,0,1,Marble,1,1,0,0,0,Covered,1,Corporation + Borewell,1405.38,Aundh,411007,Society,3.2,5.19,1.56,1.8,16976.91,3989424.85,9196.673159823878,Not Specified,25,2,1,1,1,1,0,0,0,0,0,0,0,0,0,0,0,0,0,0,0.0831722117998392,0.0793231915554175,0.2857142857142857,0.5789473684210527,0.3,1.0,1.0,0.0,0.4,0.0,0.0,1.0,1.0,0.0,0.0,0.0,1.0,0.0694590414473291,0.107142857143117,0.4166666666666667,0.4147963424771405,0.4909747292418772,0.4720000000000001,0.1367416488250475,0.2181818181818181,0.5,1.0,0.0,0.0,0.0,0.0,0.0,0.0,0.0,0.0,0.0,0.0,0.0,0.0,0.0,0.0,0.4,0.5220927260992674,433.79
1 BHK,452.61,491.17,3,9,12,1,Unfurnished,1,1,1,0,1,Vitrified,0,1,0,0,0,Covered,0,Borewell,1013.7,Hinjewadi,411057,Society,6.49,0.97,2.25,2.52,7515.99,2800000.0,6186.3414418594375,Owner,76,3,0,1,1,0,0,0,1,0,0,0,0,0,0,0,0,0,0,0,0.0921790650484322,0.0754889785780813,0.1428571428571428,0.2631578947368421,0.6000000000000001,1.0,1.0,0.0,0.2,0.0,0.0,0.0,1.0,0.0,0.0,0.0,0.0,0.024519140304097,1.0,0.8736111111111111,0.0640066500415627,0.740072202166065,0.76,0.0437640606989796,0.6818181818181819,1.0,0.0,0.0,0.0,1.0,0.0,0.0,0.0,0.0,0.0,0.0,0.0,0.0,0.0,0.0,0.0,0.3333333333333333,0.411989166976902,452.61
2 BHK,368.1,412.08,1,19,15,1,Fully Furnished,1,2,2,1,3,Ceramic,1,1,0,0,0,Covered,0,Tanker,800.0,Wakad,411057,Standalone,5.43,3.76,1.7,2.44,13196.59,3009688.05,8176.278321108393,Broker,22,3,2,2,2,0,0,0,0,0,0,0,0,0,0,0,0,0,0,1,0.0517343696159883,0.0447958708475628,0.0476190476190476,0.7894736842105263,0.75,1.0,1.0,0.2,0.4,0.2,0.2222222222222222,1.0,1.0,0.0,0.0,0.0,0.0,0.0,1.0,0.7263888888888889,0.2959268495428095,0.5415162454873647,0.728,0.1052277694249213,0.1909090909090909,1.0,0.0,0.0,0.0,0.0,0.0,0.0,0.0,0.0,0.0,0.0,0.0,0.0,0.0,0.0,1.0,0.05263157894736842,0.39224140487427483,184.05
3 BHK,1368.56,1593.05,7,17,6,1,Fully Furnished,1,3,3,1,4,Wooden,0,1,0,0,0,Bike,0,Municipal,3440.16,Nigdi,411044,Society,2.67,10.02,1.7,2.63,48664.62,12300615.03,8987.998355936166,Broker,12,3,2,3,3,0,0,0,0,0,0,0,0,0,1,0,0,0,0,0,0.5305333282284928,0.50310462589258,0.3333333333333333,0.6842105263157894,0.3,1.0,1.0,0.4000000000000001,0.6000000000000001,0.2,0.3333333333333333,0.0,1.0,0.0,0.0,0.0,0.0,0.3029221032534616,0.7678571428577925,0.3430555555555555,0.8162926018287613,0.5415162454873647,0.804,0.1302955016882105,0.0999999999999999,1.0,0.0,0.0,0.0,0.0,0.0,0.0,0.0,0.0,0.0,1.0,0.0,0.0,0.0,0.0,0.0,0.4117647058823529,0.32564788670675837,456.18666666666667
3 BHK,1243.92,1510.46,9,12,9,1,Fully Furnished,1,4,3,1,6,Ceramic,1,1,0,0,0,Stilt,0,Tanker,5668.72,Kothrud,411038,Society,1.54,7.7,1.92,1.24,67722.9,21419156.26,17219.078606341245,Owner,3,2,2,3,3,0,0,0,0,0,0,0,1,0,0,0,0,0,0,0,0.4708832650560895,0.4710532443340579,0.4285714285714285,0.4210526315789473,0.45,1.0,1.0,0.6000000000000001,0.6000000000000001,0.2,0.5555555555555556,1.0,1.0,0.0,0.0,0.0,0.0,0.5586187589207448,0.6607142857146755,0.1861111111111111,0.6234413965087281,0.6209386281588447,0.248,0.3845191163734793,0.0181818181818181,0.5,0.0,0.0,0.0,0.0,0.0,0.0,0.0,1.0,0.0,0.0,0.0,0.0,0.0,0.0,0.0,0.75,0.588285549528395,414.64000000000004
3 BHK,798.5,927.92,3,11,7,1,Unfurnished,0,4,2,2,4,Ceramic,1,1,1,0,1,Not Specified,0,Municipal,2468.065,Kharadi,411014,Society,3.85,0.46,2.14,1.56,21842.44,8190269.51,10257.068891671885,Broker,19,2,0,3,3,0,0,0,0,0,1,0,0,0,0,0,0,0,0,0,0.2577146904552241,0.2449821484011177,0.1428571428571428,0.368421052631579,0.35,1.0,0.0,0.6000000000000001,0.4,0.4,0.3333333333333333,1.0,1.0,1.0,0.0,1.0,0.0,0.1913875515739521,0.232142857143117,0.5069444444444444,0.0216126350789692,0.700361010830325,0.3760000000000001,0.1694894105409068,0.1636363636363636,0.5,0.0,0.0,0.0,0.0,0.0,1.0,0.0,0.0,0.0,0.0,0.0,0.0,0.0,0.0,0.0,0.2727272727272727,0.64737243375837,266.1666666666667
3 BHK,1069.15,1266.96,12,16,6,1,Unfurnished,0,4,1,1,5,Vitrified,1,1,0,0,0,Stilt,1,Borewell,2092.91,Hinjewadi,411057,Society,6.62,0.24,2.45,2.92,40108.96,7520171.6,7033.785343497169,Not Specified,4,3,0,3,3,0,0,0,1,0,0,0,0,0,0,0,0,0,0,0,0.3872420460201386,0.3765561937286558,0.5714285714285714,0.631578947368421,0.3,1.0,0.0,0.6000000000000001,0.2,0.2,0.4444444444444445,1.0,1.0,0.0,0.0,0.0,1.0,0.1483436672464672,1.0,0.8916666666666667,0.0033250207813798,0.812274368231047,0.92,0.069938117481657,0.0272727272727272,1.0,0.0,0.0,0.0,1.0,0.0,0.0,0.0,0.0,0.0,0.0,0.0,0.0,0.0,0.0,0.0,0.75,0.3832946979308386,356.3833333333334
3 BHK,652.16,733.28,10,15,12,1,Fully Furnished,1,4,2,1,4,Wooden,1,1,1,1,0,Covered,1,Municipal,2376.29,Kothrud,411038,Society,1.51,7.19,1.64,1.47,27390.27,7763394.65,11904.125751349364,Owner,12,2,2,3,3,0,0,0,0,0,0,0,1,0,0,0,0,0,0,0,0.1876794670546345,0.1694466004346476,0.4761904761904761,0.5789473684210527,0.6000000000000001,1.0,1.0,0.6000000000000001,0.4,0.2,0.3333333333333333,1.0,1.0,1.0,1.0,0.0,1.0,0.1808576306501875,0.6607142857146755,0.1819444444444444,0.5810473815461347,0.51985559566787,0.3399999999999999,0.2203633513170265,0.0999999999999999,0.5,0.0,0.0,0.0,0.0,0.0,0.0,0.0,1.0,0.0,0.0,0.0,0.0,0.0,0.0,0.0,0.6666666666666666,0.5789644966055432,217.38666666666666
1 BHK,404.42,446.8,10,15,5,1,Unfurnished,1,1,1,0,2,Marble,1,1,0,1,0,Not Specified,1,Municipal,2363.11,Aundh,411007,Society,3.84,3.28,1.5,1.57,14050.06,4707642.45,11640.478833885565,Owner,70,2,0,1,1,1,0,0,0,0,0,0,0,0,0,0,0,0,0,0,0.0691163520808606,0.0582699472213598,0.4761904761904761,0.5789473684210527,0.25,1.0,1.0,0.0,0.2,0.0,0.1111111111111111,1.0,1.0,0.0,1.0,0.0,1.0,0.1793454066482783,0.107142857143117,0.5055555555555555,0.256026600166251,0.4693140794223827,0.3800000000000001,0.2122160217533915,0.6272727272727273,0.5,1.0,0.0,0.0,0.0,0.0,0.0,0.0,0.0,0.0,0.0,0.0,0.0,0.0,0.0,0.0,0.6666666666666666,0.5698943282549169,404.42
1 BHK,495.91,962.365,4,14,10,1,Semi-Furnished,1,1,0,0,2,Granite,1,1,0,0,0,Stilt,0,Municipal,860.38,Hadapsar,411028,Society,5.51,1.08,2.72,1.93,11429.76,3410915.52,6878.093847673973,Owner,76,3,1,1,1,0,0,1,0,0,0,0,0,0,0,0,0,0,0,0,0.112901527623569,0.2583495032598572,0.1904761904761904,0.5263157894736842,0.5,1.0,1.0,0.0,0.0,0.0,0.1111111111111111,1.0,1.0,0.0,0.0,0.0,0.0,0.0069277758145127,0.482142857143117,0.7375,0.0731504571903574,0.9097472924187728,0.524,0.0651295283017702,0.6818181818181819,1.0,0.0,0.0,1.0,0.0,0.0,0.0,0.0,0.0,0.0,0.0,0.0,0.0,0.0,0.0,0.0,0.2857142857142857,0.51616940703204,495.91
3 BHK,737.98,865.05,11,12,6,1,Semi-Furnished,1,3,3,1,4,Vitrified,0,1,0,1,0,Covered,1,Corporation + Borewell,1943.98,Kharadi,411014,Standalone,5.37,2.07,2.0,2.31,28880.76,7375210.72,9993.78129488604,Broker,37,2,1,3,3,0,0,0,0,0,1,0,0,0,0,0,0,0,0,0,0.2287511007312684,0.220583669667805,0.5238095238095237,0.4210526315789473,0.3,1.0,1.0,0.4000000000000001,0.6000000000000001,0.2,0.3333333333333333,0.0,1.0,0.0,1.0,0.0,1.0,0.131255994969962,0.232142857143117,0.7180555555555556,0.1554447215295095,0.6498194945848376,0.676,0.1613603035196068,0.3272727272727272,0.5,0.0,0.0,0.0,0.0,0.0,1.0,0.0,0.0,0.0,0.0,0.0,0.0,0.0,0.0,0.0,0.9166666666666666,0.4548945936313066,245.99333333333334
1 BHK,390.47,442.84,10,13,11,1,Unfurnished,0,1,0,0,1,Marble,1,1,0,0,0,Covered,1,Municipal,865.71,Hadapsar,411028,Society,5.5,2.38,2.43,2.62,8427.34,3205089.4,8208.285911849822,Broker,12,3,0,1,1,0,0,1,0,0,0,0,0,0,0,0,0,0,0,0,0.0624401776484551,0.0567331574045327,0.4761904761904761,0.4736842105263157,0.55,1.0,0.0,0.0,0.0,0.0,0.0,1.0,1.0,0.0,0.0,0.0,1.0,0.0075393201187749,0.482142857143117,0.7361111111111112,0.1812136325852036,0.8050541516245489,0.8,0.1062164195607564,0.0999999999999999,1.0,0.0,0.0,1.0,0.0,0.0,0.0,0.0,0.0,0.0,0.0,0.0,0.0,0.0,0.0,0.0,0.7692307692307693,0.4074699109449723,390.47
2 BHK,468.94,518.07,4,9,8,1,Unfurnished,1,3,3,2,2,Vitrified,1,1,0,1,0,Stilt,0,Tanker,1590.52,Koregaon Park,411001,Standalone,2.24,5.55,1.82,1.18,22880.77,10566615.07,22532.978781933725,Owner,24,1,0,2,2,0,0,0,0,0,0,1,0,0,0,0,0,0,0,0,0.0999942570542517,0.0859282831418814,0.1904761904761904,0.2631578947368421,0.4,1.0,1.0,0.4000000000000001,0.6000000000000001,0.4,0.1111111111111111,1.0,1.0,0.0,1.0,0.0,0.0,0.0907013139597321,0.0,0.2833333333333334,0.4447215295095593,0.5848375451263538,0.2239999999999999,0.5486359654920643,0.209090909090909,0.0,0.0,0.0,0.0,0.0,0.0,0.0,1.0,0.0,0.0,0.0,0.0,0.0,0.0,0.0,0.0,0.4444444444444444,0.6217633477241,234.47
3 BHK,1031.71,1173.74,4,12,9,1,Semi-Furnished,1,3,3,2,6,Wooden,1,0,0,1,1,Covered,1,Borewell,1946.82,Pimple Saudagar,411027,Society,4.73,5.95,1.66,2.39,23262.12,6155288.06,5966.102935902531,Owner,20,3,1,3,3,0,0,0,0,0,0,0,0,0,0,1,0,0,0,0,0.3693240552854244,0.3403795405153679,0.1904761904761904,0.4210526315789473,0.45,1.0,1.0,0.4000000000000001,0.6000000000000001,0.4,0.5555555555555556,1.0,0.0,0.0,1.0,1.0,1.0,0.131581845968856,0.464285714286234,0.6291666666666668,0.4779717373233582,0.5270758122743682,0.7080000000000001,0.0369614929883363,0.1727272727272727,1.0,0.0,0.0,0.0,0.0,0.0,0.0,0.0,0.0,0.0,0.0,1.0,0.0,0.0,0.0,0.0,0.3333333333333333,0.3694255281131814,343.90333333333336
3 BHK,1299.81,1439.93,15,15,11,1,Semi-Furnished,1,3,3,2,4,Not Specified,1,1,0,0,0,Bike,1,Borewell,4201.22,Wakad,411057,Society,5.14,3.48,2.01,2.39,18159.27,8987754.84,6914.668174579362,Owner,4,3,1,3,3,0,0,0,0,0,0,0,0,0,0,0,0,0,0,1,0.4976310348788238,0.4436820863085999,0.7142857142857142,0.5789473684210527,0.55,1.0,1.0,0.4000000000000001,0.6000000000000001,0.4,0.3333333333333333,1.0,1.0,0.0,0.0,0.0,1.0,0.3902432867810052,1.0,0.6861111111111111,0.2726517040731504,0.6534296028880866,0.7080000000000001,0.0662590170698893,0.0272727272727272,1.0,0.0,0.0,0.0,0.0,0.0,0.0,0.0,0.0,0.0,0.0,0.0,0.0,0.0,0.0,1.0,1.0,0.4182778555018948,433.27
2 BHK,702.81,770.18,7,10,6,1,Semi-Furnished,1,2,3,1,3,Vitrified,1,1,0,1,1,Covered,1,Corporation + Borewell,2377.55,Aundh,411007,Society,3.74,4.22,1.81,1.46,24374.69,6222099.36,8853.174200708585,Builder,24,2,1,2,2,1,0,0,0,0,0,0,0,0,0,0,0,0,0,0,0.2119194839006087,0.1837666873641726,0.3333333333333333,0.3157894736842105,0.3,1.0,1.0,0.2,0.6000000000000001,0.2,0.2222222222222222,1.0,1.0,0.0,1.0,1.0,1.0,0.1810021983468799,0.107142857143117,0.4916666666666667,0.3341645885286782,0.5812274368231047,0.3359999999999999,0.1261305697663932,0.209090909090909,0.5,1.0,0.0,0.0,0.0,0.0,0.0,0.0,0.0,0.0,0.0,0.0,0.0,0.0,0.0,0.0,0.7,0.5605309095497157,351.405
2 BHK,740.22,942.49,13,13,1,1,Unfurnished,1,3,1,0,3,Vitrified,0,0,0,0,1,Covered,1,Tanker,1990.28,Shivajinagar,411005,Standalone,1.56,6.4,1.08,1.36,37521.35,7251339.13,9796.194550268838,Broker,32,2,0,2,2,0,0,0,0,0,0,0,0,0,0,0,0,1,0,0,0.2298231172709521,0.2506364483079789,0.6190476190476191,0.4736842105263157,0.05,1.0,1.0,0.4000000000000001,0.2,0.0,0.2222222222222222,0.0,0.0,0.0,0.0,1.0,1.0,0.136568284142071,0.071428571429351,0.1888888888888888,0.5153782211138819,0.3176895306859206,0.296,0.1552566784073375,0.2818181818181818,0.5,0.0,0.0,0.0,0.0,0.0,0.0,0.0,0.0,0.0,0.0,0.0,0.0,1.0,0.0,0.0,1.0,0.6099961336265507,370.11
1 BHK,477.97,542.49,7,14,6,1,Semi-Furnished,1,2,0,0,1,Marble,1,1,0,0,0,Stilt,1,Municipal,2468.065,Kharadi,411014,Society,3.63,2.17,1.47,1.81,19456.25,4674939.03,9780.821034792978,Broker,17,2,1,1,1,0,0,0,0,0,1,0,0,0,0,0,0,0,0,0,0.1043158237298518,0.0954051536789817,0.3333333333333333,0.5263157894736842,0.3,1.0,1.0,0.2,0.0,0.0,0.0,1.0,1.0,0.0,0.0,0.0,1.0,0.1913875515739521,0.232142857143117,0.4763888888888888,0.1637572734829592,0.4584837545126353,0.4760000000000001,0.1547835100199275,0.1454545454545454,0.5,0.0,0.0,0.0,0.0,0.0,1.0,0.0,0.0,0.0,0.0,0.0,0.0,0.0,0.0,0.0,0.5,0.5839662371346754,477.97
1 BHK,474.61,562.26,2,16,10,1,Semi-Furnished,1,1,1,0,1,Vitrified,1,1,1,0,0,Covered,1,Municipal,1130.4,Hadapsar,411028,Society,5.63,2.32,2.46,1.87,11016.22,2800000.0,5899.580708371083,Broker,24,3,1,1,1,0,0,1,0,0,0,0,0,0,0,0,0,0,0,0,0.1027077989203262,0.1030774604160199,0.0952380952380952,0.631578947368421,0.5,1.0,1.0,0.0,0.2,0.0,0.0,1.0,1.0,1.0,0.0,0.0,1.0,0.0379088626882248,0.482142857143117,0.7541666666666667,0.1762261014131338,0.8158844765342961,0.5000000000000001,0.0349088316941281,0.209090909090909,1.0,0.0,0.0,1.0,0.0,0.0,0.0,0.0,0.0,0.0,0.0,0.0,0.0,0.0,0.0,0.0,0.125,0.48337758319360935,474.61
2 BHK,692.13,824.01,3,12,1,1,Fully Furnished,1,2,2,1,3,Wooden,1,1,0,1,0,Covered,1,Corporation + Borewell,2645.0,Kharadi,411014,Standalone,4.02,0.73,2.12,2.03,34906.1,7330448.81,10591.14445263173,Broker,43,2,2,2,2,0,0,0,0,0,1,0,0,0,0,0,0,0,0,0,0.2068082621846165,0.2046569388388699,0.1428571428571428,0.4210526315789473,0.05,1.0,1.0,0.2,0.4,0.2,0.2222222222222222,1.0,1.0,0.0,1.0,0.0,1.0,0.2116884130138464,0.232142857143117,0.5305555555555556,0.0440565253532834,0.6931407942238268,0.564,0.1798089289222015,0.3818181818181818,0.5,0.0,0.0,0.0,0.0,0.0,1.0,0.0,0.0,0.0,0.0,0.0,0.0,0.0,0.0,0.0,0.25,0.582142147493742,346.065
3 BHK,1048.55,1190.75,11,18,2,1,Fully Furnished,1,3,3,2,3,Granite,0,0,1,1,0,Covered,1,Municipal,3529.74,Kharadi,411014,Standalone,4.18,0.39,2.31,2.49,47515.57,11114369.59,10599.751647513232,Broker,37,2,2,3,3,0,0,0,0,0,1,0,0,0,0,0,0,0,0,0,0.3773833224855469,0.346980751319466,0.5238095238095237,0.7368421052631579,0.1,1.0,1.0,0.4000000000000001,0.6000000000000001,0.4,0.2222222222222222,0.0,0.0,1.0,1.0,0.0,1.0,0.3132001780706867,0.232142857143117,0.5527777777777777,0.0157938487115544,0.7617328519855596,0.7480000000000001,0.1800754722109318,0.3272727272727272,0.5,0.0,0.0,0.0,0.0,0.0,1.0,0.0,0.0,0.0,0.0,0.0,0.0,0.0,0.0,0.0,0.6111111111111112,0.5350564713402,349.51666666666665
2 BHK,597.59,689.08,6,16,11,1,Fully Furnished,1,3,2,1,3,Vitrified,1,0,0,0,0,Covered,1,Corporation + Borewell,2285.47,Hinjewadi,411057,Society,5.25,1.65,2.32,2.55,19875.36,5788027.86,9685.616994929635,Broker,31,3,2,2,2,0,0,0,1,0,0,0,0,0,0,0,0,0,0,0,0.1615634212642138,0.1522935423781434,0.2857142857142857,0.631578947368421,0.55,1.0,1.0,0.4000000000000001,0.4,0.2,0.2222222222222222,1.0,0.0,0.0,0.0,0.0,1.0,0.1704372828616143,1.0,0.701388888888889,0.1205320033250207,0.7653429602888087,0.772,0.1518419592877518,0.2727272727272727,1.0,0.0,0.0,0.0,1.0,0.0,0.0,0.0,0.0,0.0,0.0,0.0,0.0,0.0,0.0,0.0,0.375,0.4461062342297012,298.795
3 BHK,1109.12,752.61,8,14,11,1,Unfurnished,1,4,3,2,4,Marble,1,1,1,0,0,Open,1,Municipal,4235.84,Kothrud,411038,Society,1.4,7.12,1.19,1.84,27185.01,16839414.52,15182.68043133295,Not Specified,68,2,0,3,3,0,0,0,0,0,0,0,1,0,0,0,0,0,0,0,0.4063708411501205,0.1769481527475939,0.3809523809523809,0.5263157894736842,0.55,1.0,1.0,0.6000000000000001,0.6000000000000001,0.4,0.3333333333333333,1.0,1.0,1.0,0.0,0.0,1.0,0.3942154563520292,0.6607142857146755,0.1666666666666666,0.5752285951787198,0.3574007220216606,0.4880000000000001,0.3216207685094702,0.6090909090909091,0.5,0.0,0.0,0.0,0.0,0.0,0.0,0.0,1.0,0.0,0.0,0.0,0.0,0.0,0.0,0.0,0.5714285714285714,0.5462974138362529,369.70666666666665
1 BHK,565.07,717.9,3,15,8,1,Unfurnished,0,1,0,1,1,Vitrified,1,1,1,1,1,Covered,1,Corporation + Borewell,3619.82,Baner,411045,Society,2.79,2.38,2.12,2.18,39347.53,8724535.97,15439.743695471358,Owner,76,1,0,1,1,0,1,0,0,0,0,0,0,0,0,0,0,0,0,0,0.1460000382863049,0.1634779571561627,0.1428571428571428,0.5789473684210527,0.4,1.0,0.0,0.0,0.0,0.2,0.0,1.0,1.0,1.0,1.0,1.0,1.0,0.3235356210215199,0.7857142857146755,0.3597222222222222,0.1812136325852036,0.6931407942238268,0.6240000000000001,0.3295630172576742,0.6818181818181819,0.0,0.0,1.0,0.0,0.0,0.0,0.0,0.0,0.0,0.0,0.0,0.0,0.0,0.0,0.0,0.0,0.2,0.5765505300255913,565.07
2 BHK,599.43,749.41,9,12,9,1,Fully Furnished,1,2,3,1,4,Granite,1,1,1,1,1,Open,0,Tanker,2066.52,Kharadi,411014,Society,5.16,0.87,2.1,2.0,24247.15,11132474.4,18571.767178819882,Builder,31,2,2,2,2,0,0,0,0,0,1,0,0,0,0,0,0,0,0,0,0.162444006278954,0.1757063023905619,0.4285714285714285,0.4210526315789473,0.45,1.0,1.0,0.2,0.6000000000000001,0.2,0.3333333333333333,1.0,1.0,1.0,1.0,1.0,0.0,0.1453157771546323,0.232142857143117,0.6888888888888889,0.055694098088113,0.6859205776173286,0.552,0.4263000085244435,0.2727272727272727,0.5,0.0,0.0,0.0,0.0,0.0,1.0,0.0,0.0,0.0,0.0,0.0,0.0,0.0,0.0,0.0,0.75,0.5301801707361806,299.715
1 BHK,449.27,568.59,12,14,1,1,Semi-Furnished,0,1,1,0,2,Vitrified,1,1,0,1,0,Not Specified,1,Corporation + Borewell,1606.67,Aundh,411007,Society,2.53,3.07,1.88,1.4,13275.52,5188000.04,11547.621786453581,Broker,13,2,1,1,1,1,0,0,0,0,0,0,0,0,0,0,0,0,0,0,0.0905806118151537,0.1055339956535237,0.5714285714285714,0.5263157894736842,0.05,1.0,0.0,0.0,0.2,0.0,0.1111111111111111,1.0,1.0,0.0,1.0,0.0,1.0,0.0925543046752734,0.107142857143117,0.323611111111111,0.2385702410640066,0.6064981949458483,0.3119999999999999,0.2093482877605052,0.109090909090909,0.5,1.0,0.0,0.0,0.0,0.0,0.0,0.0,0.0,0.0,0.0,0.0,0.0,0.0,0.0,0.0,0.8571428571428571,0.6527893608433266,449.27
2 BHK,592.14,657.7,1,14,7,1,Fully Furnished,1,3,2,1,3,Vitrified,0,0,0,1,0,Not Specified,1,Municipal,2601.98,Kothrud,411038,Society,1.94,7.67,0.98,1.68,16310.85,6734794.88,11373.65298746918,Owner,111,2,2,2,2,0,0,0,0,0,0,0,1,0,0,0,0,0,0,0,0.1589551667368582,0.1401156473144986,0.0476190476190476,0.5263157894736842,0.35,1.0,1.0,0.4000000000000001,0.4,0.2,0.2222222222222222,0.0,0.0,0.0,1.0,0.0,1.0,0.2067524587982064,0.6607142857146755,0.2416666666666666,0.6209476309226932,0.2815884476534296,0.424,0.203974799768234,1.0,0.5,0.0,0.0,0.0,0.0,0.0,0.0,0.0,1.0,0.0,0.0,0.0,0.0,0.0,0.0,0.0,0.07142857142857142,0.5240766459899739,296.07
2 BHK,529.09,637.48,9,14,20,1,Semi-Furnished,1,2,2,1,3,Vitrified,1,0,0,0,0,Covered,1,Corporation + Borewell,1668.94,Kothrud,411038,Society,2.18,7.71,1.38,1.48,17810.73,4154108.98,7851.422215502088,Owner,49,2,1,2,2,0,0,0,0,0,0,0,1,0,0,0,0,0,0,0,0.1287807726176346,0.1322687053710028,0.4285714285714285,0.5263157894736842,1.0,1.0,1.0,0.2,0.4,0.2,0.2222222222222222,1.0,0.0,0.0,0.0,0.0,1.0,0.0996989320348247,0.6607142857146755,0.275,0.6242726517040731,0.4259927797833934,0.344,0.0951927080180422,0.4363636363636363,0.5,0.0,0.0,0.0,0.0,0.0,0.0,0.0,1.0,0.0,0.0,0.0,0.0,0.0,0.0,0.0,0.6428571428571429,0.5335431412291591,264.545
1 RK,531.03,601.5,1,5,19,1,Unfurnished,1,1,0,0,2,Vitrified,1,0,0,0,1,Covered,1,Corporation + Borewell,1254.64,Kharadi,411014,Society,4.41,2.66,2.19,2.14,10116.32,6406631.65,12064.538067529144,Owner,23,2,0,1,1,0,0,0,0,0,1,0,0,0,0,0,0,0,0,0,0.1297092155136107,0.1183056504191245,0.0476190476190476,0.0526315789473684,0.95,1.0,1.0,0.0,0.0,0.0,0.1111111111111111,1.0,0.0,0.0,0.0,1.0,1.0,0.0521636965271626,0.232142857143117,0.5847222222222223,0.2044887780548628,0.7184115523465704,0.6080000000000001,0.2253177208355931,0.1999999999999999,0.5,0.0,0.0,0.0,0.0,0.0,1.0,0.0,0.0,0.0,0.0,0.0,0.0,0.0,0.0,0.0,0.2,0.5002195541034462,531.03
1 BHK,285.78,317.36,3,12,9,1,Unfurnished,1,2,1,0,1,Vitrified,0,0,0,0,0,Covered,0,Borewell,1837.23,Shivajinagar,411005,Standalone,1.23,7.05,1.44,1.33,14941.99,2800000.0,9797.746518300792,Owner,18,2,0,1,1,0,0,0,0,0,0,0,0,0,0,0,0,1,0,0,0.0123377617826103,0.0080371002794163,0.1428571428571428,0.4210526315789473,0.45,1.0,1.0,0.2,0.2,0.0,0.0,0.0,0.0,0.0,0.0,0.0,0.0,0.1190078984446351,0.071428571429351,0.1430555555555555,0.569409808811305,0.4476534296028881,0.284,0.1552999183383018,0.1545454545454545,0.5,0.0,0.0,0.0,0.0,0.0,0.0,0.0,0.0,0.0,0.0,0.0,0.0,1.0,0.0,0.0,0.25,0.6103501277867591,285.78
3 BHK,972.78,1230.5,12,20,8,1,Semi-Furnished,1,3,2,2,6,Vitrified,0,0,0,0,0,Open,1,Tanker,2926.73,Kharadi,411014,Society,3.42,1.65,2.17,2.43,36992.22,9980574.58,10259.847632558236,Broker,14,2,1,3,3,0,0,0,0,0,1,0,0,0,0,0,0,0,0,0,0.3411214058731192,0.3624068612232227,0.5714285714285714,0.8421052631578947,0.4,1.0,1.0,0.4000000000000001,0.4,0.4,0.5555555555555556,0.0,0.0,0.0,0.0,0.0,1.0,0.2440130615766599,0.232142857143117,0.4472222222222222,0.1205320033250207,0.7111913357400722,0.7240000000000001,0.1695761992594853,0.1181818181818181,0.5,0.0,0.0,0.0,0.0,0.0,1.0,0.0,0.0,0.0,0.0,0.0,0.0,0.0,0.0,0.0,0.6,0.5413591794826464,324.26
2 BHK,455.87,506.58,2,11,10,1,Semi-Furnished,1,3,1,0,4,Marble,1,1,1,0,0,Stilt,0,Borewell,1486.82,Viman Nagar,411014,Society,2.24,5.83,1.45,1.79,24998.55,4372460.43,9591.463421589488,Broker,30,2,1,2,2,0,0,0,0,0,0,0,0,0,0,0,0,0,1,0,0.0937392319767219,0.0814692642036634,0.0952380952380952,0.368421052631579,0.5,1.0,1.0,0.4000000000000001,0.2,0.0,0.3333333333333333,1.0,1.0,1.0,0.0,0.0,0.0,0.0788031630494146,0.232142857143117,0.2833333333333334,0.4679966749792185,0.4512635379061371,0.4680000000000001,0.1489337650737488,0.2636363636363636,0.5,0.0,0.0,0.0,0.0,0.0,0.0,0.0,0.0,0.0,0.0,0.0,0.0,0.0,1.0,0.0,0.18181818181818182,0.5489609003304834,227.935
3 BHK,980.93,1210.05,6,16,4,1,Semi-Furnished,1,3,2,1,5,Marble,1,0,0,0,0,Stilt,0,Corporation + Borewell,2708.44,Wakad,411057,Society,4.72,2.78,1.57,1.96,23199.58,6370685.0,6494.535797661403,Broker,21,3,1,3,3,0,0,0,0,0,0,0,0,0,0,0,0,0,0,1,0.3450218231938435,0.3544706612853152,0.2857142857142857,0.631578947368421,0.2,1.0,1.0,0.4000000000000001,0.4,0.2,0.4444444444444445,1.0,0.0,0.0,0.0,0.0,0.0,0.2189672818060406,1.0,0.6277777777777778,0.2144638403990024,0.4945848375451264,0.536,0.0532820960741849,0.1818181818181818,1.0,0.0,0.0,0.0,0.0,0.0,0.0,0.0,0.0,0.0,0.0,0.0,0.0,0.0,0.0,1.0,0.375,0.5022157134176759,326.97666666666663
3 BHK,1389.78,1538.18,6,12,5,1,Unfurnished,1,4,3,1,3,Wooden,1,1,0,0,0,Open,1,Not Specified,4115.43,Hinjewadi,411057,Society,5.78,1.38,2.16,2.45,36942.17,8928871.58,6424.665472233016,Broker,48,3,0,3,3,0,0,0,1,0,0,0,0,0,0,0,0,0,0,0,0.5406887706267469,0.4818107730518473,0.2857142857142857,0.4210526315789473,0.25,1.0,1.0,0.6000000000000001,0.6000000000000001,0.2,0.2222222222222222,1.0,1.0,0.0,0.0,0.0,1.0,0.3804000624165294,1.0,0.775,0.0980881130507065,0.7075812274368232,0.7320000000000001,0.0511253500890125,0.4272727272727272,1.0,0.0,0.0,0.0,1.0,0.0,0.0,0.0,0.0,0.0,0.0,0.0,0.0,0.0,0.0,0.0,0.5,0.44027507443288305,463.26
1 BHK,414.71,475.62,12,14,6,1,Semi-Furnished,1,2,1,0,1,Wooden,1,1,0,0,0,Covered,0,Tanker,1181.01,Nigdi,411044,Society,4.6,10.42,1.18,2.3,11786.7,2852816.47,6879.063610715923,Owner,57,3,1,1,1,0,0,0,0,0,0,0,0,0,1,0,0,0,0,0,0.0740409280600329,0.0694543619993791,0.5714285714285714,0.5263157894736842,0.3,1.0,1.0,0.2,0.2,0.0,0.0,1.0,1.0,0.0,0.0,0.0,0.0,0.0437156651720355,0.7678571428577925,0.611111111111111,0.8495428096425601,0.3537906137184115,0.6719999999999999,0.0651616493933437,0.5090909090909091,1.0,0.0,0.0,0.0,0.0,0.0,0.0,0.0,0.0,0.0,1.0,0.0,0.0,0.0,0.0,0.0,0.8571428571428571,0.26306520685097956,414.71
1 RK,340.1,432.35,2,12,2,1,Fully Furnished,1,2,1,1,2,Granite,1,1,1,1,1,Covered,0,Borewell,1121.8,Kalyani Nagar,411006,Society,2.6,4.86,0.87,1.99,22403.43,12633692.31,37146.9929726551,Owner,23,1,2,1,1,0,0,0,0,1,0,0,0,0,0,0,0,0,0,0,0.0383341628699414,0.0526622167028873,0.0952380952380952,0.4210526315789473,0.1,1.0,1.0,0.2,0.2,0.2,0.1111111111111111,1.0,1.0,1.0,1.0,1.0,0.0,0.0369221307901657,0.089285714286234,0.3333333333333333,0.3873649210307564,0.2418772563176895,0.548,1.0,0.1999999999999999,0.0,0.0,0.0,0.0,0.0,1.0,0.0,0.0,0.0,0.0,0.0,0.0,0.0,0.0,0.0,0.0,0.16666666666666666,0.5378148841967321,340.1
1 BHK,359.8,431.03,3,8,1,1,Fully Furnished,1,2,1,1,2,Wooden,0,0,1,0,1,Covered,1,Corporation + Borewell,1760.21,Kalyani Nagar,411006,Society,2.69,5.65,1.44,1.83,19434.79,10845105.73,30142.039271817677,Builder,17,1,2,1,1,0,0,0,0,1,0,0,0,0,0,0,0,0,0,0,0.0477621654734101,0.0521499534306116,0.1428571428571428,0.2105263157894736,0.05,1.0,1.0,0.2,0.2,0.2,0.1111111111111111,0.0,0.0,1.0,0.0,1.0,1.0,0.1101709111436452,0.089285714286234,0.3458333333333333,0.4530340814630091,0.4476534296028881,0.4840000000000001,0.7836493142764662,0.1454545454545454,0.0,0.0,0.0,0.0,0.0,1.0,0.0,0.0,0.0,0.0,0.0,0.0,0.0,0.0,0.0,0.0,0.375,0.5293230947155723,359.8
3 BHK,859.69,1086.71,6,14,10,1,Unfurnished,0,3,3,2,3,Granite,1,1,0,1,0,Bike,1,Not Specified,4452.05,Koregaon Park,411001,Society,2.19,6.03,1.42,1.09,48299.68,9697643.94,11280.396352173457,Owner,32,1,0,3,3,0,0,0,0,0,0,1,0,0,0,0,0,0,0,0,0.2869989279834603,0.3066050915864639,0.2857142857142857,0.5263157894736842,0.5,1.0,0.0,0.4000000000000001,0.6000000000000001,0.4,0.2222222222222222,1.0,1.0,0.0,1.0,0.0,1.0,0.4190225846868389,0.0,0.2763888888888889,0.484621778886118,0.4404332129963898,0.188,0.2010962557926065,0.2818181818181818,0.0,0.0,0.0,0.0,0.0,0.0,0.0,1.0,0.0,0.0,0.0,0.0,0.0,0.0,0.0,0.0,0.42857142857142855,0.6205484007814344,286.56333333333333
3 BHK,1181.44,1451.91,4,10,6,1,Unfurnished,0,3,3,2,4,Vitrified,1,1,1,1,0,Bike,0,Borewell,4889.92,Shivajinagar,411005,Society,0.77,6.71,1.51,1.12,42822.36,10704629.31,9060.662674363488,Owner,13,2,0,3,3,0,0,0,0,0,0,0,0,0,0,0,0,1,0,0,0.4409816608599105,0.4483312635827384,0.1904761904761904,0.3157894736842105,0.3,1.0,0.0,0.4000000000000001,0.6000000000000001,0.4,0.3333333333333333,1.0,1.0,1.0,1.0,0.0,0.0,0.4692621540127862,0.071428571429351,0.0791666666666666,0.541147132169576,0.4729241877256318,0.2,0.1325405806752101,0.109090909090909,0.5,0.0,0.0,0.0,0.0,0.0,0.0,0.0,0.0,0.0,0.0,0.0,0.0,1.0,0.0,0.0,0.4,0.6627735761423414,393.81333333333333
1 BHK,404.31,501.19,9,20,9,1,Unfurnished,1,1,2,0,2,Wooden,1,1,0,1,1,Stilt,0,Municipal,1490.13,Pimple Saudagar,411027,Society,3.83,4.54,2.41,1.72,7733.02,4342013.06,10739.316514555661,Broker,25,3,0,1,1,0,0,0,0,0,0,0,0,0,0,1,0,0,0,0,0.0690637084115012,0.0793775225085377,0.4285714285714285,0.8421052631578947,0.45,1.0,1.0,0.0,0.4,0.0,0.1111111111111111,1.0,1.0,0.0,1.0,1.0,0.0,0.0791829400939001,0.464285714286234,0.5041666666666667,0.3607647547797173,0.7978339350180507,0.44,0.1843818604783325,0.2181818181818181,1.0,0.0,0.0,0.0,0.0,0.0,0.0,0.0,0.0,0.0,0.0,1.0,0.0,0.0,0.0,0.0,0.45,0.5199773551776823,404.31
2 BHK,840.43,1003.03,7,19,12,1,Unfurnished,1,3,2,1,3,Vitrified,1,0,0,0,0,Open,1,Tanker,2326.96,Wakad,411057,Society,4.07,2.08,1.77,2.41,12972.98,4742983.13,5643.519543566984,Owner,18,3,0,2,2,0,0,0,0,0,0,0,0,0,0,0,0,0,0,1,0.2777815000574294,0.2741307047500776,0.3333333333333333,0.7894736842105263,0.6000000000000001,1.0,1.0,0.4000000000000001,0.4,0.2,0.2222222222222222,1.0,0.0,0.0,0.0,0.0,1.0,0.1751976905884135,1.0,0.5375000000000001,0.1562759767248545,0.5667870036101084,0.7160000000000001,0.0269993217507971,0.1545454545454545,1.0,0.0,0.0,0.0,0.0,0.0,0.0,0.0,0.0,0.0,0.0,0.0,0.0,0.0,0.0,1.0,0.3684210526315789,0.5024968376767232,420.215
1 BHK,446.9,507.55,3,14,12,1,Semi-Furnished,1,1,1,0,1,Marble,1,1,1,0,0,Covered,0,Corporation + Borewell,1603.78,Pune Camp,411001,Society,1.39,7.52,1.45,2.12,7500.0,3199899.99,7160.214790780936,Builder,9,3,1,1,1,0,0,0,0,0,0,0,0,0,0,0,1,0,0,0,0.0894463800298633,0.0818457000931388,0.1428571428571428,0.5263157894736842,0.6000000000000001,1.0,1.0,0.0,0.2,0.0,0.0,1.0,1.0,1.0,0.0,0.0,0.0,0.0922227168630186,0.0,0.1652777777777777,0.6084788029925186,0.4512635379061371,0.6000000000000001,0.0738436098176881,0.0727272727272727,1.0,0.0,0.0,0.0,0.0,0.0,0.0,0.0,0.0,0.0,0.0,0.0,1.0,0.0,0.0,0.0,0.21428571428571427,0.5059311811969212,446.9
1 BHK,392.06,455.71,6,17,14,1,Semi-Furnished,1,2,0,0,1,Ceramic,1,1,0,0,0,Bike,0,Municipal,998.45,Kharadi,411014,Society,3.7,2.01,2.15,1.65,20372.82,3108818.24,7929.44508493598,Owner,20,2,1,1,1,0,0,0,0,0,1,0,0,0,0,0,0,0,0,0,0.0632011179601056,0.0617277243092207,0.2857142857142857,0.6842105263157894,0.7000000000000001,1.0,1.0,0.2,0.0,0.0,0.0,1.0,1.0,0.0,0.0,0.0,0.0,0.0227694122290503,0.232142857143117,0.4861111111111111,0.1504571903574397,0.703971119133574,0.412,0.0975980836062596,0.1727272727272727,0.5,0.0,0.0,0.0,0.0,0.0,1.0,0.0,0.0,0.0,0.0,0.0,0.0,0.0,0.0,0.0,0.35294117647058826,0.6022679623456402,392.06
1 RK,469.08,552.91,6,8,9,1,Fully Furnished,1,1,2,1,2,Granite,1,1,1,0,1,Covered,1,Municipal,1877.36,Koregaon Park,411001,Society,2.61,5.27,1.48,1.47,22971.98,16156882.52,34443.767630254966,Broker,14,1,2,1,1,0,0,0,0,0,0,1,0,0,0,0,0,0,0,0,0.1000612580879819,0.099448928904067,0.2857142857142857,0.2105263157894736,0.45,1.0,1.0,0.0,0.4,0.2,0.1111111111111111,1.0,1.0,1.0,0.0,1.0,1.0,0.1236122648480203,0.0,0.3347222222222222,0.4214463840399001,0.4620938628158845,0.3399999999999999,0.9165040021644674,0.1181818181818181,0.0,0.0,0.0,0.0,0.0,0.0,0.0,1.0,0.0,0.0,0.0,0.0,0.0,0.0,0.0,0.0,0.75,0.5817452822972038,469.08
3 BHK,814.93,932.78,8,12,8,1,Semi-Furnished,1,3,2,2,6,Marble,1,1,1,1,1,Covered,1,Tanker,3137.89,Aundh,411007,Society,3.15,5.0,1.77,1.67,21260.19,13270632.88,16284.383787564579,Broker,68,2,1,3,3,1,0,0,0,0,0,0,0,0,0,0,0,0,0,0,0.2655777403422795,0.24686820863086,0.3809523809523809,0.4210526315789473,0.4,1.0,1.0,0.4000000000000001,0.4,0.4,0.5555555555555556,1.0,1.0,1.0,1.0,1.0,1.0,0.2682407717620278,0.107142857143117,0.4097222222222222,0.399002493765586,0.5667870036101084,0.42,0.3556518296050217,0.6090909090909091,0.5,1.0,0.0,0.0,0.0,0.0,0.0,0.0,0.0,0.0,0.0,0.0,0.0,0.0,0.0,0.0,0.6666666666666666,0.5434123899986534,271.6433333333333
3 BHK,1036.05,1212.81,15,18,11,1,Semi-Furnished,0,3,4,2,5,Granite,1,1,0,1,0,Open,1,Municipal,2953.37,Wakad,411057,Society,4.65,3.33,2.26,2.11,28308.27,7705611.86,7437.490333478115,Broker,29,3,1,3,3,0,0,0,0,0,0,0,0,0,0,0,0,0,0,1,0.3714010873310616,0.3555417572182552,0.7142857142857142,0.7368421052631579,0.55,1.0,0.0,0.4000000000000001,0.8,0.4,0.4444444444444445,1.0,1.0,0.0,1.0,0.0,1.0,0.2470696357352988,1.0,0.6180555555555556,0.2601828761429758,0.743682310469314,0.596,0.0824072781451799,0.2545454545454545,1.0,0.0,0.0,0.0,0.0,0.0,0.0,0.0,0.0,0.0,0.0,0.0,0.0,0.0,0.0,1.0,0.8333333333333334,0.4743527649292163,345.34999999999997
1 BHK,356.53,390.05,7,9,9,1,Semi-Furnished,1,1,3,0,1,Vitrified,1,1,1,0,1,Stilt,1,Municipal,865.29,Shivajinagar,411005,Society,0.48,5.77,0.53,1.08,16552.93,3303400.33,9265.420385381316,Owner,8,2,1,1,1,0,0,0,0,0,0,0,0,0,0,0,0,1,0,0,0.0461972127569968,0.0362465072958708,0.3333333333333333,0.2631578947368421,0.45,1.0,1.0,0.0,0.6000000000000001,0.0,0.0,1.0,1.0,1.0,0.0,1.0,1.0,0.0074911308865441,0.071428571429351,0.0388888888888888,0.4630091438071487,0.1191335740072202,0.184,0.1388656560053469,0.0636363636363636,0.5,0.0,0.0,0.0,0.0,0.0,0.0,0.0,0.0,0.0,0.0,0.0,0.0,1.0,0.0,0.0,0.7777777777777778,0.7057302034407513,356.53
4 BHK,1504.05,1678.96,4,10,15,1,Semi-Furnished,1,4,4,3,6,Vitrified,1,1,0,0,0,Not Specified,1,Borewell,6266.43,Kothrud,411038,Society,1.8,8.05,1.05,1.05,51659.39,12252537.89,8146.363412120609,Broker,28,2,1,4,4,0,0,0,0,0,0,0,1,0,0,0,0,0,0,0,0.5953759715149891,0.536444427196523,0.1904761904761904,0.3157894736842105,0.75,1.0,1.0,0.6000000000000001,0.8,0.6000000000000001,0.5555555555555556,1.0,1.0,0.0,0.0,0.0,1.0,0.6271977731985259,0.6607142857146755,0.2222222222222222,0.6525353283458022,0.3068592057761733,0.172,0.1043002729057357,0.2454545454545454,0.5,0.0,0.0,0.0,0.0,0.0,0.0,0.0,1.0,0.0,0.0,0.0,0.0,0.0,0.0,0.0,0.4,0.5873335990874831,376.0125
4 BHK,1664.07,1896.83,6,13,16,1,Unfurnished,1,4,4,2,6,Vitrified,0,1,0,1,0,Not Specified,1,Municipal,3036.54,Wakad,411057,Standalone,4.61,2.8,1.77,2.42,36246.2,14636326.29,8795.499161693919,Owner,40,3,0,4,4,0,0,0,0,0,0,0,0,0,0,0,0,0,0,1,0.6719581530686474,0.620995032598572,0.2857142857142857,0.4736842105263157,0.8,1.0,1.0,0.6000000000000001,0.8,0.4,0.5555555555555556,0.0,1.0,0.0,1.0,0.0,1.0,0.2566122510796683,1.0,0.6125,0.2161263507896924,0.5667870036101084,0.72,0.1243490846106614,0.3545454545454545,1.0,0.0,0.0,0.0,0.0,0.0,0.0,0.0,0.0,0.0,0.0,0.0,0.0,0.0,0.0,1.0,0.46153846153846156,0.457480261568569,416.0175
3 BHK,758.55,863.75,2,9,11,1,Semi-Furnished,1,3,2,1,4,Granite,1,1,0,0,0,Covered,1,Borewell,3088.66,Wakad,411057,Society,4.9,0.94,1.9,2.36,18671.78,4892576.82,6449.906822226617,Broker,19,3,1,3,3,0,0,0,0,0,0,0,0,0,0,0,0,0,0,1,0.2385954669014893,0.2200791679602608,0.0952380952380952,0.2631578947368421,0.55,1.0,1.0,0.4000000000000001,0.4,0.2,0.3333333333333333,1.0,1.0,0.0,0.0,0.0,1.0,0.2625923053269754,1.0,0.6527777777777778,0.0615128844555278,0.6137184115523465,0.696,0.051903668846371,0.1636363636363636,1.0,0.0,0.0,0.0,0.0,0.0,0.0,0.0,0.0,0.0,0.0,0.0,0.0,0.0,0.0,1.0,0.2222222222222222,0.5015224671806846,252.85
2 BHK,657.58,825.71,3,8,3,1,Fully Furnished,1,2,3,1,4,Wooden,1,0,1,1,1,Covered,1,Not Specified,2423.73,Kharadi,411014,Society,4.69,1.18,1.7,2.49,37659.07,8128614.98,12361.408467410809,Owner,14,2,2,2,2,0,0,0,0,0,1,0,0,0,0,0,0,0,0,0,0.1902733642176193,0.2053166718410431,0.1428571428571428,0.2105263157894736,0.15,1.0,1.0,0.2,0.6000000000000001,0.2,0.3333333333333333,1.0,0.0,1.0,1.0,1.0,1.0,0.1863007191669229,0.232142857143117,0.6236111111111112,0.0814630091438071,0.5415162454873647,0.7480000000000001,0.2344852039133373,0.1181818181818181,0.5,0.0,0.0,0.0,0.0,0.0,1.0,0.0,0.0,0.0,0.0,0.0,0.0,0.0,0.0,0.0,0.375,0.49055174584610395,328.79
2 BHK,845.71,1020.2,5,12,6,1,Fully Furnished,1,2,3,2,3,Marble,0,1,1,0,1,Open,1,Corporation + Borewell,4839.66,Baner,411045,Standalone,3.3,3.13,1.5,1.82,41738.46,22517507.3,26625.565855908055,Broker,9,1,2,2,2,0,1,0,0,0,0,0,0,0,0,0,0,0,0,0,0.280308396186684,0.2807940080720273,0.238095238095238,0.4210526315789473,0.3,1.0,1.0,0.2,0.6000000000000001,0.4,0.2222222222222222,0.0,1.0,1.0,0.0,1.0,1.0,0.4634955092225012,0.7857142857146755,0.4305555555555555,0.2435577722360764,0.4693140794223827,0.4800000000000001,0.6750479036663756,0.0727272727272727,0.0,0.0,1.0,0.0,0.0,0.0,0.0,0.0,0.0,0.0,0.0,0.0,0.0,0.0,0.0,0.0,0.4166666666666667,0.571597558310559,422.855
3 BHK,1266.69,1470.08,11,18,4,1,Semi-Furnished,1,3,2,2,6,Vitrified,1,1,0,0,0,Covered,1,Borewell,3358.42,Wakad,411057,Society,4.41,3.15,2.11,1.93,41000.43,11414730.26,9011.463151994569,Broker,50,3,1,3,3,0,0,0,0,0,0,0,0,0,0,0,0,0,0,1,0.4817805046134998,0.4553826451412605,0.5238095238095237,0.7368421052631579,0.2,1.0,1.0,0.4000000000000001,0.4,0.4,0.5555555555555556,1.0,1.0,0.0,0.0,0.0,1.0,0.2935435607712113,1.0,0.5847222222222223,0.2452202826267663,0.6895306859205776,0.524,0.1310197705318635,0.4454545454545454,1.0,0.0,0.0,0.0,0.0,0.0,0.0,0.0,0.0,0.0,0.0,0.0,0.0,0.0,0.0,1.0,0.6111111111111112,0.5093003138996599,422.23
2 BHK,462.19,591.51,9,16,13,1,Unfurnished,0,3,2,1,3,Vitrified,1,1,1,1,1,Covered,0,Borewell,1605.32,Aundh,411007,Standalone,4.44,4.97,1.61,1.59,26327.5,4352139.49,9416.342824379584,Owner,40,2,0,2,2,1,0,0,0,0,0,0,0,0,0,0,0,0,0,0,0.0967638500708296,0.1144287488357653,0.4285714285714285,0.631578947368421,0.65,1.0,0.0,0.4000000000000001,0.4,0.2,0.2222222222222222,1.0,1.0,1.0,1.0,1.0,0.0,0.0923994107145315,0.107142857143117,0.5888888888888889,0.3965087281795511,0.5090252707581228,0.3880000000000001,0.1435225965702087,0.3545454545454545,0.5,1.0,0.0,0.0,0.0,0.0,0.0,0.0,0.0,0.0,0.0,0.0,0.0,0.0,0.0,0.0,0.5625,0.4946689519256977,231.095
2 BHK,693.07,772.69,4,9,9,1,Fully Furnished,0,3,2,2,3,Granite,1,1,1,0,0,Covered,1,Tanker,3708.0,Baner,411045,Society,3.2,1.8,2.37,1.84,37111.46,21691443.25,31297.62253452032,Owner,31,1,2,2,2,0,1,0,0,0,0,0,0,0,0,0,0,0,0,0,0.2072581262682338,0.1847407637379696,0.1904761904761904,0.2631578947368421,0.45,1.0,0.0,0.4000000000000001,0.4,0.4,0.2222222222222222,1.0,1.0,1.0,0.0,0.0,1.0,0.3336530650646424,0.7857142857146755,0.4166666666666667,0.1330008312551953,0.7833935018050542,0.4880000000000001,0.8193469658540442,0.2727272727272727,0.0,0.0,1.0,0.0,0.0,0.0,0.0,0.0,0.0,0.0,0.0,0.0,0.0,0.0,0.0,0.0,0.4444444444444444,0.6102149699860246,346.535
1 BHK,445.72,535.0,5,13,13,1,Semi-Furnished,0,1,0,0,2,Vitrified,1,1,0,0,0,Covered,0,Borewell,1431.98,Magarpatta,411013,Society,4.79,1.15,1.75,1.8,7500.0,2800000.0,6281.970743964821,Broker,41,3,1,1,1,0,0,0,0,0,0,0,0,1,0,0,0,0,0,0,0.0888816570312799,0.0924984476870537,0.238095238095238,0.4736842105263157,0.65,1.0,0.0,0.0,0.0,0.0,0.1111111111111111,1.0,1.0,0.0,0.0,0.0,0.0,0.0725110261552794,0.214285714286234,0.6375000000000001,0.0789692435577722,0.5595667870036102,0.4720000000000001,0.0467154948439471,0.3636363636363636,1.0,0.0,0.0,0.0,0.0,0.0,0.0,0.0,0.0,1.0,0.0,0.0,0.0,0.0,0.0,0.0,0.38461538461538464,0.560582851547692,445.72
2 BHK,555.26,647.06,8,16,11,1,Semi-Furnished,1,2,2,1,4,Ceramic,1,1,0,0,0,Covered,0,Municipal,930.03,Hinjewadi,411057,Society,5.78,1.35,2.21,2.07,9512.03,6427788.66,11576.178114757051,Owner,22,3,1,2,2,0,0,0,1,0,0,0,0,0,0,0,0,0,0,0,0.1413051801370649,0.1359864948773673,0.3809523809523809,0.631578947368421,0.55,1.0,1.0,0.2,0.4,0.2,0.3333333333333333,1.0,1.0,0.0,0.0,0.0,0.0,0.0149191568261194,1.0,0.775,0.0955943474646716,0.7256317689530686,0.58,0.2102350152019243,0.1909090909090909,1.0,0.0,0.0,0.0,1.0,0.0,0.0,0.0,0.0,0.0,0.0,0.0,0.0,0.0,0.0,0.0,0.5,0.4816910265193176,277.63
2 BHK,887.81,1077.48,12,12,5,1,Semi-Furnished,1,2,2,1,4,Vitrified,1,1,1,1,0,Covered,1,Corporation + Borewell,2605.79,Aundh,411007,Society,3.55,4.36,1.6,1.74,27312.79,10094159.37,11369.729300188103,Broker,56,2,1,2,2,1,0,0,0,0,0,0,0,0,0,0,0,0,0,0,0.3004565641869903,0.3030231294628998,0.5714285714285714,0.4210526315789473,0.25,1.0,1.0,0.2,0.4,0.2,0.3333333333333333,1.0,1.0,1.0,1.0,0.0,1.0,0.2071896039763001,0.107142857143117,0.4652777777777778,0.3458021612635079,0.5054151624548737,0.448,0.203854654531483,0.4999999999999999,0.5,1.0,0.0,0.0,0.0,0.0,0.0,0.0,0.0,0.0,0.0,0.0,0.0,0.0,0.0,0.0,1.0,0.5353591845824062,443.905
4 BHK,1158.6,1330.95,8,14,4,1,Unfurnished,0,4,4,2,4,Not Specified,1,1,1,0,0,Open,0,Corporation + Borewell,3785.22,Hadapsar,411028,Society,5.69,2.23,2.22,2.19,25610.62,7688699.56,6636.198480925254,Broker,18,3,0,4,4,0,0,1,0,0,0,0,0,0,0,0,0,0,0,0,0.4300509207856349,0.4013893200869295,0.3809523809523809,0.5263157894736842,0.2,1.0,0.0,0.6000000000000001,0.8,0.4,0.3333333333333333,1.0,1.0,1.0,0.0,0.0,0.0,0.3425129996190756,0.482142857143117,0.7625000000000001,0.168744804655029,0.7292418772563178,0.628,0.0576589036577275,0.1545454545454545,1.0,0.0,0.0,1.0,0.0,0.0,0.0,0.0,0.0,0.0,0.0,0.0,0.0,0.0,0.0,0.0,0.5714285714285714,0.44893983076730415,289.65
1 BHK,375.82,472.37,3,13,11,1,Fully Furnished,1,1,0,1,2,Vitrified,1,1,1,0,1,Stilt,1,Municipal,1959.41,Kalyani Nagar,411006,Society,2.26,5.43,1.45,1.53,25493.47,5174780.97,13769.307035282847,Broker,10,1,2,1,1,0,0,0,0,1,0,0,0,0,0,0,0,0,0,0,0.0554289980473984,0.0681931077305184,0.1428571428571428,0.4736842105263157,0.55,1.0,1.0,0.0,0.0,0.2,0.1111111111111111,1.0,1.0,1.0,0.0,1.0,1.0,0.1330263755731076,0.089285714286234,0.2861111111111111,0.4347464671654197,0.4512635379061371,0.3640000000000001,0.2779644987812517,0.0818181818181818,0.0,0.0,0.0,0.0,0.0,1.0,0.0,0.0,0.0,0.0,0.0,0.0,0.0,0.0,0.0,0.0,0.23076923076923078,0.5867399303826124,375.82
3 BHK,1086.26,1321.28,3,7,9,1,Unfurnished,1,4,3,2,4,Granite,1,1,1,0,1,Covered,1,Municipal,4085.72,Aundh,411007,Society,4.23,3.48,1.49,1.75,46706.02,11509244.51,10595.294413860402,Not Specified,30,2,0,3,3,1,0,0,0,0,0,0,0,0,0,0,0,0,0,0,0.3954305294995979,0.3976366035392736,0.1428571428571428,0.1578947368421052,0.45,1.0,1.0,0.6000000000000001,0.6000000000000001,0.4,0.3333333333333333,1.0,1.0,1.0,0.0,1.0,1.0,0.3769912479175367,0.107142857143117,0.5597222222222223,0.2726517040731504,0.4657039711191335,0.452,0.1799386487150946,0.2636363636363636,0.5,1.0,0.0,0.0,0.0,0.0,0.0,0.0,0.0,0.0,0.0,0.0,0.0,0.0,0.0,0.0,0.42857142857142855,0.5276449148689542,362.08666666666664
2 BHK,782.12,859.06,6,12,11,1,Unfurnished,1,2,2,1,3,Granite,1,1,0,1,0,Open,0,Corporation + Borewell,2363.68,Hadapsar,411028,Society,5.7,2.41,2.81,2.38,23148.14,4414594.89,5644.3958599703365,Builder,9,3,0,2,2,0,0,1,0,0,0,0,0,0,0,0,0,0,0,0,0.2498755695087867,0.2182590810307358,0.2857142857142857,0.4210526315789473,0.55,1.0,1.0,0.2,0.4,0.2,0.2222222222222222,1.0,1.0,0.0,1.0,0.0,0.0,0.1794108063205914,0.482142857143117,0.763888888888889,0.1837073981712385,0.9422382671480144,0.704,0.0270258834226752,0.0727272727272727,1.0,0.0,0.0,1.0,0.0,0.0,0.0,0.0,0.0,0.0,0.0,0.0,0.0,0.0,0.0,0.0,0.5,0.42328426608884495,391.06
1 BHK,415.18,453.62,2,9,14,1,Semi-Furnished,1,1,1,0,1,Vitrified,0,0,1,1,0,Covered,1,Borewell,1725.76,Kharadi,411014,Society,5.2,1.11,2.64,2.0,14183.22,5387478.06,12976.246591839683,Builder,68,2,1,1,1,0,0,0,0,0,1,0,0,0,0,0,0,0,0,0,0.0742658601018415,0.0609166407947842,0.0952380952380952,0.2631578947368421,0.7000000000000001,1.0,1.0,0.0,0.2,0.0,0.0,0.0,0.0,1.0,1.0,0.0,1.0,0.1062182467380479,0.232142857143117,0.6944444444444445,0.0756442227763923,0.8808664259927799,0.552,0.2534786524460829,0.6090909090909091,0.5,0.0,0.0,0.0,0.0,0.0,1.0,0.0,0.0,0.0,0.0,0.0,0.0,0.0,0.0,0.0,0.2222222222222222,0.5218370770292275,415.18
3 BHK,1229.87,1369.7,13,14,14,1,Unfurnished,1,3,2,1,5,Marble,1,1,0,0,0,Covered,1,Municipal,4084.84,Hadapsar,411028,Society,4.62,3.03,2.21,2.28,23162.38,8274854.6,6728.235179327897,Builder,7,3,0,3,3,0,0,1,0,0,0,0,0,0,0,0,0,0,0,0,0.464159232742448,0.4164273517541138,0.6190476190476191,0.5263157894736842,0.7000000000000001,1.0,1.0,0.4000000000000001,0.4,0.2,0.4444444444444445,1.0,1.0,0.0,0.0,0.0,1.0,0.3768902800023865,0.482142857143117,0.6138888888888889,0.2352452202826267,0.7256317689530686,0.6639999999999999,0.0605013114053348,0.0545454545454545,1.0,0.0,0.0,1.0,0.0,0.0,0.0,0.0,0.0,0.0,0.0,0.0,0.0,0.0,0.0,0.0,0.9285714285714286,0.4657183379996136,409.95666666666665
2 BHK,774.46,921.71,12,15,14,1,Semi-Furnished,1,2,2,1,3,Marble,1,1,0,1,1,Covered,1,Municipal,2159.26,Shivajinagar,411005,Society,1.51,6.34,0.8,1.15,36089.95,12035954.58,15541.092606461276,Owner,22,2,1,2,2,0,0,0,0,0,0,0,0,0,0,0,0,1,0,0,0.2462096558061181,0.2425721825520025,0.5714285714285714,0.5789473684210527,0.7000000000000001,1.0,1.0,0.2,0.4,0.2,0.2222222222222222,1.0,1.0,0.0,1.0,1.0,1.0,0.1559564185762606,0.071428571429351,0.1819444444444444,0.510390689941812,0.2166064981949458,0.2119999999999999,0.3326914262629458,0.1909090909090909,0.5,0.0,0.0,0.0,0.0,0.0,0.0,0.0,0.0,0.0,0.0,0.0,0.0,1.0,0.0,0.0,0.8,0.6363196062909882,387.23
3 BHK,691.59,850.95,10,18,9,1,Semi-Furnished,1,4,3,2,5,Ceramic,1,1,0,0,0,Covered,0,Municipal,2108.94,Pune Camp,411001,Society,2.66,6.19,1.26,1.92,18096.17,5153936.37,7452.300307985945,Broker,17,3,1,3,3,0,0,0,0,0,0,0,0,0,0,0,1,0,0,0,0.2065498296259428,0.2151117665321329,0.4761904761904761,0.7368421052631579,0.45,1.0,1.0,0.6000000000000001,0.6000000000000001,0.4,0.4444444444444445,1.0,1.0,0.0,0.0,0.0,0.0,0.1501828896099426,0.0,0.3416666666666667,0.4979218620116376,0.3826714801444043,0.52,0.0828637682735037,0.1454545454545454,1.0,0.0,0.0,0.0,0.0,0.0,0.0,0.0,0.0,0.0,0.0,0.0,1.0,0.0,0.0,0.0,0.5555555555555556,0.5063411546649486,230.53
3 BHK,982.97,1106.2,6,15,12,1,Semi-Furnished,1,3,2,2,5,Marble,1,1,1,1,1,Covered,1,Corporation + Borewell,3154.39,Kothrud,411038,Society,1.84,6.84,1.05,1.19,37339.65,9377222.38,9539.683184634323,Broker,26,2,1,3,3,0,0,0,0,0,0,0,1,0,0,0,0,0,0,0,0.3459981239710555,0.3141687364172618,0.2857142857142857,0.5789473684210527,0.6000000000000001,1.0,1.0,0.4000000000000001,0.4,0.4,0.4444444444444445,1.0,1.0,1.0,1.0,1.0,1.0,0.2701339201710947,0.6607142857146755,0.2277777777777778,0.5519534497090606,0.3068592057761733,0.2279999999999999,0.1473338876280674,0.2272727272727272,0.5,0.0,0.0,0.0,0.0,0.0,0.0,0.0,1.0,0.0,0.0,0.0,0.0,0.0,0.0,0.0,0.4,0.6035535456835539,327.6566666666667
1 BHK,429.48,469.36,9,13,4,1,Fully Furnished,0,1,0,1,1,Vitrified,1,1,0,1,0,Stilt,1,Municipal,2127.39,Kalyani Nagar,411006,Society,2.11,5.13,1.58,1.23,27520.1,5209123.76,12128.908819968332,Owner,13,1,2,1,1,0,0,0,0,1,0,0,0,0,0,0,0,0,0,0,0.0811095371185727,0.0670249922384353,0.4285714285714285,0.4736842105263157,0.2,1.0,0.0,0.0,0.0,0.2,0.0,1.0,1.0,0.0,1.0,0.0,1.0,0.152299773740081,0.089285714286234,0.2652777777777778,0.4098088113050706,0.4981949458483755,0.244,0.227307684229903,0.109090909090909,0.0,0.0,0.0,0.0,0.0,1.0,0.0,0.0,0.0,0.0,0.0,0.0,0.0,0.0,0.0,0.0,0.6923076923076923,0.6337245840720902,429.48
2 BHK,642.77,757.6,5,5,6,1,Unfurnished,0,3,0,2,3,Granite,0,1,1,1,1,Stilt,1,Borewell,2817.71,Kalyani Nagar,411006,Standalone,1.07,5.28,1.82,1.68,39939.59,16784521.2,26112.794934424444,Owner,3,1,0,2,2,0,0,0,0,1,0,0,0,0,0,0,0,0,0,0,0.1831856120065852,0.1788846631480907,0.238095238095238,0.0526315789473684,0.3,1.0,0.0,0.4000000000000001,0.0,0.4,0.2222222222222222,0.0,1.0,1.0,1.0,1.0,1.0,0.2315045137247522,0.089285714286234,0.1208333333333333,0.4222776392352452,0.5848375451263538,0.424,0.6592047929610334,0.0181818181818181,0.0,0.0,0.0,0.0,0.0,1.0,0.0,0.0,0.0,0.0,0.0,0.0,0.0,0.0,0.0,0.0,1.0,0.6284062004012945,321.385
3 BHK,881.33,975.18,7,7,9,1,Semi-Furnished,1,3,3,2,5,Wooden,0,1,0,1,1,Covered,0,Municipal,2191.16,Kharadi,411014,Standalone,4.39,1.66,2.35,1.87,42050.51,9766150.12,11081.150216150589,Not Specified,72,2,1,3,3,0,0,0,0,0,1,0,0,0,0,0,0,0,0,0,0.2973553734829052,0.2633227258615337,0.3333333333333333,0.1578947368421052,0.45,1.0,1.0,0.4000000000000001,0.6000000000000001,0.4,0.4444444444444445,0.0,1.0,0.0,1.0,1.0,0.0,0.1596165055004566,0.232142857143117,0.5819444444444444,0.1213632585203657,0.776173285198556,0.5000000000000001,0.194942904759728,0.6454545454545455,0.5,0.0,0.0,0.0,0.0,0.0,1.0,0.0,0.0,0.0,0.0,0.0,0.0,0.0,0.0,0.0,1.0,0.5572219917886312,293.7766666666667
1 RK,431.72,529.67,8,13,4,1,Semi-Furnished,1,2,1,0,2,Vitrified,1,1,0,1,0,Covered,0,Municipal,800.0,Hadapsar,411028,Society,5.13,2.11,2.42,2.18,15569.79,3246855.17,7520.743004725285,Owner,47,3,1,1,1,0,0,1,0,0,0,0,0,0,0,0,0,0,0,0,0.0821815536582564,0.0904299906861223,0.3809523809523809,0.4736842105263157,0.2,1.0,1.0,0.2,0.2,0.0,0.1111111111111111,1.0,1.0,0.0,1.0,0.0,0.0,0.0,0.482142857143117,0.6847222222222222,0.1587697423108894,0.8014440433212996,0.6240000000000001,0.0849797451809097,0.4181818181818181,1.0,0.0,0.0,1.0,0.0,0.0,0.0,0.0,0.0,0.0,0.0,0.0,0.0,0.0,0.0,0.0,0.6153846153846154,0.47850407801348116,431.72
2 BHK,892.72,1062.81,6,10,7,1,Fully Furnished,1,2,1,1,3,Wooden,1,1,1,1,0,Bike,0,Corporation + Borewell,3588.06,Kothrud,411038,Society,1.97,7.23,0.8,1.54,32547.34,17022283.67,19067.886537772203,Owner,20,2,2,2,2,0,0,0,0,0,0,0,1,0,0,0,0,0,0,0,0.3028063861556721,0.2973300217323812,0.2857142857142857,0.3157894736842105,0.35,1.0,1.0,0.2,0.2,0.2,0.2222222222222222,1.0,1.0,1.0,1.0,0.0,0.0,0.3198915971747341,0.6607142857146755,0.2458333333333333,0.5843724023275145,0.2166064981949458,0.3680000000000001,0.4416199160651168,0.1727272727272727,0.5,0.0,0.0,0.0,0.0,0.0,0.0,0.0,1.0,0.0,0.0,0.0,0.0,0.0,0.0,0.0,0.6,0.5496749280886648,446.36
3 BHK,1016.42,1107.25,5,14,2,1,Fully Furnished,1,3,3,2,4,Granite,1,1,0,0,0,Covered,1,Municipal,1798.82,Hadapsar,411028,Society,5.08,2.01,2.53,2.09,28930.99,10049829.0,9887.476633675056,Broker,48,3,2,3,3,0,0,1,0,0,0,0,0,0,0,0,0,0,0,0,0.362006585244458,0.3145762185656629,0.238095238095238,0.5263157894736842,0.1,1.0,1.0,0.4000000000000001,0.6000000000000001,0.4,0.3333333333333333,1.0,1.0,0.0,0.0,0.0,1.0,0.1146008784208618,0.482142857143117,0.6777777777777778,0.1504571903574397,0.8411552346570397,0.588,0.158076848476163,0.4272727272727272,1.0,0.0,0.0,1.0,0.0,0.0,0.0,0.0,0.0,0.0,0.0,0.0,0.0,0.0,0.0,0.0,0.35714285714285715,0.493097253174931,338.8066666666667
3 BHK,1218.45,1506.7,7,19,18,1,Unfurnished,1,4,4,2,6,Vitrified,0,0,0,1,1,Not Specified,0,Municipal,4355.66,Kharadi,411014,Society,4.61,2.69,2.7,2.3,38253.75,13802751.05,11328.122655833231,Broker,24,2,0,3,3,0,0,0,0,0,1,0,0,0,0,0,0,0,0,0,0.4586938627053104,0.4695940701645453,0.3333333333333333,0.7894736842105263,0.9,1.0,1.0,0.6000000000000001,0.8,0.4,0.5555555555555556,0.0,0.0,0.0,1.0,1.0,0.0,0.4079631558898715,0.232142857143117,0.6125,0.2069825436408977,0.9025270758122744,0.6719999999999999,0.2025707374384912,0.209090909090909,0.5,0.0,0.0,0.0,0.0,0.0,1.0,0.0,0.0,0.0,0.0,0.0,0.0,0.0,0.0,0.0,0.3684210526315789,0.47329886651227626,406.15000000000003
5 BHK,1695.05,1962.28,12,15,16,1,Unfurnished,0,5,5,2,8,Marble,0,0,0,1,0,Covered,1,Corporation + Borewell,6338.49,Wakad,411057,Society,4.2,1.92,1.71,2.17,47377.66,14528656.41,8571.22586944338,Owner,42,3,0,5,5,0,0,0,0,0,0,0,0,0,0,0,0,0,0,1,0.6867845246755236,0.6463947531822416,0.5714285714285714,0.5789473684210527,0.8,1.0,0.0,0.8,1.0,0.4,0.7777777777777777,0.0,0.0,0.0,1.0,0.0,1.0,0.6354656686141236,1.0,0.5555555555555556,0.1429758935993349,0.5451263537906137,0.62,0.1174229742401199,0.3727272727272727,1.0,0.0,0.0,0.0,0.0,0.0,0.0,0.0,0.0,0.0,0.0,0.0,0.0,0.0,0.0,1.0,0.8,0.526642868731994,339.01
1 BHK,352.71,394.46,1,13,1,1,Unfurnished,0,1,2,0,2,Marble,0,1,0,0,1,Covered,1,Municipal,1812.36,Aundh,411007,Standalone,2.78,4.87,1.38,1.25,10201.78,3262752.98,9250.525871112246,Broker,61,2,0,1,1,1,0,0,0,0,0,0,0,0,0,0,0,0,0,0,0.0443690416937861,0.0379579323191555,0.0476190476190476,0.4736842105263157,0.05,1.0,0.0,0.0,0.4,0.0,0.1111111111111111,0.0,1.0,0.0,0.0,1.0,1.0,0.1161544074789688,0.107142857143117,0.3583333333333333,0.3881961762261013,0.4259927797833934,0.252,0.1384066950238252,0.5454545454545455,0.5,1.0,0.0,0.0,0.0,0.0,0.0,0.0,0.0,0.0,0.0,0.0,0.0,0.0,0.0,0.0,0.07692307692307693,0.6084940513190717,352.71
2 BHK,641.16,742.04,8,14,15,1,Unfurnished,1,3,2,1,2,Vitrified,1,1,0,0,0,Covered,0,Municipal,1889.08,Magarpatta,411013,Society,4.84,1.12,1.46,2.16,19029.77,4560552.7,7112.97133320856,Owner,62,3,0,2,2,0,0,0,0,0,0,0,0,1,0,0,0,0,0,0,0.1824151001186875,0.1728461657870226,0.3809523809523809,0.5263157894736842,0.75,1.0,1.0,0.4000000000000001,0.4,0.2,0.1111111111111111,1.0,1.0,0.0,0.0,0.0,0.0,0.1249569738997939,0.214285714286234,0.6444444444444445,0.0764754779717373,0.4548736462093863,0.6160000000000001,0.0723854975742398,0.5545454545454546,1.0,0.0,0.0,0.0,0.0,0.0,0.0,0.0,0.0,1.0,0.0,0.0,0.0,0.0,0.0,0.0,0.5714285714285714,0.5206867223220453,320.58
3 BHK,799.37,920.63,12,14,3,1,Semi-Furnished,1,3,4,2,5,Vitrified,1,1,0,0,0,Stilt,0,Corporation + Borewell,1739.87,Pimple Saudagar,411027,Society,4.53,3.66,1.6,2.3,24987.18,9927976.06,12419.750628620039,Broker,57,3,1,3,3,0,0,0,0,0,0,0,0,0,0,1,0,0,0,0,0.2581310540219763,0.2421530580565042,0.5714285714285714,0.5263157894736842,0.15,1.0,1.0,0.4000000000000001,0.8,0.4,0.4444444444444445,1.0,1.0,0.0,0.0,0.0,0.0,0.1078371754684681,0.464285714286234,0.601388888888889,0.2876142975893599,0.5054151624548737,0.6719999999999999,0.2362852204680537,0.5090909090909091,1.0,0.0,0.0,0.0,0.0,0.0,0.0,0.0,0.0,0.0,0.0,1.0,0.0,0.0,0.0,0.0,0.8571428571428571,0.4504647486658935,266.45666666666665
3 BHK,968.86,1167.07,4,10,13,1,Unfurnished,0,3,2,2,5,Marble,1,1,1,0,0,Not Specified,1,Municipal,2277.45,Pimple Saudagar,411027,Society,3.66,5.31,1.65,2.31,17643.92,5154016.83,5319.671397312305,Broker,30,3,0,3,3,0,0,0,0,0,0,0,0,0,0,1,0,0,0,0,0.3392453769286726,0.3377910586774294,0.1904761904761904,0.3157894736842105,0.65,1.0,0.0,0.4000000000000001,0.4,0.4,0.4444444444444445,1.0,1.0,1.0,0.0,0.0,1.0,0.1695170979985405,0.464285714286234,0.4805555555555556,0.42477140482128,0.5234657039711191,0.676,0.0169963814354915,0.2636363636363636,1.0,0.0,0.0,0.0,0.0,0.0,0.0,0.0,0.0,0.0,0.0,1.0,0.0,0.0,0.0,0.0,0.4,0.4436141799387916,322.9533333333333
1 BHK,403.58,447.04,4,13,6,1,Semi-Furnished,1,2,2,0,1,Vitrified,0,1,0,0,1,Open,0,Municipal,1401.1,Kharadi,411014,Standalone,4.29,2.12,1.66,2.18,18578.32,4856179.95,12032.756702512514,Owner,23,2,1,1,1,0,0,0,0,0,1,0,0,0,0,0,0,0,0,0,0.0687143458784792,0.0583630859981372,0.1904761904761904,0.4736842105263157,0.3,1.0,1.0,0.2,0.4,0.0,0.0,0.0,1.0,0.0,0.0,1.0,0.0,0.0689679702236439,0.232142857143117,0.5680555555555555,0.1596009975062344,0.5270758122743682,0.6240000000000001,0.2243315415529559,0.1999999999999999,0.5,0.0,0.0,0.0,0.0,0.0,1.0,0.0,0.0,0.0,0.0,0.0,0.0,0.0,0.0,0.0,0.3076923076923077,0.5160693620219376,403.58
1 BHK,382.72,467.07,3,12,13,1,Semi-Furnished,1,2,0,0,2,Vitrified,1,1,1,1,0,Covered,1,Not Specified,1334.0,Viman Nagar,411014,Society,2.41,6.11,1.67,1.95,19891.69,5599023.58,14629.555758779263,Owner,21,2,1,1,1,0,0,0,0,0,0,0,0,0,0,0,0,0,1,0,0.0587311918526743,0.0661362930766842,0.1428571428571428,0.4210526315789473,0.65,1.0,1.0,0.2,0.0,0.0,0.1111111111111111,1.0,1.0,1.0,1.0,0.0,1.0,0.0612691666934384,0.232142857143117,0.3069444444444444,0.4912718204488777,0.5306859205776173,0.532,0.3045416134918468,0.1818181818181818,0.5,0.0,0.0,0.0,0.0,0.0,0.0,0.0,0.0,0.0,0.0,0.0,0.0,0.0,1.0,0.0,0.25,0.516577718356132,382.72
3 BHK,1155.49,1362.3,9,14,11,1,Semi-Furnished,1,3,2,2,4,Granite,1,1,0,1,0,Covered,1,Corporation + Borewell,5296.18,Aundh,411007,Society,3.14,3.83,1.18,1.85,61202.51,11372762.22,9842.37182494007,Broker,79,2,1,3,3,1,0,0,0,0,0,0,0,0,0,0,0,0,0,0,0.428562540679199,0.4135555728034772,0.4285714285714285,0.5263157894736842,0.55,1.0,1.0,0.4000000000000001,0.4,0.4,0.3333333333333333,1.0,1.0,0.0,1.0,0.0,1.0,0.5158749099320303,0.107142857143117,0.4083333333333334,0.3017456359102244,0.3537906137184115,0.4920000000000001,0.1566820518459127,0.7090909090909091,0.5,1.0,0.0,0.0,0.0,0.0,0.0,0.0,0.0,0.0,0.0,0.0,0.0,0.0,0.0,0.0,0.6428571428571429,0.5565208692559469,385.16333333333336
1 BHK,458.49,564.13,0,16,18,1,Semi-Furnished,1,1,2,0,1,Vitrified,1,1,0,0,0,Stilt,1,Borewell,2285.0,Wakad,411057,Society,5.11,4.28,1.86,2.23,10196.24,3320631.85,7242.5393138345435,Owner,14,3,1,1,1,0,0,0,0,0,0,0,0,0,0,0,0,0,0,1,0.094993108465102,0.1038031667184104,0.0,0.631578947368421,0.9,1.0,1.0,0.0,0.4,0.0,0.0,1.0,1.0,0.0,0.0,0.0,1.0,0.1703833568160226,1.0,0.6819444444444445,0.3391521197007481,0.5992779783393503,0.644,0.0763873531849915,0.1181818181818181,1.0,0.0,0.0,0.0,0.0,0.0,0.0,0.0,0.0,0.0,0.0,0.0,0.0,0.0,0.0,1.0,0.0,0.41491891759675903,458.49
3 BHK,954.35,1122.13,8,14,12,1,Semi-Furnished,1,4,3,1,4,Vitrified,1,1,1,0,1,Covered,0,Borewell,3499.4,Hadapsar,411028,Society,5.8,2.32,2.67,2.08,25033.9,6497327.42,6808.118007020485,Broker,24,3,1,3,3,0,0,1,0,0,0,0,0,0,0,0,0,0,0,0,0.3323011983613461,0.3203508227258616,0.3809523809523809,0.5263157894736842,0.6000000000000001,1.0,1.0,0.6000000000000001,0.6000000000000001,0.2,0.3333333333333333,1.0,1.0,1.0,0.0,1.0,0.0,0.3097190797233479,0.482142857143117,0.7777777777777778,0.1762261014131338,0.8916967509025271,0.5840000000000001,0.0629675317535521,0.209090909090909,1.0,0.0,0.0,1.0,0.0,0.0,0.0,0.0,0.0,0.0,0.0,0.0,0.0,0.0,0.0,0.0,0.5714285714285714,0.4532840281000543,318.1166666666667
3 BHK,1039.71,1123.48,0,11,9,1,Fully Furnished,1,4,3,2,5,Wooden,1,1,0,1,1,Covered,0,Corporation + Borewell,2716.57,Kothrud,411038,Society,1.36,7.47,0.57,1.36,56964.32,19166397.82,18434.369025978398,Broker,19,2,2,3,3,0,0,0,0,0,0,0,1,0,0,0,0,0,0,0,0.373152685784295,0.3208747283452344,0.0,0.368421052631579,0.45,1.0,1.0,0.6000000000000001,0.6000000000000001,0.4,0.4444444444444445,1.0,1.0,0.0,1.0,1.0,0.0,0.2199000876585081,0.6607142857146755,0.1611111111111111,0.6043225270157937,0.1335740072202165,0.296,0.4220550827303422,0.1636363636363636,0.5,0.0,0.0,0.0,0.0,0.0,0.0,0.0,1.0,0.0,0.0,0.0,0.0,0.0,0.0,0.0,0.0,0.5898418828917602,346.57
2 BHK,527.85,671.29,4,16,4,1,Fully Furnished,1,3,3,1,3,Granite,1,1,0,1,0,Covered,0,Corporation + Borewell,1529.29,Kharadi,411014,Society,3.86,1.79,2.06,1.52,32216.96,7216600.78,13671.68850999337,Broker,6,2,2,2,2,0,0,0,0,0,1,0,0,0,0,0,0,0,0,0,0.1281873348903097,0.1453896305495188,0.1904761904761904,0.631578947368421,0.2,1.0,1.0,0.4000000000000001,0.6000000000000001,0.2,0.2222222222222222,1.0,1.0,0.0,1.0,0.0,0.0,0.0836760123180856,0.232142857143117,0.5083333333333333,0.1321695760598503,0.6714801444043321,0.3600000000000001,0.2749577792959798,0.0454545454545454,0.5,0.0,0.0,0.0,0.0,0.0,1.0,0.0,0.0,0.0,0.0,0.0,0.0,0.0,0.0,0.0,0.25,0.6149458282737106,263.925
1 BHK,432.58,537.97,6,15,10,1,Semi-Furnished,1,1,2,0,1,Granite,1,1,1,1,0,Covered,1,Municipal,1574.82,Kharadi,411014,Society,4.18,2.68,1.25,1.76,17672.4,3969520.21,9176.384044569792,Broker,23,2,1,1,1,0,0,0,0,0,1,0,0,0,0,0,0,0,0,0,0.082593131436885,0.093651040049674,0.2857142857142857,0.5789473684210527,0.5,1.0,1.0,0.0,0.4,0.0,0.0,1.0,1.0,1.0,1.0,0.0,1.0,0.0888999545644381,0.232142857143117,0.5527777777777777,0.2061512884455527,0.3790613718411552,0.456,0.1361131255428156,0.1999999999999999,0.5,0.0,0.0,0.0,0.0,0.0,1.0,0.0,0.0,0.0,0.0,0.0,0.0,0.0,0.0,0.0,0.4,0.5506330974033344,432.58
1 RK,410.05,504.52,5,7,7,1,Fully Furnished,1,1,2,0,1,Vitrified,1,1,1,0,0,Not Specified,1,Municipal,1226.78,Viman Nagar,411014,Standalone,2.48,5.79,1.66,1.41,19337.32,5644645.18,13765.748518473356,Broker,40,2,2,1,1,0,0,0,0,0,0,0,0,0,0,0,0,0,1,0,0.0718107507944408,0.0806698230363241,0.238095238095238,0.1578947368421052,0.35,1.0,1.0,0.0,0.4,0.0,0.0,1.0,1.0,1.0,0.0,0.0,1.0,0.0489671441225199,0.232142857143117,0.3166666666666666,0.4646716541978387,0.5270758122743682,0.3159999999999999,0.2778548546705921,0.3545454545454545,0.5,0.0,0.0,0.0,0.0,0.0,0.0,0.0,0.0,0.0,0.0,0.0,0.0,0.0,1.0,0.0,0.7142857142857143,0.5798385954354883,410.05
4 BHK,1304.68,1491.84,12,14,5,1,Semi-Furnished,1,4,4,2,6,Marble,0,0,0,0,0,Covered,1,Corporation + Borewell,3575.63,Hadapsar,411028,Standalone,5.48,2.97,2.12,2.06,37703.12,10273116.71,7874.050886041022,Not Specified,9,3,1,4,4,0,0,1,0,0,0,0,0,0,0,0,0,0,0,0,0.4999617136950113,0.4638272275690779,0.5714285714285714,0.5263157894736842,0.25,1.0,1.0,0.6000000000000001,0.8,0.4,0.5555555555555556,0.0,0.0,0.0,0.0,0.0,1.0,0.3184654253732371,0.482142857143117,0.7333333333333334,0.2302576891105569,0.6931407942238268,0.5760000000000001,0.0958901063331673,0.0727272727272727,1.0,0.0,0.0,1.0,0.0,0.0,0.0,0.0,0.0,0.0,0.0,0.0,0.0,0.0,0.0,0.0,0.8571428571428571,0.4521191957414361,326.17
1 BHK,380.74,423.24,4,13,4,1,Unfurnished,1,2,1,0,1,Granite,0,1,0,1,0,Covered,0,Tanker,800.0,Wakad,411057,Standalone,4.38,2.03,2.13,2.54,7500.0,3581769.77,9407.390266323475,Owner,17,3,0,1,1,0,0,0,0,0,0,0,0,0,0,0,0,0,0,1,0.0577836058042038,0.0491268239677119,0.1904761904761904,0.4736842105263157,0.2,1.0,1.0,0.2,0.2,0.0,0.0,0.0,1.0,0.0,1.0,0.0,0.0,0.0,1.0,0.5805555555555556,0.1521197007481296,0.6967509025270758,0.768,0.143245552155387,0.1454545454545454,1.0,0.0,0.0,0.0,0.0,0.0,0.0,0.0,0.0,0.0,0.0,0.0,0.0,0.0,0.0,1.0,0.3076923076923077,0.47600675397077685,380.74
3 BHK,728.29,866.45,19,19,7,1,Semi-Furnished,1,4,3,2,4,Granite,1,1,0,1,1,Stilt,1,Corporation + Borewell,2450.66,Kothrud,411038,Society,1.98,6.99,1.22,1.98,38238.2,7084644.75,9727.779799255792,Not Specified,18,2,1,3,3,0,0,0,0,0,0,0,1,0,0,0,0,0,0,0,0.2241136720395114,0.2211269791990066,0.9047619047619048,0.7894736842105263,0.35,1.0,1.0,0.6000000000000001,0.6000000000000001,0.4,0.3333333333333333,1.0,1.0,0.0,1.0,1.0,1.0,0.1893905668430545,0.6607142857146755,0.2472222222222222,0.5644222776392351,0.3682310469314079,0.544,0.1531440989230787,0.1545454545454545,0.5,0.0,0.0,0.0,0.0,0.0,0.0,0.0,1.0,0.0,0.0,0.0,0.0,0.0,0.0,0.0,1.0,0.5087572225348187,242.76333333333332
1 RK,526.45,822.615,9,17,8,1,Unfurnished,1,2,1,0,2,Ceramic,1,1,1,1,0,Stilt,1,Municipal,2426.6,Pune Camp,411001,Society,2.24,6.2,1.54,1.65,11489.33,3530692.77,6706.606078449995,Broker,26,3,0,1,1,0,0,0,0,0,0,0,0,0,0,0,1,0,0,0,0.1275173245530074,0.2041155696988513,0.4285714285714285,0.6842105263157894,0.4,1.0,1.0,0.2,0.2,0.0,0.1111111111111111,1.0,1.0,1.0,1.0,0.0,1.0,0.1866300122538333,0.0,0.2833333333333334,0.4987531172069824,0.483754512635379,0.412,0.0598323279019862,0.2272727272727272,1.0,0.0,0.0,0.0,0.0,0.0,0.0,0.0,0.0,0.0,0.0,0.0,1.0,0.0,0.0,0.0,0.5294117647058824,0.55383367360064,526.45
4 BHK,1296.92,1443.59,4,11,11,1,Semi-Furnished,1,4,4,3,7,Marble,0,1,1,0,0,Open,1,Municipal,3366.59,Hinjewadi,411057,Standalone,5.72,1.49,1.92,2.21,36235.35,7800529.06,6014.657079850723,Broker,18,3,1,4,4,0,0,0,1,0,0,0,0,0,0,0,0,0,0,0,0.4962479421111069,0.4451024526544552,0.1904761904761904,0.368421052631579,0.55,1.0,1.0,0.6000000000000001,0.8,0.6000000000000001,0.6666666666666665,0.0,1.0,1.0,0.0,0.0,1.0,0.2944809560743675,1.0,0.7666666666666666,0.1072319201995012,0.6209386281588447,0.636,0.0384619185927997,0.1545454545454545,1.0,0.0,0.0,0.0,1.0,0.0,0.0,0.0,0.0,0.0,0.0,0.0,0.0,0.0,0.0,0.0,0.36363636363636365,0.46562071065341726,324.23
2 BHK,678.58,862.61,6,13,9,1,Semi-Furnished,1,3,2,1,2,Vitrified,1,1,0,0,0,Covered,0,Municipal,1977.76,Shivajinagar,411005,Society,1.55,6.09,1.04,1.59,28480.63,5664502.27,8347.582112646996,Builder,2,2,1,2,2,0,0,0,0,0,0,0,0,0,0,0,0,1,0,0,0.2003235192771545,0.2196367587705682,0.2857142857142857,0.4736842105263157,0.45,1.0,1.0,0.4000000000000001,0.4,0.2,0.1111111111111111,1.0,1.0,0.0,0.0,0.0,0.0,0.1351317860765245,0.071428571429351,0.1875,0.4896093100581877,0.3032490974729242,0.3880000000000001,0.1105138509853145,0.009090909090909,0.5,0.0,0.0,0.0,0.0,0.0,0.0,0.0,0.0,0.0,0.0,0.0,0.0,1.0,0.0,0.0,0.46153846153846156,0.5943231032151719,339.29
1 BHK,525.65,599.56,14,18,1,1,Semi-Furnished,1,2,1,0,2,Vitrified,0,0,1,0,0,Covered,1,Borewell,1976.63,Aundh,411007,Standalone,4.09,2.4,1.68,1.52,29384.68,4852986.31,9232.352915438029,Broker,11,2,1,1,1,1,0,0,0,0,0,0,0,0,0,0,0,0,0,0,0.1271344615031203,0.1175527786401738,0.6666666666666666,0.7368421052631579,0.05,1.0,1.0,0.2,0.2,0.0,0.1111111111111111,0.0,0.0,1.0,0.0,0.0,1.0,0.1350021340945702,0.107142857143117,0.5402777777777777,0.1828761429758935,0.5342960288808665,0.3600000000000001,0.1378405607848418,0.0909090909090909,0.5,1.0,0.0,0.0,0.0,0.0,0.0,0.0,0.0,0.0,0.0,0.0,0.0,0.0,0.0,0.0,0.7777777777777778,0.5879596843210908,525.65
4 BHK,1450.19,1707.82,6,12,9,1,Semi-Furnished,1,4,5,2,5,Ceramic,1,0,0,1,0,Not Specified,0,Municipal,5413.68,Viman Nagar,411014,Society,2.3,5.74,1.57,1.56,42205.17,18144737.65,12511.972672546355,Broker,27,2,1,4,4,0,0,0,0,0,0,0,0,0,0,0,0,0,1,0,0.5695997166813431,0.547644365104005,0.2857142857142857,0.4210526315789473,0.45,1.0,1.0,0.6000000000000001,1.0,0.4,0.4444444444444445,1.0,0.0,0.0,1.0,0.0,0.0,0.5293564213299311,0.232142857143117,0.2916666666666666,0.4605153782211138,0.4945848375451264,0.3760000000000001,0.2391347319186052,0.2363636363636363,0.5,0.0,0.0,0.0,0.0,0.0,0.0,0.0,0.0,0.0,0.0,0.0,0.0,0.0,1.0,0.0,0.5,0.5732838316648619,362.5475
3 BHK,914.28,1053.74,11,12,15,1,Semi-Furnished,1,3,3,1,3,Vitrified,1,1,0,1,0,Covered,1,Corporation + Borewell,3513.3,Kharadi,411014,Society,3.68,1.6,1.99,1.66,26885.42,7219631.12,7896.520890755568,Broker,36,2,1,3,3,0,0,0,0,0,1,0,0,0,0,0,0,0,0,0,0.3131245453501282,0.2938101521266688,0.5238095238095237,0.4210526315789473,0.75,1.0,1.0,0.4000000000000001,0.6000000000000001,0.2,0.2222222222222222,1.0,1.0,0.0,1.0,0.0,1.0,0.3113139138376528,0.232142857143117,0.4833333333333334,0.1163757273482959,0.6462093862815884,0.416,0.0965834895118459,0.3181818181818182,0.5,0.0,0.0,0.0,0.0,0.0,1.0,0.0,0.0,0.0,0.0,0.0,0.0,0.0,0.0,0.0,0.9166666666666666,0.6132751941827985,304.76
2 BHK,781.92,951.29,1,17,12,1,Unfurnished,0,2,2,1,2,Ceramic,0,0,0,0,1,Stilt,1,Municipal,2052.25,Nigdi,411044,Standalone,2.98,10.42,1.48,2.5,21003.57,3981765.58,5092.292792101494,Owner,7,3,0,2,2,0,0,0,0,0,0,0,0,0,1,0,0,0,0,0,0.2497798537463149,0.2540515367898168,0.0476190476190476,0.6842105263157894,0.6000000000000001,1.0,0.0,0.2,0.4,0.2,0.1111111111111111,0.0,0.0,0.0,0.0,1.0,1.0,0.1436784906214575,0.7678571428577925,0.3861111111111111,0.8495428096425601,0.4620938628158845,0.752,0.0099739077902295,0.0545454545454545,1.0,0.0,0.0,0.0,0.0,0.0,0.0,0.0,0.0,0.0,1.0,0.0,0.0,0.0,0.0,0.0,0.058823529411764705,0.31467065845643116,390.96
2 BHK,544.31,695.79,9,12,8,1,Semi-Furnished,1,2,2,2,3,Vitrified,0,0,0,0,0,Covered,1,Borewell,3593.32,Baner,411045,Standalone,2.96,3.15,1.65,1.75,27664.21,10835893.89,19907.578199922842,Builder,43,1,1,2,2,0,1,0,0,0,0,0,0,0,0,0,0,0,0,0,0.1360647421417358,0.1548975473455449,0.4285714285714285,0.4210526315789473,0.4,1.0,1.0,0.2,0.4,0.4,0.2222222222222222,0.0,0.0,0.0,0.0,0.0,1.0,0.3204951099402913,0.7857142857146755,0.3833333333333333,0.2452202826267663,0.5234657039711191,0.452,0.4675564620841399,0.3818181818181818,0.0,0.0,1.0,0.0,0.0,0.0,0.0,0.0,0.0,0.0,0.0,0.0,0.0,0.0,0.0,0.0,0.75,0.5938463984457443,272.155
2 BHK,530.15,660.59,14,15,4,1,Unfurnished,1,3,1,1,3,Wooden,1,1,1,1,1,Covered,1,Borewell,3078.73,Kothrud,411038,Society,1.64,7.04,0.75,1.89,14277.77,4981070.66,9395.587399792512,Broker,31,2,0,2,2,0,0,0,0,0,0,0,1,0,0,0,0,0,0,0,0.129288066158735,0.1412371934181931,0.6666666666666666,0.5789473684210527,0.2,1.0,1.0,0.4000000000000001,0.2,0.2,0.2222222222222222,1.0,1.0,1.0,1.0,1.0,1.0,0.2614529741935188,0.6607142857146755,0.1999999999999999,0.56857855361596,0.1985559566787003,0.508,0.1428841898751849,0.2727272727272727,0.5,0.0,0.0,0.0,0.0,0.0,0.0,0.0,1.0,0.0,0.0,0.0,0.0,0.0,0.0,0.0,0.9333333333333333,0.532325153318612,265.075
3 BHK,976.46,1245.52,11,13,10,1,Unfurnished,1,4,2,3,5,Ceramic,1,1,1,0,0,Covered,0,Borewell,4852.24,Koregaon Park,411001,Society,1.76,5.6,1.5,1.06,61895.15,10298357.79,10546.625350756814,Owner,38,1,0,3,3,0,0,0,0,0,0,1,0,0,0,0,0,0,0,0,0.3428825759025997,0.3682357963365415,0.5238095238095237,0.4736842105263157,0.5,1.0,1.0,0.6000000000000001,0.4,0.6000000000000001,0.4444444444444445,1.0,1.0,1.0,0.0,0.0,0.0,0.4649388914640807,0.0,0.2166666666666666,0.4488778054862842,0.4693140794223827,0.176,0.1784338991175348,0.3363636363636363,0.0,0.0,0.0,0.0,0.0,0.0,0.0,1.0,0.0,0.0,0.0,0.0,0.0,0.0,0.0,0.0,0.8461538461538461,0.654842713019328,325.4866666666667
3 BHK,701.9,825.92,11,14,6,1,Semi-Furnished,1,3,3,2,5,Vitrified,0,0,1,1,1,Not Specified,1,Corporation + Borewell,4536.6,Baner,411045,Standalone,3.43,2.71,1.87,2.11,51583.28,14787055.49,21067.182632853684,Broker,41,1,1,3,3,0,1,0,0,0,0,0,0,0,0,0,0,0,0,0,0.2114839771813622,0.2053981682707233,0.5238095238095237,0.5263157894736842,0.3,1.0,1.0,0.4000000000000001,0.6000000000000001,0.4,0.4444444444444445,0.0,0.0,1.0,1.0,1.0,1.0,0.4287235360799666,0.7857142857146755,0.4486111111111111,0.2086450540315876,0.6028880866425993,0.596,0.5033653020556264,0.3636363636363636,0.0,0.0,1.0,0.0,0.0,0.0,0.0,0.0,0.0,0.0,0.0,0.0,0.0,0.0,0.0,0.0,0.7857142857142857,0.5462060573058121,233.96666666666667
3 BHK,439.69,503.64,8,12,8,1,Unfurnished,0,3,3,2,6,Vitrified,1,1,0,1,1,Covered,0,Borewell,2428.85,Kothrud,411038,Society,2.32,7.08,1.21,1.18,11363.35,4340967.96,9872.792103527485,Owner,20,2,0,3,3,0,0,0,0,0,0,0,1,0,0,0,0,0,0,0,0.0859958267927562,0.0803283141881403,0.3809523809523809,0.4210526315789473,0.4,1.0,0.0,0.4000000000000001,0.6000000000000001,0.4,0.5555555555555556,1.0,1.0,0.0,1.0,1.0,0.0,0.1868881688550697,0.6607142857146755,0.2944444444444444,0.57190357439734,0.3646209386281588,0.2239999999999999,0.157623138057687,0.1727272727272727,0.5,0.0,0.0,0.0,0.0,0.0,0.0,0.0,1.0,0.0,0.0,0.0,0.0,0.0,0.0,0.0,0.6666666666666666,0.576459008225157,146.56333333333333
2 BHK,437.67,529.43,0,12,4,1,Semi-Furnished,1,2,3,2,3,Vitrified,0,1,1,1,1,Covered,1,Municipal,1345.22,Kalyani Nagar,411006,Society,1.72,4.17,1.13,1.66,28127.03,5573954.38,12735.518495670252,Owner,58,1,1,2,2,0,0,0,0,1,0,0,0,0,0,0,0,0,0,0,0.0850290975917914,0.0903368519093449,0.0,0.4210526315789473,0.2,1.0,1.0,0.2,0.6000000000000001,0.4,0.2222222222222222,0.0,1.0,1.0,1.0,1.0,1.0,0.0625565076116039,0.089285714286234,0.2111111111111111,0.3300083125519534,0.335740072202166,0.416,0.2460379868970655,0.5181818181818182,0.0,0.0,0.0,0.0,0.0,1.0,0.0,0.0,0.0,0.0,0.0,0.0,0.0,0.0,0.0,0.0,0.0,0.6315171483200919,218.835
4 BHK,1319.8,1682.18,11,12,7,1,Fully Furnished,1,5,3,1,5,Wooden,0,1,0,0,0,Open,1,Borewell,5128.4,Viman Nagar,411014,Standalone,2.64,4.85,1.41,1.68,64438.9,15607242.03,11825.459940900137,Builder,14,2,2,4,4,0,0,0,0,0,0,0,0,0,0,0,0,0,1,0,0.5071978253378767,0.5376940391182863,0.5238095238095237,0.4210526315789473,0.35,1.0,1.0,0.8,0.6000000000000001,0.2,0.4444444444444445,0.0,1.0,0.0,0.0,0.0,1.0,0.4966244590185001,0.232142857143117,0.3388888888888889,0.3865336658354114,0.4368231046931408,0.424,0.2179314140569309,0.1181818181818181,0.5,0.0,0.0,0.0,0.0,0.0,0.0,0.0,0.0,0.0,0.0,0.0,0.0,0.0,1.0,0.0,0.9166666666666666,0.5694052943439698,329.95
3 BHK,1265.74,1450.79,8,12,8,1,Fully Furnished,1,4,2,2,4,Vitrified,1,1,0,1,0,Covered,1,Municipal,5330.0,Kothrud,411038,Society,2.09,7.78,0.75,1.65,59261.84,15774427.03,12462.612408551518,Broker,35,2,2,3,3,0,0,0,0,0,0,0,1,0,0,0,0,0,0,0,0.4813258547417589,0.4478966159577771,0.3809523809523809,0.4210526315789473,0.4,1.0,1.0,0.6000000000000001,0.4,0.4,0.3333333333333333,1.0,1.0,0.0,1.0,0.0,1.0,0.5197552904892813,0.6607142857146755,0.2624999999999999,0.6300914380714879,0.1985559566787003,0.412,0.2376117597787103,0.3090909090909091,0.5,0.0,0.0,0.0,0.0,0.0,0.0,0.0,1.0,0.0,0.0,0.0,0.0,0.0,0.0,0.0,0.6666666666666666,0.5175269253151511,421.91333333333336
4 BHK,1646.07,2085.88,2,11,5,1,Unfurnished,1,4,5,2,5,Ceramic,1,0,0,0,0,Covered,0,Municipal,4067.46,Pimple Saudagar,411027,Society,4.53,5.24,1.96,1.61,40174.51,9371168.36,5693.0557995711,Broker,6,3,0,4,4,0,0,0,0,0,0,0,0,0,0,1,0,0,0,0,0.6633437344461887,0.6943612232226017,0.0952380952380952,0.368421052631579,0.25,1.0,1.0,0.6000000000000001,1.0,0.4,0.4444444444444445,1.0,0.0,0.0,0.0,0.0,0.0,0.3748961636781693,0.464285714286234,0.601388888888889,0.4189526184538653,0.6353790613718412,0.3960000000000001,0.0285284710236868,0.0454545454545454,1.0,0.0,0.0,0.0,0.0,0.0,0.0,0.0,0.0,0.0,0.0,1.0,0.0,0.0,0.0,0.0,0.18181818181818182,0.48111919234159617,411.5175
1 BHK,363.95,421.57,2,14,15,1,Semi-Furnished,1,2,0,0,2,Wooden,0,0,0,1,0,Stilt,1,Municipal,1302.06,Kothrud,411038,Society,1.75,7.24,1.24,1.34,16255.52,2800000.0,7693.364473141915,Owner,102,2,1,1,1,0,0,0,0,0,0,0,1,0,0,0,0,0,0,0,0.0497482675446992,0.0484787333126358,0.0952380952380952,0.5263157894736842,0.75,1.0,1.0,0.2,0.0,0.0,0.1111111111111111,0.0,0.0,0.0,1.0,0.0,1.0,0.0576044903185537,0.6607142857146755,0.2152777777777778,0.5852036575228594,0.3754512635379061,0.288,0.0903062869624195,0.9181818181818182,0.5,0.0,0.0,0.0,0.0,0.0,0.0,0.0,1.0,0.0,0.0,0.0,0.0,0.0,0.0,0.0,0.14285714285714285,0.5806798055367148,363.95
2 BHK,768.36,898.67,3,13,10,1,Fully Furnished,0,2,2,1,3,Wooden,1,1,0,1,0,Covered,0,Municipal,2559.54,Hinjewadi,411057,Society,5.85,0.35,2.58,2.84,16988.95,10558270.73,13741.307108646988,Owner,42,3,2,2,2,0,0,0,1,0,0,0,0,0,0,0,0,0,0,0,0.2432903250507293,0.2336308599813722,0.1428571428571428,0.4736842105263157,0.5,1.0,0.0,0.2,0.4,0.2,0.2222222222222222,1.0,1.0,0.0,1.0,0.0,0.0,0.2018830516175518,1.0,0.7847222222222222,0.0124688279301745,0.8592057761732853,0.8879999999999999,0.2771037152984111,0.3727272727272727,1.0,0.0,0.0,0.0,1.0,0.0,0.0,0.0,0.0,0.0,0.0,0.0,0.0,0.0,0.0,0.0,0.23076923076923078,0.42352829903933753,384.18
1 BHK,412.12,495.2,0,13,7,1,Semi-Furnished,1,1,2,0,1,Vitrified,1,1,1,1,0,Not Specified,0,Tanker,2513.87,Kothrud,411038,Society,2.49,7.21,0.91,1.82,24240.04,4326051.19,10497.066849461324,Builder,33,2,1,1,1,0,0,0,0,0,0,0,1,0,0,0,0,0,0,0,0.0728014089360235,0.0770529338714685,0.0,0.4736842105263157,0.35,1.0,1.0,0.0,0.4,0.0,0.0,1.0,1.0,1.0,1.0,0.0,0.0,0.1966430462937891,0.6607142857146755,0.3180555555555556,0.5827098919368245,0.2563176895306859,0.4800000000000001,0.1769010435648481,0.2909090909090909,0.5,0.0,0.0,0.0,0.0,0.0,0.0,0.0,1.0,0.0,0.0,0.0,0.0,0.0,0.0,0.0,0.0,0.49688208240947407,412.12
3 BHK,669.23,815.36,10,16,5,1,Fully Furnished,1,4,2,1,4,Vitrified,1,1,0,0,1,Covered,0,Municipal,3334.48,Kharadi,411014,Society,4.63,1.02,1.86,1.95,39476.08,13723246.28,20506.023758647996,Broker,7,2,2,3,3,0,0,0,0,0,1,0,0,0,0,0,0,0,0,0,0.1958488073815996,0.2013000620925178,0.4761904761904761,0.631578947368421,0.25,1.0,1.0,0.6000000000000001,0.4,0.2,0.3333333333333333,1.0,1.0,0.0,0.0,1.0,0.0,0.290796774534056,0.232142857143117,0.6152777777777778,0.0681629260182876,0.5992779783393503,0.532,0.4860372085783081,0.0545454545454545,0.5,0.0,0.0,0.0,0.0,0.0,1.0,0.0,0.0,0.0,0.0,0.0,0.0,0.0,0.0,0.0,0.625,0.5553076175112153,223.07666666666668
2 BHK,601.8,685.37,5,11,4,1,Fully Furnished,1,2,1,1,3,Vitrified,0,0,0,1,1,Bike,0,Municipal,1786.07,Nigdi,411044,Standalone,3.64,10.39,1.61,2.29,19369.41,4893774.4,8131.894981721503,Broker,27,3,2,2,2,0,0,0,0,0,0,0,0,0,1,0,0,0,0,0,0.1635782380642443,0.1508537721204595,0.238095238095238,0.368421052631579,0.2,1.0,1.0,0.2,0.2,0.2,0.2222222222222222,0.0,0.0,0.0,1.0,1.0,0.0,0.1131379910138555,0.7678571428577925,0.4777777777777778,0.8470490440565253,0.5090252707581228,0.668,0.1038542839035032,0.2363636363636363,1.0,0.0,0.0,0.0,0.0,0.0,0.0,0.0,0.0,0.0,1.0,0.0,0.0,0.0,0.0,0.0,0.45454545454545453,0.30819448765074275,300.9
2 BHK,646.92,712.96,8,8,13,1,Semi-Furnished,1,2,2,2,3,Vitrified,0,0,1,1,1,Bike,1,Tanker,3974.49,Koregaon Park,411001,Standalone,1.91,4.76,1.7,1.32,30827.15,7674336.31,11862.883061274964,Broker,32,1,1,2,2,0,0,0,0,0,0,1,0,0,0,0,0,0,0,0,0.1851717140778743,0.1615608506674946,0.3809523809523809,0.2105263157894736,0.65,1.0,1.0,0.2,0.4,0.4,0.2222222222222222,0.0,0.0,1.0,1.0,1.0,1.0,0.3642291329150814,0.0,0.2375,0.3790523690773066,0.5415162454873647,0.28,0.2190874644969281,0.2818181818181818,0.0,0.0,0.0,0.0,0.0,0.0,0.0,1.0,0.0,0.0,0.0,0.0,0.0,0.0,0.0,0.0,1.0,0.6432027001528229,323.46
3 BHK,1022.9,1134.52,6,17,4,1,Unfurnished,0,3,2,2,4,Vitrified,0,0,0,0,0,Covered,0,Tanker,3055.46,Wakad,411057,Standalone,4.56,2.89,2.42,2.16,30062.27,4878611.84,4769.392746113989,Owner,42,3,0,3,3,0,0,0,0,0,0,0,0,0,0,0,0,0,0,1,0.3651077759485432,0.3251591120769947,0.2857142857142857,0.6842105263157894,0.2,1.0,0.0,0.4000000000000001,0.4,0.4,0.3333333333333333,0.0,0.0,0.0,0.0,0.0,0.0,0.2587830612553983,1.0,0.6055555555555555,0.2236076475477971,0.8014440433212996,0.6160000000000001,0.0,0.3727272727272727,1.0,0.0,0.0,0.0,0.0,0.0,0.0,0.0,0.0,0.0,0.0,0.0,0.0,0.0,0.0,1.0,0.35294117647058826,0.4850573071341674,340.96666666666664
2 BHK,594.46,704.38,5,13,10,1,Unfurnished,0,2,1,1,4,Wooden,0,1,0,1,1,Covered,1,Borewell,2683.04,Viman Nagar,411014,Standalone,2.45,4.34,2.0,1.48,28978.25,8868934.96,14919.313259092287,Owner,39,2,0,2,2,0,0,0,0,0,0,0,0,0,0,0,0,0,1,0,0.1600654695815306,0.1582311393977026,0.238095238095238,0.4736842105263157,0.5,1.0,0.0,0.2,0.2,0.2,0.3333333333333333,0.0,1.0,0.0,1.0,1.0,1.0,0.2160529806187497,0.232142857143117,0.3125,0.3441396508728179,0.6498194945848376,0.344,0.3134882640650229,0.3454545454545454,0.5,0.0,0.0,0.0,0.0,0.0,0.0,0.0,0.0,0.0,0.0,0.0,0.0,0.0,1.0,0.0,0.38461538461538464,0.6132316195684961,297.23
2 BHK,670.8,765.02,12,13,10,1,Semi-Furnished,1,3,2,1,3,Marble,1,0,1,0,0,Not Specified,1,Corporation + Borewell,1169.61,Nigdi,411044,Society,4.27,11.52,1.78,2.58,12208.15,7614862.42,11351.911776982708,Owner,39,3,1,2,2,0,0,0,0,0,0,0,0,0,1,0,0,0,0,0,0.1966001761170029,0.1817642036634585,0.5714285714285714,0.4736842105263157,0.5,1.0,1.0,0.4000000000000001,0.4,0.2,0.2222222222222222,1.0,0.0,1.0,0.0,0.0,1.0,0.0424076717257711,0.7678571428577925,0.5652777777777778,0.9409808811305068,0.5703971119133574,0.784,0.2033079782614335,0.3454545454545454,1.0,0.0,0.0,0.0,0.0,0.0,0.0,0.0,0.0,0.0,1.0,0.0,0.0,0.0,0.0,0.0,0.9230769230769231,0.21803462056937128,335.4
2 BHK,586.61,666.23,5,15,4,1,Semi-Furnished,1,3,1,1,2,Wooden,1,1,0,0,1,Covered,1,Tanker,2302.53,Shivajinagar,411005,Society,2.02,6.1,1.01,1.24,20616.8,5801854.96,9890.480830534767,Owner,25,2,1,2,2,0,0,0,0,0,0,0,0,0,0,0,0,1,0,0,0.1563086259045139,0.143425954672462,0.238095238095238,0.5789473684210527,0.2,1.0,1.0,0.4000000000000001,0.2,0.2,0.1111111111111111,1.0,1.0,0.0,0.0,1.0,1.0,0.1723946835803222,0.071428571429351,0.2527777777777777,0.4904405652535327,0.2924187725631769,0.248,0.1581695054710867,0.2181818181818181,0.5,0.0,0.0,0.0,0.0,0.0,0.0,0.0,0.0,0.0,0.0,0.0,0.0,1.0,0.0,0.0,0.3333333333333333,0.6102725406077818,293.305
2 BHK,653.09,752.17,15,16,12,1,Unfurnished,0,2,2,0,3,Vitrified,1,1,0,1,1,Covered,1,Borewell,1522.74,Wakad,411057,Society,4.64,2.37,2.28,1.72,21671.19,4760616.05,7289.372138602642,Owner,3,3,0,2,2,0,0,0,0,0,0,0,0,0,0,0,0,0,0,1,0.1881245453501283,0.176777398323502,0.7142857142857142,0.631578947368421,0.6000000000000001,1.0,0.0,0.2,0.4,0.0,0.2222222222222222,1.0,1.0,0.0,1.0,1.0,1.0,0.0829244897678196,1.0,0.6166666666666666,0.1803823773898586,0.7509025270758122,0.44,0.0778306403092519,0.0181818181818181,1.0,0.0,0.0,0.0,0.0,0.0,0.0,0.0,0.0,0.0,0.0,0.0,0.0,0.0,0.0,1.0,0.9375,0.5426350496669385,326.545
1 BHK,400.55,462.9,20,20,11,1,Semi-Furnished,1,1,2,0,1,Granite,1,1,0,0,0,Covered,0,Municipal,2899.92,Aundh,411007,Society,3.55,5.28,1.56,1.66,12934.84,3507038.26,8755.556759455747,Broker,18,2,1,1,1,1,0,0,0,0,0,0,0,0,0,0,0,0,0,0,0.067264252077032,0.0645180068301769,0.9523809523809524,0.8421052631578947,0.55,1.0,1.0,0.0,0.4,0.0,0.0,1.0,1.0,0.0,0.0,0.0,0.0,0.2409369822525942,0.107142857143117,0.4652777777777778,0.4222776392352452,0.4909747292418772,0.416,0.1231185997180756,0.1545454545454545,0.5,1.0,0.0,0.0,0.0,0.0,0.0,0.0,0.0,0.0,0.0,0.0,0.0,0.0,0.0,0.0,1.0,0.5188312408263349,400.55
3 BHK,1178.62,1406.11,10,13,4,1,Fully Furnished,1,4,1,1,5,Granite,0,1,0,1,0,Covered,0,Municipal,3718.07,Viman Nagar,411014,Society,1.8,5.42,2.07,1.65,55863.62,12855655.05,10907.37901104682,Owner,13,2,2,3,3,0,0,0,0,0,0,0,0,0,0,0,0,0,1,0,0.4396320686090585,0.4305572803477182,0.4761904761904761,0.4736842105263157,0.2,1.0,1.0,0.6000000000000001,0.2,0.2,0.4444444444444445,0.0,1.0,0.0,1.0,0.0,0.0,0.3348084592755093,0.232142857143117,0.2222222222222222,0.4339152119700747,0.6750902527075812,0.412,0.1895759027571016,0.109090909090909,0.5,0.0,0.0,0.0,0.0,0.0,0.0,0.0,0.0,0.0,0.0,0.0,0.0,0.0,1.0,0.0,0.7692307692307693,0.5949126921122014,392.8733333333333
2 BHK,622.69,698.97,2,11,9,1,Fully Furnished,1,2,2,2,4,Ceramic,0,0,1,1,1,Open,1,Tanker,3026.06,Baner,411045,Standalone,3.11,3.73,2.19,2.15,45176.87,14420601.49,23158.55640848576,Broker,40,1,2,2,2,0,1,0,0,0,0,0,0,0,0,0,0,0,0,0,0.1735757494544201,0.1561316361378454,0.0952380952380952,0.368421052631579,0.45,1.0,1.0,0.2,0.4,0.4,0.3333333333333333,0.0,0.0,1.0,1.0,1.0,1.0,0.2554098149992427,0.7857142857146755,0.4041666666666667,0.2934330839567747,0.7184115523465704,0.612,0.5679635969198343,0.3545454545454545,0.0,0.0,1.0,0.0,0.0,0.0,0.0,0.0,0.0,0.0,0.0,0.0,0.0,0.0,0.0,0.0,0.18181818181818182,0.5285464768498294,311.345
3 BHK,845.23,1030.24,7,13,10,1,Unfurnished,1,3,2,1,3,Granite,1,1,1,0,0,Covered,1,Corporation + Borewell,1478.93,Hadapsar,411028,Society,4.9,2.3,1.96,1.71,20262.19,8853165.03,10474.267394673638,Broker,35,3,0,3,3,0,0,1,0,0,0,0,0,0,0,0,0,0,0,0,0.2800786783567518,0.2846903135672152,0.3333333333333333,0.4736842105263157,0.5,1.0,1.0,0.4000000000000001,0.4,0.2,0.2222222222222222,1.0,1.0,1.0,0.0,0.0,1.0,0.0778978939010789,0.482142857143117,0.6527777777777778,0.1745635910224438,0.6353790613718412,0.436,0.1762002478265758,0.3090909090909091,1.0,0.0,0.0,1.0,0.0,0.0,0.0,0.0,0.0,0.0,0.0,0.0,0.0,0.0,0.0,0.0,0.5384615384615384,0.5338995908292719,281.74333333333334
1 RK,405.57,439.85,13,13,13,1,Unfurnished,1,1,1,0,2,Granite,1,1,0,1,0,Stilt,1,Corporation + Borewell,800.0,Hinjewadi,411057,Society,5.91,1.41,2.12,2.53,10698.67,2994616.49,7383.7228838424935,Owner,20,3,0,1,1,0,0,0,1,0,0,0,0,0,0,0,0,0,0,0,0.0696667177150733,0.055572803477181,0.6190476190476191,0.4736842105263157,0.65,1.0,1.0,0.0,0.2,0.0,0.1111111111111111,1.0,1.0,0.0,1.0,0.0,1.0,0.0,1.0,0.7930555555555556,0.1005818786367414,0.6931407942238268,0.764,0.0807459382261992,0.1727272727272727,1.0,0.0,0.0,0.0,1.0,0.0,0.0,0.0,0.0,0.0,0.0,0.0,0.0,0.0,0.0,0.0,1.0,0.42505454854187485,405.57
1 BHK,347.17,409.71,14,16,6,1,Semi-Furnished,1,1,2,0,1,Marble,1,1,0,1,0,Covered,1,Tanker,2468.065,Kharadi,411014,Society,4.04,2.17,2.31,2.33,12003.59,4352449.25,12536.93939568511,Broker,14,2,1,1,1,0,0,0,0,0,1,0,0,0,0,0,0,0,0,0,0.0417177150733182,0.043876125426886,0.6666666666666666,0.631578947368421,0.3,1.0,1.0,0.0,0.4,0.0,0.0,1.0,1.0,0.0,1.0,0.0,1.0,0.1913875515739521,0.232142857143117,0.5333333333333333,0.1637572734829592,0.7617328519855596,0.684,0.2399044026897708,0.1181818181818181,0.5,0.0,0.0,0.0,0.0,0.0,1.0,0.0,0.0,0.0,0.0,0.0,0.0,0.0,0.0,0.0,0.875,0.5099422131106515,347.17
3 BHK,823.72,898.4,7,19,12,1,Unfurnished,1,4,3,1,5,Vitrified,1,1,0,0,0,Stilt,0,Borewell,3013.58,Wakad,411057,Society,4.63,2.32,2.43,2.21,11125.47,4565987.77,5543.130881853056,Owner,47,3,0,3,3,0,0,0,0,0,0,0,0,0,0,0,0,0,0,1,0.2697844481029136,0.2335260788574977,0.3333333333333333,0.7894736842105263,0.6000000000000001,1.0,1.0,0.6000000000000001,0.6000000000000001,0.2,0.4444444444444445,1.0,1.0,0.0,0.0,0.0,0.0,0.2539779063843848,1.0,0.6152777777777778,0.1762261014131338,0.8050541516245489,0.636,0.0238984009873529,0.4181818181818181,1.0,0.0,0.0,0.0,0.0,0.0,0.0,0.0,0.0,0.0,0.0,0.0,0.0,0.0,0.0,1.0,0.3684210526315789,0.4920978419138681,274.5733333333333
3 BHK,845.11,978.96,14,16,7,1,Fully Furnished,1,3,3,1,4,Marble,0,0,0,0,0,Open,0,Borewell,1123.32,Pune Camp,411001,Standalone,2.54,5.23,1.36,1.51,23612.75,9222510.6,10912.79312752186,Broker,56,3,2,3,3,0,0,0,0,0,0,0,0,0,0,0,1,0,0,0,0.2800212488992687,0.2647896615957777,0.6666666666666666,0.631578947368421,0.35,1.0,1.0,0.4000000000000001,0.6000000000000001,0.2,0.3333333333333333,0.0,0.0,0.0,0.0,0.0,0.0,0.0370965299163343,0.0,0.325,0.4181213632585203,0.4187725631768954,0.3560000000000001,0.1897442296312128,0.4999999999999999,1.0,0.0,0.0,0.0,0.0,0.0,0.0,0.0,0.0,0.0,0.0,0.0,1.0,0.0,0.0,0.0,0.875,0.5817151464943779,281.7033333333333
2 BHK,550.97,681.74,12,14,12,1,Fully Furnished,1,2,1,2,3,Vitrified,0,0,1,1,1,Open,1,Tanker,1899.92,Kalyani Nagar,411006,Standalone,3.02,4.78,1.72,1.62,27142.35,14594674.61,26489.054957620196,Builder,15,1,2,2,2,0,0,0,0,1,0,0,0,0,0,0,0,0,0,0,0.1392520770320456,0.1494450481217014,0.5714285714285714,0.5263157894736842,0.6000000000000001,1.0,1.0,0.2,0.2,0.4,0.2222222222222222,0.0,0.0,1.0,1.0,1.0,1.0,0.1262007150364173,0.089285714286234,0.3916666666666666,0.3807148794679966,0.5487364620938628,0.4000000000000001,0.6708212004146091,0.1272727272727272,0.0,0.0,0.0,0.0,0.0,1.0,0.0,0.0,0.0,0.0,0.0,0.0,0.0,0.0,0.0,0.0,0.8571428571428571,0.5606063104427781,275.485
2 BHK,644.86,769.36,11,16,6,1,Semi-Furnished,1,3,2,1,2,Ceramic,0,0,1,1,1,Covered,0,Municipal,3157.44,Kothrud,411038,Society,3.16,7.84,1.01,0.87,30775.39,5874771.16,9110.149737927612,Owner,5,2,1,2,2,0,0,0,0,0,0,0,1,0,0,0,0,0,0,0,0.1841858417244151,0.1834484632101832,0.5238095238095237,0.631578947368421,0.3,1.0,1.0,0.4000000000000001,0.4,0.2,0.1111111111111111,0.0,0.0,1.0,1.0,1.0,0.0,0.270483865786104,0.6607142857146755,0.4111111111111111,0.6350789692435577,0.2924187725631769,0.1,0.13406942109145,0.0363636363636363,0.5,0.0,0.0,0.0,0.0,0.0,0.0,0.0,1.0,0.0,0.0,0.0,0.0,0.0,0.0,0.0,0.6875,0.5510267374739983,322.43
2 BHK,544.68,674.61,13,16,18,1,Unfurnished,0,3,2,1,3,Wooden,1,1,0,1,0,Open,0,Tanker,1835.55,Wakad,411057,Society,5.42,1.99,1.85,2.22,13489.32,2800000.0,5140.633032239113,Owner,20,3,0,2,2,0,0,0,0,0,0,0,0,0,0,0,0,0,0,1,0.1362418163023086,0.1466780502949395,0.6190476190476191,0.631578947368421,0.9,1.0,0.0,0.4000000000000001,0.4,0.2,0.2222222222222222,1.0,1.0,0.0,1.0,0.0,0.0,0.1188151415157119,1.0,0.725,0.1487946799667497,0.5956678700361011,0.6400000000000001,0.0114656854085,0.1727272727272727,1.0,0.0,0.0,0.0,0.0,0.0,0.0,0.0,0.0,0.0,0.0,0.0,0.0,0.0,0.0,1.0,0.8125,0.4644381566294894,272.34
2 BHK,496.42,567.11,5,11,8,1,Fully Furnished,1,2,2,1,3,Wooden,1,1,1,0,0,Covered,1,Municipal,2224.09,Viman Nagar,411014,Society,2.19,4.84,1.72,1.56,26055.94,6001886.23,12090.33928931147,Broker,25,2,2,2,2,0,0,0,0,0,0,0,0,0,0,0,0,0,1,0,0.113145602817872,0.1049596398633964,0.238095238095238,0.368421052631579,0.4,1.0,1.0,0.2,0.4,0.2,0.2222222222222222,1.0,1.0,1.0,0.0,0.0,1.0,0.1633947707798854,0.232142857143117,0.2763888888888889,0.3857024106400664,0.5487364620938628,0.3760000000000001,0.2261133355653374,0.2181818181818181,0.5,0.0,0.0,0.0,0.0,0.0,0.0,0.0,0.0,0.0,0.0,0.0,0.0,0.0,1.0,0.0,0.45454545454545453,0.602768631264134,248.21
3 BHK,926.51,1064.05,15,15,16,1,Fully Furnished,1,4,2,2,5,Wooden,0,0,1,1,0,Covered,0,Corporation + Borewell,3529.43,Kalyani Nagar,411006,Standalone,3.05,3.8,1.69,1.44,43063.32,12561362.11,13557.71886973697,Broker,16,1,2,3,3,0,0,0,0,1,0,0,0,0,0,0,0,0,0,0,0.3189775642252766,0.2978112387457312,0.7142857142857142,0.5789473684210527,0.8,1.0,1.0,0.6000000000000001,0.4,0.4,0.4444444444444445,0.0,0.0,1.0,1.0,0.0,0.0,0.3131646098278497,0.089285714286234,0.3958333333333333,0.2992518703241895,0.5379061371841155,0.3279999999999999,0.2714334160657347,0.1363636363636363,0.0,0.0,0.0,0.0,0.0,1.0,0.0,0.0,0.0,0.0,0.0,0.0,0.0,0.0,0.0,0.0,1.0,0.6051960036015638,308.83666666666664
3 BHK,1403.39,1616.08,3,6,8,1,Semi-Furnished,1,3,4,2,5,Wooden,1,1,1,0,1,Covered,0,Tanker,5296.36,Aundh,411007,Society,3.48,3.28,1.73,1.6,58078.07,11570402.42,8244.609424322533,Builder,13,2,1,3,3,1,0,0,0,0,0,0,0,0,0,0,0,0,0,0,0.5472022282629505,0.5120420676808446,0.1428571428571428,0.1052631578947368,0.4,1.0,1.0,0.4000000000000001,0.8,0.4,0.4444444444444445,1.0,1.0,1.0,0.0,1.0,0.0,0.5158955624601291,0.107142857143117,0.4555555555555555,0.256026600166251,0.5523465703971119,0.3920000000000001,0.1073350983461344,0.109090909090909,0.5,1.0,0.0,0.0,0.0,0.0,0.0,0.0,0.0,0.0,0.0,0.0,0.0,0.0,0.0,0.0,0.5,0.582905416266005,467.7966666666667
3 BHK,1113.49,1320.16,14,14,13,1,Unfurnished,1,4,3,2,5,Not Specified,0,0,1,0,0,Covered,0,Borewell,4747.62,Wakad,411057,Standalone,4.03,3.47,1.74,2.23,19605.07,5563101.41,4996.094630396322,Owner,98,3,0,3,3,0,0,0,0,0,0,0,0,0,0,0,0,0,0,1,0.4084622305601287,0.3972019559143124,0.6666666666666666,0.5263157894736842,0.65,1.0,1.0,0.6000000000000001,0.6000000000000001,0.4,0.4444444444444445,0.0,0.0,1.0,0.0,0.0,0.0,0.4529351831879242,1.0,0.5319444444444444,0.2718204488778055,0.555956678700361,0.644,0.0070030156763281,0.8818181818181818,1.0,0.0,0.0,0.0,0.0,0.0,0.0,0.0,0.0,0.0,0.0,0.0,0.0,0.0,0.0,1.0,1.0,0.48564442642529315,371.16333333333336
3 BHK,740.75,910.11,1,10,1,1,Semi-Furnished,1,4,2,3,3,Ceramic,1,1,1,1,1,Covered,0,Not Specified,4042.4,Baner,411045,Society,2.52,4.41,1.57,2.2,39075.99,11754806.72,15868.790712116099,Not Specified,8,1,1,3,3,0,1,0,0,0,0,0,0,0,0,0,0,0,0,0,0.2300767640415023,0.2380704750077616,0.0476190476190476,0.3157894736842105,0.05,1.0,1.0,0.6000000000000001,0.4,0.6000000000000001,0.2222222222222222,1.0,1.0,1.0,1.0,1.0,0.0,0.372020872821732,0.7857142857146755,0.3222222222222222,0.3499584372402327,0.4945848375451264,0.6320000000000001,0.3428157472416012,0.0636363636363636,0.0,0.0,1.0,0.0,0.0,0.0,0.0,0.0,0.0,0.0,0.0,0.0,0.0,0.0,0.0,0.0,0.1,0.531247512686597,246.91666666666666
4 BHK,1380.47,1594.93,7,18,5,1,Semi-Furnished,1,4,4,3,7,Vitrified,1,1,0,1,0,Covered,0,Not Specified,2843.68,Hadapsar,411028,Society,5.62,1.12,1.99,1.6,41829.5,8934137.14,6471.808253710693,Broker,20,3,1,4,4,0,0,1,0,0,0,0,0,0,0,0,0,0,0,0,0.5362332018836863,0.5038342129773363,0.3333333333333333,0.7368421052631579,0.25,1.0,1.0,0.6000000000000001,0.8,0.6000000000000001,0.6666666666666665,1.0,1.0,0.0,1.0,0.0,0.0,0.2344842145843563,0.482142857143117,0.7527777777777778,0.0764754779717373,0.6462093862815884,0.3920000000000001,0.0525803737659632,0.1727272727272727,1.0,0.0,0.0,1.0,0.0,0.0,0.0,0.0,0.0,0.0,0.0,0.0,0.0,0.0,0.0,0.0,0.3888888888888889,0.5453806470159699,345.1175
1 BHK,382.03,465.57,2,15,13,1,Semi-Furnished,1,1,1,0,1,Marble,1,1,0,0,1,Open,1,Municipal,800.0,Shivajinagar,411005,Society,0.87,5.54,0.64,1.46,13877.72,3216599.07,8419.755176295055,Owner,19,2,1,1,1,0,0,0,0,0,0,0,0,0,0,0,0,1,0,0,0.0584009724721466,0.0655541757218255,0.0952380952380952,0.5789473684210527,0.65,1.0,1.0,0.0,0.2,0.0,0.0,1.0,1.0,0.0,0.0,1.0,1.0,0.0,0.071428571429351,0.0930555555555555,0.4438902743142144,0.1588447653429602,0.3359999999999999,0.1127471934196237,0.1636363636363636,0.5,0.0,0.0,0.0,0.0,0.0,0.0,0.0,0.0,0.0,0.0,0.0,0.0,1.0,0.0,0.0,0.13333333333333333,0.6538330833506631,382.03
4 BHK,1701.88,1910.24,14,16,10,1,Unfurnished,1,4,4,2,5,Granite,1,1,0,0,0,Covered,1,Municipal,2092.91,Hinjewadi,411057,Society,5.71,0.64,2.07,2.73,29322.83,21289880.97,12509.625220344558,Owner,23,3,0,4,4,0,0,0,1,0,0,0,0,0,0,0,0,0,0,0,0.6900532179639345,0.6261991617510092,0.6666666666666666,0.631578947368421,0.5,1.0,1.0,0.6000000000000001,0.8,0.4,0.4444444444444445,1.0,1.0,0.0,0.0,0.0,1.0,0.1483436672464672,1.0,0.7652777777777778,0.0365752285951787,0.6750902527075812,0.8440000000000001,0.2390621506059149,0.1999999999999999,1.0,0.0,0.0,0.0,1.0,0.0,0.0,0.0,0.0,0.0,0.0,0.0,0.0,0.0,0.0,0.0,0.875,0.4336826810457227,425.47
1 BHK,409.95,515.73,2,15,14,1,Unfurnished,0,2,2,0,1,Marble,1,1,0,0,1,Bike,0,Tanker,2021.51,Hinjewadi,411057,Society,6.4,0.98,2.56,2.67,7500.0,3188213.3,7777.078424198073,Owner,30,3,0,1,1,0,0,0,1,0,0,0,0,0,0,0,0,0,0,0,0.0717628929132049,0.0850201800683018,0.0952380952380952,0.5789473684210527,0.7000000000000001,1.0,0.0,0.2,0.4,0.0,0.0,1.0,1.0,0.0,0.0,1.0,0.0,0.1401514977672322,1.0,0.8611111111111112,0.0648379052369077,0.851985559566787,0.8200000000000001,0.0928923436907381,0.2636363636363636,1.0,0.0,0.0,0.0,1.0,0.0,0.0,0.0,0.0,0.0,0.0,0.0,0.0,0.0,0.0,0.0,0.13333333333333333,0.39974502617593377,409.95
1 RK,470.36,530.67,2,12,9,1,Fully Furnished,1,1,2,0,1,Marble,1,0,1,1,0,Covered,1,Borewell,1418.38,Aundh,411007,Standalone,3.25,4.68,2.04,1.88,24767.47,8504634.57,18081.11780338464,Broker,8,2,2,1,1,1,0,0,0,0,0,0,0,0,0,0,0,0,0,0,0.1006738389678012,0.0908180689226948,0.0952380952380952,0.4210526315789473,0.45,1.0,1.0,0.0,0.4,0.0,0.0,1.0,0.0,1.0,1.0,0.0,1.0,0.0709506129211395,0.107142857143117,0.4236111111111111,0.3724023275145469,0.6642599277978339,0.504,0.4111376178751404,0.0636363636363636,0.5,1.0,0.0,0.0,0.0,0.0,0.0,0.0,0.0,0.0,0.0,0.0,0.0,0.0,0.0,0.0,0.16666666666666666,0.525193710598453,470.36
1 RK,511.15,613.21,8,14,4,1,Fully Furnished,1,1,1,0,1,Vitrified,1,1,0,0,0,Not Specified,1,Municipal,1582.9,Kothrud,411038,Standalone,2.06,7.35,1.27,1.21,15214.17,5830482.21,11406.59730020542,Owner,35,2,2,1,1,0,0,0,0,0,0,0,1,0,0,0,0,0,0,0,0.1201950687239174,0.1228500465693884,0.3809523809523809,0.5263157894736842,0.2,1.0,1.0,0.0,0.2,0.0,0.0,1.0,1.0,0.0,0.0,0.0,1.0,0.0898270236035449,0.6607142857146755,0.2583333333333333,0.5943474646716541,0.3862815884476534,0.236,0.2049986595621401,0.3090909090909091,0.5,0.0,0.0,0.0,0.0,0.0,0.0,0.0,1.0,0.0,0.0,0.0,0.0,0.0,0.0,0.0,0.5714285714285714,0.5776066383384455,511.15
1 BHK,320.76,389.21,2,12,10,1,Semi-Furnished,1,2,1,0,2,Vitrified,1,1,0,0,0,Stilt,1,Municipal,800.0,Wakad,411057,Society,5.55,4.24,2.07,2.04,7500.0,2800000.0,8729.267988527248,Owner,20,3,1,1,1,0,0,0,0,0,0,0,0,0,0,0,0,0,0,1,0.0290784486389218,0.0359205215771499,0.0952380952380952,0.4210526315789473,0.5,1.0,1.0,0.2,0.2,0.0,0.1111111111111111,1.0,1.0,0.0,0.0,0.0,1.0,0.0,1.0,0.7430555555555556,0.3358270989193682,0.6750902527075812,0.5680000000000001,0.1223075421558441,0.1727272727272727,1.0,0.0,0.0,0.0,0.0,0.0,0.0,0.0,0.0,0.0,0.0,0.0,0.0,0.0,0.0,1.0,0.16666666666666666,0.4164884583936096,320.76
3 BHK,916.21,1092.25,7,13,2,1,Fully Furnished,1,4,3,1,4,Not Specified,1,1,1,0,0,Stilt,1,Municipal,4149.97,Aundh,411007,Standalone,3.27,3.88,1.81,1.8,29166.55,20001084.41,21830.24023968304,Broker,45,2,2,3,3,1,0,0,0,0,0,0,0,0,0,0,0,0,0,0,0.3140482024579808,0.3087550450170755,0.3333333333333333,0.4736842105263157,0.1,1.0,1.0,0.6000000000000001,0.6000000000000001,0.2,0.3333333333333333,1.0,1.0,1.0,0.0,0.0,1.0,0.3843630530861762,0.107142857143117,0.4263888888888889,0.3059019118869492,0.5812274368231047,0.4720000000000001,0.526937550420848,0.3999999999999999,0.5,1.0,0.0,0.0,0.0,0.0,0.0,0.0,0.0,0.0,0.0,0.0,0.0,0.0,0.0,0.0,0.5384615384615384,0.5546441245950648,305.40333333333336
2 BHK,630.23,722.84,11,12,12,1,Semi-Furnished,1,2,2,0,3,Vitrified,0,0,0,0,1,Not Specified,0,Municipal,2203.18,Aundh,411007,Society,3.38,4.29,1.5,1.46,20850.47,8368023.93,13277.730241340461,Owner,51,2,1,2,2,1,0,0,0,0,0,0,0,0,0,0,0,0,0,0,0.1771842336996056,0.1653950636448308,0.5238095238095237,0.4210526315789473,0.6000000000000001,1.0,1.0,0.2,0.4,0.0,0.2222222222222222,0.0,0.0,0.0,0.0,1.0,0.0,0.1609956354323951,0.107142857143117,0.4416666666666666,0.339983374896093,0.4693140794223827,0.3359999999999999,0.2627863564428114,0.4545454545454545,0.5,1.0,0.0,0.0,0.0,0.0,0.0,0.0,0.0,0.0,0.0,0.0,0.0,0.0,0.0,0.0,0.9166666666666666,0.574839248960263,315.115
3 BHK,1355.79,1653.12,7,8,4,1,Semi-Furnished,0,4,3,2,4,Vitrified,1,1,0,0,0,Open,1,Borewell,5668.8,Aundh,411007,Society,3.51,3.42,1.13,1.4,68213.3,13633672.47,10055.888057885071,Owner,30,2,1,3,3,1,0,0,0,0,0,0,0,0,0,0,0,0,0,0,0.5244218767946706,0.5264164855634896,0.3333333333333333,0.2105263157894736,0.2,1.0,0.0,0.6000000000000001,0.6000000000000001,0.4,0.3333333333333333,1.0,1.0,0.0,0.0,0.0,1.0,0.5586279378221222,0.107142857143117,0.4597222222222222,0.2676641729010806,0.335740072202166,0.3119999999999999,0.1632779944578763,0.2636363636363636,0.5,1.0,0.0,0.0,0.0,0.0,0.0,0.0,0.0,0.0,0.0,0.0,0.0,0.0,0.0,0.0,0.875,0.5991058326708367,451.93
1 RK,415.96,492.35,0,11,5,1,Semi-Furnished,1,1,1,0,1,Vitrified,1,1,0,1,0,Open,1,Municipal,3291.28,Kharadi,411014,Society,3.99,1.81,1.87,2.13,17135.64,5144276.24,12367.237811328014,Owner,41,2,1,1,1,0,0,0,0,0,1,0,0,0,0,0,0,0,0,0,0.0746391515754814,0.0759469108972369,0.0,0.368421052631579,0.25,1.0,1.0,0.0,0.2,0.0,0.0,1.0,1.0,0.0,1.0,0.0,1.0,0.2858401677903172,0.232142857143117,0.5263888888888889,0.1338320864505403,0.6028880866425993,0.604,0.2346674293366871,0.3636363636363636,0.5,0.0,0.0,0.0,0.0,0.0,1.0,0.0,0.0,0.0,0.0,0.0,0.0,0.0,0.0,0.0,0.0,0.5433739245881519,415.96
2 BHK,595.72,719.05,13,14,14,1,Fully Furnished,1,2,3,1,3,Vitrified,1,1,1,1,0,Covered,0,Not Specified,1572.12,Wakad,411057,Society,4.09,3.1,1.92,2.33,25376.13,7096387.46,11912.286745450883,Owner,31,3,2,2,2,0,0,0,0,0,0,0,0,0,0,0,0,0,0,1,0.1606684788851028,0.163924247128221,0.6190476190476191,0.5263157894736842,0.7000000000000001,1.0,1.0,0.2,0.6000000000000001,0.2,0.2222222222222222,1.0,1.0,1.0,1.0,0.0,0.0,0.0885901666429545,1.0,0.5402777777777777,0.2410640066500415,0.6209386281588447,0.684,0.2206153783432188,0.2727272727272727,1.0,0.0,0.0,0.0,0.0,0.0,0.0,0.0,0.0,0.0,0.0,0.0,0.0,0.0,0.0,1.0,0.9285714285714286,0.48234245472593795,297.86
2 BHK,834.02,1051.94,5,6,8,1,Semi-Furnished,1,3,2,1,2,Not Specified,0,0,0,0,0,Bike,0,Borewell,1727.77,Hadapsar,411028,Standalone,5.38,2.66,2.68,1.76,17015.54,6001483.64,7195.850986786887,Broker,14,3,1,2,2,0,0,1,0,0,0,0,0,0,0,0,0,0,0,0,0.2747138098702094,0.2931116113008383,0.238095238095238,0.1052631578947368,0.4,1.0,1.0,0.4000000000000001,0.4,0.2,0.1111111111111111,0.0,0.0,0.0,0.0,0.0,0.0,0.1064488666351524,0.482142857143117,0.7194444444444444,0.2044887780548628,0.8953068592057762,0.456,0.0749440660607311,0.1181818181818181,1.0,0.0,0.0,1.0,0.0,0.0,0.0,0.0,0.0,0.0,0.0,0.0,0.0,0.0,0.0,0.0,0.8333333333333334,0.4971241510080432,417.01
4 BHK,1362.91,1491.86,5,11,6,1,Unfurnished,0,5,5,2,8,Granite,1,1,0,0,0,Covered,0,Corporation + Borewell,4224.33,Wakad,411057,Society,4.87,2.4,1.79,2.3,34826.55,9170945.61,6728.944398382871,Owner,22,3,0,4,4,0,0,0,0,0,0,0,0,0,0,0,0,0,0,1,0.5278293579386655,0.4638349891338094,0.238095238095238,0.368421052631579,0.3,1.0,0.0,0.8,1.0,0.4,0.7777777777777777,1.0,1.0,0.0,0.0,0.0,0.0,0.392894841916371,1.0,0.6486111111111111,0.1828761429758935,0.5740072202166066,0.6719999999999999,0.0605232402274667,0.1909090909090909,1.0,0.0,0.0,0.0,0.0,0.0,0.0,0.0,0.0,0.0,0.0,0.0,0.0,0.0,0.0,1.0,0.45454545454545453,0.4694912158526222,340.7275
3 BHK,559.18,673.6,14,16,5,1,Unfurnished,1,4,4,2,3,Granite,1,1,0,0,0,Covered,0,Corporation + Borewell,1912.79,Pune Camp,411001,Society,3.06,5.19,1.01,1.6,13182.63,6082989.61,10878.41054758754,Builder,38,3,0,3,3,0,0,0,0,0,0,0,0,0,0,0,1,0,0,0,0.1431812090815115,0.1462860912760012,0.6666666666666666,0.631578947368421,0.25,1.0,1.0,0.6000000000000001,0.8,0.4,0.2222222222222222,1.0,1.0,0.0,0.0,0.0,0.0,0.1276773707954895,0.0,0.3972222222222222,0.4147963424771405,0.2924187725631769,0.3920000000000001,0.1886829981826875,0.3363636363636363,1.0,0.0,0.0,0.0,0.0,0.0,0.0,0.0,0.0,0.0,0.0,0.0,1.0,0.0,0.0,0.0,0.875,0.5497665537730951,186.39333333333332
2 BHK,591.08,717.53,0,17,10,1,Fully Furnished,1,4,2,1,3,Wooden,1,1,0,1,0,Covered,1,Corporation + Borewell,1383.46,Wakad,411057,Society,4.14,3.96,1.84,2.44,19887.59,4609014.96,7797.616160249035,Owner,28,3,2,2,2,0,0,0,0,0,0,0,0,0,0,0,0,0,0,1,0.1584478731957578,0.1633343682086309,0.0,0.6842105263157894,0.5,1.0,1.0,0.6000000000000001,0.4,0.2,0.2222222222222222,1.0,1.0,0.0,1.0,0.0,1.0,0.0669440224699505,1.0,0.5472222222222222,0.312551953449709,0.5920577617328521,0.728,0.0935301326724624,0.2454545454545454,1.0,0.0,0.0,0.0,0.0,0.0,0.0,0.0,0.0,0.0,0.0,0.0,0.0,0.0,0.0,1.0,0.0,0.4448984363947569,295.54
2 BHK,570.7,698.69,8,13,8,1,Unfurnished,0,3,2,1,3,Granite,1,1,0,0,0,Covered,0,Borewell,2432.97,Kharadi,411014,Standalone,4.45,0.93,1.63,1.49,25477.57,8436694.02,14783.062940248816,Broker,24,2,0,2,2,0,0,0,0,0,1,0,0,0,0,0,0,0,0,0,0.1486944369998851,0.1560229742316051,0.3809523809523809,0.4736842105263157,0.4,1.0,0.0,0.4000000000000001,0.4,0.2,0.2222222222222222,1.0,1.0,0.0,0.0,0.0,0.0,0.1873608822760004,0.232142857143117,0.5902777777777778,0.0606816292601828,0.516245487364621,0.348,0.3092810187821906,0.209090909090909,0.5,0.0,0.0,0.0,0.0,0.0,1.0,0.0,0.0,0.0,0.0,0.0,0.0,0.0,0.0,0.0,0.6153846153846154,0.6150140092290541,285.35
2 BHK,700.41,777.39,8,8,9,1,Semi-Furnished,1,3,1,1,2,Marble,0,0,0,0,1,Covered,1,Corporation + Borewell,3261.15,Aundh,411007,Society,3.87,3.27,1.11,1.36,21876.47,6300817.78,8995.899230450737,Owner,34,2,1,2,2,1,0,0,0,0,0,0,0,0,0,0,0,0,0,0,0.2107708947509475,0.1865647314498603,0.3809523809523809,0.2105263157894736,0.45,1.0,1.0,0.4000000000000001,0.2,0.2,0.1111111111111111,0.0,0.0,0.0,0.0,1.0,1.0,0.2823831640590938,0.107142857143117,0.5097222222222223,0.255195344970906,0.3285198555956679,0.296,0.1305379541582606,0.3,0.5,1.0,0.0,0.0,0.0,0.0,0.0,0.0,0.0,0.0,0.0,0.0,0.0,0.0,0.0,0.0,1.0,0.5912514281688444,350.205
1 BHK,437.99,517.39,1,16,12,1,Semi-Furnished,1,2,2,0,2,Ceramic,1,1,0,1,1,Covered,0,Corporation + Borewell,800.0,Pimple Saudagar,411027,Society,4.87,5.4,1.33,1.87,7500.0,2990753.51,6828.360259366652,Broker,47,3,1,1,1,0,0,0,0,0,0,0,0,0,0,1,0,0,0,0,0.0851822428117462,0.0856643899410121,0.0476190476190476,0.631578947368421,0.6000000000000001,1.0,1.0,0.2,0.4,0.0,0.1111111111111111,1.0,1.0,0.0,1.0,1.0,0.0,0.0,0.464285714286234,0.6486111111111111,0.4322527015793848,0.407942238267148,0.5000000000000001,0.0635926576126369,0.4181818181818181,1.0,0.0,0.0,0.0,0.0,0.0,0.0,0.0,0.0,0.0,0.0,1.0,0.0,0.0,0.0,0.0,0.0625,0.4336652379784023,437.99
3 BHK,1115.06,1420.67,7,11,4,1,Fully Furnished,1,3,3,2,5,Vitrified,1,1,0,1,0,Stilt,1,Corporation + Borewell,4640.19,Aundh,411007,Society,4.08,4.29,1.21,1.4,35460.57,21607449.29,19377.83553351389,Broker,17,2,2,3,3,1,0,0,0,0,0,0,0,0,0,0,0,0,0,0,0.4092135992955319,0.4362076994722136,0.3333333333333333,0.368421052631579,0.2,1.0,1.0,0.4000000000000001,0.6000000000000001,0.4,0.4444444444444445,1.0,1.0,0.0,1.0,0.0,1.0,0.4406090660008903,0.107142857143117,0.5388888888888889,0.339983374896093,0.3646209386281588,0.3119999999999999,0.451193854493926,0.1454545454545454,0.5,1.0,0.0,0.0,0.0,0.0,0.0,0.0,0.0,0.0,0.0,0.0,0.0,0.0,0.0,0.0,0.6363636363636364,0.5497179738389877,371.68666666666667
3 BHK,1042.77,1298.54,1,15,8,1,Semi-Furnished,1,3,3,2,6,Marble,0,1,0,0,0,Open,1,Tanker,2742.54,Kothrud,411038,Standalone,1.84,7.54,1.76,1.19,31082.46,8211795.16,7874.982172482906,Broker,17,2,1,3,3,0,0,0,0,0,0,0,1,0,0,0,0,0,0,0,0.3746171369501129,0.388811704439615,0.0476190476190476,0.5789473684210527,0.4,1.0,1.0,0.4000000000000001,0.6000000000000001,0.4,0.5555555555555556,0.0,1.0,0.0,0.0,0.0,1.0,0.2228797885181123,0.6607142857146755,0.2277777777777778,0.6101413133832085,0.5631768953068592,0.2279999999999999,0.0959191388582434,0.1454545454545454,0.5,0.0,0.0,0.0,0.0,0.0,0.0,0.0,1.0,0.0,0.0,0.0,0.0,0.0,0.0,0.0,0.06666666666666667,0.5844747776268626,347.59
3 BHK,912.75,998.88,19,20,14,1,Semi-Furnished,1,3,3,2,6,Marble,1,0,0,1,0,Covered,0,Tanker,2941.75,Hinjewadi,411057,Society,5.71,0.2,2.43,2.16,26456.68,9375218.56,10271.398038893454,Broker,18,3,1,3,3,0,0,0,1,0,0,0,0,0,0,0,0,0,0,0,0.3123923197672192,0.2725201800683018,0.9047619047619048,0.8421052631578947,0.7000000000000001,1.0,1.0,0.4000000000000001,0.6000000000000001,0.4,0.5555555555555556,1.0,0.0,0.0,1.0,0.0,0.0,0.2457364003102469,1.0,0.7652777777777778,0.0,0.8050541516245489,0.6160000000000001,0.1699338552598905,0.1545454545454545,1.0,0.0,0.0,0.0,1.0,0.0,0.0,0.0,0.0,0.0,0.0,0.0,0.0,0.0,0.0,0.0,0.95,0.5065724854359359,304.25
1 BHK,479.81,566.98,8,10,0,1,Semi-Furnished,1,2,1,1,2,Granite,1,1,1,1,1,Covered,1,Municipal,2148.1,Baner,411045,Society,2.6,2.54,2.38,2.03,34592.61,8765748.59,18269.207790583772,Owner,2,1,1,1,1,0,1,0,0,0,0,0,0,0,0,0,0,0,0,0,0.105196408744592,0.104909189692642,0.3809523809523809,0.3157894736842105,0.0,1.0,1.0,0.2,0.2,0.2,0.1111111111111111,1.0,1.0,1.0,1.0,1.0,1.0,0.154675961834128,0.7857142857146755,0.3333333333333333,0.1945137157107231,0.7870036101083032,0.564,0.4169487557401008,0.009090909090909,0.0,0.0,1.0,0.0,0.0,0.0,0.0,0.0,0.0,0.0,0.0,0.0,0.0,0.0,0.0,0.0,0.8,0.5967738683396902,479.81
3 BHK,863.4,1005.92,1,16,7,1,Semi-Furnished,1,3,4,1,5,Vitrified,0,1,0,0,1,Covered,0,Municipal,3115.8,Kharadi,411014,Society,4.59,2.38,2.36,1.99,27064.27,14180348.63,16423.845992587445,Broker,12,2,1,3,3,0,0,0,0,0,1,0,0,0,0,0,0,0,0,0,0.2887744553773115,0.2752522508537721,0.0476190476190476,0.631578947368421,0.35,1.0,1.0,0.4000000000000001,0.8,0.2,0.4444444444444445,0.0,1.0,0.0,0.0,1.0,0.0,0.2657062476192225,0.232142857143117,0.6097222222222222,0.1812136325852036,0.779783393501805,0.548,0.3599588355857219,0.0999999999999999,0.5,0.0,0.0,0.0,0.0,0.0,1.0,0.0,0.0,0.0,0.0,0.0,0.0,0.0,0.0,0.0,0.0625,0.5157685942436556,287.8
1 BHK,446.03,529.31,10,12,11,1,Semi-Furnished,1,1,0,0,2,Vitrified,1,0,0,0,0,Covered,1,Borewell,2306.54,Hadapsar,411028,Society,5.23,1.67,1.89,2.13,7981.43,5665657.22,12702.412887025537,Broker,6,3,1,1,1,0,0,1,0,0,0,0,0,0,0,0,0,0,0,0,0.0890300164631111,0.0902902825209562,0.4761904761904761,0.4210526315789473,0.55,1.0,1.0,0.0,0.0,0.0,0.1111111111111111,1.0,0.0,0.0,0.0,0.0,1.0,0.1728547760118591,0.482142857143117,0.6986111111111112,0.1221945137157106,0.6101083032490975,0.604,0.2450135093898599,0.0454545454545454,1.0,0.0,0.0,1.0,0.0,0.0,0.0,0.0,0.0,0.0,0.0,0.0,0.0,0.0,0.0,0.0,0.8333333333333334,0.4913338223436343,446.03
3 BHK,903.38,1106.06,4,15,8,1,Unfurnished,0,3,3,1,5,Granite,1,1,1,1,0,Open,0,Municipal,4266.32,Kharadi,411014,Society,4.09,1.28,1.84,2.08,35589.33,13896180.86,15382.431379928712,Owner,18,2,0,3,3,0,0,0,0,0,1,0,0,0,0,0,0,0,0,0,0.3079080362954171,0.3141144054641416,0.1904761904761904,0.5789473684210527,0.4,1.0,0.0,0.4000000000000001,0.6000000000000001,0.2,0.4444444444444445,1.0,1.0,1.0,1.0,0.0,0.0,0.3977126177767783,0.232142857143117,0.5402777777777777,0.0897755610972568,0.5920577617328521,0.5840000000000001,0.3277898712314856,0.1545454545454545,0.5,0.0,0.0,0.0,0.0,0.0,1.0,0.0,0.0,0.0,0.0,0.0,0.0,0.0,0.0,0.0,0.26666666666666666,0.5586566533827368,301.12666666666667
1 BHK,350.92,394.64,0,11,8,1,Semi-Furnished,1,1,0,0,2,Wooden,1,1,1,1,1,Covered,1,Tanker,2718.68,Aundh,411007,Society,3.35,3.27,1.04,2.04,13483.9,5204550.86,14831.160549412973,Broker,67,2,1,1,1,1,0,0,0,0,0,0,0,0,0,0,0,0,0,0,0.0435123856196638,0.0380277864017385,0.0,0.368421052631579,0.4,1.0,1.0,0.0,0.0,0.0,0.1111111111111111,1.0,1.0,1.0,1.0,1.0,1.0,0.2201421811823342,0.107142857143117,0.4375,0.255195344970906,0.3032490974729242,0.5680000000000001,0.310763221844319,0.6,0.5,1.0,0.0,0.0,0.0,0.0,0.0,0.0,0.0,0.0,0.0,0.0,0.0,0.0,0.0,0.0,0.0,0.5420252789426951,350.92
3 BHK,888.88,1088.63,8,15,9,1,Unfurnished,1,4,3,2,3,Vitrified,1,1,0,0,0,Covered,1,Borewell,2145.86,Hinjewadi,411057,Society,6.04,0.31,2.35,2.32,22232.03,6469035.33,7277.7375236252365,Owner,45,3,0,3,3,0,0,0,1,0,0,0,0,0,0,0,0,0,0,0,0.3009686435162143,0.3073502018006831,0.3809523809523809,0.5789473684210527,0.45,1.0,1.0,0.6000000000000001,0.6000000000000001,0.4,0.2222222222222222,1.0,1.0,0.0,0.0,0.0,1.0,0.1544189525955638,1.0,0.8111111111111111,0.0091438071487946,0.776173285198556,0.6799999999999999,0.0774729843088467,0.3999999999999999,1.0,0.0,0.0,0.0,1.0,0.0,0.0,0.0,0.0,0.0,0.0,0.0,0.0,0.0,0.0,0.0,0.5333333333333333,0.4716155113538597,296.29333333333335
2 BHK,706.91,776.1,15,15,8,1,Fully Furnished,1,2,1,1,2,Vitrified,1,1,1,1,1,Covered,1,Municipal,1997.43,Viman Nagar,411014,Society,2.94,4.69,1.9,1.68,37186.09,7284323.64,10304.456918136679,Owner,16,2,2,2,2,0,0,0,0,0,0,0,0,0,0,0,0,0,1,0,0.2138816570312798,0.1860641105246818,0.7142857142857142,0.5789473684210527,0.4,1.0,1.0,0.2,0.2,0.2,0.1111111111111111,1.0,1.0,1.0,1.0,1.0,1.0,0.1373886484526667,0.232142857143117,0.3805555555555555,0.3732335827098919,0.6137184115523465,0.424,0.1709536999173499,0.1363636363636363,0.5,0.0,0.0,0.0,0.0,0.0,0.0,0.0,0.0,0.0,0.0,0.0,0.0,0.0,1.0,0.0,1.0,0.5602526421005571,353.455
1 BHK,351.18,415.16,1,11,4,1,Fully Furnished,1,1,1,0,1,Granite,0,0,0,0,0,Bike,1,Municipal,800.0,Kothrud,411038,Standalone,2.29,7.2,1.24,1.15,14724.1,5568794.9,15857.380545589158,Broker,14,2,2,1,1,0,0,0,0,0,0,0,1,0,0,0,0,0,0,0,0.0436368161108771,0.0459911518162061,0.0476190476190476,0.368421052631579,0.2,1.0,1.0,0.0,0.2,0.0,0.0,0.0,0.0,0.0,0.0,0.0,1.0,0.0,0.6607142857146755,0.2902777777777778,0.5818786367414795,0.3754512635379061,0.2119999999999999,0.3424642683741909,0.1181818181818181,0.5,0.0,0.0,0.0,0.0,0.0,0.0,0.0,1.0,0.0,0.0,0.0,0.0,0.0,0.0,0.0,0.09090909090909091,0.5777448418290609,351.18
2 BHK,749.41,875.54,1,15,11,1,Unfurnished,0,3,1,1,4,Vitrified,1,1,0,0,0,Stilt,1,Borewell,3017.49,Hinjewadi,411057,Society,5.42,1.19,2.55,2.38,18817.34,5164194.03,6891.012970203227,Owner,37,3,0,2,2,0,0,0,1,0,0,0,0,0,0,0,0,0,0,0,0.2342212565565297,0.2246546103694505,0.0476190476190476,0.5789473684210527,0.55,1.0,0.0,0.4000000000000001,0.2,0.2,0.3333333333333333,1.0,1.0,0.0,0.0,0.0,1.0,0.2544265251892001,1.0,0.725,0.0822942643391521,0.8483754512635379,0.704,0.0655282622365916,0.3272727272727272,1.0,0.0,0.0,0.0,1.0,0.0,0.0,0.0,0.0,0.0,0.0,0.0,0.0,0.0,0.0,0.0,0.06666666666666667,0.4691484458859766,374.705
1 RK,417.67,479.95,4,15,6,1,Unfurnished,0,1,0,0,1,Wooden,1,1,1,0,0,Covered,1,Corporation + Borewell,2362.63,Kothrud,411038,Society,1.99,7.16,1.23,1.6,13789.98,3961697.24,9485.232935092297,Owner,15,2,0,1,1,0,0,0,0,0,0,0,1,0,0,0,0,0,0,0,0.075457521344615,0.0711347407637379,0.1904761904761904,0.5789473684210527,0.3,1.0,0.0,0.0,0.0,0.0,0.0,1.0,1.0,1.0,0.0,0.0,1.0,0.1792903332400145,0.6607142857146755,0.2486111111111111,0.5785536159600997,0.371841155234657,0.3920000000000001,0.1456493834603557,0.1272727272727272,0.5,0.0,0.0,0.0,0.0,0.0,0.0,0.0,1.0,0.0,0.0,0.0,0.0,0.0,0.0,0.0,0.26666666666666666,0.5442716475831766,417.67
4 BHK,1821.5,2307.19,0,18,12,1,Semi-Furnished,1,4,4,3,5,Vitrified,1,1,1,1,0,Covered,0,Corporation + Borewell,5472.61,Wakad,411057,Society,4.68,1.97,1.9,2.34,47617.14,14397353.5,7904.119407082075,Owner,26,3,1,4,4,0,0,0,0,0,0,0,0,0,0,0,0,0,0,1,0.7473008154982963,0.7802468177584603,0.0,0.7368421052631579,0.6000000000000001,1.0,1.0,0.6000000000000001,0.8,0.6000000000000001,0.4444444444444445,1.0,1.0,1.0,1.0,0.0,0.0,0.5361178295569804,1.0,0.6222222222222222,0.1471321695760598,0.6137184115523465,0.688,0.0968191471356016,0.2272727272727272,1.0,0.0,0.0,0.0,0.0,0.0,0.0,0.0,0.0,0.0,0.0,0.0,0.0,0.0,0.0,1.0,0.0,0.48549608480107265,455.375
3 BHK,1083.98,1376.52,10,11,17,1,Unfurnished,1,4,2,1,4,Vitrified,0,0,1,0,0,Covered,1,Municipal,2780.44,Hadapsar,411028,Standalone,4.92,0.89,2.1,2.01,22115.13,7038987.68,6493.650879167512,Broker,6,3,0,3,3,0,0,1,0,0,0,0,0,0,0,0,0,0,0,0,0.3943393698074198,0.419074045327538,0.4761904761904761,0.368421052631579,0.8500000000000001,1.0,1.0,0.6000000000000001,0.4,0.2,0.3333333333333333,0.0,0.0,1.0,0.0,0.0,1.0,0.2272282930456053,0.482142857143117,0.6555555555555556,0.0573566084788029,0.6859205776173286,0.5559999999999999,0.053255225545657,0.0454545454545454,1.0,0.0,0.0,1.0,0.0,0.0,0.0,0.0,0.0,0.0,0.0,0.0,0.0,0.0,0.0,0.0,0.9090909090909091,0.5393774978198527,361.32666666666665
3 BHK,1328.5,1552.1,2,6,5,1,Semi-Furnished,1,4,3,2,5,Vitrified,0,0,0,0,0,Covered,1,Municipal,2164.755,Wakad,411057,Standalone,4.43,2.52,2.62,1.86,36111.82,14309224.01,10770.96274745954,Not Specified,17,3,1,3,3,0,0,0,0,0,0,0,0,0,0,0,0,0,0,1,0.5113614610053985,0.4872128221049364,0.0952380952380952,0.1052631578947368,0.25,1.0,1.0,0.6000000000000001,0.6000000000000001,0.4,0.4444444444444445,0.0,0.0,0.0,0.0,0.0,1.0,0.1565868943646135,1.0,0.5875,0.1928512053200332,0.8736462093862817,0.4960000000000001,0.1853634069112234,0.1454545454545454,1.0,0.0,0.0,0.0,0.0,0.0,0.0,0.0,0.0,0.0,0.0,0.0,0.0,0.0,0.0,1.0,0.3333333333333333,0.5330489367284135,442.8333333333333
1 BHK,411.8,507.04,2,13,5,1,Semi-Furnished,1,1,0,0,1,Granite,1,0,1,1,1,Covered,1,Municipal,1958.39,Kharadi,411014,Society,4.2,1.65,2.03,1.85,11530.47,6050848.25,14693.65772219524,Owner,62,2,1,1,1,0,0,0,0,0,1,0,0,0,0,0,0,0,0,0,0.0726482637160687,0.0816477801924868,0.0952380952380952,0.4736842105263157,0.25,1.0,1.0,0.0,0.0,0.0,0.0,1.0,0.0,1.0,1.0,1.0,1.0,0.1329093445805471,0.232142857143117,0.5555555555555556,0.1205320033250207,0.6606498194945848,0.4920000000000001,0.3065173694802684,0.5545454545454546,0.5,0.0,0.0,0.0,0.0,0.0,1.0,0.0,0.0,0.0,0.0,0.0,0.0,0.0,0.0,0.0,0.15384615384615385,0.5681898563133232,411.8
4 BHK,1401.17,1753.43,16,21,10,1,Semi-Furnished,1,4,4,4,5,Marble,1,0,0,0,0,Open,1,Corporation + Borewell,2119.8,Nigdi,411044,Society,3.3,10.44,2.09,3.02,34867.95,9569174.05,6829.416880178708,Broker,38,3,1,4,4,0,0,0,0,0,0,0,0,0,1,0,0,0,0,0,0.5461397832995138,0.5653446134740765,0.7619047619047619,0.894736842105263,0.5,1.0,1.0,0.6000000000000001,0.8,0.8,0.4444444444444445,1.0,0.0,0.0,0.0,0.0,1.0,0.1514289254719103,0.7678571428577925,0.4305555555555555,0.8512053200332501,0.6823104693140793,0.9600000000000002,0.0636260141308094,0.3363636363636363,1.0,0.0,0.0,0.0,0.0,0.0,0.0,0.0,0.0,0.0,1.0,0.0,0.0,0.0,0.0,0.0,0.7619047619047619,0.24415558082769862,350.2925
2 BHK,655.05,962.365,10,10,5,1,Semi-Furnished,1,3,1,1,2,Vitrified,0,1,1,0,0,Covered,1,Tanker,2180.19,Hadapsar,411028,Standalone,5.11,2.14,2.23,2.36,23339.01,4668449.8,7126.860239676361,Broker,14,3,1,2,2,0,0,1,0,0,0,0,0,0,0,0,0,0,0,0,0.1890625598223515,0.2583495032598572,0.4761904761904761,0.3157894736842105,0.25,1.0,1.0,0.4000000000000001,0.2,0.2,0.1111111111111111,0.0,1.0,1.0,0.0,0.0,1.0,0.1583578486490952,0.482142857143117,0.6819444444444445,0.1612635078969243,0.7328519855595668,0.696,0.0728111020375891,0.1181818181818181,1.0,0.0,0.0,1.0,0.0,0.0,0.0,0.0,0.0,0.0,0.0,0.0,0.0,0.0,0.0,0.0,1.0,0.4593565481954688,327.525
3 BHK,683.68,846.97,6,11,6,1,Semi-Furnished,1,3,3,3,6,Vitrified,0,1,1,0,0,Covered,1,Corporation + Borewell,2857.41,Kalyani Nagar,411006,Standalone,1.85,4.97,1.3,1.45,41727.48,15313325.16,22398.381055464546,Owner,6,1,1,3,3,0,0,0,0,1,0,0,0,0,0,0,0,0,0,0,0.2027642712201845,0.2135672151505744,0.2857142857142857,0.368421052631579,0.3,1.0,1.0,0.4000000000000001,0.6000000000000001,0.6000000000000001,0.5555555555555556,0.0,1.0,1.0,0.0,0.0,1.0,0.2360595435332345,0.089285714286234,0.2291666666666666,0.3965087281795511,0.3971119133574007,0.3319999999999999,0.5444858586894348,0.0454545454545454,0.0,0.0,0.0,0.0,0.0,1.0,0.0,0.0,0.0,0.0,0.0,0.0,0.0,0.0,0.0,0.0,0.5454545454545454,0.6262928835496293,227.89333333333332
3 BHK,817.88,968.32,1,10,9,1,Fully Furnished,1,3,3,1,5,Marble,0,1,0,0,0,Covered,0,Tanker,4337.44,Aundh,411007,Standalone,3.94,5.08,1.04,1.24,27983.25,15035929.79,18384.029185210544,Owner,18,2,2,3,3,1,0,0,0,0,0,0,0,0,0,0,0,0,0,0,0.2669895478387381,0.2606605091586464,0.0476190476190476,0.3157894736842105,0.45,1.0,1.0,0.4000000000000001,0.6000000000000001,0.2,0.4444444444444445,0.0,1.0,0.0,0.0,0.0,0.0,0.4058726611011927,0.107142857143117,0.5194444444444445,0.4056525353283458,0.3032490974729242,0.248,0.4204984452156252,0.1545454545454545,0.5,1.0,0.0,0.0,0.0,0.0,0.0,0.0,0.0,0.0,0.0,0.0,0.0,0.0,0.0,0.0,0.1,0.5515865447181882,272.62666666666667
2 BHK,518.84,614.16,1,21,8,1,Fully Furnished,1,3,1,1,3,Marble,1,1,1,1,0,Stilt,0,Municipal,1234.28,Pune Camp,411001,Society,1.4,6.35,0.78,1.71,19461.41,4667492.85,8996.015823760696,Owner,27,3,2,2,2,0,0,0,0,0,0,0,0,0,0,0,1,0,0,0,0.1238753397909567,0.1232187208941322,0.0476190476190476,0.894736842105263,0.4,1.0,1.0,0.4000000000000001,0.2,0.2,0.2222222222222222,1.0,1.0,1.0,1.0,0.0,0.0,0.0498276661266413,0.0,0.1666666666666666,0.511221945137157,0.2093862815884476,0.436,0.1305425870080068,0.2363636363636363,1.0,0.0,0.0,0.0,0.0,0.0,0.0,0.0,0.0,0.0,0.0,0.0,1.0,0.0,0.0,0.0,0.047619047619047616,0.581172947587502,259.42
2 BHK,651.37,757.11,6,22,9,1,Semi-Furnished,1,2,1,1,3,Wooden,1,1,0,1,0,Open,1,Borewell,1799.71,Hinjewadi,411057,Society,6.09,2.08,2.4,2.44,15664.34,5622107.66,8631.204476718302,Owner,34,3,1,2,2,0,0,0,1,0,0,0,0,0,0,0,0,0,0,0,0.1873013897928711,0.1786945048121702,0.2857142857142857,0.9473684210526316,0.45,1.0,1.0,0.2,0.2,0.2,0.2222222222222222,1.0,1.0,0.0,1.0,0.0,1.0,0.1147029936986842,1.0,0.8180555555555555,0.1562759767248545,0.7942238267148014,0.728,0.1192736432853946,0.3,1.0,0.0,0.0,0.0,1.0,0.0,0.0,0.0,0.0,0.0,0.0,0.0,0.0,0.0,0.0,0.0,0.2727272727272727,0.408300718480604,325.685
3 BHK,1495.21,1768.26,3,13,15,1,Semi-Furnished,1,3,3,1,6,Marble,1,1,0,0,0,Covered,0,Municipal,4633.94,Wakad,411057,Society,5.56,1.91,2.03,2.1,26396.02,8636363.27,5776.020271400003,Owner,19,3,1,3,3,0,0,0,0,0,0,0,0,0,0,0,0,0,0,1,0.5911453348137372,0.5710998137224466,0.1428571428571428,0.4736842105263157,0.75,1.0,1.0,0.4000000000000001,0.6000000000000001,0.2,0.5555555555555556,1.0,1.0,0.0,0.0,0.0,0.0,0.4398919643307892,1.0,0.7444444444444445,0.14214463840399,0.6606498194945848,0.5920000000000001,0.0310913635032745,0.1636363636363636,1.0,0.0,0.0,0.0,0.0,0.0,0.0,0.0,0.0,0.0,0.0,0.0,0.0,0.0,0.0,1.0,0.23076923076923078,0.4731327937787464,498.40333333333336
4 BHK,1327.2,1574.43,11,12,12,1,Fully Furnished,1,4,3,2,7,Vitrified,0,0,0,0,0,Covered,1,Municipal,4171.73,Kharadi,411014,Standalone,4.14,1.76,1.56,1.99,69115.45,12855385.97,9686.095516877638,Broker,9,2,2,4,4,0,0,0,0,0,1,0,0,0,0,0,0,0,0,0,0.510739308549332,0.4958786091276002,0.5238095238095237,0.4210526315789473,0.6000000000000001,1.0,1.0,0.6000000000000001,0.6000000000000001,0.4,0.6666666666666665,0.0,0.0,0.0,0.0,0.0,1.0,0.3868597142608,0.232142857143117,0.5472222222222222,0.1296758104738154,0.4909747292418772,0.548,0.1518561666936402,0.0727272727272727,0.5,0.0,0.0,0.0,0.0,0.0,1.0,0.0,0.0,0.0,0.0,0.0,0.0,0.0,0.0,0.0,0.9166666666666666,0.5529372019355667,331.8
2 BHK,754.92,847.78,4,11,6,1,Semi-Furnished,1,3,3,1,4,Ceramic,0,1,0,1,1,Not Specified,1,Borewell,3268.14,Kharadi,411014,Standalone,4.01,0.61,1.62,2.05,28228.0,8024390.12,10629.45758490966,Owner,24,2,1,2,2,0,0,0,0,0,1,0,0,0,0,0,0,0,0,0,0.2368582258126267,0.2138815585221981,0.1904761904761904,0.368421052631579,0.3,1.0,1.0,0.4000000000000001,0.6000000000000001,0.2,0.3333333333333333,0.0,1.0,0.0,1.0,1.0,1.0,0.2831851705669348,0.232142857143117,0.5291666666666667,0.0340814630091438,0.5126353790613719,0.572,0.1809918498907265,0.209090909090909,0.5,0.0,0.0,0.0,0.0,0.0,1.0,0.0,0.0,0.0,0.0,0.0,0.0,0.0,0.0,0.0,0.36363636363636365,0.583726491760016,377.46
2 BHK,618.12,760.68,2,7,8,1,Unfurnished,1,3,1,2,3,Vitrified,0,0,1,1,1,Covered,1,Municipal,3107.62,Baner,411045,Society,3.3,3.37,1.72,2.22,27450.58,14704457.15,23789.000760370156,Owner,66,1,0,2,2,0,1,0,0,0,0,0,0,0,0,0,0,0,0,0,0.1713886442819403,0.1800799441167339,0.0952380952380952,0.1578947368421052,0.4,1.0,1.0,0.4000000000000001,0.2,0.4,0.2222222222222222,0.0,0.0,1.0,1.0,1.0,1.0,0.2647677049533941,0.7857142857146755,0.4305555555555555,0.2635078969243558,0.5487364620938628,0.6400000000000001,0.587428978413391,0.5909090909090909,0.0,0.0,1.0,0.0,0.0,0.0,0.0,0.0,0.0,0.0,0.0,0.0,0.0,0.0,0.0,0.0,0.2857142857142857,0.5223212236703652,309.06
1 BHK,501.83,579.66,6,8,12,1,Semi-Furnished,1,2,1,1,2,Ceramic,1,1,1,1,1,Covered,1,Municipal,2301.42,Baner,411045,Society,2.67,3.23,1.71,1.97,31543.46,12309991.91,24530.203276009805,Broker,45,1,1,1,1,0,1,0,0,0,0,0,0,0,0,0,0,0,0,0,0.1157347141927332,0.1098300217323812,0.2857142857142857,0.2105263157894736,0.6000000000000001,1.0,1.0,0.2,0.2,0.2,0.1111111111111111,1.0,1.0,1.0,1.0,1.0,1.0,0.1722673263237123,0.7857142857146755,0.3430555555555555,0.2518703241895261,0.5451263537906137,0.54,0.6103217421491728,0.3999999999999999,0.0,0.0,1.0,0.0,0.0,0.0,0.0,0.0,0.0,0.0,0.0,0.0,0.0,0.0,0.0,0.0,0.75,0.5812247573694835,501.83
2 BHK,509.24,650.81,5,16,7,1,Fully Furnished,1,1,2,2,2,Vitrified,1,1,1,1,1,Covered,1,Municipal,2483.79,Baner,411045,Society,3.28,3.09,2.46,2.09,34287.96,9764462.79,19174.579353546458,Owner,62,1,2,2,2,0,1,0,0,0,0,0,0,0,0,0,0,0,0,0,0.1192809831923121,0.1374417882645141,0.238095238095238,0.631578947368421,0.35,1.0,1.0,0.0,0.4,0.4,0.1111111111111111,1.0,1.0,1.0,1.0,1.0,1.0,0.1931917793759265,0.7857142857146755,0.4277777777777777,0.2402327514546965,0.8158844765342961,0.588,0.4449144899479516,0.5545454545454546,0.0,0.0,1.0,0.0,0.0,0.0,0.0,0.0,0.0,0.0,0.0,0.0,0.0,0.0,0.0,0.0,0.3125,0.5447425206828314,254.62
4 BHK,1688.48,1876.61,12,12,9,1,Fully Furnished,1,5,4,3,6,Granite,1,0,0,0,0,Covered,0,Municipal,5055.04,Pimple Saudagar,411027,Society,3.42,5.37,1.44,1.8,48963.99,15151356.72,8973.370558135128,Owner,52,3,2,4,4,0,0,0,0,0,0,0,0,0,0,1,0,0,0,0,0.6836402618783262,0.6131480906550761,0.5714285714285714,0.4210526315789473,0.45,1.0,1.0,0.8,0.8,0.6000000000000001,0.5555555555555556,1.0,0.0,0.0,0.0,0.0,0.0,0.4882074064555213,0.464285714286234,0.4472222222222222,0.4297589359933499,0.4476534296028881,0.4720000000000001,0.1298427178396836,0.4636363636363636,1.0,0.0,0.0,0.0,0.0,0.0,0.0,0.0,0.0,0.0,0.0,1.0,0.0,0.0,0.0,0.0,1.0,0.507276847260494,422.12
1 BHK,388.33,443.3,7,16,11,1,Unfurnished,1,1,0,0,1,Ceramic,1,1,0,0,0,Covered,0,Municipal,984.89,Hinjewadi,411057,Society,6.09,1.14,2.19,2.55,10304.68,2800000.0,7210.362320706616,Owner,49,3,0,1,1,0,0,0,1,0,0,0,0,0,0,0,0,0,0,0,0.0614160189900072,0.0569116733933561,0.3333333333333333,0.631578947368421,0.55,1.0,1.0,0.0,0.0,0.0,0.0,1.0,1.0,0.0,0.0,0.0,0.0,0.0212135884455989,1.0,0.8180555555555555,0.0781379883624272,0.7184115523465704,0.772,0.0753937613427604,0.4363636363636363,1.0,0.0,0.0,0.0,1.0,0.0,0.0,0.0,0.0,0.0,0.0,0.0,0.0,0.0,0.0,0.0,0.4375,0.42216864169030976,388.33
1 BHK,430.71,485.07,1,14,9,1,Unfurnished,1,1,0,0,2,Marble,1,1,0,1,0,Open,0,Municipal,1225.08,Aundh,411007,Society,4.26,3.01,1.65,2.03,15281.75,3966372.75,9208.91725290799,Owner,37,2,0,1,1,1,0,0,0,0,0,0,0,0,0,0,0,0,0,0,0.081698189057774,0.0731217013349891,0.0476190476190476,0.5263157894736842,0.45,1.0,1.0,0.0,0.0,0.0,0.1111111111111111,1.0,1.0,0.0,1.0,0.0,0.0,0.0487720924682524,0.107142857143117,0.5638888888888889,0.2335827098919368,0.5234657039711191,0.564,0.1371153653712395,0.3272727272727272,0.5,1.0,0.0,0.0,0.0,0.0,0.0,0.0,0.0,0.0,0.0,0.0,0.0,0.0,0.0,0.0,0.07142857142857142,0.5091890635839942,430.71
3 BHK,947.47,1184.5,10,12,5,1,Fully Furnished,1,5,3,1,4,Wooden,1,1,0,0,0,Bike,1,Tanker,2750.69,Hadapsar,411028,Society,5.41,1.53,2.26,2.31,18021.74,11704109.45,12353.013235247552,Broker,16,3,2,3,3,0,0,1,0,0,0,0,0,0,0,0,0,0,0,0,0.3290085761323175,0.344555262340888,0.4761904761904761,0.4210526315789473,0.25,1.0,1.0,0.8,0.6000000000000001,0.2,0.3333333333333333,1.0,1.0,0.0,0.0,0.0,1.0,0.2238148890959241,0.482142857143117,0.7236111111111112,0.1105569409808811,0.743682310469314,0.676,0.2342276174674496,0.1363636363636363,1.0,0.0,0.0,1.0,0.0,0.0,0.0,0.0,0.0,0.0,0.0,0.0,0.0,0.0,0.0,0.0,0.8333333333333334,0.46781069861609514,315.8233333333333
1 BHK,426.28,463.63,2,13,8,1,Semi-Furnished,1,1,1,0,1,Ceramic,0,1,1,0,0,Covered,0,Municipal,1509.0,Pune Camp,411001,Society,2.64,6.26,1.74,2.1,16835.11,3666543.9,8601.257154921648,Broker,55,3,1,1,1,0,0,0,0,0,0,0,0,0,0,0,1,0,0,0,0.0795780849190244,0.0648013039428749,0.0952380952380952,0.4736842105263157,0.4,1.0,1.0,0.0,0.2,0.0,0.0,0.0,1.0,1.0,0.0,0.0,0.0,0.0813480134562694,0.0,0.3388888888888889,0.5037406483790523,0.555956678700361,0.5920000000000001,0.1183504707593055,0.4909090909090909,1.0,0.0,0.0,0.0,0.0,0.0,0.0,0.0,0.0,0.0,0.0,0.0,1.0,0.0,0.0,0.0,0.15384615384615385,0.4861034095294111,426.28
2 BHK,635.59,775.93,3,14,2,1,Semi-Furnished,1,2,3,1,3,Wooden,1,1,0,0,0,Covered,0,Not Specified,1157.32,Wakad,411057,Society,4.35,3.6,2.3,2.08,15430.21,5173869.05,8140.261882660205,Owner,4,3,1,2,2,0,0,0,0,0,0,0,0,0,0,0,0,0,0,1,0.1797494161338489,0.1859981372244644,0.1428571428571428,0.5263157894736842,0.1,1.0,1.0,0.2,0.6000000000000001,0.2,0.2222222222222222,1.0,1.0,0.0,0.0,0.0,0.0,0.0409975630016843,1.0,0.5763888888888888,0.28262676641729,0.7581227436823105,0.5840000000000001,0.1041115614927412,0.0272727272727272,1.0,0.0,0.0,0.0,0.0,0.0,0.0,0.0,0.0,0.0,0.0,0.0,0.0,0.0,0.0,1.0,0.21428571428571427,0.4837124532545629,317.795
1 RK,385.08,487.61,5,6,1,1,Fully Furnished,1,1,2,1,1,Vitrified,1,1,1,1,1,Open,1,Tanker,2305.66,Kalyani Nagar,411006,Society,1.9,4.57,1.02,1.25,32438.63,9670277.69,25112.38623143243,Broker,56,1,2,1,1,0,0,0,0,1,0,0,0,0,0,0,0,0,0,0,0.059860637849841,0.0741074200558833,0.238095238095238,0.1052631578947368,0.05,1.0,1.0,0.0,0.4,0.2,0.0,1.0,1.0,1.0,1.0,1.0,1.0,0.1727538080967088,0.089285714286234,0.2361111111111111,0.3632585203657522,0.296028880866426,0.252,0.6283132597101442,0.4999999999999999,0.0,0.0,0.0,0.0,0.0,1.0,0.0,0.0,0.0,0.0,0.0,0.0,0.0,0.0,0.0,0.0,0.8333333333333334,0.6563103058401505,385.08
3 BHK,1246.07,1430.77,7,10,5,1,Unfurnished,0,4,2,2,4,Vitrified,1,0,0,1,0,Bike,1,Corporation + Borewell,5141.03,Aundh,411007,Society,2.81,4.19,1.74,1.14,39596.73,9443790.54,7578.860369000136,Broker,19,2,0,3,3,1,0,0,0,0,0,0,0,0,0,0,0,0,0,0,0.4719122095026608,0.4401272896615958,0.3333333333333333,0.3157894736842105,0.25,1.0,0.0,0.6000000000000001,0.4,0.4,0.3333333333333333,1.0,0.0,0.0,1.0,0.0,1.0,0.4980735780734404,0.107142857143117,0.3625,0.3316708229426434,0.555956678700361,0.2079999999999999,0.086772658032682,0.1636363636363636,0.5,1.0,0.0,0.0,0.0,0.0,0.0,0.0,0.0,0.0,0.0,0.0,0.0,0.0,0.0,0.0,0.7,0.6374284971177857,415.3566666666666
1 RK,387.75,476.94,1,13,9,1,Fully Furnished,1,1,1,0,2,Marble,1,1,1,1,0,Covered,0,Corporation + Borewell,800.0,Pimple Saudagar,411027,Society,3.78,5.17,1.27,1.64,14101.97,2943895.11,7592.250444874275,Broker,2,3,2,1,1,0,0,0,0,0,0,0,0,0,0,1,0,0,0,0,0.0611384432788391,0.0699666252716547,0.0476190476190476,0.4736842105263157,0.45,1.0,1.0,0.0,0.2,0.0,0.1111111111111111,1.0,1.0,1.0,1.0,0.0,0.0,0.0,0.464285714286234,0.4972222222222222,0.4131338320864505,0.3862815884476534,0.408,0.0871880702265896,0.009090909090909,1.0,0.0,0.0,0.0,0.0,0.0,0.0,0.0,0.0,0.0,0.0,1.0,0.0,0.0,0.0,0.0,0.07692307692307693,0.5136057247259209,387.75
2 BHK,636.26,792.6,7,15,6,1,Semi-Furnished,1,1,2,1,3,Marble,1,1,1,0,0,Covered,0,Corporation + Borewell,838.5,Aundh,411007,Society,2.68,4.83,1.69,1.28,20955.47,11966854.68,18808.12039103511,Broker,14,2,1,2,2,1,0,0,0,0,0,0,0,0,0,0,0,0,0,0,0.1800700639381293,0.1924674014281279,0.3333333333333333,0.5789473684210527,0.3,1.0,1.0,0.0,0.4,0.2,0.2222222222222222,1.0,1.0,1.0,0.0,0.0,0.0,0.0044173462878228,0.107142857143117,0.3444444444444445,0.3848711554447215,0.5379061371841155,0.264,0.4335930405948827,0.1181818181818181,0.5,1.0,0.0,0.0,0.0,0.0,0.0,0.0,0.0,0.0,0.0,0.0,0.0,0.0,0.0,0.0,0.4666666666666667,0.6108836429359732,318.13
3 BHK,1108.4,1240.63,1,13,3,1,Semi-Furnished,1,3,2,2,4,Ceramic,1,1,0,0,1,Covered,1,Municipal,2363.11,Aundh,411007,Society,2.82,4.6,1.38,1.76,57370.84,11670871.9,10529.476632984482,Broker,43,2,1,3,3,1,0,0,0,0,0,0,0,0,0,0,0,0,0,0,0.4060262644052223,0.366338093759702,0.0476190476190476,0.4736842105263157,0.15,1.0,1.0,0.4000000000000001,0.4,0.4,0.3333333333333333,1.0,1.0,0.0,0.0,1.0,1.0,0.1793454066482783,0.107142857143117,0.3638888888888889,0.3657522859517871,0.4259927797833934,0.456,0.1779051365331706,0.3818181818181818,0.5,1.0,0.0,0.0,0.0,0.0,0.0,0.0,0.0,0.0,0.0,0.0,0.0,0.0,0.0,0.0,0.07692307692307693,0.5595640234233856,369.4666666666667
3 BHK,837.06,939.69,10,12,6,1,Unfurnished,0,3,3,1,5,Vitrified,1,1,1,0,0,Covered,0,Tanker,1945.67,Pimple Saudagar,411027,Society,3.7,5.03,2.06,1.88,18075.99,10047057.57,12002.792595512869,Owner,9,3,0,3,3,0,0,0,0,0,0,0,0,0,0,1,0,0,0,0,0.2761686894597802,0.249549829245576,0.4761904761904761,0.4210526315789473,0.3,1.0,0.0,0.4000000000000001,0.6000000000000001,0.2,0.4444444444444445,1.0,1.0,1.0,0.0,0.0,0.0,0.1314498992615574,0.464285714286234,0.4861111111111111,0.4014962593516209,0.6714801444043321,0.504,0.2234102221667653,0.0727272727272727,1.0,0.0,0.0,0.0,0.0,0.0,0.0,0.0,0.0,0.0,0.0,1.0,0.0,0.0,0.0,0.0,0.8333333333333334,0.49538405629983717,279.02
5 BHK,1767.99,2216.78,11,13,7,1,Semi-Furnished,1,5,5,3,6,Vitrified,1,1,0,1,0,Not Specified,1,Borewell,5797.56,Kharadi,411014,Society,3.92,1.47,2.15,1.47,70225.33,20474374.66,11580.594154944316,Owner,20,2,1,5,5,0,0,0,0,0,1,0,0,0,0,0,0,0,0,0,0.721692063248976,0.7451606643899411,0.5238095238095237,0.4736842105263157,0.35,1.0,1.0,0.8,1.0,0.6000000000000001,0.5555555555555556,1.0,1.0,0.0,1.0,0.0,1.0,0.573401379588877,0.232142857143117,0.5166666666666667,0.1055694098088112,0.703971119133574,0.3399999999999999,0.2103699855578631,0.1727272727272727,0.5,0.0,0.0,0.0,0.0,0.0,1.0,0.0,0.0,0.0,0.0,0.0,0.0,0.0,0.0,0.0,0.8461538461538461,0.6263067284530899,353.598
2 BHK,724.02,922.29,1,10,12,1,Unfurnished,1,3,0,1,2,Granite,1,1,0,0,0,Covered,0,Municipal,2354.77,Pune Camp,411001,Society,2.55,6.46,1.73,1.71,19051.48,8461403.17,11686.698116074142,Owner,6,3,0,2,2,0,0,0,0,0,0,0,0,0,0,0,1,0,0,0,0.2220701405107393,0.2427972679292145,0.0476190476190476,0.3157894736842105,0.6000000000000001,1.0,1.0,0.4000000000000001,0.0,0.2,0.1111111111111111,1.0,1.0,0.0,0.0,0.0,0.0,0.1783885061796953,0.0,0.3263888888888889,0.5203657522859517,0.5523465703971119,0.436,0.2136460280417129,0.0454545454545454,1.0,0.0,0.0,0.0,0.0,0.0,0.0,0.0,0.0,0.0,0.0,0.0,1.0,0.0,0.0,0.0,0.1,0.5263730536625058,362.01
2 BHK,585.44,711.61,14,16,18,1,Unfurnished,0,3,2,1,3,Wooden,0,1,1,1,1,Open,1,Municipal,1653.75,Kharadi,411014,Society,4.07,1.6,2.07,2.39,22487.66,4337823.25,7409.509514211532,Owner,45,2,0,2,2,0,0,0,0,0,1,0,0,0,0,0,0,0,0,0,0.1557486886940541,0.1610369450481217,0.6666666666666666,0.631578947368421,0.9,1.0,0.0,0.4000000000000001,0.4,0.2,0.2222222222222222,0.0,1.0,1.0,1.0,1.0,1.0,0.097956088135811,0.232142857143117,0.5375000000000001,0.1163757273482959,0.6750902527075812,0.7080000000000001,0.0815421706692429,0.3999999999999999,0.5,0.0,0.0,0.0,0.0,0.0,1.0,0.0,0.0,0.0,0.0,0.0,0.0,0.0,0.0,0.0,0.875,0.5177161736237779,292.72
1 BHK,359.87,448.34,2,11,6,1,Semi-Furnished,1,2,0,0,2,Wooden,1,1,1,1,0,Bike,1,Corporation + Borewell,800.0,Viman Nagar,411014,Society,1.95,5.23,1.6,1.47,14053.91,6192563.87,17207.780226192794,Owner,45,2,1,1,1,0,0,0,0,0,0,0,0,0,0,0,0,0,1,0,0.0477956659902752,0.0588675877056814,0.0952380952380952,0.368421052631579,0.3,1.0,1.0,0.2,0.0,0.0,0.1111111111111111,1.0,1.0,1.0,1.0,0.0,1.0,0.0,0.232142857143117,0.2430555555555555,0.4181213632585203,0.5054151624548737,0.3399999999999999,0.3841719614991654,0.3999999999999999,0.5,0.0,0.0,0.0,0.0,0.0,0.0,0.0,0.0,0.0,0.0,0.0,0.0,0.0,1.0,0.0,0.18181818181818182,0.6125652273444586,359.87
3 BHK,1143.6,1249.41,9,10,10,1,Semi-Furnished,1,3,2,2,5,Marble,0,0,0,0,0,Stilt,1,Tanker,3829.01,Viman Nagar,411014,Standalone,2.49,7.28,2.05,1.43,36947.53,8142220.63,7119.815171388598,Owner,15,2,1,3,3,0,0,0,0,0,0,0,0,0,0,0,0,0,1,0,0.4228722386002526,0.3697454206768085,0.4285714285714285,0.3157894736842105,0.5,1.0,1.0,0.4000000000000001,0.4,0.4,0.4444444444444445,0.0,0.0,0.0,0.0,0.0,1.0,0.347537300760472,0.232142857143117,0.3180555555555556,0.5885286783042394,0.667870036101083,0.3239999999999999,0.0725958289527165,0.1272727272727272,0.5,0.0,0.0,0.0,0.0,0.0,0.0,0.0,0.0,0.0,0.0,0.0,0.0,0.0,1.0,0.0,0.9,0.5366408722704716,381.2
1 RK,461.5,534.91,15,17,13,1,Semi-Furnished,1,1,0,0,2,Not Specified,0,1,0,0,0,Bike,0,Municipal,1747.44,Hadapsar,411028,Society,5.39,2.79,2.54,2.25,13932.78,4506433.61,9764.753217768148,Builder,23,3,1,1,1,0,0,1,0,0,0,0,0,0,0,0,0,0,0,0,0.096433630690302,0.0924635206457621,0.7142857142857142,0.6842105263157894,0.65,1.0,1.0,0.0,0.0,0.0,0.1111111111111111,0.0,1.0,0.0,0.0,0.0,0.0,0.1087057290112946,0.482142857143117,0.7208333333333333,0.2152950955943474,0.8447653429602888,0.652,0.1542887216670352,0.1999999999999999,1.0,0.0,0.0,1.0,0.0,0.0,0.0,0.0,0.0,0.0,0.0,0.0,0.0,0.0,0.0,0.0,0.8823529411764706,0.4407800734252084,461.5
2 BHK,582.58,655.98,14,15,14,1,Semi-Furnished,1,2,3,1,4,Marble,1,1,0,0,0,Open,0,Municipal,1432.17,Pimple Saudagar,411027,Society,4.29,4.16,1.12,1.9,8056.41,3324135.34,5705.886470527652,Owner,50,3,1,2,2,0,0,0,0,0,0,0,0,0,0,1,0,0,0,0,0.1543799532907079,0.1394481527475939,0.6666666666666666,0.5789473684210527,0.7000000000000001,1.0,1.0,0.2,0.6000000000000001,0.2,0.3333333333333333,1.0,1.0,0.0,0.0,0.0,0.0,0.0725328260460505,0.464285714286234,0.5680555555555555,0.3291770573566084,0.332129963898917,0.512,0.0289253518186097,0.4454545454545454,1.0,0.0,0.0,0.0,0.0,0.0,0.0,0.0,0.0,0.0,0.0,1.0,0.0,0.0,0.0,0.0,0.9333333333333333,0.4903829107426819,291.29
2 BHK,504.65,551.53,2,9,8,1,Semi-Furnished,1,3,2,1,2,Vitrified,1,1,1,1,1,Covered,1,Municipal,2559.06,Kharadi,411014,Society,3.87,3.34,2.16,1.45,18545.19,6180629.12,12247.35781234519,Owner,30,2,1,2,2,0,0,0,0,0,1,0,0,0,0,0,0,0,0,0,0.1170843064435851,0.098913380937597,0.0952380952380952,0.2631578947368421,0.4,1.0,1.0,0.4000000000000001,0.4,0.2,0.1111111111111111,1.0,1.0,1.0,1.0,1.0,1.0,0.2018279782092881,0.232142857143117,0.5097222222222223,0.2610141313383208,0.7075812274368232,0.3319999999999999,0.2309592963998434,0.2636363636363636,0.5,0.0,0.0,0.0,0.0,0.0,1.0,0.0,0.0,0.0,0.0,0.0,0.0,0.0,0.0,0.0,0.2222222222222222,0.5797281667477907,252.325
2 BHK,682.03,757.37,2,13,10,1,Semi-Furnished,1,2,1,1,3,Marble,0,0,0,0,0,Covered,0,Corporation + Borewell,2468.79,Pune Camp,411001,Society,2.07,5.1,1.17,1.78,13594.95,4830453.61,7082.4650088705785,Broker,12,3,1,2,2,0,0,0,0,0,0,0,0,0,0,0,1,0,0,0,0.2019746161797924,0.178795405153679,0.0952380952380952,0.4736842105263157,0.5,1.0,1.0,0.2,0.2,0.2,0.2222222222222222,0.0,0.0,0.0,0.0,0.0,0.0,0.1914707353676838,0.0,0.2597222222222222,0.4073150457190356,0.3501805054151624,0.4640000000000001,0.071441322795968,0.0999999999999999,1.0,0.0,0.0,0.0,0.0,0.0,0.0,0.0,0.0,0.0,0.0,0.0,1.0,0.0,0.0,0.0,0.15384615384615385,0.5775833636013521,341.015
1 BHK,468.34,563.96,6,11,15,1,Semi-Furnished,1,1,1,0,1,Ceramic,0,0,1,1,0,Covered,0,Municipal,1866.91,Kharadi,411014,Standalone,4.42,1.68,2.11,2.54,17097.01,6622606.93,14140.596425673655,Owner,13,2,1,1,1,0,0,0,0,0,1,0,0,0,0,0,0,0,0,0,0.0997071097668364,0.1037371934181931,0.2857142857142857,0.368421052631579,0.75,1.0,1.0,0.0,0.2,0.0,0.0,0.0,0.0,1.0,1.0,0.0,0.0,0.1224132708556113,0.232142857143117,0.5861111111111111,0.1230257689110556,0.6895306859205776,0.768,0.2894326550429495,0.109090909090909,0.5,0.0,0.0,0.0,0.0,0.0,1.0,0.0,0.0,0.0,0.0,0.0,0.0,0.0,0.0,0.0,0.5454545454545454,0.4837443361973207,468.34
3 BHK,615.35,776.58,0,11,10,1,Semi-Furnished,1,3,3,2,5,Wooden,1,1,0,1,1,Covered,1,Municipal,2574.31,Kothrud,411038,Society,0.74,8.1,1.67,1.46,27772.86,9302979.69,15118.192394572194,Owner,52,2,1,3,3,0,0,0,0,0,0,0,1,0,0,0,0,0,0,0,0.1700629809717064,0.1862503880782366,0.0,0.368421052631579,0.5,1.0,1.0,0.4000000000000001,0.6000000000000001,0.4,0.4444444444444445,1.0,1.0,0.0,1.0,1.0,1.0,0.2035777062843348,0.6607142857146755,0.075,0.6566916043225269,0.5306859205776173,0.3359999999999999,0.3196292608319115,0.4636363636363636,0.5,0.0,0.0,0.0,0.0,0.0,0.0,0.0,1.0,0.0,0.0,0.0,0.0,0.0,0.0,0.0,0.0,0.5899151588849054,205.11666666666667
3 BHK,1279.46,1598.86,2,16,11,1,Semi-Furnished,1,3,3,1,5,Marble,1,1,0,1,0,Open,1,Municipal,4338.64,Aundh,411007,Standalone,3.73,4.14,1.77,1.81,40553.2,12305499.15,9617.72869022869,Broker,23,2,1,3,3,1,0,0,0,0,0,0,0,0,0,0,0,0,0,0,0.4878919560473219,0.5053593604470661,0.0952380952380952,0.631578947368421,0.55,1.0,1.0,0.4000000000000001,0.6000000000000001,0.2,0.4444444444444445,1.0,1.0,0.0,1.0,0.0,1.0,0.4060103446218522,0.107142857143117,0.4902777777777778,0.3275145469659185,0.5667870036101084,0.4760000000000001,0.1497448226359803,0.1999999999999999,0.5,1.0,0.0,0.0,0.0,0.0,0.0,0.0,0.0,0.0,0.0,0.0,0.0,0.0,0.0,0.0,0.125,0.5257686282420544,426.4866666666667
2 BHK,785.93,955.25,7,10,10,1,Fully Furnished,1,3,2,1,4,Ceramic,0,1,1,0,0,Stilt,1,Corporation + Borewell,3171.02,Kharadi,411014,Standalone,4.17,1.19,1.6,1.97,35207.35,7777143.41,9895.465766671334,Broker,70,2,2,2,2,0,0,0,0,0,1,0,0,0,0,0,0,0,0,0,0.2516989547838738,0.2555883266066439,0.3333333333333333,0.3157894736842105,0.5,1.0,1.0,0.4000000000000001,0.4,0.2,0.3333333333333333,0.0,1.0,1.0,0.0,0.0,1.0,0.2720419842948997,0.232142857143117,0.5513888888888889,0.0822942643391521,0.5054151624548737,0.54,0.1583217717994112,0.6272727272727273,0.5,0.0,0.0,0.0,0.0,0.0,1.0,0.0,0.0,0.0,0.0,0.0,0.0,0.0,0.0,0.0,0.7,0.5692581709957016,392.965
3 BHK,1293.23,1543.3,5,17,10,1,Unfurnished,1,4,3,2,4,Marble,1,1,1,0,0,Covered,0,Borewell,3777.82,Pimple Saudagar,411027,Society,4.21,5.18,1.68,1.97,42790.17,12290178.88,9503.474927120466,Owner,36,3,0,3,3,0,0,0,0,0,0,0,0,0,0,1,0,0,0,0,0.4944819862935029,0.4837977336230984,0.238095238095238,0.6842105263157894,0.5,1.0,1.0,0.6000000000000001,0.6000000000000001,0.4,0.3333333333333333,1.0,1.0,1.0,0.0,0.0,0.0,0.3416639512416759,0.464285714286234,0.5569444444444445,0.4139650872817954,0.5342960288808665,0.54,0.1462170619825879,0.3181818181818182,1.0,0.0,0.0,0.0,0.0,0.0,0.0,0.0,0.0,0.0,0.0,1.0,0.0,0.0,0.0,0.0,0.29411764705882354,0.4587073912707601,431.07666666666665
3 BHK,1158.26,1339.99,16,18,6,1,Semi-Furnished,1,3,3,2,4,Marble,1,1,0,1,0,Bike,0,Tanker,4631.3,Aundh,411007,Society,3.87,4.39,1.97,1.85,39419.92,13283056.17,11468.112660369865,Owner,103,2,1,3,3,1,0,0,0,0,0,0,0,0,0,0,0,0,0,0,0.429888203989433,0.4048975473455449,0.7619047619047619,0.7368421052631579,0.3,1.0,1.0,0.4000000000000001,0.6000000000000001,0.4,0.3333333333333333,1.0,1.0,0.0,1.0,0.0,0.0,0.4395890605853386,0.107142857143117,0.5097222222222223,0.3482959268495427,0.6389891696750902,0.4920000000000001,0.2068962748181761,0.9272727272727272,0.5,1.0,0.0,0.0,0.0,0.0,0.0,0.0,0.0,0.0,0.0,0.0,0.0,0.0,0.0,0.0,0.8888888888888888,0.5083749719277111,386.08666666666664
2 BHK,536.73,640.72,10,10,11,1,Fully Furnished,1,2,2,2,3,Granite,1,0,1,1,0,Covered,1,Borewell,2018.74,Baner,411045,Society,3.59,2.33,1.78,2.0,32620.52,16465222.4,30676.91837609226,Builder,20,1,2,2,2,0,1,0,0,0,0,0,0,0,0,0,0,0,0,0,0.132437114744056,0.1335260788574977,0.4761904761904761,0.3157894736842105,0.55,1.0,1.0,0.2,0.4,0.4,0.2222222222222222,1.0,0.0,1.0,1.0,0.0,1.0,0.1398336783070434,0.7857142857146755,0.4708333333333333,0.1770573566084788,0.5703971119133574,0.552,0.8001790133141925,0.1727272727272727,0.0,0.0,1.0,0.0,0.0,0.0,0.0,0.0,0.0,0.0,0.0,0.0,0.0,0.0,0.0,0.0,1.0,0.5611080323672311,268.365
3 BHK,1256.79,1377.67,5,6,4,1,Semi-Furnished,1,3,2,2,5,Vitrified,0,0,1,1,0,Covered,1,Borewell,4858.73,Shivajinagar,411005,Standalone,1.3,6.92,1.27,1.32,51224.4,21885138.59,17413.520627948983,Broker,9,2,1,3,3,0,0,0,0,0,0,0,0,0,0,0,0,1,0,0,0.4770425743711474,0.4195203352995965,0.238095238095238,0.1052631578947368,0.2,1.0,1.0,0.4000000000000001,0.4,0.4,0.4444444444444445,0.0,0.0,1.0,1.0,0.0,1.0,0.4656835298383135,0.071428571429351,0.1527777777777778,0.5586034912718204,0.3862815884476534,0.28,0.3905242162144799,0.0727272727272727,0.5,0.0,0.0,0.0,0.0,0.0,0.0,0.0,0.0,0.0,0.0,0.0,0.0,1.0,0.0,0.0,0.8333333333333334,0.6118085504839388,418.93
2 BHK,626.82,759.96,15,17,9,1,Semi-Furnished,0,2,3,1,3,Ceramic,1,1,1,1,0,Stilt,0,Borewell,1495.36,Aundh,411007,Society,3.47,3.89,1.25,1.68,25558.89,10181733.23,16243.472177020516,Builder,53,2,1,2,2,1,0,0,0,0,0,0,0,0,0,0,0,0,0,0,0.1755522799494621,0.1798005277864017,0.7142857142857142,0.6842105263157894,0.45,1.0,0.0,0.2,0.6000000000000001,0.2,0.2222222222222222,1.0,1.0,1.0,1.0,0.0,0.0,0.0797830107714407,0.107142857143117,0.4541666666666667,0.3067331670822942,0.3790613718411552,0.424,0.3543889147642126,0.4727272727272727,0.5,1.0,0.0,0.0,0.0,0.0,0.0,0.0,0.0,0.0,0.0,0.0,0.0,0.0,0.0,0.0,0.8823529411764706,0.5581830745771874,313.41
3 BHK,1242.35,1517.75,0,13,12,1,Unfurnished,0,4,2,2,5,Marble,1,1,0,0,0,Open,0,Borewell,3826.91,Kharadi,411014,Society,4.45,2.03,2.4,2.17,47803.08,8780584.93,7067.722405119331,Broker,21,2,0,3,3,0,0,0,0,0,1,0,0,0,0,0,0,0,0,0,0.470131896320686,0.4738823346786713,0.0,0.4736842105263157,0.6000000000000001,1.0,0.0,0.6000000000000001,0.4,0.4,0.4444444444444445,1.0,1.0,0.0,0.0,0.0,0.0,0.347296354599318,0.232142857143117,0.5902777777777778,0.1521197007481296,0.7942238267148014,0.62,0.0709854503809438,0.1818181818181818,0.5,0.0,0.0,0.0,0.0,0.0,1.0,0.0,0.0,0.0,0.0,0.0,0.0,0.0,0.0,0.0,0.0,0.5123835153475382,414.1166666666666
1 BHK,352.38,406.81,11,12,7,1,Semi-Furnished,1,2,1,0,2,Marble,0,0,0,1,0,Stilt,1,Municipal,2490.44,Shivajinagar,411005,Standalone,1.34,7.3,0.91,1.04,14063.71,3710189.61,10528.944917418696,Owner,15,2,1,1,1,0,0,0,0,0,0,0,0,0,0,0,0,1,0,0,0.0442111106857077,0.0427506985408258,0.5238095238095237,0.4210526315789473,0.35,1.0,1.0,0.2,0.2,0.0,0.1111111111111111,0.0,0.0,0.0,1.0,0.0,1.0,0.193954775552914,0.071428571429351,0.1583333333333333,0.5901911886949293,0.2563176895306859,0.168,0.1778869139908356,0.1272727272727272,0.5,0.0,0.0,0.0,0.0,0.0,0.0,0.0,0.0,0.0,0.0,0.0,0.0,1.0,0.0,0.0,0.9166666666666666,0.6295642330801774,352.38
3 BHK,1030.78,1208.0,1,14,8,1,Fully Furnished,1,3,2,1,5,Vitrified,1,1,0,0,0,Covered,1,Municipal,2709.93,Nigdi,411044,Society,3.65,10.37,2.02,2.96,38519.73,7365218.79,7145.286860435786,Owner,26,3,2,3,3,0,0,0,0,0,0,0,0,0,1,0,0,0,0,0,0.3688789769899307,0.3536751009003416,0.0476190476190476,0.5263157894736842,0.4,1.0,1.0,0.4000000000000001,0.4,0.2,0.4444444444444445,1.0,1.0,0.0,0.0,0.0,1.0,0.2191382388441927,0.7678571428577925,0.4791666666666666,0.8453865336658353,0.6570397111913358,0.936,0.0733821779829684,0.2272727272727272,1.0,0.0,0.0,0.0,0.0,0.0,0.0,0.0,0.0,0.0,1.0,0.0,0.0,0.0,0.0,0.0,0.07142857142857142,0.23670794827785835,343.5933333333333
4 BHK,1264.98,1421.69,10,14,6,1,Semi-Furnished,1,4,4,3,6,Vitrified,1,1,1,0,1,Stilt,1,Corporation + Borewell,3204.69,Kharadi,411014,Society,5.24,1.72,1.92,2.09,52985.09,10991712.99,8689.238557131339,Builder,10,2,1,4,4,0,0,0,0,0,1,0,0,0,0,0,0,0,0,0,0.4809621348443662,0.4366035392735176,0.4761904761904761,0.5263157894736842,0.3,1.0,1.0,0.6000000000000001,0.8,0.6000000000000001,0.5555555555555556,1.0,1.0,1.0,0.0,1.0,1.0,0.2759051544120684,0.232142857143117,0.7000000000000001,0.1263507896924355,0.6209386281588447,0.588,0.1210684092770654,0.0818181818181818,0.5,0.0,0.0,0.0,0.0,0.0,1.0,0.0,0.0,0.0,0.0,0.0,0.0,0.0,0.0,0.0,0.7142857142857143,0.49379410701978166,316.245
3 BHK,1152.2,1446.6,1,12,9,1,Unfurnished,0,3,3,2,4,Vitrified,1,1,0,0,0,Covered,1,Municipal,3626.95,Aundh,411007,Society,2.63,5.0,1.62,1.52,44325.31,9948618.06,8634.454139906265,Broker,15,2,0,3,3,1,0,0,0,0,0,0,0,0,0,0,0,0,0,0,0.4269880163865385,0.4462705681465383,0.0476190476190476,0.4210526315789473,0.45,1.0,0.0,0.4000000000000001,0.6000000000000001,0.4,0.3333333333333333,1.0,1.0,0.0,0.0,0.0,1.0,0.3243536906067712,0.107142857143117,0.3374999999999999,0.399002493765586,0.5126353790613719,0.3600000000000001,0.1193764925497598,0.1272727272727272,0.5,1.0,0.0,0.0,0.0,0.0,0.0,0.0,0.0,0.0,0.0,0.0,0.0,0.0,0.0,0.0,0.08333333333333333,0.5828614544477178,384.06666666666666
1 BHK,384.98,438.96,2,11,11,1,Unfurnished,0,1,0,0,2,Marble,1,1,0,1,0,Open,1,Borewell,1541.65,Nigdi,411044,Society,3.79,8.75,1.65,2.43,7500.0,2800000.0,7273.105096368642,Broker,18,3,0,1,1,0,0,0,0,0,0,0,0,0,1,0,0,0,0,0,0.0598127799686052,0.0552274138466314,0.0952380952380952,0.368421052631579,0.55,1.0,0.0,0.0,0.0,0.0,0.1111111111111111,1.0,1.0,0.0,1.0,0.0,1.0,0.0850941525808776,0.7678571428577925,0.4986111111111111,0.71072319201995,0.5234657039711191,0.7240000000000001,0.0773275128268166,0.1545454545454545,1.0,0.0,0.0,0.0,0.0,0.0,0.0,0.0,0.0,0.0,1.0,0.0,0.0,0.0,0.0,0.0,0.18181818181818182,0.3311792939552548,384.98
3 BHK,928.5,1064.74,11,12,4,1,Semi-Furnished,1,4,1,2,4,Vitrified,1,1,1,0,0,Open,1,Borewell,2887.34,Shivajinagar,411005,Society,0.3,6.9,0.9,1.15,47095.79,9328910.36,10047.291717824448,Owner,8,2,1,3,3,0,0,0,0,0,0,0,0,0,0,0,0,1,0,0,0.3199299360618706,0.2980790127289662,0.5238095238095237,0.4210526315789473,0.2,1.0,1.0,0.6000000000000001,0.2,0.4,0.3333333333333333,1.0,1.0,1.0,0.0,0.0,1.0,0.2394936000110147,0.071428571429351,0.0138888888888888,0.5569409808811304,0.2527075812274368,0.2119999999999999,0.1630123777390952,0.0636363636363636,0.5,0.0,0.0,0.0,0.0,0.0,0.0,0.0,0.0,0.0,0.0,0.0,0.0,1.0,0.0,0.0,0.9166666666666666,0.6755610963501397,309.5
2 BHK,612.82,775.52,0,14,8,1,Unfurnished,1,3,2,0,3,Not Specified,1,1,0,1,1,Covered,0,Borewell,2711.41,Kothrud,411038,Society,1.89,7.47,1.0,0.97,30547.65,8393038.11,13695.764025325541,Owner,6,2,0,2,2,0,0,0,0,0,0,0,1,0,0,0,0,0,0,0,0.1688521765764386,0.1858390251474697,0.0,0.5263157894736842,0.4,1.0,1.0,0.4000000000000001,0.4,0.0,0.2222222222222222,1.0,1.0,0.0,1.0,1.0,0.0,0.2193080485196726,0.6607142857146755,0.2347222222222222,0.6043225270157937,0.2888086642599278,0.14,0.2756968732588206,0.0454545454545454,0.5,0.0,0.0,0.0,0.0,0.0,0.0,0.0,1.0,0.0,0.0,0.0,0.0,0.0,0.0,0.0,0.0,0.607634675684553,306.41
3 BHK,970.82,1212.34,3,13,9,1,Semi-Furnished,1,3,2,2,5,Granite,1,1,1,0,1,Covered,0,Municipal,3529.89,Shivajinagar,411005,Society,0.48,6.04,1.04,1.11,39289.18,15322208.17,15782.748779382377,Broker,27,2,1,3,3,0,0,0,0,0,0,0,0,0,0,0,0,1,0,0,0.3401833914008959,0.3553593604470662,0.1428571428571428,0.4736842105263157,0.45,1.0,1.0,0.4000000000000001,0.4,0.4,0.4444444444444445,1.0,1.0,1.0,0.0,1.0,0.0,0.3132173885107691,0.071428571429351,0.0388888888888888,0.4854530340814629,0.3032490974729242,0.196,0.3401543294907447,0.2363636363636363,0.5,0.0,0.0,0.0,0.0,0.0,0.0,0.0,0.0,0.0,0.0,0.0,0.0,1.0,0.0,0.0,0.23076923076923078,0.695166121842328,323.6066666666667
3 BHK,1080.93,865.89,13,14,14,1,Fully Furnished,1,3,2,1,4,Ceramic,1,1,1,1,0,Covered,1,Corporation + Borewell,3125.8,Wakad,411057,Society,3.76,3.91,2.29,2.09,21396.04,8105149.71,7498.311370764064,Owner,10,3,2,3,3,0,0,0,0,0,0,0,0,0,0,0,0,0,0,1,0.3928797044297255,0.2209096553865259,0.6190476190476191,0.5263157894736842,0.7000000000000001,1.0,1.0,0.4000000000000001,0.4,0.2,0.3333333333333333,1.0,1.0,1.0,1.0,0.0,1.0,0.2668536102913842,1.0,0.4944444444444444,0.3083956774729842,0.7545126353790614,0.588,0.0842845088623327,0.0818181818181818,1.0,0.0,0.0,0.0,0.0,0.0,0.0,0.0,0.0,0.0,0.0,0.0,0.0,0.0,0.0,1.0,0.9285714285714286,0.5007714850519429,360.31
2 BHK,675.71,750.25,6,15,8,1,Unfurnished,0,3,1,1,4,Vitrified,1,1,1,0,1,Covered,1,Tanker,2119.8,Nigdi,411044,Society,4.02,10.91,1.97,2.8,19168.28,4399065.59,6510.286350653386,Broker,50,3,0,2,2,0,0,0,0,0,0,0,0,0,1,0,0,0,0,0,0.1989499980856847,0.1760322881092828,0.2857142857142857,0.5789473684210527,0.4,1.0,0.0,0.4000000000000001,0.2,0.2,0.3333333333333333,1.0,1.0,1.0,0.0,1.0,1.0,0.1514289254719103,0.7678571428577925,0.5305555555555556,0.8902743142144638,0.6389891696750902,0.8719999999999999,0.0537707072940822,0.4454545454545454,1.0,0.0,0.0,0.0,0.0,0.0,0.0,0.0,0.0,0.0,1.0,0.0,0.0,0.0,0.0,0.0,0.4,0.22241739191861853,337.855
2 BHK,681.51,790.91,11,12,11,1,Fully Furnished,1,2,3,2,2,Vitrified,1,1,0,1,1,Covered,1,Corporation + Borewell,3048.28,Koregaon Park,411001,Society,3.09,5.44,1.68,0.98,41782.06,18276464.36,26817.60261771654,Owner,41,1,2,2,2,0,0,0,0,0,0,1,0,0,0,0,0,0,0,0,0.2017257551973659,0.1918115492083204,0.5238095238095237,0.4210526315789473,0.55,1.0,1.0,0.2,0.6000000000000001,0.4,0.1111111111111111,1.0,1.0,0.0,1.0,1.0,1.0,0.2579592548567862,0.0,0.4013888888888888,0.4355777223607647,0.5342960288808665,0.144,0.6809798044813864,0.3636363636363636,0.0,0.0,0.0,0.0,0.0,0.0,0.0,1.0,0.0,0.0,0.0,0.0,0.0,0.0,0.0,0.0,0.9166666666666666,0.6078406729265273,340.755
3 BHK,810.02,850.37,11,13,15,1,Semi-Furnished,1,3,3,2,6,Wooden,0,0,0,1,0,Not Specified,1,Corporation + Borewell,2381.91,Magarpatta,411013,Standalone,4.52,2.37,2.1,2.46,14028.86,5544889.05,6845.373015481099,Not Specified,67,3,1,3,3,0,0,0,0,0,0,0,0,1,0,0,0,0,0,0,0.2632279183735977,0.2148866811549208,0.5238095238095237,0.4736842105263157,0.75,1.0,1.0,0.4000000000000001,0.6000000000000001,0.4,0.5555555555555556,0.0,0.0,0.0,1.0,0.0,1.0,0.1815024484719424,0.214285714286234,0.6,0.1803823773898586,0.6859205776173286,0.736,0.0641180227738539,0.6,1.0,0.0,0.0,0.0,0.0,0.0,0.0,0.0,0.0,1.0,0.0,0.0,0.0,0.0,0.0,0.0,0.8461538461538461,0.4689806260125149,270.00666666666666
2 BHK,649.34,740.83,0,10,8,1,Semi-Furnished,1,3,2,1,3,Marble,0,1,0,0,0,Open,0,Municipal,1816.5,Viman Nagar,411014,Standalone,1.9,4.86,2.16,1.48,24732.12,5870322.7,9040.445221301628,Owner,5,2,1,2,2,0,0,0,0,0,0,0,0,0,0,0,0,0,1,0,0.1863298748037827,0.1723765911207699,0.0,0.3157894736842105,0.4,1.0,1.0,0.4000000000000001,0.4,0.2,0.2222222222222222,0.0,1.0,0.0,0.0,0.0,0.0,0.1166294156252438,0.232142857143117,0.2361111111111111,0.3873649210307564,0.7075812274368232,0.344,0.131916999099374,0.0363636363636363,0.5,0.0,0.0,0.0,0.0,0.0,0.0,0.0,0.0,0.0,0.0,0.0,0.0,0.0,1.0,0.0,0.0,0.6238335952154432,324.67
2 BHK,649.37,713.48,3,11,13,1,Fully Furnished,1,2,3,1,2,Marble,0,0,1,1,0,Covered,0,Tanker,2847.02,Kharadi,411014,Standalone,4.3,0.85,2.0,2.04,28198.6,7303561.78,11247.149976130711,Broker,15,2,2,2,2,0,0,0,0,0,1,0,0,0,0,0,0,0,0,0,0.1863442321681534,0.1617626513505123,0.1428571428571428,0.368421052631579,0.65,1.0,1.0,0.2,0.6000000000000001,0.2,0.1111111111111111,0.0,0.0,1.0,1.0,0.0,0.0,0.2348674337168584,0.232142857143117,0.5694444444444444,0.0540315876974231,0.6498194945848376,0.5680000000000001,0.2000699251455023,0.1272727272727272,0.5,0.0,0.0,0.0,0.0,0.0,1.0,0.0,0.0,0.0,0.0,0.0,0.0,0.0,0.0,0.0,0.2727272727272727,0.5651905128601775,324.685
2 BHK,743.5,851.33,7,11,11,1,Fully Furnished,0,2,3,2,3,Granite,1,1,0,1,1,Covered,1,Not Specified,2165.27,Kalyani Nagar,411006,Society,2.16,4.04,1.42,1.11,45153.6,8927610.83,12007.546509751177,Owner,68,1,2,2,2,0,0,0,0,1,0,0,0,0,0,0,0,0,0,0,0.2313928557754891,0.2152592362620304,0.3333333333333333,0.368421052631579,0.55,1.0,0.0,0.2,0.6000000000000001,0.4,0.2222222222222222,1.0,1.0,0.0,1.0,1.0,1.0,0.1566459835422298,0.089285714286234,0.2722222222222222,0.3192019950124687,0.4404332129963898,0.196,0.2235578556453436,0.6090909090909091,0.0,0.0,0.0,0.0,0.0,1.0,0.0,0.0,0.0,0.0,0.0,0.0,0.0,0.0,0.0,0.0,0.6363636363636364,0.6740012120429129,371.75
1 RK,330.67,371.76,3,12,6,1,Semi-Furnished,1,1,3,0,1,Wooden,1,1,0,0,0,Open,1,Tanker,2468.065,Kharadi,411014,Society,4.21,0.38,2.79,1.94,11350.15,3562697.47,10774.178092962773,Owner,24,2,1,1,1,0,0,0,0,0,1,0,0,0,0,0,0,0,0,0,0.0338211646693977,0.0291485563489599,0.1428571428571428,0.4210526315789473,0.3,1.0,1.0,0.0,0.6000000000000001,0.0,0.0,1.0,1.0,0.0,0.0,0.0,1.0,0.1913875515739521,0.232142857143117,0.5569444444444445,0.0149625935162094,0.9350180505415164,0.528,0.1854582259026953,0.209090909090909,0.5,0.0,0.0,0.0,0.0,0.0,1.0,0.0,0.0,0.0,0.0,0.0,0.0,0.0,0.0,0.0,0.25,0.5927383575789136,330.67
2 BHK,662.73,740.72,19,20,16,1,Unfurnished,0,3,1,1,4,Vitrified,0,0,0,0,0,Covered,0,Corporation + Borewell,1946.82,Pimple Saudagar,411027,Standalone,4.19,4.44,1.14,1.67,10672.64,6895241.87,10404.300197667224,Owner,9,3,0,2,2,0,0,0,0,0,0,0,0,0,0,1,0,0,0,0,0.1927380451012673,0.172333902514747,0.9047619047619048,0.8421052631578947,0.8,1.0,0.0,0.4000000000000001,0.2,0.2,0.3333333333333333,0.0,0.0,0.0,0.0,0.0,0.0,0.131581845968856,0.464285714286234,0.5541666666666667,0.3524522028262676,0.3393501805054151,0.42,0.1740373247084084,0.0727272727272727,1.0,0.0,0.0,0.0,0.0,0.0,0.0,0.0,0.0,0.0,0.0,1.0,0.0,0.0,0.0,0.0,0.95,0.5118285575971593,331.365
1 BHK,483.04,587.65,3,12,4,1,Unfurnished,0,1,0,0,2,Vitrified,1,1,0,1,1,Stilt,1,Borewell,2009.25,Shivajinagar,411005,Society,0.24,7.62,1.11,1.31,17883.66,7955211.33,16469.052935574695,Owner,48,2,0,1,1,0,0,0,0,0,0,0,0,0,0,0,0,1,0,0,0.106742218308511,0.1129307668425954,0.1428571428571428,0.4210526315789473,0.2,1.0,0.0,0.0,0.0,0.0,0.1111111111111111,1.0,1.0,0.0,1.0,1.0,1.0,0.1387448311311619,0.071428571429351,0.0055555555555555,0.6167913549459684,0.3285198555956679,0.276,0.3613505436494749,0.4272727272727272,0.5,0.0,0.0,0.0,0.0,0.0,0.0,0.0,0.0,0.0,0.0,0.0,0.0,1.0,0.0,0.0,0.25,0.6415459062433715,483.04
4 BHK,1550.81,1850.76,7,13,11,1,Fully Furnished,1,5,4,2,7,Ceramic,1,1,0,1,0,Covered,1,Corporation + Borewell,4906.83,Nigdi,411044,Society,4.43,8.98,2.17,2.42,57766.79,14521921.86,9364.088353828,Owner,45,3,2,4,4,0,0,0,0,0,0,0,0,0,1,0,0,0,0,0,0.6177543167808875,0.6031162682396771,0.3333333333333333,0.4736842105263157,0.55,1.0,1.0,0.8,0.8,0.4,0.6666666666666665,1.0,1.0,0.0,1.0,0.0,1.0,0.4712023442914118,0.7678571428577925,0.5875,0.7298420615128844,0.7111913357400722,0.72,0.141910982571837,0.3999999999999999,1.0,0.0,0.0,0.0,0.0,0.0,0.0,0.0,0.0,0.0,1.0,0.0,0.0,0.0,0.0,0.0,0.5384615384615384,0.2971501031190321,387.7025
2 BHK,612.12,681.26,2,9,9,1,Semi-Furnished,1,3,4,1,2,Vitrified,1,1,1,0,1,Bike,1,Tanker,2390.54,Kothrud,411038,Society,1.88,7.41,1.18,1.29,27674.93,6354707.46,10381.473338561067,Broker,28,2,1,2,2,0,0,0,0,0,0,0,1,0,0,0,0,0,0,0,0.1685171714077874,0.1492587705681465,0.0952380952380952,0.2631578947368421,0.45,1.0,1.0,0.4000000000000001,0.8,0.2,0.1111111111111111,1.0,1.0,1.0,0.0,1.0,1.0,0.182492622458018,0.6607142857146755,0.2333333333333333,0.599334995843724,0.3537906137184115,0.268,0.1733356024001868,0.2454545454545454,0.5,0.0,0.0,0.0,0.0,0.0,0.0,0.0,1.0,0.0,0.0,0.0,0.0,0.0,0.0,0.0,0.2222222222222222,0.5755324149232572,306.06
2 BHK,631.59,802.58,9,16,12,1,Fully Furnished,1,2,3,1,3,Vitrified,0,1,1,0,0,Stilt,1,Municipal,910.07,Viman Nagar,411014,Society,2.84,5.11,1.97,1.6,16986.55,11996229.67,18993.697921119714,Broker,35,2,2,2,2,0,0,0,0,0,0,0,0,0,0,0,0,0,1,0,0.1778351008844136,0.1963404222291214,0.4285714285714285,0.631578947368421,0.6000000000000001,1.0,1.0,0.2,0.6000000000000001,0.2,0.2222222222222222,0.0,1.0,1.0,0.0,0.0,1.0,0.0126290209324845,0.232142857143117,0.3666666666666666,0.4081463009143807,0.6389891696750902,0.3920000000000001,0.4393309794338533,0.3090909090909091,0.5,0.0,0.0,0.0,0.0,0.0,0.0,0.0,0.0,0.0,0.0,0.0,0.0,0.0,1.0,0.0,0.5625,0.5618568943180553,315.795
2 BHK,553.51,696.61,5,12,10,1,Fully Furnished,1,2,2,1,2,Vitrified,1,1,0,1,0,Bike,1,Not Specified,2697.41,Kothrud,411038,Society,2.02,6.47,1.16,1.1,32651.12,5541022.61,10010.700095752562,Broker,36,2,2,2,2,0,0,0,0,0,0,0,1,0,0,0,0,0,0,0,0.140467667215437,0.1552157714995343,0.238095238095238,0.4210526315789473,0.5,1.0,1.0,0.2,0.4,0.2,0.1111111111111111,1.0,1.0,0.0,1.0,0.0,1.0,0.2177017407786461,0.6607142857146755,0.2527777777777777,0.5211970074812967,0.3465703971119133,0.192,0.1618810358310776,0.3181818181818182,0.5,0.0,0.0,0.0,0.0,0.0,0.0,0.0,1.0,0.0,0.0,0.0,0.0,0.0,0.0,0.0,0.4166666666666667,0.6151453138779386,276.755
3 BHK,1171.77,1342.04,6,11,15,1,Fully Furnished,1,3,3,1,5,Vitrified,1,1,0,0,0,Covered,0,Borewell,3396.67,Hinjewadi,411057,Society,6.41,1.42,2.15,2.82,36894.27,7049229.11,6015.881196821902,Broker,28,3,2,3,3,0,0,0,1,0,0,0,0,0,0,0,0,0,0,0,0.4363538037444006,0.4056931077305185,0.2857142857142857,0.368421052631579,0.75,1.0,1.0,0.4000000000000001,0.6000000000000001,0.2,0.4444444444444445,1.0,1.0,0.0,0.0,0.0,0.0,0.2979322229922301,1.0,0.8625,0.1014131338320864,0.703971119133574,0.8799999999999999,0.0384995991040686,0.2454545454545454,1.0,0.0,0.0,0.0,1.0,0.0,0.0,0.0,0.0,0.0,0.0,0.0,0.0,0.0,0.0,0.0,0.5454545454545454,0.37127656620706506,390.59
1 BHK,387.79,481.06,3,7,16,1,Semi-Furnished,1,1,1,0,1,Granite,0,1,0,0,0,Covered,1,Corporation + Borewell,2489.82,Kharadi,411014,Society,4.88,1.33,1.71,1.99,15429.54,5938404.48,15313.454395420202,Broker,23,2,1,1,1,0,0,0,0,0,1,0,0,0,0,0,0,0,0,0,0.0611575864313335,0.0715655076063334,0.1428571428571428,0.1578947368421052,0.8,1.0,1.0,0.0,0.2,0.0,0.0,0.0,1.0,0.0,0.0,0.0,1.0,0.19388363906724,0.232142857143117,0.65,0.0939318370739817,0.5451263537906137,0.548,0.3256556717817446,0.1999999999999999,0.5,0.0,0.0,0.0,0.0,0.0,1.0,0.0,0.0,0.0,0.0,0.0,0.0,0.0,0.0,0.0,0.42857142857142855,0.5313236832656294,387.79
2 BHK,784.47,859.23,8,15,0,1,Semi-Furnished,1,2,1,1,3,Wooden,0,1,1,1,0,Bike,1,Municipal,3609.9,Koregaon Park,411001,Standalone,1.79,4.43,1.6,0.98,50957.61,19004784.61,24226.27329279641,Not Specified,28,1,1,2,2,0,0,0,0,0,0,1,0,0,0,0,0,0,0,0,0.2510002297178299,0.2183250543309531,0.3809523809523809,0.5789473684210527,0.0,1.0,1.0,0.2,0.2,0.2,0.2222222222222222,0.0,1.0,1.0,1.0,0.0,1.0,0.3223974372507355,0.0,0.2208333333333333,0.3516209476309226,0.5054151624548737,0.144,0.6009423834097033,0.2454545454545454,0.0,0.0,0.0,0.0,0.0,0.0,0.0,1.0,0.0,0.0,0.0,0.0,0.0,0.0,0.0,0.0,0.5333333333333333,0.6939271682525976,392.235
1 RK,523.83,644.35,7,9,14,1,Semi-Furnished,1,2,2,0,2,Marble,0,0,1,0,0,Covered,0,Corporation + Borewell,2419.62,Kharadi,411014,Standalone,4.81,0.97,2.05,1.89,15752.4,8338729.33,15918.770078078765,Owner,15,2,1,1,1,0,0,0,0,0,1,0,0,0,0,0,0,0,0,0,0.1262634480646273,0.1349348028562558,0.3333333333333333,0.2631578947368421,0.7000000000000001,1.0,1.0,0.2,0.4,0.0,0.1111111111111111,0.0,0.0,1.0,0.0,0.0,0.0,0.1858291531086644,0.232142857143117,0.6402777777777777,0.0640066500415627,0.667870036101083,0.508,0.3443550887839325,0.1272727272727272,0.5,0.0,0.0,0.0,0.0,0.0,1.0,0.0,0.0,0.0,0.0,0.0,0.0,0.0,0.0,0.0,0.7777777777777778,0.5549725349602701,523.83
1 BHK,349.7,430.67,4,20,5,1,Unfurnished,1,1,0,0,2,Vitrified,1,1,0,1,0,Open,0,Corporation + Borewell,800.0,Hadapsar,411028,Society,5.44,2.35,2.14,2.23,10790.29,2846965.63,8141.1656562768085,Broker,10,3,0,1,1,0,0,1,0,0,0,0,0,0,0,0,0,0,0,0,0.042928519468586,0.0520102452654455,0.1904761904761904,0.8421052631578947,0.25,1.0,1.0,0.0,0.0,0.0,0.1111111111111111,1.0,1.0,0.0,1.0,0.0,0.0,0.0,0.482142857143117,0.7277777777777779,0.1787198669991687,0.700361010830325,0.644,0.1041378143079696,0.0818181818181818,1.0,0.0,0.0,1.0,0.0,0.0,0.0,0.0,0.0,0.0,0.0,0.0,0.0,0.0,0.0,0.0,0.2,0.4526569418024855,349.7
3 BHK,911.59,1141.2,4,15,6,1,Unfurnished,0,3,3,2,6,Wooden,1,0,1,0,0,Stilt,0,Tanker,2374.15,Nigdi,411044,Society,4.18,9.96,1.89,2.23,25989.9,5411666.78,5936.513981066049,Owner,34,3,0,3,3,0,0,0,0,0,0,0,0,0,1,0,0,0,0,0,0.311837168344883,0.327751474697299,0.1904761904761904,0.5789473684210527,0.3,1.0,0.0,0.4000000000000001,0.6000000000000001,0.4,0.5555555555555556,1.0,0.0,1.0,0.0,0.0,0.0,0.1806120950383448,0.7678571428577925,0.5527777777777777,0.8113050706566916,0.6101083032490975,0.644,0.0360475861617395,0.3,1.0,0.0,0.0,0.0,0.0,0.0,0.0,0.0,0.0,0.0,1.0,0.0,0.0,0.0,0.0,0.0,0.26666666666666666,0.30200023440007084,303.86333333333334
1 BHK,430.31,523.84,12,12,6,1,Unfurnished,1,2,0,0,1,Granite,1,1,0,0,0,Covered,1,Borewell,1386.59,Magarpatta,411013,Standalone,5.8,2.03,1.81,2.28,7500.0,2802285.7,6512.248611466152,Builder,20,3,0,1,1,0,0,0,0,0,0,0,0,1,0,0,0,0,0,0,0.0815067575328305,0.0881674945669047,0.5714285714285714,0.4210526315789473,0.3,1.0,1.0,0.2,0.0,0.0,0.0,1.0,1.0,0.0,0.0,0.0,1.0,0.0673031469863371,0.214285714286234,0.7777777777777778,0.1521197007481296,0.5812274368231047,0.6639999999999999,0.0538312431974322,0.1727272727272727,1.0,0.0,0.0,0.0,0.0,0.0,0.0,0.0,0.0,1.0,0.0,0.0,0.0,0.0,0.0,0.0,1.0,0.43982056778459067,430.31
3 BHK,855.47,1060.72,15,19,4,1,Unfurnished,0,4,2,1,3,Vitrified,1,1,1,0,0,Open,1,Tanker,2092.91,Hinjewadi,411057,Society,5.47,0.83,2.93,2.7,21232.43,7359084.8,8602.387927104399,Broker,27,3,0,3,3,0,0,0,1,0,0,0,0,0,0,0,0,0,0,0,0.2849793253953061,0.2965189382179448,0.7142857142857142,0.7894736842105263,0.2,1.0,0.0,0.6000000000000001,0.4,0.2,0.2222222222222222,1.0,1.0,1.0,0.0,0.0,1.0,0.1483436672464672,1.0,0.7319444444444444,0.0523690773067331,0.9855595667870036,0.8320000000000001,0.118385062704077,0.2363636363636363,1.0,0.0,0.0,0.0,1.0,0.0,0.0,0.0,0.0,0.0,0.0,0.0,0.0,0.0,0.0,0.0,0.7894736842105263,0.442520097303417,285.1566666666667
3 BHK,1244.42,1463.2,16,17,9,1,Fully Furnished,1,3,3,2,5,Ceramic,1,1,0,0,0,Bike,0,Corporation + Borewell,3637.88,Pune Camp,411001,Society,2.67,7.01,2.2,2.1,48600.38,10962524.45,8809.344473730733,Builder,22,3,2,3,3,0,0,0,0,0,0,0,0,0,0,0,1,0,0,0,0.4711225544622688,0.4527126668736418,0.7619047619047619,0.6842105263157894,0.45,1.0,1.0,0.4000000000000001,0.6000000000000001,0.4,0.4444444444444445,1.0,1.0,0.0,0.0,0.0,0.0,0.3256077580074441,0.0,0.3430555555555555,0.5660847880299251,0.7220216606498195,0.5920000000000001,0.1247774687838584,0.1909090909090909,1.0,0.0,0.0,0.0,0.0,0.0,0.0,0.0,0.0,0.0,0.0,0.0,1.0,0.0,0.0,0.0,0.9411764705882353,0.4643105209744621,414.8066666666667
2 BHK,603.79,690.56,0,7,4,1,Unfurnished,1,2,2,2,4,Vitrified,1,1,1,0,1,Covered,1,Borewell,2053.58,Koregaon Park,411001,Society,2.9,4.47,0.97,1.41,29728.41,14663672.24,24286.04687060071,Builder,32,1,0,2,2,0,0,0,0,0,0,1,0,0,0,0,0,0,0,0,0.1645306099008384,0.1528678981682707,0.0,0.1578947368421052,0.2,1.0,1.0,0.2,0.4,0.4,0.3333333333333333,1.0,1.0,1.0,0.0,1.0,1.0,0.143831089856855,0.0,0.375,0.3549459684123025,0.2779783393501805,0.3159999999999999,0.6027902727451303,0.2818181818181818,0.0,0.0,0.0,0.0,0.0,0.0,0.0,1.0,0.0,0.0,0.0,0.0,0.0,0.0,0.0,0.0,0.0,0.5968967819949014,301.895
1 RK,390.22,466.48,16,16,10,1,Semi-Furnished,1,1,1,0,2,Vitrified,1,1,1,1,0,Covered,0,Municipal,1155.55,Aundh,411007,Society,3.3,5.31,1.01,1.92,10077.03,3141299.82,8050.073855773665,Not Specified,63,2,1,1,1,1,0,0,0,0,0,0,0,0,0,0,0,0,0,0,0.0623205329453654,0.0659073269171065,0.7619047619047619,0.631578947368421,0.5,1.0,1.0,0.0,0.2,0.0,0.1111111111111111,1.0,1.0,1.0,1.0,0.0,0.0,0.0407944798087117,0.107142857143117,0.4305555555555555,0.42477140482128,0.2924187725631769,0.52,0.1013250567987379,0.5636363636363637,0.5,1.0,0.0,0.0,0.0,0.0,0.0,0.0,0.0,0.0,0.0,0.0,0.0,0.0,0.0,0.0,1.0,0.5014970628216744,390.22
3 BHK,1179.8,1400.75,5,14,10,1,Unfurnished,1,3,3,2,5,Vitrified,0,1,0,1,0,Covered,0,Not Specified,4031.41,Nigdi,411044,Standalone,3.08,11.43,1.57,2.93,34354.9,14312137.69,12130.986345143245,Owner,13,3,0,3,3,0,0,0,0,0,0,0,0,0,1,0,0,0,0,0,0.4401967916076419,0.4284771809996896,0.238095238095238,0.5263157894736842,0.5,1.0,1.0,0.4000000000000001,0.6000000000000001,0.4,0.4444444444444445,0.0,1.0,0.0,1.0,0.0,0.0,0.3707599212450261,0.7678571428577925,0.4,0.9334995843724022,0.4945848375451264,0.9240000000000002,0.2273679112766033,0.109090909090909,1.0,0.0,0.0,0.0,0.0,0.0,0.0,0.0,0.0,0.0,1.0,0.0,0.0,0.0,0.0,0.0,0.35714285714285715,0.23669804624424418,393.26666666666665
3 BHK,858.32,1074.85,9,11,5,1,Semi-Furnished,1,3,3,3,4,Wooden,1,1,0,1,1,Covered,1,Municipal,5309.46,Baner,411045,Society,4.24,3.04,1.94,2.4,61408.42,11988742.0,13967.68338148942,Builder,52,1,1,3,3,0,1,0,0,0,0,0,0,0,0,0,0,0,0,0,0.2863432750105287,0.3020024837007141,0.4285714285714285,0.368421052631579,0.25,1.0,1.0,0.4000000000000001,0.6000000000000001,0.6000000000000001,0.3333333333333333,1.0,1.0,0.0,1.0,1.0,1.0,0.5173986075606611,0.7857142857146755,0.5611111111111111,0.2360764754779717,0.628158844765343,0.712,0.2840965387052977,0.4636363636363636,0.0,0.0,1.0,0.0,0.0,0.0,0.0,0.0,0.0,0.0,0.0,0.0,0.0,0.0,0.0,0.0,0.8181818181818182,0.4697423884668366,286.1066666666667
1 BHK,320.9,804.04,7,12,11,1,Unfurnished,1,1,0,0,2,Wooden,1,1,0,0,1,Open,1,Tanker,1540.36,Viman Nagar,411014,Society,2.16,6.08,1.5,1.13,11095.97,4474728.57,13944.308413836088,Owner,59,2,0,1,1,0,0,0,0,0,0,0,0,0,0,0,0,0,1,0,0.029145449672652,0.1969070164545172,0.3333333333333333,0.4210526315789473,0.55,1.0,1.0,0.0,0.0,0.0,0.1111111111111111,1.0,1.0,0.0,0.0,1.0,1.0,0.0849461427961687,0.232142857143117,0.2722222222222222,0.4887780548628428,0.4693140794223827,0.2039999999999999,0.2833691812951471,0.5272727272727273,0.5,0.0,0.0,0.0,0.0,0.0,0.0,0.0,0.0,0.0,0.0,0.0,0.0,0.0,1.0,0.0,0.5833333333333334,0.6162634787123749,320.9
2 BHK,888.1,1040.02,2,8,8,1,Fully Furnished,1,2,1,1,3,Not Specified,0,0,0,1,1,Covered,1,Municipal,4983.82,Kalyani Nagar,411006,Standalone,1.49,5.11,1.6,1.29,42737.18,13008610.21,14647.686307848217,Broker,12,1,2,2,2,0,0,0,0,1,0,0,0,0,0,0,0,0,0,0,0.3005953520425743,0.2884857187208942,0.0952380952380952,0.2105263157894736,0.4,1.0,1.0,0.2,0.2,0.2,0.2222222222222222,0.0,0.0,0.0,1.0,1.0,1.0,0.4800358895043852,0.089285714286234,0.1791666666666666,0.4081463009143807,0.5054151624548737,0.268,0.3050978643180384,0.0999999999999999,0.0,0.0,0.0,0.0,0.0,1.0,0.0,0.0,0.0,0.0,0.0,0.0,0.0,0.0,0.0,0.0,0.25,0.6557873632485243,444.05
3 BHK,847.82,989.59,0,15,9,1,Semi-Furnished,1,4,4,2,4,Vitrified,0,0,0,0,1,Open,1,Municipal,3645.7,Kharadi,411014,Standalone,4.34,1.96,2.06,2.3,29513.07,6649542.86,7843.106862305678,Owner,35,2,1,3,3,0,0,0,0,0,1,0,0,0,0,0,0,0,0,0,0.2813181974807611,0.2689149332505434,0.0,0.5789473684210527,0.45,1.0,1.0,0.6000000000000001,0.8,0.4,0.3333333333333333,0.0,0.0,0.0,0.0,1.0,1.0,0.3265049956170746,0.232142857143117,0.575,0.1463009143807148,0.6714801444043321,0.6719999999999999,0.0949345038588549,0.3090909090909091,0.5,0.0,0.0,0.0,0.0,0.0,1.0,0.0,0.0,0.0,0.0,0.0,0.0,0.0,0.0,0.0,0.0,0.5053574582192735,282.6066666666667
2 BHK,697.21,775.18,13,13,15,1,Semi-Furnished,0,2,2,1,4,Granite,1,1,0,0,1,Covered,0,Municipal,1795.14,Hadapsar,411028,Society,5.11,1.57,2.4,1.99,17700.91,7422980.7,10646.692818519528,Broker,6,3,1,2,2,0,0,1,0,0,0,0,0,0,0,0,0,0,0,0,0.2092394425513993,0.1857070785470351,0.6190476190476191,0.4736842105263157,0.75,1.0,0.0,0.2,0.4,0.2,0.3333333333333333,1.0,1.0,0.0,0.0,1.0,0.0,0.1141786489575062,0.482142857143117,0.6819444444444445,0.113881961762261,0.7942238267148014,0.548,0.1815258630381363,0.0454545454545454,1.0,0.0,0.0,1.0,0.0,0.0,0.0,0.0,0.0,0.0,0.0,0.0,0.0,0.0,0.0,0.0,1.0,0.5144220310001177,348.605
1 BHK,531.31,672.82,11,12,12,1,Semi-Furnished,1,2,1,1,1,Marble,0,0,1,1,1,Bike,1,Borewell,2512.55,Kalyani Nagar,411006,Standalone,0.91,5.06,1.33,1.12,36080.03,11781535.0,22174.50264440722,Broker,21,1,1,1,1,0,0,0,0,1,0,0,0,0,0,0,0,0,0,0,0.1298432175810712,0.1459833902514747,0.5238095238095237,0.4210526315789473,0.6000000000000001,1.0,1.0,0.2,0.2,0.2,0.0,0.0,0.0,1.0,1.0,1.0,1.0,0.1964915944210638,0.089285714286234,0.0986111111111111,0.4039900249376558,0.407942238267148,0.2,0.5375659254518882,0.1818181818181818,0.0,0.0,0.0,0.0,0.0,1.0,0.0,0.0,0.0,0.0,0.0,0.0,0.0,0.0,0.0,0.0,0.9166666666666666,0.7014386516839501,531.31
2 BHK,619.28,719.15,7,9,11,1,Fully Furnished,1,3,2,2,4,Wooden,0,1,1,1,1,Covered,1,Corporation + Borewell,2819.74,Koregaon Park,411001,Standalone,3.23,5.5,1.4,0.71,38793.21,16755161.74,27055.87414416742,Owner,7,1,2,2,2,0,0,0,0,0,0,1,0,0,0,0,0,0,0,0,0.1719437957042765,0.1639630549518783,0.3333333333333333,0.2631578947368421,0.55,1.0,1.0,0.4000000000000001,0.4,0.4,0.3333333333333333,0.0,1.0,1.0,1.0,1.0,1.0,0.2317374283472011,0.0,0.4208333333333333,0.4405652535328345,0.4332129963898916,0.0359999999999999,0.6883321370285768,0.0545454545454545,0.0,0.0,0.0,0.0,0.0,0.0,0.0,1.0,0.0,0.0,0.0,0.0,0.0,0.0,0.0,0.0,0.7777777777777778,0.6287451974900871,309.64
4 BHK,1383.03,1710.29,14,17,6,1,Semi-Furnished,1,5,2,4,6,Granite,0,1,0,0,1,Covered,1,Municipal,5807.94,Kothrud,411038,Standalone,1.9,6.85,1.22,1.9,67522.1,13340082.29,9645.548028603862,Builder,33,2,1,4,4,0,0,0,0,0,0,0,1,0,0,0,0,0,0,0,0.5374583636433249,0.5486029183483392,0.6666666666666666,0.6842105263157894,0.3,1.0,1.0,0.8,0.4,0.8,0.5555555555555556,0.0,1.0,0.0,0.0,1.0,1.0,0.5745923420425809,0.6607142857146755,0.2361111111111111,0.5527847049044056,0.3682310469314079,0.512,0.1506043706922219,0.2909090909090909,0.5,0.0,0.0,0.0,0.0,0.0,0.0,0.0,1.0,0.0,0.0,0.0,0.0,0.0,0.0,0.0,0.8235294117647058,0.5247235882967691,345.7575
1 BHK,443.7,493.94,5,11,8,1,Unfurnished,0,2,1,0,1,Wooden,1,1,1,1,1,Covered,1,Borewell,1825.78,Shivajinagar,411005,Society,1.52,7.36,1.23,1.23,22538.4,2846548.19,6415.479355420329,Not Specified,35,2,0,1,1,0,0,0,0,0,0,0,0,0,0,0,0,1,0,0,0.087914927830315,0.0765639552933871,0.238095238095238,0.368421052631579,0.4,1.0,0.0,0.2,0.2,0.0,0.0,1.0,1.0,1.0,1.0,1.0,1.0,0.1176941681850099,0.071428571429351,0.1833333333333333,0.5951787198669991,0.371841155234657,0.244,0.0508427462544954,0.3090909090909091,0.5,0.0,0.0,0.0,0.0,0.0,0.0,0.0,0.0,0.0,0.0,0.0,0.0,1.0,0.0,0.0,0.45454545454545453,0.5995216566966362,443.7
3 BHK,951.86,1182.21,4,9,8,1,Semi-Furnished,1,3,3,2,4,Granite,1,1,0,0,0,Not Specified,1,Tanker,3604.97,Wakad,411057,Standalone,4.8,1.37,2.25,2.09,15670.88,6473815.77,6801.226829575778,Broker,17,3,1,3,3,0,0,0,0,0,0,0,0,0,0,0,0,0,0,1,0.3311095371185727,0.343666563179137,0.1904761904761904,0.2631578947368421,0.4,1.0,1.0,0.4000000000000001,0.6000000000000001,0.4,0.3333333333333333,1.0,1.0,0.0,0.0,0.0,1.0,0.3218317874533597,1.0,0.6388888888888888,0.0972568578553615,0.740072202166065,0.588,0.062755347235177,0.1454545454545454,1.0,0.0,0.0,0.0,0.0,0.0,0.0,0.0,0.0,0.0,0.0,0.0,0.0,0.0,0.0,1.0,0.4444444444444444,0.5231533108679469,317.2866666666667
2 BHK,612.37,737.61,0,13,4,1,Semi-Furnished,1,4,1,0,2,Vitrified,1,1,0,0,0,Covered,1,Municipal,1898.01,Wakad,411057,Society,5.35,2.02,2.75,2.07,21217.08,4016471.15,6558.896010581838,Broker,18,3,1,2,2,0,0,0,0,0,0,0,0,0,0,0,0,0,0,1,0.1686368161108771,0.1711269791990065,0.0,0.4736842105263157,0.2,1.0,1.0,0.6000000000000001,0.2,0.0,0.1111111111111111,1.0,1.0,0.0,0.0,0.0,1.0,0.1259815687660344,1.0,0.7152777777777778,0.1512884455527846,0.92057761732852,0.58,0.0552702063285963,0.1545454545454545,1.0,0.0,0.0,0.0,0.0,0.0,0.0,0.0,0.0,0.0,0.0,0.0,0.0,0.0,0.0,1.0,0.0,0.4827992893201397,306.185
2 BHK,611.7,749.26,9,13,12,1,Unfurnished,0,3,2,0,2,Marble,0,0,0,0,0,Covered,0,Municipal,1372.51,Magarpatta,411013,Standalone,4.49,1.06,1.98,2.55,12953.66,4415679.46,7218.701095308157,Broker,31,3,0,2,2,0,0,0,0,0,0,0,0,1,0,0,0,0,0,0,0.1683161683065967,0.175648090655076,0.4285714285714285,0.4736842105263157,0.6000000000000001,1.0,0.0,0.4000000000000001,0.4,0.0,0.1111111111111111,0.0,0.0,0.0,0.0,0.0,0.0,0.0656876603439334,0.214285714286234,0.5958333333333333,0.0714879467996675,0.6425992779783394,0.772,0.0756494946487497,0.2727272727272727,1.0,0.0,0.0,0.0,0.0,0.0,0.0,0.0,0.0,1.0,0.0,0.0,0.0,0.0,0.0,0.0,0.6923076923076923,0.49642114439743223,305.85
1 BHK,449.66,524.46,8,10,13,1,Fully Furnished,1,1,0,0,2,Vitrified,0,0,0,0,0,Covered,1,Corporation + Borewell,800.0,Viman Nagar,411014,Standalone,1.71,5.91,1.78,1.33,18080.67,4201256.36,9343.184539429792,Broker,8,2,2,1,1,0,0,0,0,0,0,0,0,0,0,0,0,0,1,0,0.0907672575519736,0.0884081030735796,0.3809523809523809,0.3157894736842105,0.65,1.0,1.0,0.0,0.0,0.0,0.1111111111111111,0.0,0.0,0.0,0.0,0.0,1.0,0.0,0.232142857143117,0.2097222222222222,0.4746467165419783,0.5703971119133574,0.284,0.1412676341704172,0.0636363636363636,0.5,0.0,0.0,0.0,0.0,0.0,0.0,0.0,0.0,0.0,0.0,0.0,0.0,0.0,1.0,0.0,0.8,0.619799642714606,449.66
3 BHK,1019.2,752.35,9,15,6,1,Fully Furnished,1,3,3,1,4,Wooden,1,1,0,1,0,Covered,0,Municipal,3722.81,Kharadi,411014,Society,3.97,1.75,2.3,1.6,51045.41,20023330.57,19646.12497056515,Builder,30,2,2,3,3,0,0,0,0,0,1,0,0,0,0,0,0,0,0,0,0.3633370343428156,0.1768472524060851,0.4285714285714285,0.5789473684210527,0.3,1.0,1.0,0.4000000000000001,0.6000000000000001,0.2,0.3333333333333333,1.0,1.0,0.0,1.0,0.0,0.0,0.335352309182114,0.232142857143117,0.5236111111111111,0.1288445552784704,0.7581227436823105,0.3920000000000001,0.4594780075533983,0.2636363636363636,0.5,0.0,0.0,0.0,0.0,0.0,1.0,0.0,0.0,0.0,0.0,0.0,0.0,0.0,0.0,0.0,0.6,0.6025340800892722,339.73333333333335
2 BHK,404.03,471.59,0,17,14,1,Semi-Furnished,0,3,2,1,4,Vitrified,1,1,0,0,0,Open,1,Municipal,800.0,Nigdi,411044,Society,3.45,10.03,1.57,2.41,9211.53,4573153.5,11318.8463727941,Builder,12,3,1,2,2,0,0,0,0,0,0,0,0,0,1,0,0,0,0,0,0.0689297063440407,0.0678904067059919,0.0,0.6842105263157894,0.7000000000000001,1.0,0.0,0.4000000000000001,0.4,0.2,0.3333333333333333,1.0,1.0,0.0,0.0,0.0,1.0,0.0,0.7678571428577925,0.4513888888888889,0.8171238570241063,0.4945848375451264,0.7160000000000001,0.2022844273241772,0.0999999999999999,1.0,0.0,0.0,0.0,0.0,0.0,0.0,0.0,0.0,0.0,1.0,0.0,0.0,0.0,0.0,0.0,0.0,0.3137444712465154,202.015
2 BHK,501.49,609.38,6,15,11,1,Fully Furnished,1,3,2,2,3,Wooden,1,1,0,1,0,Not Specified,1,Not Specified,3024.42,Koregaon Park,411001,Society,3.06,4.33,2.12,1.24,25879.53,7126134.85,14209.924126104208,Broker,27,1,2,2,2,0,0,0,0,0,0,1,0,0,0,0,0,0,0,0,0.1155719973965312,0.1213637069233157,0.2857142857142857,0.5789473684210527,0.55,1.0,1.0,0.4000000000000001,0.4,0.4,0.2222222222222222,1.0,1.0,0.0,1.0,0.0,1.0,0.2552216475210082,0.0,0.3972222222222222,0.3433083956774729,0.6931407942238268,0.248,0.2915770467621322,0.2363636363636363,0.0,0.0,0.0,0.0,0.0,0.0,0.0,1.0,0.0,0.0,0.0,0.0,0.0,0.0,0.0,0.0,0.4,0.6116677215614257,250.745
1 BHK,504.5,589.15,13,14,4,1,Semi-Furnished,1,1,1,0,1,Marble,1,1,0,0,0,Open,0,Corporation + Borewell,1189.52,Hinjewadi,411057,Society,6.06,1.28,2.27,2.93,20430.31,4173993.69,8273.525649157582,Owner,3,3,1,1,1,0,0,0,1,0,0,0,0,0,0,0,0,0,0,0,0.1170125196217313,0.1135128841974542,0.6190476190476191,0.5263157894736842,0.2,1.0,1.0,0.0,0.2,0.0,0.0,1.0,1.0,0.0,0.0,0.0,0.0,0.0446920708060452,1.0,0.8138888888888889,0.0897755610972568,0.7472924187725632,0.9240000000000002,0.1082283117771982,0.0181818181818181,1.0,0.0,0.0,0.0,1.0,0.0,0.0,0.0,0.0,0.0,0.0,0.0,0.0,0.0,0.0,0.0,0.9285714285714286,0.3791059488320322,504.5
1 BHK,473.99,571.03,13,13,9,1,Fully Furnished,1,1,0,1,1,Wooden,1,1,0,1,1,Covered,1,Corporation + Borewell,1917.49,Koregaon Park,411001,Society,1.78,4.97,1.18,1.12,24905.42,15305827.71,32291.457013861054,Owner,28,1,2,1,1,0,0,0,0,0,0,1,0,0,0,0,0,0,0,0,0.1024110800566637,0.1064809065507606,0.6190476190476191,0.4736842105263157,0.45,1.0,1.0,0.0,0.0,0.2,0.0,1.0,1.0,0.0,1.0,1.0,1.0,0.1282166312514055,0.0,0.2194444444444444,0.3965087281795511,0.3537906137184115,0.2,0.8500306385796548,0.2454545454545454,0.0,0.0,0.0,0.0,0.0,0.0,0.0,1.0,0.0,0.0,0.0,0.0,0.0,0.0,0.0,0.0,1.0,0.6647024469591927,473.99
1 BHK,387.91,448.84,0,14,11,1,Semi-Furnished,1,1,2,0,1,Marble,1,1,0,0,0,Covered,1,Corporation + Borewell,800.0,Pune Camp,411001,Society,1.57,7.55,1.55,1.91,10192.82,4486294.66,11565.297775257148,Builder,18,3,1,1,1,0,0,0,0,0,0,0,0,0,0,0,1,0,0,0,0.0612150158888165,0.0590616268239677,0.0,0.5263157894736842,0.55,1.0,1.0,0.0,0.4,0.0,0.0,1.0,1.0,0.0,0.0,0.0,1.0,0.0,0.0,0.1902777777777778,0.6109725685785535,0.4873646209386282,0.516,0.2098921843207068,0.1545454545454545,1.0,0.0,0.0,0.0,0.0,0.0,0.0,0.0,0.0,0.0,0.0,0.0,1.0,0.0,0.0,0.0,0.0,0.5194413090365666,387.91
2 BHK,512.14,644.46,7,13,16,1,Semi-Furnished,1,3,0,1,3,Wooden,1,0,1,0,0,Bike,0,Tanker,957.46,Aundh,411007,Society,3.53,2.51,1.49,1.49,22687.54,3671511.24,7168.960128089976,Broker,48,2,1,2,2,1,0,0,0,0,0,0,0,0,0,0,0,0,0,0,0.1206688617481526,0.1349774914622788,0.3333333333333333,0.4736842105263157,0.8,1.0,1.0,0.4000000000000001,0.0,0.2,0.2222222222222222,1.0,0.0,1.0,0.0,0.0,0.0,0.0180663726358592,0.107142857143117,0.4624999999999999,0.1920199501246882,0.4657039711191335,0.348,0.0741147859561646,0.4272727272727272,0.5,1.0,0.0,0.0,0.0,0.0,0.0,0.0,0.0,0.0,0.0,0.0,0.0,0.0,0.0,0.0,0.5384615384615384,0.6133919456282497,256.07
1 RK,436.01,538.96,5,10,15,1,Fully Furnished,1,2,0,0,2,Ceramic,1,0,0,1,0,Covered,1,Corporation + Borewell,800.0,Viman Nagar,411014,Society,2.6,4.88,1.89,1.74,21473.78,6531572.85,14980.328088805301,Owner,47,2,2,1,1,0,0,0,0,0,0,0,0,0,0,0,0,0,1,0,0.0842346567632757,0.0940352375038808,0.238095238095238,0.3157894736842105,0.75,1.0,1.0,0.2,0.0,0.0,0.1111111111111111,1.0,0.0,0.0,1.0,0.0,1.0,0.0,0.232142857143117,0.3333333333333333,0.3890274314214463,0.6101083032490975,0.448,0.3153722896284702,0.4181818181818181,0.5,0.0,0.0,0.0,0.0,0.0,0.0,0.0,0.0,0.0,0.0,0.0,0.0,0.0,1.0,0.0,0.5,0.5639791782473711,436.01
1 BHK,330.03,405.23,1,15,10,1,Fully Furnished,1,1,2,0,1,Vitrified,0,0,1,0,1,Covered,1,Borewell,1786.07,Aundh,411007,Society,2.51,4.2,1.51,1.47,12059.56,3424518.22,10376.38463170015,Broker,30,2,2,1,1,1,0,0,0,0,0,0,0,0,0,0,0,0,0,0,0.0335148742294881,0.0421375349270413,0.0476190476190476,0.5789473684210527,0.5,1.0,1.0,0.0,0.4,0.0,0.0,0.0,0.0,1.0,0.0,1.0,1.0,0.1131379910138555,0.107142857143117,0.3208333333333333,0.3325020781379883,0.4729241877256318,0.3399999999999999,0.1731802475053648,0.2636363636363636,0.5,1.0,0.0,0.0,0.0,0.0,0.0,0.0,0.0,0.0,0.0,0.0,0.0,0.0,0.0,0.0,0.06666666666666667,0.6154130465455077,330.03
2 BHK,599.2,701.98,0,13,10,1,Semi-Furnished,1,3,2,1,4,Ceramic,1,1,0,1,0,Stilt,0,Corporation + Borewell,1119.97,Kothrud,411038,Standalone,1.59,7.34,1.4,1.49,18779.59,4484342.87,7483.883294392523,Owner,40,2,1,2,2,0,0,0,0,0,0,0,1,0,0,0,0,0,0,0,0.1623339331521115,0.1572997516299286,0.0,0.4736842105263157,0.5,1.0,1.0,0.4000000000000001,0.4,0.2,0.3333333333333333,1.0,1.0,0.0,1.0,0.0,0.0,0.0367121634211601,0.6607142857146755,0.1930555555555555,0.5935162094763091,0.4332129963898916,0.348,0.0838406818566485,0.3545454545454545,0.5,0.0,0.0,0.0,0.0,0.0,0.0,0.0,1.0,0.0,0.0,0.0,0.0,0.0,0.0,0.0,0.0,0.569135833424468,299.6
4 BHK,1415.42,1705.68,5,14,10,1,Unfurnished,0,4,4,2,6,Vitrified,1,1,0,0,0,Covered,0,Corporation + Borewell,3854.03,Wakad,411057,Society,5.28,2.29,2.42,2.02,38695.27,7466740.22,5275.2824038094695,Owner,32,3,0,4,4,0,0,0,0,0,0,0,0,0,0,0,0,0,0,1,0.552959531375627,0.54681387767774,0.238095238095238,0.5263157894736842,0.5,1.0,0.0,0.6000000000000001,0.8,0.4,0.5555555555555556,1.0,1.0,0.0,0.0,0.0,0.0,0.3504080021662207,1.0,0.7055555555555556,0.1737323358270989,0.8014440433212996,0.56,0.0156256756239213,0.2818181818181818,1.0,0.0,0.0,0.0,0.0,0.0,0.0,0.0,0.0,0.0,0.0,0.0,0.0,0.0,0.0,1.0,0.35714285714285715,0.483935369421878,353.855
3 BHK,1177.17,1370.51,9,15,11,1,Fully Furnished,1,3,3,1,5,Marble,1,0,0,1,0,Stilt,1,Borewell,3836.38,Kharadi,411014,Society,4.32,1.48,2.46,1.77,40473.86,12647780.0,10744.225557905824,Builder,76,2,2,3,3,0,0,0,0,0,1,0,0,0,0,0,0,0,0,0,0.4389381293311383,0.4167416951257374,0.4285714285714285,0.5789473684210527,0.55,1.0,1.0,0.4000000000000001,0.6000000000000001,0.2,0.4444444444444445,1.0,0.0,0.0,1.0,0.0,1.0,0.3483829070498552,0.232142857143117,0.5722222222222223,0.1064006650041562,0.8158844765342961,0.4600000000000001,0.1845378330864539,0.6818181818181819,0.5,0.0,0.0,0.0,0.0,0.0,1.0,0.0,0.0,0.0,0.0,0.0,0.0,0.0,0.0,0.0,0.6,0.5759648745544086,392.39000000000004
2 BHK,447.15,548.14,1,16,9,1,Semi-Furnished,1,3,2,1,3,Marble,0,0,0,1,0,Bike,1,Corporation + Borewell,1456.91,Kothrud,411038,Society,2.06,8.21,1.43,1.68,24916.88,3738942.28,8361.718170636252,Owner,6,2,1,2,2,0,0,0,0,0,0,0,1,0,0,0,0,0,0,0,0.089566024732953,0.0975977957156162,0.0476190476190476,0.631578947368421,0.45,1.0,1.0,0.4000000000000001,0.4,0.2,0.2222222222222222,0.0,0.0,0.0,1.0,0.0,1.0,0.0753714012969787,0.6607142857146755,0.2583333333333333,0.6658354114713216,0.4440433212996389,0.424,0.110953662854552,0.0454545454545454,0.5,0.0,0.0,0.0,0.0,0.0,0.0,0.0,1.0,0.0,0.0,0.0,0.0,0.0,0.0,0.0,0.0625,0.503953333797978,223.575
3 BHK,820.39,962.365,7,7,12,1,Semi-Furnished,1,3,2,2,5,Vitrified,1,1,0,0,0,Not Specified,0,Tanker,1861.15,Hadapsar,411028,Society,5.43,3.57,2.35,2.23,17497.89,5972338.27,7279.876973146917,Owner,16,3,1,3,3,0,0,1,0,0,0,0,0,0,0,0,0,0,0,0,0.2681907806577587,0.2583495032598572,0.3333333333333333,0.1578947368421052,0.6000000000000001,1.0,1.0,0.4000000000000001,0.4,0.4,0.4444444444444445,1.0,1.0,0.0,0.0,0.0,0.0,0.1217523899564461,0.482142857143117,0.7263888888888889,0.2801330008312551,0.776173285198556,0.644,0.0775387707752425,0.1363636363636363,1.0,0.0,0.0,1.0,0.0,0.0,0.0,0.0,0.0,0.0,0.0,0.0,0.0,0.0,0.0,0.0,1.0,0.4198558250684171,273.4633333333333
2 BHK,606.91,724.53,2,13,7,1,Semi-Furnished,1,2,2,1,3,Marble,1,1,1,0,0,Open,1,Municipal,2038.28,Aundh,411007,Society,3.38,3.08,1.59,1.41,28666.61,8119444.29,13378.33334431794,Builder,15,2,1,2,2,1,0,0,0,0,0,0,0,0,0,0,0,0,0,0,0.1660237757953979,0.1660509158646383,0.0952380952380952,0.4736842105263157,0.35,1.0,1.0,0.2,0.4,0.2,0.2222222222222222,1.0,1.0,1.0,0.0,0.0,1.0,0.1420756249684475,0.107142857143117,0.4416666666666666,0.2394014962593516,0.5018050541516246,0.3159999999999999,0.2658909834860526,0.1272727272727272,0.5,1.0,0.0,0.0,0.0,0.0,0.0,0.0,0.0,0.0,0.0,0.0,0.0,0.0,0.0,0.0,0.15384615384615385,0.6131601426572808,303.455
1 BHK,561.23,651.05,10,14,8,1,Fully Furnished,1,1,2,0,1,Wooden,1,1,0,1,0,Bike,0,Corporation + Borewell,3565.51,Viman Nagar,411014,Society,2.31,6.14,1.65,2.05,16352.94,5670134.4,10103.049373697058,Broker,15,2,2,1,1,0,0,0,0,0,0,0,0,0,0,0,0,0,1,0,0.1441622956468471,0.1375349270412915,0.4761904761904761,0.5263157894736842,0.4,1.0,1.0,0.0,0.4,0.0,0.0,1.0,1.0,0.0,1.0,0.0,0.0,0.3173042943490094,0.232142857143117,0.2930555555555555,0.4937655860349126,0.5234657039711191,0.572,0.1647357978446747,0.1272727272727272,0.5,0.0,0.0,0.0,0.0,0.0,0.0,0.0,0.0,0.0,0.0,0.0,0.0,0.0,1.0,0.0,0.7142857142857143,0.5095808006887321,561.23
1 BHK,519.15,581.51,5,13,3,1,Unfurnished,0,1,2,0,1,Vitrified,1,1,0,0,0,Covered,0,Borewell,1751.1,Kothrud,411038,Society,1.62,7.3,0.88,1.66,16102.48,4186206.17,8063.577328325147,Broker,28,2,0,1,1,0,0,0,0,0,0,0,1,0,0,0,0,0,0,0,0.124023699222788,0.1105479664700403,0.238095238095238,0.4736842105263157,0.15,1.0,0.0,0.0,0.4,0.0,0.0,1.0,1.0,0.0,0.0,0.0,0.0,0.1091256637493058,0.6607142857146755,0.1972222222222222,0.5901911886949293,0.2454873646209386,0.416,0.1017426309891937,0.2454545454545454,0.5,0.0,0.0,0.0,0.0,0.0,0.0,0.0,1.0,0.0,0.0,0.0,0.0,0.0,0.0,0.0,0.38461538461538464,0.5507123042282487,519.15
2 BHK,696.97,801.76,12,14,7,1,Fully Furnished,0,2,3,1,3,Vitrified,0,0,0,0,0,Not Specified,1,Corporation + Borewell,1965.66,Shivajinagar,411005,Standalone,0.3,8.18,1.4,1.25,29031.85,12414872.89,17812.6359671148,Owner,30,2,2,2,2,0,0,0,0,0,0,0,0,0,0,0,0,1,0,0,0.2091245836364332,0.196022198075132,0.5714285714285714,0.5263157894736842,0.35,1.0,0.0,0.2,0.6000000000000001,0.2,0.2222222222222222,0.0,0.0,0.0,0.0,0.0,1.0,0.1337434772432087,0.071428571429351,0.0138888888888888,0.6633416458852867,0.4332129963898916,0.252,0.4028466699693738,0.2636363636363636,0.5,0.0,0.0,0.0,0.0,0.0,0.0,0.0,0.0,0.0,0.0,0.0,0.0,1.0,0.0,0.0,0.8571428571428571,0.6299904455055723,348.485
2 BHK,505.04,624.05,10,14,11,1,Fully Furnished,1,3,2,1,3,Wooden,0,0,0,1,0,Covered,1,Borewell,1350.04,Kharadi,411014,Society,4.21,0.99,1.98,2.32,23196.88,9350333.21,18514.044847932837,Owner,21,2,2,2,2,0,0,0,0,0,1,0,0,0,0,0,0,0,0,0,0.117270952180405,0.1270568146538342,0.4761904761904761,0.5263157894736842,0.55,1.0,1.0,0.4000000000000001,0.4,0.2,0.2222222222222222,0.0,0.0,0.0,1.0,0.0,1.0,0.0631095364195859,0.232142857143117,0.5569444444444445,0.0656691604322527,0.6425992779783394,0.6799999999999999,0.4245086399559199,0.1818181818181818,0.5,0.0,0.0,0.0,0.0,0.0,1.0,0.0,0.0,0.0,0.0,0.0,0.0,0.0,0.0,0.0,0.7142857142857143,0.5355142833883635,252.52
2 BHK,567.06,678.56,7,10,9,1,Semi-Furnished,1,2,0,2,2,Vitrified,1,0,1,1,1,Open,1,Municipal,2285.33,Baner,411045,Society,3.73,3.62,1.51,2.49,30217.93,16988250.35,29958.47062039291,Broker,21,1,1,2,2,0,1,0,0,0,0,0,0,0,0,0,0,0,0,0,0.146952410122899,0.1482109593294008,0.3333333333333333,0.3157894736842105,0.45,1.0,1.0,0.2,0.0,0.4,0.1111111111111111,1.0,0.0,1.0,1.0,1.0,1.0,0.170421219784204,0.7857142857146755,0.4902777777777778,0.28428927680798,0.4729241877256318,0.7480000000000001,0.7779768530472415,0.1818181818181818,0.0,0.0,1.0,0.0,0.0,0.0,0.0,0.0,0.0,0.0,0.0,0.0,0.0,0.0,0.0,0.0,0.7,0.4672918547203093,283.53
2 BHK,851.36,932.19,6,11,9,1,Semi-Furnished,1,1,2,1,2,Ceramic,1,1,0,1,0,Bike,0,Municipal,2383.53,Kharadi,411014,Society,4.27,1.64,1.95,2.45,43124.08,8650542.34,10160.851273256907,Broker,34,2,1,2,2,0,0,0,0,0,1,0,0,0,0,0,0,0,0,0,0.2830123664765113,0.2466392424712822,0.2857142857142857,0.368421052631579,0.45,1.0,1.0,0.0,0.4,0.2,0.1111111111111111,1.0,1.0,0.0,1.0,0.0,0.0,0.1816883212248326,0.232142857143117,0.5652777777777778,0.1197007481296758,0.631768953068592,0.7320000000000001,0.1665194449969547,0.3,0.5,0.0,0.0,0.0,0.0,0.0,1.0,0.0,0.0,0.0,0.0,0.0,0.0,0.0,0.0,0.0,0.5454545454545454,0.5012066928869874,425.68
1 BHK,375.25,410.63,11,14,8,1,Semi-Furnished,1,1,1,0,2,Vitrified,1,1,0,1,0,Covered,0,Municipal,1600.8,Hadapsar,411028,Society,5.29,1.96,2.19,2.41,13196.73,4593085.48,12240.067901399068,Owner,11,3,1,1,1,0,0,1,0,0,0,0,0,0,0,0,0,0,0,0,0.0551562081243539,0.0442331574045327,0.5238095238095237,0.5263157894736842,0.4,1.0,1.0,0.0,0.2,0.0,0.1111111111111111,1.0,1.0,0.0,1.0,0.0,0.0,0.0918808027867144,0.482142857143117,0.7069444444444445,0.1463009143807148,0.7184115523465704,0.7160000000000001,0.2307396993218743,0.0909090909090909,1.0,0.0,0.0,1.0,0.0,0.0,0.0,0.0,0.0,0.0,0.0,0.0,0.0,0.0,0.0,0.0,0.7857142857142857,0.45081252867434385,375.25
2 BHK,388.86,731.795,5,11,9,1,Unfurnished,1,3,3,1,4,Not Specified,0,0,0,0,0,Covered,1,Corporation + Borewell,1801.4,Aundh,411007,Society,3.07,3.36,1.49,1.6,13246.73,4208297.09,10822.139304634058,Builder,15,2,0,2,2,1,0,0,0,0,0,0,0,0,0,0,0,0,0,0,0.0616696657605574,0.1688703042533375,0.238095238095238,0.368421052631579,0.45,1.0,1.0,0.4000000000000001,0.6000000000000001,0.2,0.3333333333333333,0.0,0.0,0.0,0.0,0.0,1.0,0.1148968979902795,0.107142857143117,0.3986111111111111,0.2626766417290108,0.4657039711191335,0.3920000000000001,0.1869401201081739,0.1272727272727272,0.5,1.0,0.0,0.0,0.0,0.0,0.0,0.0,0.0,0.0,0.0,0.0,0.0,0.0,0.0,0.0,0.45454545454545453,0.599193454099423,194.43
4 BHK,1437.66,1738.87,3,11,10,1,Semi-Furnished,1,4,4,3,6,Vitrified,0,1,0,0,0,Covered,0,Corporation + Borewell,5434.26,Shivajinagar,411005,Standalone,1.35,7.31,1.45,1.63,35684.24,11040133.95,7679.238449981219,Owner,28,2,1,4,4,0,0,0,0,0,0,0,0,0,0,0,0,1,0,0,0.5636031241624871,0.559694194349581,0.1428571428571428,0.368421052631579,0.5,1.0,1.0,0.6000000000000001,0.8,0.6000000000000001,0.5555555555555556,0.0,1.0,0.0,0.0,0.0,0.0,0.53171769370924,0.071428571429351,0.1597222222222222,0.5910224438902743,0.4512635379061371,0.404,0.0898726522261769,0.2454545454545454,0.5,0.0,0.0,0.0,0.0,0.0,0.0,0.0,0.0,0.0,0.0,0.0,0.0,1.0,0.0,0.0,0.2727272727272727,0.5658070407661577,359.415
3 BHK,1044.02,1313.32,0,9,13,1,Semi-Furnished,1,4,3,2,4,Ceramic,0,1,0,0,0,Covered,1,Municipal,4512.58,Viman Nagar,411014,Standalone,2.02,6.14,1.76,1.45,37187.43,9505216.57,9104.439158253674,Broker,42,2,1,3,3,0,0,0,0,0,0,0,0,0,0,0,0,0,1,0,0.3752153604655615,0.3945475007761564,0.0,0.2631578947368421,0.65,1.0,1.0,0.6000000000000001,0.6000000000000001,0.4,0.3333333333333333,0.0,1.0,0.0,0.0,0.0,1.0,0.425967570941434,0.232142857143117,0.2527777777777777,0.4937655860349126,0.5631768953068592,0.3319999999999999,0.1338921373744961,0.3727272727272727,0.5,0.0,0.0,0.0,0.0,0.0,0.0,0.0,0.0,0.0,0.0,0.0,0.0,0.0,1.0,0.0,0.0,0.5867464278543593,348.00666666666666
1 RK,311.74,348.25,15,17,11,1,Semi-Furnished,1,2,1,0,2,Vitrified,1,0,0,0,0,Open,0,Municipal,800.0,Pune Camp,411001,Society,1.59,6.97,1.57,1.86,7500.0,3199196.28,10262.386219285301,Broker,14,3,1,1,1,0,0,0,0,0,0,0,0,0,0,0,1,0,0,0,0.0247616677514453,0.0200248370071406,0.7142857142857142,0.6842105263157894,0.55,1.0,1.0,0.2,0.2,0.0,0.1111111111111111,1.0,0.0,0.0,0.0,0.0,0.0,0.0,0.0,0.1930555555555555,0.5627597672485453,0.4945848375451264,0.4960000000000001,0.1696595905549166,0.1181818181818181,1.0,0.0,0.0,0.0,0.0,0.0,0.0,0.0,0.0,0.0,0.0,0.0,1.0,0.0,0.0,0.0,0.8823529411764706,0.5396904105816616,311.74
2 BHK,606.05,773.26,7,14,8,1,Unfurnished,0,2,1,1,3,Ceramic,1,1,1,0,0,Covered,0,Municipal,1590.92,Kharadi,411014,Society,3.56,1.65,2.18,2.17,27160.3,6073272.07,10021.074284299977,Builder,75,2,0,2,2,0,0,0,0,0,1,0,0,0,0,0,0,0,0,0,0.1656121980167693,0.1849619683328159,0.3333333333333333,0.5263157894736842,0.4,1.0,0.0,0.2,0.2,0.2,0.2222222222222222,1.0,1.0,1.0,0.0,0.0,0.0,0.0907472084666186,0.232142857143117,0.4666666666666667,0.1205320033250207,0.7148014440433214,0.62,0.1622047176000109,0.6727272727272727,0.5,0.0,0.0,0.0,0.0,0.0,1.0,0.0,0.0,0.0,0.0,0.0,0.0,0.0,0.0,0.0,0.5,0.5628306509541179,303.025
1 BHK,491.3,540.68,8,13,6,1,Semi-Furnished,1,1,1,1,1,Vitrified,0,0,1,1,1,Open,1,Tanker,1705.28,Koregaon Park,411001,Society,2.17,5.09,1.57,0.72,29492.56,10039512.91,20434.587645023406,Owner,35,1,1,1,1,0,0,0,0,0,0,1,0,0,0,0,0,0,0,0,0.1106952792985948,0.0947027320707854,0.3809523809523809,0.4736842105263157,0.3,1.0,1.0,0.0,0.2,0.2,0.0,0.0,0.0,1.0,1.0,1.0,1.0,0.1038684479854606,0.0,0.2736111111111111,0.4064837905236907,0.4945848375451264,0.0399999999999999,0.4838301189592272,0.3090909090909091,0.0,0.0,0.0,0.0,0.0,0.0,0.0,1.0,0.0,0.0,0.0,0.0,0.0,0.0,0.0,0.0,0.6153846153846154,0.6865992761740922,491.3
3 BHK,1027.7,1252.57,4,15,9,1,Unfurnished,0,3,3,2,5,Marble,1,1,1,0,0,Not Specified,0,Borewell,2390.45,Wakad,411057,Society,3.77,2.42,2.33,2.4,23484.72,7132238.58,6940.000564367033,Owner,33,3,0,3,3,0,0,0,0,0,0,0,0,0,0,0,0,0,0,1,0.3674049542478655,0.3709717479043776,0.1904761904761904,0.5789473684210527,0.45,1.0,0.0,0.4000000000000001,0.6000000000000001,0.4,0.4444444444444445,1.0,1.0,1.0,0.0,0.0,0.0,0.1824822961939685,1.0,0.4958333333333333,0.1845386533665835,0.7689530685920578,0.712,0.0670404243937453,0.2909090909090909,1.0,0.0,0.0,0.0,0.0,0.0,0.0,0.0,0.0,0.0,0.0,0.0,0.0,0.0,0.0,1.0,0.26666666666666666,0.5078118970596486,342.56666666666666
1 BHK,393.69,431.24,1,10,9,1,Semi-Furnished,1,1,0,0,1,Vitrified,1,1,0,1,0,Open,1,Municipal,800.0,Viman Nagar,411014,Society,2.27,6.45,2.27,1.4,14881.86,3247532.96,8248.959739896873,Owner,20,2,1,1,1,0,0,0,0,0,0,0,0,0,0,0,0,0,1,0,0.0639812014242505,0.0522314498602918,0.0476190476190476,0.3157894736842105,0.45,1.0,1.0,0.0,0.0,0.0,0.0,1.0,1.0,0.0,1.0,0.0,1.0,0.0,0.232142857143117,0.2875,0.5195344970906067,0.7472924187725632,0.3119999999999999,0.1074682155621747,0.1727272727272727,0.5,0.0,0.0,0.0,0.0,0.0,0.0,0.0,0.0,0.0,0.0,0.0,0.0,0.0,1.0,0.0,0.1,0.572377878224158,393.69
3 BHK,907.91,1091.11,1,11,7,1,Semi-Furnished,1,4,3,2,4,Vitrified,0,0,0,1,0,Covered,0,Municipal,3671.43,Kharadi,411014,Society,4.37,1.73,2.55,1.72,35119.15,7992443.41,8803.123007787115,Owner,17,2,1,3,3,0,0,0,0,0,1,0,0,0,0,0,0,0,0,0,0.3100759983154025,0.3083126358273828,0.0476190476190476,0.368421052631579,0.35,1.0,1.0,0.6000000000000001,0.6000000000000001,0.4,0.3333333333333333,0.0,0.0,0.0,1.0,0.0,0.0,0.3294571597725468,0.232142857143117,0.5791666666666667,0.1271820448877805,0.8483754512635379,0.44,0.1245859776610162,0.1454545454545454,0.5,0.0,0.0,0.0,0.0,0.0,1.0,0.0,0.0,0.0,0.0,0.0,0.0,0.0,0.0,0.0,0.09090909090909091,0.572240656909504,302.63666666666666
2 BHK,784.78,964.46,8,11,8,1,Unfurnished,1,2,2,1,3,Granite,1,1,1,1,0,Bike,0,Municipal,2594.91,Wakad,411057,Society,4.48,2.63,1.99,2.61,17760.1,6087504.34,7756.956522847167,Owner,34,3,0,2,2,0,0,0,0,0,0,0,0,0,0,0,0,0,0,1,0.2511485891496611,0.2591625271654766,0.3809523809523809,0.368421052631579,0.4,1.0,1.0,0.2,0.4,0.2,0.2222222222222222,1.0,1.0,1.0,1.0,0.0,0.0,0.205941273388988,1.0,0.5944444444444446,0.2019950124688279,0.6462093862815884,0.796,0.0922730861079985,0.3,1.0,0.0,0.0,0.0,0.0,0.0,0.0,0.0,0.0,0.0,0.0,0.0,0.0,0.0,0.0,1.0,0.7272727272727273,0.4476703872247617,392.39
2 BHK,515.62,724.01,5,8,9,1,Semi-Furnished,1,2,1,2,4,Vitrified,1,1,0,1,0,Covered,1,Corporation + Borewell,1771.41,Koregaon Park,411001,Society,2.42,4.4,0.99,1.03,31958.86,13516642.65,26214.349036111867,Owner,71,1,1,2,2,0,0,0,0,0,0,1,0,0,0,0,0,0,0,0,0.1223343160151613,0.1658491151816206,0.238095238095238,0.2105263157894736,0.45,1.0,1.0,0.2,0.2,0.4,0.3333333333333333,1.0,1.0,0.0,1.0,0.0,1.0,0.1114559573364664,0.0,0.3083333333333333,0.3491271820448877,0.2851985559566787,0.164,0.6623406145258989,0.6363636363636364,0.0,0.0,0.0,0.0,0.0,0.0,0.0,1.0,0.0,0.0,0.0,0.0,0.0,0.0,0.0,0.0,0.625,0.6610245710204827,257.81
3 BHK,1021.1,1105.99,4,15,13,1,Semi-Furnished,1,3,4,2,6,Ceramic,1,1,0,0,0,Not Specified,0,Corporation + Borewell,1878.05,Hadapsar,411028,Society,4.74,1.82,2.72,2.16,27907.45,11396742.9,11161.240720791304,Owner,12,3,1,3,3,0,0,1,0,0,0,0,0,0,0,0,0,0,0,0,0.3642463340862973,0.3140872399875815,0.1904761904761904,0.5789473684210527,0.65,1.0,1.0,0.4000000000000001,0.8,0.4,0.5555555555555556,1.0,1.0,0.0,0.0,0.0,0.0,0.1236914328723995,0.482142857143117,0.6305555555555556,0.1346633416458852,0.9097472924187728,0.6160000000000001,0.1974174642374885,0.0999999999999999,1.0,0.0,0.0,1.0,0.0,0.0,0.0,0.0,0.0,0.0,0.0,0.0,0.0,0.0,0.0,0.0,0.26666666666666666,0.5061124587698587,340.3666666666667
2 BHK,677.26,743.59,3,17,9,1,Semi-Furnished,1,3,2,0,4,Vitrified,1,1,0,0,0,Covered,0,Corporation + Borewell,2812.6,Hadapsar,411028,Society,6.43,2.6,2.48,2.04,21327.54,5388350.82,7956.103741546822,Owner,23,3,1,2,2,0,0,1,0,0,0,0,0,0,0,0,0,0,0,0,0.1996917952448409,0.17344768705371,0.1428571428571428,0.6842105263157894,0.45,1.0,1.0,0.4000000000000001,0.4,0.0,0.3333333333333333,1.0,1.0,0.0,0.0,0.0,0.0,0.2309182113992776,0.482142857143117,0.8652777777777778,0.199501246882793,0.8231046931407943,0.5680000000000001,0.0984245840009784,0.1999999999999999,1.0,0.0,0.0,1.0,0.0,0.0,0.0,0.0,0.0,0.0,0.0,0.0,0.0,0.0,0.0,0.0,0.17647058823529413,0.4215476467725038,338.63
3 BHK,1314.55,1584.42,4,19,9,1,Semi-Furnished,1,3,3,2,4,Vitrified,1,1,0,0,0,Not Specified,0,Corporation + Borewell,4688.48,Nigdi,411044,Society,3.88,11.0,2.18,2.33,21512.03,12083940.5,9192.454071735576,Broker,25,3,1,3,3,0,0,0,0,0,0,0,0,0,1,0,0,0,0,0,0.5046852865729929,0.4997555107109594,0.1904761904761904,0.7894736842105263,0.45,1.0,1.0,0.4000000000000001,0.6000000000000001,0.4,0.3333333333333333,1.0,1.0,0.0,0.0,0.0,0.0,0.4461496803447595,0.7678571428577925,0.5111111111111111,0.8977556109725685,0.7148014440433214,0.684,0.1366106936055554,0.2181818181818181,1.0,0.0,0.0,0.0,0.0,0.0,0.0,0.0,0.0,0.0,1.0,0.0,0.0,0.0,0.0,0.0,0.21052631578947367,0.27648438897416827,438.18333333333334
2 BHK,344.79,376.7,5,15,10,1,Semi-Furnished,1,2,4,0,4,Vitrified,0,0,0,0,0,Stilt,0,Municipal,1867.73,Aundh,411007,Society,3.1,3.94,1.05,1.68,16725.68,2800000.0,8120.885176484237,Owner,27,2,1,2,2,1,0,0,0,0,0,0,0,0,0,0,0,0,0,0,0.0405786974999042,0.031065662837628,0.238095238095238,0.5789473684210527,0.5,1.0,1.0,0.2,0.8,0.0,0.3333333333333333,0.0,0.0,0.0,0.0,0.0,0.0,0.1225073545947285,0.107142857143117,0.4027777777777778,0.310889443059019,0.3068592057761733,0.424,0.1035114530222859,0.2363636363636363,0.5,1.0,0.0,0.0,0.0,0.0,0.0,0.0,0.0,0.0,0.0,0.0,0.0,0.0,0.0,0.0,0.3333333333333333,0.5734869720969475,172.395
3 BHK,794.46,937.58,10,13,5,1,Semi-Furnished,1,4,3,2,3,Ceramic,1,0,0,1,0,Covered,0,Municipal,1829.64,Shivajinagar,411005,Society,0.54,6.04,1.01,1.07,31781.98,7821193.46,9844.666138005688,Broker,16,2,1,3,3,0,0,0,0,0,0,0,0,0,0,0,0,1,0,0,0.2557812320532945,0.248730984166408,0.4761904761904761,0.4736842105263157,0.25,1.0,1.0,0.6000000000000001,0.6000000000000001,0.4,0.2222222222222222,1.0,0.0,0.0,1.0,0.0,0.0,0.1181370501764643,0.071428571429351,0.0472222222222222,0.4854530340814629,0.2924187725631769,0.18,0.1567530888753541,0.1363636363636363,0.5,0.0,0.0,0.0,0.0,0.0,0.0,0.0,0.0,0.0,0.0,0.0,0.0,1.0,0.0,0.0,0.7692307692307693,0.6967369234131295,264.82
2 BHK,565.02,673.04,14,15,11,1,Unfurnished,0,3,2,0,3,Marble,0,0,1,1,0,Covered,0,Tanker,1818.93,Nigdi,411044,Society,3.88,9.99,2.24,2.09,17365.81,3653827.5,6466.722416905596,Broker,29,3,0,2,2,0,0,0,0,0,0,0,0,0,1,0,0,0,0,0,0.145976109345687,0.1460687674635206,0.6666666666666666,0.5789473684210527,0.55,1.0,0.0,0.4000000000000001,0.4,0.0,0.2222222222222222,0.0,0.0,1.0,1.0,0.0,0.0,0.1169082247545791,0.7678571428577925,0.5111111111111111,0.8137988362427264,0.736462093862816,0.588,0.0524256365844408,0.2545454545454545,1.0,0.0,0.0,0.0,0.0,0.0,0.0,0.0,0.0,0.0,1.0,0.0,0.0,0.0,0.0,0.0,0.9333333333333333,0.32965335138270546,282.51
4 BHK,1413.53,1589.09,11,11,6,1,Unfurnished,1,4,4,2,4,Vitrified,0,0,0,1,1,Covered,0,Tanker,4379.77,Hinjewadi,411057,Standalone,6.23,0.92,1.93,2.52,35510.84,9797179.72,6931.002327506315,Owner,26,3,0,4,4,0,0,0,1,0,0,0,0,0,0,0,0,0,0,0,0.5520550174202689,0.501567836075753,0.5238095238095237,0.368421052631579,0.3,1.0,1.0,0.6000000000000001,0.8,0.4,0.3333333333333333,0.0,0.0,0.0,1.0,1.0,0.0,0.4107294472924536,1.0,0.8375000000000001,0.0598503740648379,0.6245487364620939,0.76,0.0667636888355734,0.2272727272727272,1.0,0.0,0.0,0.0,1.0,0.0,0.0,0.0,0.0,0.0,0.0,0.0,0.0,0.0,0.0,0.0,1.0,0.4250636478355202,353.3825
3 BHK,783.14,913.53,17,18,7,1,Semi-Furnished,1,3,3,1,4,Vitrified,1,1,0,0,0,Not Specified,0,Municipal,2139.99,Nigdi,411044,Society,4.15,10.58,1.18,2.51,15217.67,5327459.71,6802.691357867048,Broker,10,3,1,3,3,0,0,0,0,0,0,0,0,0,1,0,0,0,0,0,0.2503637198973927,0.2393977025768395,0.8095238095238095,0.7368421052631579,0.35,1.0,1.0,0.4000000000000001,0.6000000000000001,0.2,0.3333333333333333,1.0,1.0,0.0,0.0,0.0,0.0,0.1537454507070048,0.7678571428577925,0.5486111111111112,0.8628428927680797,0.3537906137184115,0.756,0.0628004403060398,0.0818181818181818,1.0,0.0,0.0,0.0,0.0,0.0,0.0,0.0,0.0,0.0,1.0,0.0,0.0,0.0,0.0,0.0,0.9444444444444444,0.25653871841525155,261.0466666666667
3 BHK,1083.4,1260.41,0,9,11,1,Fully Furnished,1,3,4,2,4,Ceramic,0,1,0,0,1,Bike,0,Municipal,4973.59,Kharadi,411014,Standalone,4.3,1.48,2.03,2.13,48140.66,9458481.57,8730.368811150083,Owner,41,2,2,3,3,0,0,0,0,0,1,0,0,0,0,0,0,0,0,0,0.3940617940962518,0.3740142812791059,0.0,0.2631578947368421,0.55,1.0,1.0,0.4000000000000001,0.8,0.4,0.3333333333333333,0.0,1.0,0.0,0.0,1.0,0.0,0.4788621374907637,0.232142857143117,0.5694444444444444,0.1064006650041562,0.6606498194945848,0.604,0.1223381189641689,0.3636363636363636,0.5,0.0,0.0,0.0,0.0,0.0,1.0,0.0,0.0,0.0,0.0,0.0,0.0,0.0,0.0,0.0,0.0,0.5384042369937709,361.1333333333334
3 BHK,1023.58,1133.12,8,10,10,1,Semi-Furnished,1,4,3,2,5,Vitrified,0,0,0,0,0,Stilt,0,Municipal,1674.5,Pune Camp,411001,Standalone,1.1,6.43,0.64,1.84,32813.02,6218052.67,6074.808681295062,Owner,35,3,1,3,3,0,0,0,0,0,0,0,0,0,0,0,1,0,0,0,0.3654332095409472,0.3246158025457932,0.3809523809523809,0.3157894736842105,0.5,1.0,1.0,0.6000000000000001,0.6000000000000001,0.4,0.4444444444444445,0.0,0.0,0.0,0.0,0.0,0.0,0.1003368656805467,0.0,0.125,0.5178719866999167,0.1588447653429602,0.4880000000000001,0.0403200001976682,0.3090909090909091,1.0,0.0,0.0,0.0,0.0,0.0,0.0,0.0,0.0,0.0,0.0,0.0,1.0,0.0,0.0,0.0,0.8,0.5786171415770762,341.1933333333333
3 BHK,1005.45,1165.3,10,15,7,1,Semi-Furnished,1,4,2,2,4,Marble,0,0,0,1,1,Not Specified,1,Corporation + Borewell,3475.31,Shivajinagar,411005,Standalone,1.82,5.65,0.86,1.03,36232.81,16516535.11,16427.00791685315,Owner,20,2,1,3,3,0,0,0,0,0,0,0,0,0,0,0,0,1,0,0,0.3567565756728818,0.3371041601986961,0.4761904761904761,0.5789473684210527,0.35,1.0,1.0,0.6000000000000001,0.4,0.4,0.3333333333333333,0.0,0.0,0.0,1.0,1.0,1.0,0.3069550830461102,0.071428571429351,0.225,0.4530340814630091,0.2382671480144404,0.164,0.3600545811471429,0.1727272727272727,0.5,0.0,0.0,0.0,0.0,0.0,0.0,0.0,0.0,0.0,0.0,0.0,0.0,1.0,0.0,0.0,0.6666666666666666,0.653982369374847,335.15000000000003
3 BHK,736.77,893.12,6,12,4,1,Semi-Furnished,1,3,2,2,6,Vitrified,1,1,0,0,0,Not Specified,1,Corporation + Borewell,1918.84,Kothrud,411038,Society,2.02,7.2,0.94,1.31,22336.34,7323285.97,9939.717917396203,Broker,33,2,1,3,3,0,0,0,0,0,0,0,1,0,0,0,0,0,0,0,0.2281720203683142,0.2314770257683949,0.2857142857142857,0.4210526315789473,0.2,1.0,1.0,0.4000000000000001,0.4,0.4,0.5555555555555556,1.0,1.0,0.0,0.0,0.0,1.0,0.1283715252121473,0.6607142857146755,0.2527777777777777,0.5818786367414795,0.2671480144404332,0.276,0.1596896979011337,0.2909090909090909,0.5,0.0,0.0,0.0,0.0,0.0,0.0,0.0,1.0,0.0,0.0,0.0,0.0,0.0,0.0,0.0,0.5,0.5728129868972061,245.59
2 BHK,549.53,671.85,5,16,6,1,Semi-Furnished,1,1,1,0,2,Vitrified,1,1,0,1,0,Covered,0,Municipal,800.0,Wakad,411057,Society,4.44,2.19,1.8,2.11,19737.94,3589119.57,6531.253198187542,Owner,14,3,1,2,2,0,0,0,0,0,0,0,0,0,0,0,0,0,0,1,0.1385629235422489,0.1456069543619994,0.238095238095238,0.631578947368421,0.3,1.0,1.0,0.0,0.2,0.0,0.1111111111111111,1.0,1.0,0.0,1.0,0.0,0.0,0.0,1.0,0.5888888888888889,0.1654197838736492,0.5776173285198556,0.596,0.0544180708319486,0.1181818181818181,1.0,0.0,0.0,0.0,0.0,0.0,0.0,0.0,0.0,0.0,0.0,0.0,0.0,0.0,0.0,1.0,0.3125,0.5148833609381442,274.765
1 BHK,433.8,491.3,12,16,5,1,Semi-Furnished,1,1,0,0,2,Vitrified,1,1,0,0,0,Open,1,Tanker,1496.9,Wakad,411057,Society,5.4,3.48,1.97,2.16,9529.4,3239942.37,7468.746818810512,Broker,68,3,1,1,1,0,0,0,0,0,0,0,0,0,0,0,0,0,0,1,0.0831769975879628,0.0755394287488357,0.5714285714285714,0.631578947368421,0.25,1.0,1.0,0.0,0.0,0.0,0.1111111111111111,1.0,1.0,0.0,0.0,0.0,1.0,0.0799597046229536,1.0,0.7222222222222223,0.2726517040731504,0.6389891696750902,0.6160000000000001,0.0833730728889339,0.6090909090909091,1.0,0.0,0.0,0.0,0.0,0.0,0.0,0.0,0.0,0.0,0.0,0.0,0.0,0.0,0.0,1.0,0.75,0.4311387933628327,433.8
2 BHK,757.51,945.72,5,12,12,1,Semi-Furnished,1,3,3,1,4,Granite,0,0,0,0,0,Covered,0,Municipal,2489.12,Wakad,411057,Standalone,4.57,2.64,2.19,2.01,21237.83,5709337.81,7536.980119074336,Broker,15,3,1,2,2,0,0,0,0,0,0,0,0,0,0,0,0,0,0,1,0.2380977449366361,0.2518899410121081,0.238095238095238,0.4210526315789473,0.6000000000000001,1.0,1.0,0.4000000000000001,0.6000000000000001,0.2,0.3333333333333333,0.0,0.0,0.0,0.0,0.0,0.0,0.1938033236801887,1.0,0.6069444444444445,0.2028262676641729,0.7184115523465704,0.5559999999999999,0.0854782398135988,0.1272727272727272,1.0,0.0,0.0,0.0,0.0,0.0,0.0,0.0,0.0,0.0,0.0,0.0,0.0,0.0,0.0,1.0,0.4166666666666667,0.5074463434438905,378.755
1 RK,361.34,407.39,10,16,17,1,Semi-Furnished,1,1,0,0,1,Not Specified,0,0,0,1,1,Open,1,Corporation + Borewell,856.18,Magarpatta,411013,Standalone,5.35,2.52,1.86,1.87,10773.67,4612649.41,12765.399374550287,Owner,29,3,1,1,1,0,0,0,0,0,0,0,0,1,0,0,0,0,0,0,0.0484991768444427,0.0429757839180378,0.4761904761904761,0.631578947368421,0.8500000000000001,1.0,1.0,0.0,0.0,0.0,0.0,0.0,0.0,0.0,1.0,1.0,1.0,0.0064458834922048,0.214285714286234,0.7152777777777778,0.1928512053200332,0.5992779783393503,0.5000000000000001,0.2469623948497536,0.2545454545454545,1.0,0.0,0.0,0.0,0.0,0.0,0.0,0.0,0.0,1.0,0.0,0.0,0.0,0.0,0.0,0.0,0.625,0.49053911921859594,361.34
1 RK,337.74,414.66,5,9,7,1,Unfurnished,0,1,0,1,2,Marble,1,1,1,1,0,Not Specified,1,Borewell,1760.47,Koregaon Park,411001,Society,2.37,4.85,1.54,1.13,27004.48,8917676.62,26403.969384733817,Owner,26,1,0,1,1,0,0,0,0,0,0,1,0,0,0,0,0,0,0,0,0.0372047168727746,0.0457971126979199,0.238095238095238,0.2631578947368421,0.35,1.0,0.0,0.0,0.0,0.2,0.1111111111111111,1.0,1.0,1.0,1.0,0.0,1.0,0.1102007425731214,0.0,0.3013888888888889,0.3865336658354114,0.483754512635379,0.2039999999999999,0.6681999340282196,0.2272727272727272,0.0,0.0,0.0,0.0,0.0,0.0,0.0,1.0,0.0,0.0,0.0,0.0,0.0,0.0,0.0,0.0,0.5555555555555556,0.6403281402668157,337.74
1 BHK,469.91,566.53,3,16,15,1,Fully Furnished,1,1,2,0,1,Wooden,0,0,0,1,0,Covered,1,Municipal,963.88,Aundh,411007,Standalone,4.61,4.96,1.61,1.39,28552.33,7577969.01,16126.42635823881,Broker,20,2,2,1,1,1,0,0,0,0,0,0,0,0,0,0,0,0,0,0,0.1004584785022397,0.1047345544861844,0.1428571428571428,0.631578947368421,0.75,1.0,1.0,0.0,0.4,0.0,0.0,0.0,0.0,0.0,1.0,0.0,1.0,0.018802979471387,0.107142857143117,0.6125,0.3956774729842061,0.5090252707581228,0.3079999999999999,0.3507709679690945,0.1727272727272727,0.5,1.0,0.0,0.0,0.0,0.0,0.0,0.0,0.0,0.0,0.0,0.0,0.0,0.0,0.0,0.0,0.1875,0.5086513694649426,469.91
2 BHK,569.31,713.42,4,14,12,1,Unfurnished,1,3,0,0,2,Granite,0,0,0,0,0,Covered,1,Municipal,800.0,Hadapsar,411028,Standalone,6.96,2.91,2.37,2.11,20505.39,3594340.76,6313.503644762959,Broker,22,3,0,2,2,0,0,1,0,0,0,0,0,0,0,0,0,0,0,0,0.1480292124507063,0.1617393666563179,0.1904761904761904,0.5263157894736842,0.6000000000000001,1.0,1.0,0.4000000000000001,0.0,0.0,0.1111111111111111,0.0,0.0,0.0,0.0,0.0,1.0,0.0,0.482142857143117,0.9388888888888888,0.2252701579384871,0.7833935018050542,0.596,0.0476911730004929,0.1909090909090909,1.0,0.0,0.0,1.0,0.0,0.0,0.0,0.0,0.0,0.0,0.0,0.0,0.0,0.0,0.0,0.0,0.2857142857142857,0.381745971709177,284.655
4 BHK,1473.36,1821.18,5,11,13,1,Semi-Furnished,1,5,4,2,5,Vitrified,1,1,0,1,1,Stilt,0,Corporation + Borewell,5783.12,Viman Nagar,411014,Society,2.56,6.16,1.61,1.6,57203.87,12209459.77,8286.813657218874,Owner,14,2,1,4,4,0,0,0,0,0,0,0,0,0,0,0,0,0,1,0,0.5806883877636969,0.5916369140018629,0.238095238095238,0.368421052631579,0.65,1.0,1.0,0.8,0.8,0.4,0.4444444444444445,1.0,1.0,0.0,1.0,1.0,0.0,0.5717445878902754,0.232142857143117,0.3277777777777778,0.4954280964256026,0.5090252707581228,0.3920000000000001,0.1086390911213597,0.1181818181818181,0.5,0.0,0.0,0.0,0.0,0.0,0.0,0.0,0.0,0.0,0.0,0.0,0.0,0.0,1.0,0.0,0.45454545454545453,0.5458513548456312,368.34
2 BHK,630.8,757.6,0,12,10,1,Semi-Furnished,1,3,2,2,3,Ceramic,0,1,0,1,1,Open,0,Tanker,3188.5,Kalyani Nagar,411006,Standalone,1.83,2.29,1.76,1.23,28777.12,15425032.85,24453.127536461638,Builder,19,1,1,2,2,0,0,0,0,1,0,0,0,0,0,0,0,0,0,0,0.1774570236226501,0.1788846631480907,0.0,0.4210526315789473,0.5,1.0,1.0,0.4000000000000001,0.4,0.4,0.2222222222222222,0.0,1.0,0.0,1.0,1.0,0.0,0.2740475742458385,0.089285714286234,0.2263888888888889,0.1737323358270989,0.5631768953068592,0.244,0.6079481787958791,0.1636363636363636,0.0,0.0,0.0,0.0,0.0,1.0,0.0,0.0,0.0,0.0,0.0,0.0,0.0,0.0,0.0,0.0,0.0,0.7237424842289928,315.4
4 BHK,1125.12,1397.72,7,15,6,1,Unfurnished,1,5,5,3,6,Ceramic,1,0,1,0,0,Covered,1,Tanker,4047.23,Kothrud,411038,Society,1.96,7.0,1.5,1.71,38465.24,9422882.18,8375.001937571104,Broker,66,2,0,4,4,0,0,0,0,0,0,0,1,0,0,0,0,0,0,0,0.4140281021478616,0.4273013039428749,0.3333333333333333,0.5789473684210527,0.3,1.0,1.0,0.8,1.0,0.6000000000000001,0.5555555555555556,1.0,0.0,1.0,0.0,0.0,1.0,0.3725750489923861,0.6607142857146755,0.2444444444444444,0.5652535328345801,0.4693140794223827,0.436,0.1113632067721145,0.5909090909090909,0.5,0.0,0.0,0.0,0.0,0.0,0.0,0.0,1.0,0.0,0.0,0.0,0.0,0.0,0.0,0.0,0.4666666666666667,0.538231723452492,281.28
3 BHK,811.94,1018.27,15,16,9,1,Fully Furnished,1,4,3,2,4,Granite,0,1,0,0,0,Covered,0,Municipal,1681.79,Pune Camp,411001,Society,3.54,7.27,1.48,1.49,19603.0,5954915.17,7334.18130650048,Builder,10,3,2,3,3,0,0,0,0,0,0,0,0,0,0,0,1,0,0,0,0.2641467896933267,0.2800450170754424,0.7142857142857142,0.631578947368421,0.45,1.0,1.0,0.6000000000000001,0.6000000000000001,0.4,0.3333333333333333,0.0,1.0,0.0,0.0,0.0,0.0,0.1011732930685526,0.0,0.4638888888888889,0.5876974231088943,0.4620938628158845,0.348,0.0792158623833603,0.0818181818181818,1.0,0.0,0.0,0.0,0.0,0.0,0.0,0.0,0.0,0.0,0.0,0.0,1.0,0.0,0.0,0.0,0.9375,0.4832058723922992,270.6466666666667
1 BHK,353.14,382.4,3,10,9,1,Unfurnished,0,1,2,1,2,Vitrified,0,0,1,1,1,Not Specified,1,Municipal,1546.31,Baner,411045,Standalone,2.53,2.7,2.01,2.11,16233.21,7063340.34,20001.530101376226,Broker,18,1,0,1,1,0,1,0,0,0,0,0,0,0,0,0,0,0,0,0,0.0445748305831004,0.0332777087860912,0.1428571428571428,0.3157894736842105,0.45,1.0,0.0,0.0,0.4,0.2,0.1111111111111111,0.0,0.0,1.0,1.0,1.0,1.0,0.0856288235861049,0.7857142857146755,0.323611111111111,0.2078137988362427,0.6534296028880866,0.596,0.4704637297281938,0.1545454545454545,0.0,0.0,1.0,0.0,0.0,0.0,0.0,0.0,0.0,0.0,0.0,0.0,0.0,0.0,0.0,0.0,0.3,0.5870191516757339,353.14
4 BHK,1893.95,2341.37,9,17,13,1,Unfurnished,1,4,4,2,5,Granite,1,1,0,0,0,Covered,1,Tanker,5336.67,Pimple Saudagar,411027,Standalone,3.87,6.16,1.52,1.68,46950.45,10683811.19,5641.020718603975,Owner,9,3,0,4,4,0,0,0,0,0,0,0,0,0,0,1,0,0,0,0,0.7819738504536928,0.793511331884508,0.4285714285714285,0.6842105263157894,0.65,1.0,1.0,0.6000000000000001,0.8,0.4,0.4444444444444445,1.0,1.0,0.0,0.0,0.0,1.0,0.5205205813916132,0.464285714286234,0.5097222222222223,0.4954280964256026,0.4765342960288808,0.424,0.0269214898750613,0.0727272727272727,1.0,0.0,0.0,0.0,0.0,0.0,0.0,0.0,0.0,0.0,0.0,1.0,0.0,0.0,0.0,0.0,0.5294117647058824,0.4782953372896137,473.4875
1 BHK,464.18,588.27,11,11,4,1,Unfurnished,1,1,2,0,2,Vitrified,1,1,0,1,0,Stilt,1,Municipal,2417.32,Kharadi,411014,Society,3.66,1.54,1.98,1.96,16588.79,4586940.9,9881.815028652678,Broker,15,2,0,1,1,0,0,0,0,0,1,0,0,0,0,0,0,0,0,0,0.0977162219074237,0.1131713753492704,0.5238095238095237,0.368421052631579,0.2,1.0,1.0,0.0,0.4,0.0,0.1111111111111111,1.0,1.0,0.0,1.0,0.0,1.0,0.1855652596940672,0.232142857143117,0.4805555555555556,0.111388196176226,0.6425992779783394,0.536,0.1578998736158589,0.1272727272727272,0.5,0.0,0.0,0.0,0.0,0.0,1.0,0.0,0.0,0.0,0.0,0.0,0.0,0.0,0.0,0.0,1.0,0.583760136008705,464.18
1 BHK,370.33,402.63,9,13,15,1,Unfurnished,0,1,1,0,2,Granite,0,1,1,0,0,Covered,0,Municipal,1535.48,Wakad,411057,Standalone,4.3,2.84,2.2,1.99,11833.9,3415142.21,9221.889152917669,Broker,39,3,0,1,1,0,0,0,0,0,0,0,0,0,0,0,0,0,0,1,0.0528016003675485,0.0411285315119528,0.4285714285714285,0.4736842105263157,0.75,1.0,0.0,0.0,0.2,0.0,0.1111111111111111,0.0,1.0,1.0,0.0,0.0,0.0,0.0843862298121538,1.0,0.5694444444444444,0.2194513715710722,0.7220216606498195,0.548,0.137519967582406,0.3454545454545454,1.0,0.0,0.0,0.0,0.0,0.0,0.0,0.0,0.0,0.0,0.0,0.0,0.0,0.0,0.0,1.0,0.6923076923076923,0.5162941811551787,370.33
3 BHK,1134.02,1334.65,0,10,0,1,Fully Furnished,1,4,4,2,4,Not Specified,1,1,0,1,0,Not Specified,0,Tanker,3214.71,Hinjewadi,411057,Society,6.14,0.54,2.65,2.34,35702.69,8655129.29,7632.25453695702,Broker,13,3,2,3,3,0,0,0,1,0,0,0,0,0,0,0,0,0,0,0,0.4182874535778552,0.4028252095622478,0.0,0.3157894736842105,0.0,1.0,1.0,0.6000000000000001,0.8,0.4,0.3333333333333333,1.0,1.0,0.0,1.0,0.0,0.0,0.2770548118095745,1.0,0.825,0.028262676641729,0.8844765342960289,0.688,0.0884231879689216,0.109090909090909,1.0,0.0,0.0,0.0,1.0,0.0,0.0,0.0,0.0,0.0,0.0,0.0,0.0,0.0,0.0,0.0,0.0,0.4587055166368331,378.00666666666666
2 BHK,611.21,681.52,14,17,5,1,Unfurnished,0,3,2,1,3,Vitrified,1,1,0,0,0,Bike,0,Tanker,2239.01,Pimple Saudagar,411027,Society,4.1,7.14,1.22,2.01,21384.1,5087099.59,8322.99797123738,Owner,52,3,0,2,2,0,0,0,0,0,0,0,0,0,0,1,0,0,0,0,0.1680816646885409,0.1493596709096554,0.6666666666666666,0.6842105263157894,0.25,1.0,0.0,0.4000000000000001,0.4,0.2,0.2222222222222222,1.0,1.0,0.0,0.0,0.0,0.0,0.1651066358867507,0.464285714286234,0.5416666666666666,0.5768911055694097,0.3682310469314079,0.5559999999999999,0.1097583876200371,0.4636363636363636,1.0,0.0,0.0,0.0,0.0,0.0,0.0,0.0,0.0,0.0,0.0,1.0,0.0,0.0,0.0,0.0,0.8235294117647058,0.40596829139347546,305.605
1 RK,327.16,377.32,8,13,8,1,Semi-Furnished,1,1,1,0,2,Vitrified,1,1,0,1,0,Not Specified,1,Corporation + Borewell,1376.02,Shivajinagar,411005,Society,2.23,8.42,1.17,1.63,12855.47,6035179.3,18447.179667441007,Broker,53,2,1,1,1,0,0,0,0,0,0,0,0,0,0,0,0,1,0,0,0.0321413530380183,0.031306271344303,0.3809523809523809,0.4736842105263157,0.4,1.0,1.0,0.0,0.2,0.0,0.1111111111111111,1.0,1.0,0.0,1.0,0.0,1.0,0.0660903846418622,0.071428571429351,0.2819444444444444,0.6832917705735659,0.3501805054151624,0.404,0.4224445509656712,0.4727272727272727,0.5,0.0,0.0,0.0,0.0,0.0,0.0,0.0,0.0,0.0,0.0,0.0,0.0,1.0,0.0,0.0,0.6153846153846154,0.49591392606519347,327.16
3 BHK,1124.06,1245.63,0,11,4,1,Fully Furnished,1,4,3,2,5,Not Specified,0,0,0,0,1,Covered,0,Corporation + Borewell,4056.42,Shivajinagar,411005,Standalone,1.72,6.94,0.89,1.23,60707.47,10133930.01,9015.470713307119,Builder,16,2,2,3,3,0,0,0,0,0,0,0,0,0,0,0,0,1,0,0,0.4135208086067614,0.3682784849425645,0.0,0.368421052631579,0.2,1.0,1.0,0.6000000000000001,0.6000000000000001,0.4,0.4444444444444445,0.0,0.0,0.0,0.0,1.0,0.0,0.3736294752881028,0.071428571429351,0.2111111111111111,0.5602660016625104,0.2490974729241877,0.244,0.1311426954784622,0.1363636363636363,0.5,0.0,0.0,0.0,0.0,0.0,0.0,0.0,0.0,0.0,0.0,0.0,0.0,1.0,0.0,0.0,0.0,0.601959908521642,374.68666666666667
2 BHK,775.42,991.8,14,16,10,1,Fully Furnished,1,2,2,0,3,Vitrified,0,1,1,1,1,Covered,0,Corporation + Borewell,3480.28,Kothrud,411038,Society,2.78,8.08,0.9,1.19,22796.81,9514408.89,12270.007080034047,Owner,18,2,2,2,2,0,0,0,0,0,0,0,1,0,0,0,0,0,0,0,0.2466690914659826,0.2697725861533686,0.6666666666666666,0.631578947368421,0.5,1.0,1.0,0.2,0.4,0.0,0.2222222222222222,0.0,1.0,1.0,1.0,1.0,0.0,0.3075253222941747,0.6607142857146755,0.3583333333333333,0.655029093931837,0.2527075812274368,0.2279999999999999,0.2316628718479635,0.1545454545454545,0.5,0.0,0.0,0.0,0.0,0.0,0.0,0.0,1.0,0.0,0.0,0.0,0.0,0.0,0.0,0.0,0.875,0.5274145284979299,387.71
3 BHK,708.89,765.91,3,10,9,1,Semi-Furnished,1,3,3,2,4,Vitrified,1,1,1,0,0,Open,1,Municipal,1958.83,Aundh,411007,Society,3.92,3.98,1.93,1.83,31704.66,7752666.66,10936.346485350337,Broker,14,2,1,3,3,1,0,0,0,0,0,0,0,0,0,0,0,0,0,0,0.2148292430797503,0.1821095932940081,0.1428571428571428,0.3157894736842105,0.45,1.0,1.0,0.4000000000000001,0.6000000000000001,0.4,0.3333333333333333,1.0,1.0,1.0,0.0,0.0,1.0,0.1329598285381222,0.107142857143117,0.5166666666666667,0.3142144638403989,0.6245487364620939,0.4840000000000001,0.1904688073315156,0.1181818181818181,0.5,1.0,0.0,0.0,0.0,0.0,0.0,0.0,0.0,0.0,0.0,0.0,0.0,0.0,0.0,0.0,0.3,0.5194341788168444,236.29666666666665
4 BHK,947.99,1029.95,10,12,0,1,Semi-Furnished,1,5,4,3,7,Marble,0,0,1,0,0,Stilt,0,Corporation + Borewell,3329.38,Kothrud,411038,Standalone,0.96,7.87,1.2,1.85,25887.9,15786699.72,16652.812498022133,Broker,24,2,1,4,4,0,0,0,0,0,0,0,1,0,0,0,0,0,0,0,0.3292574371147441,0.2845777708786092,0.4761904761904761,0.4210526315789473,0.0,1.0,1.0,0.8,0.8,0.6000000000000001,0.6666666666666665,0.0,0.0,1.0,0.0,0.0,0.0,0.2902116195712535,0.6607142857146755,0.1055555555555555,0.6375727348295926,0.3610108303249097,0.4920000000000001,0.3670301085816438,0.209090909090909,0.5,0.0,0.0,0.0,0.0,0.0,0.0,0.0,1.0,0.0,0.0,0.0,0.0,0.0,0.0,0.0,0.8333333333333334,0.5446073203840989,236.9975
2 BHK,785.39,963.15,13,13,7,1,Semi-Furnished,0,2,2,1,3,Ceramic,0,1,0,1,0,Not Specified,1,Municipal,2275.18,Shivajinagar,411005,Standalone,0.91,5.67,1.17,1.51,19340.77,7766389.16,9888.576579788385,Broker,10,2,1,2,2,0,0,0,0,0,0,0,0,0,0,0,0,1,0,0,0.2514405222252,0.2586541446755666,0.6190476190476191,0.4736842105263157,0.35,1.0,0.0,0.2,0.4,0.2,0.2222222222222222,0.0,1.0,0.0,1.0,0.0,1.0,0.1692566466719598,0.071428571429351,0.0986111111111111,0.454696591853699,0.3501805054151624,0.3560000000000001,0.1581086607110869,0.0818181818181818,0.5,0.0,0.0,0.0,0.0,0.0,0.0,0.0,0.0,0.0,0.0,0.0,0.0,1.0,0.0,0.0,1.0,0.643146201425024,392.695
1 BHK,485.25,604.29,6,16,7,1,Semi-Furnished,1,1,3,0,1,Granite,0,0,0,0,0,Covered,0,Corporation + Borewell,1481.14,Magarpatta,411013,Society,4.98,2.02,1.88,2.01,7500.0,3474112.18,7159.427470376095,Broker,41,3,1,1,1,0,0,0,0,0,0,0,0,1,0,0,0,0,0,0,0.107799877483824,0.1193883886991617,0.2857142857142857,0.631578947368421,0.35,1.0,1.0,0.0,0.6000000000000001,0.0,0.0,0.0,0.0,0.0,0.0,0.0,0.0,0.0781514610516267,0.214285714286234,0.663888888888889,0.1512884455527846,0.6064981949458483,0.5559999999999999,0.0738192101423582,0.3636363636363636,1.0,0.0,0.0,0.0,0.0,0.0,0.0,0.0,0.0,1.0,0.0,0.0,0.0,0.0,0.0,0.0,0.375,0.5058762123970628,485.25
3 BHK,1373.2,1502.5,2,9,10,1,Semi-Furnished,1,3,2,1,3,Granite,0,1,0,1,0,Open,0,Tanker,4812.25,Aundh,411007,Standalone,3.33,4.63,1.21,1.79,44162.6,12214765.6,8895.11039906787,Broker,34,2,1,3,3,1,0,0,0,0,0,0,0,0,0,0,0,0,0,0,0.5327539339178377,0.4679641415709407,0.0952380952380952,0.2631578947368421,0.5,1.0,1.0,0.4000000000000001,0.4,0.2,0.2222222222222222,0.0,1.0,0.0,1.0,0.0,0.0,0.4603505881381057,0.107142857143117,0.4347222222222222,0.368246051537822,0.3646209386281588,0.4680000000000001,0.1274259145554256,0.3,0.5,1.0,0.0,0.0,0.0,0.0,0.0,0.0,0.0,0.0,0.0,0.0,0.0,0.0,0.0,0.0,0.2222222222222222,0.5325682607571405,457.73333333333335
4 BHK,1207.75,1354.25,11,12,12,1,Semi-Furnished,1,5,4,2,8,Ceramic,1,0,0,0,0,Covered,0,Corporation + Borewell,2571.24,Wakad,411057,Society,4.19,3.36,1.92,2.49,41099.46,7692069.26,6368.925075553715,Broker,26,3,1,4,4,0,0,0,0,0,0,0,0,0,0,0,0,0,0,1,0.4535730694130709,0.4104315429990686,0.5238095238095237,0.4210526315789473,0.6000000000000001,1.0,1.0,0.8,0.8,0.4,0.7777777777777777,1.0,0.0,0.0,0.0,0.0,0.0,0.2032254659439811,1.0,0.5541666666666667,0.2626766417290108,0.6209386281588447,0.7480000000000001,0.0494040919799811,0.2272727272727272,1.0,0.0,0.0,0.0,0.0,0.0,0.0,0.0,0.0,0.0,0.0,0.0,0.0,0.0,0.0,1.0,0.9166666666666666,0.45365753356350247,301.9375
1 BHK,508.31,569.73,6,11,8,1,Semi-Furnished,1,1,2,0,1,Marble,1,1,1,1,0,Stilt,0,Corporation + Borewell,1201.74,Hinjewadi,411057,Society,6.8,2.03,2.27,2.35,8802.4,3932402.07,7736.228030139088,Owner,5,3,1,1,1,0,0,0,1,0,0,0,0,0,0,0,0,0,0,0,0.1188359048968184,0.1059764048432164,0.2857142857142857,0.368421052631579,0.4,1.0,1.0,0.0,0.4,0.0,0.0,1.0,1.0,1.0,1.0,0.0,0.0,0.0460941479914269,1.0,0.9166666666666666,0.1521197007481296,0.7472924187725632,0.6920000000000001,0.0916334439863757,0.0363636363636363,1.0,0.0,0.0,0.0,1.0,0.0,0.0,0.0,0.0,0.0,0.0,0.0,0.0,0.0,0.0,0.0,0.5454545454545454,0.3872968902609132,508.31
2 BHK,530.04,669.9,12,22,11,1,Semi-Furnished,0,2,2,1,2,Not Specified,1,1,0,1,0,Not Specified,1,Tanker,2686.03,Pune Camp,411001,Society,2.43,6.41,2.06,2.06,7500.0,4338947.44,8186.075466002567,Broker,67,3,1,2,2,0,0,0,0,0,0,0,0,0,0,0,1,0,0,0,0.1292354224893755,0.144850201800683,0.5714285714285714,0.9473684210526316,0.55,1.0,0.0,0.2,0.4,0.2,0.1111111111111111,1.0,1.0,0.0,1.0,0.0,1.0,0.2163960420577261,0.0,0.3097222222222222,0.5162094763092269,0.6714801444043321,0.5760000000000001,0.1055248895219763,0.6,1.0,0.0,0.0,0.0,0.0,0.0,0.0,0.0,0.0,0.0,0.0,0.0,1.0,0.0,0.0,0.0,0.5454545454545454,0.4957480658216554,265.02
3 BHK,1446.55,1841.33,10,11,10,1,Semi-Furnished,1,3,3,2,4,Ceramic,1,1,0,1,0,Not Specified,0,Borewell,4269.88,Hinjewadi,411057,Society,5.47,0.93,2.0,2.56,37016.73,10653388.04,7364.687041581694,Broker,36,3,1,3,3,0,0,0,1,0,0,0,0,0,0,0,0,0,0,0,0.567857689804357,0.5994566904687986,0.4761904761904761,0.368421052631579,0.5,1.0,1.0,0.4000000000000001,0.6000000000000001,0.4,0.3333333333333333,1.0,1.0,0.0,1.0,0.0,0.0,0.3981210788880679,1.0,0.7319444444444444,0.0606816292601828,0.6498194945848376,0.776,0.0801578751650839,0.3181818181818182,1.0,0.0,0.0,0.0,1.0,0.0,0.0,0.0,0.0,0.0,0.0,0.0,0.0,0.0,0.0,0.0,0.9090909090909091,0.454751823966869,482.18333333333334
4 BHK,1503.38,1788.12,5,8,4,1,Semi-Furnished,1,4,4,3,4,Ceramic,1,0,1,1,0,Covered,1,Tanker,4357.93,Nigdi,411044,Society,3.44,10.93,1.83,2.07,52196.89,10426239.96,6935.199324189493,Owner,45,3,1,4,4,0,0,0,0,0,0,0,0,0,1,0,0,0,0,0,0.5950553237107088,0.5788070475007763,0.238095238095238,0.2105263157894736,0.2,1.0,1.0,0.6000000000000001,0.8,0.6000000000000001,0.3333333333333333,1.0,0.0,1.0,1.0,0.0,1.0,0.4082236072164523,0.7678571428577925,0.45,0.8919368246051537,0.5884476534296029,0.58,0.0668937174851162,0.3999999999999999,1.0,0.0,0.0,0.0,0.0,0.0,0.0,0.0,0.0,0.0,1.0,0.0,0.0,0.0,0.0,0.0,0.625,0.32598986337743485,375.845
3 BHK,1193.13,1473.22,12,18,15,1,Fully Furnished,1,3,3,2,6,Vitrified,1,1,0,0,0,Bike,1,Tanker,3518.57,Hadapsar,411028,Society,4.28,1.97,2.3,1.99,25474.01,16522983.32,13848.43505737011,Owner,45,3,2,3,3,0,0,1,0,0,0,0,0,0,0,0,0,0,0,0,0.446576247176385,0.4566012108040981,0.5714285714285714,0.7368421052631579,0.75,1.0,1.0,0.4000000000000001,0.6000000000000001,0.4,0.5555555555555556,1.0,1.0,0.0,0.0,0.0,1.0,0.3119185739658821,0.482142857143117,0.5666666666666668,0.1471321695760598,0.7581227436823105,0.548,0.2804146585836823,0.3999999999999999,1.0,0.0,0.0,1.0,0.0,0.0,0.0,0.0,0.0,0.0,0.0,0.0,0.0,0.0,0.0,0.0,0.6666666666666666,0.5409072652122531,397.71000000000004
3 BHK,866.81,966.63,3,9,2,1,Fully Furnished,1,2,3,3,4,Ceramic,0,0,1,0,1,Covered,1,Tanker,4306.33,Baner,411045,Standalone,3.78,2.66,2.02,2.04,44261.52,12604492.02,14541.239741119738,Not Specified,16,1,2,3,3,0,1,0,0,0,0,0,0,0,0,0,0,0,0,0,0.2904064091274551,0.2600046569388389,0.1428571428571428,0.2631578947368421,0.1,1.0,1.0,0.2,0.6000000000000001,0.6000000000000001,0.3333333333333333,0.0,0.0,1.0,0.0,1.0,1.0,0.4023032158280975,0.7857142857146755,0.4972222222222222,0.2044887780548628,0.6570397111913358,0.5680000000000001,0.3018122472780464,0.1363636363636363,0.0,0.0,1.0,0.0,0.0,0.0,0.0,0.0,0.0,0.0,0.0,0.0,0.0,0.0,0.0,0.0,0.3333333333333333,0.5392816931655853,288.93666666666667
3 BHK,1031.34,1238.71,14,14,8,1,Fully Furnished,1,3,3,1,4,Wooden,1,1,1,1,1,Covered,1,Borewell,3571.12,Viman Nagar,411014,Society,1.86,4.56,1.47,1.19,64909.3,13776929.86,13358.281323326933,Owner,61,2,2,3,3,0,0,0,0,0,0,0,0,0,0,0,0,0,1,0,0.3691469811248516,0.3655929835454828,0.6666666666666666,0.5263157894736842,0.4,1.0,1.0,0.4000000000000001,0.6000000000000001,0.2,0.3333333333333333,1.0,1.0,1.0,1.0,1.0,1.0,0.3179479648080921,0.232142857143117,0.2305555555555555,0.3624272651704072,0.4584837545126353,0.2279999999999999,0.2652760498964095,0.5454545454545455,0.5,0.0,0.0,0.0,0.0,0.0,0.0,0.0,0.0,0.0,0.0,0.0,0.0,0.0,1.0,0.0,1.0,0.66479491788159,343.78
1 RK,402.39,460.59,6,21,5,1,Unfurnished,0,2,2,0,2,Wooden,1,1,0,1,0,Covered,1,Municipal,1292.13,Wakad,411057,Society,4.37,2.05,1.49,2.32,7500.0,2893597.41,7191.027137851339,Broker,22,3,0,1,1,0,0,0,0,0,0,0,0,0,0,0,0,0,0,1,0.0681448370917722,0.0636215461036945,0.2857142857142857,0.894736842105263,0.25,1.0,0.0,0.2,0.4,0.0,0.1111111111111111,1.0,1.0,0.0,1.0,0.0,1.0,0.0564651591850971,1.0,0.5791666666666667,0.1537822111388195,0.4657039711191335,0.6799999999999999,0.0747964325821528,0.1909090909090909,1.0,0.0,0.0,0.0,0.0,0.0,0.0,0.0,0.0,0.0,0.0,0.0,0.0,0.0,0.0,1.0,0.2857142857142857,0.49941637026673824,402.39
1 BHK,511.36,642.45,2,12,0,1,Semi-Furnished,1,2,1,0,2,Not Specified,0,0,0,0,0,Open,0,Municipal,1243.1,Kharadi,411014,Standalone,4.24,1.57,2.29,1.66,28953.82,8576738.34,16772.407579787232,Owner,1,2,1,1,1,0,0,0,0,0,1,0,0,0,0,0,0,0,0,0,0.1202955702745128,0.1341974542067681,0.0952380952380952,0.4210526315789473,0.0,1.0,1.0,0.2,0.2,0.0,0.1111111111111111,0.0,0.0,0.0,0.0,0.0,0.0,0.0508396400034879,0.232142857143117,0.5611111111111111,0.113881961762261,0.7545126353790614,0.416,0.3707261961091475,0.0,0.5,0.0,0.0,0.0,0.0,0.0,1.0,0.0,0.0,0.0,0.0,0.0,0.0,0.0,0.0,0.0,0.16666666666666666,0.5888676304457172,511.36
2 BHK,656.41,806.58,8,10,7,1,Unfurnished,0,3,1,1,3,Not Specified,1,1,0,1,0,Bike,1,Corporation + Borewell,1783.39,Kharadi,411014,Standalone,4.49,2.39,1.9,1.82,26321.81,5020880.08,7648.99998476562,Broker,12,2,0,2,2,0,0,0,0,0,1,0,0,0,0,0,0,0,0,0,0.1897134270071595,0.1978927351754114,0.3809523809523809,0.3157894736842105,0.35,1.0,0.0,0.4000000000000001,0.2,0.2,0.2222222222222222,1.0,1.0,0.0,1.0,0.0,1.0,0.1128304978177162,0.232142857143117,0.5958333333333333,0.1820448877805486,0.6137184115523465,0.4800000000000001,0.0889377431473975,0.0999999999999999,0.5,0.0,0.0,0.0,0.0,0.0,1.0,0.0,0.0,0.0,0.0,0.0,0.0,0.0,0.0,0.0,0.8,0.5381629380811719,328.205
2 BHK,470.15,541.94,11,14,8,1,Unfurnished,0,2,2,1,2,Ceramic,1,1,0,1,0,Bike,0,Tanker,2662.0,Kharadi,411014,Society,4.04,1.49,2.06,2.06,10371.79,3881798.47,8256.51062426885,Broker,17,2,0,2,2,0,0,0,0,0,1,0,0,0,0,0,0,0,0,0,0.1005733374172058,0.0951917106488668,0.5238095238095237,0.5263157894736842,0.4,1.0,0.0,0.2,0.4,0.2,0.1111111111111111,1.0,1.0,0.0,1.0,0.0,0.0,0.2136389295565214,0.232142857143117,0.5333333333333333,0.1072319201995012,0.6714801444043321,0.5760000000000001,0.1077017111893822,0.1454545454545454,0.5,0.0,0.0,0.0,0.0,0.0,1.0,0.0,0.0,0.0,0.0,0.0,0.0,0.0,0.0,0.0,0.7857142857142857,0.5573220273547339,235.075
3 BHK,929.71,1031.9,10,17,16,1,Semi-Furnished,1,3,4,2,3,Ceramic,0,0,0,0,0,Covered,1,Corporation + Borewell,3011.23,Hadapsar,411028,Standalone,4.6,1.26,2.1,2.14,17879.4,9576135.1,10300.131331275343,Owner,40,3,1,3,3,0,0,1,0,0,0,0,0,0,0,0,0,0,0,0,0.3205090164248249,0.2853345234399256,0.4761904761904761,0.6842105263157894,0.8,1.0,1.0,0.4000000000000001,0.8,0.4,0.2222222222222222,0.0,0.0,0.0,0.0,0.0,1.0,0.2537082761564268,0.482142857143117,0.611111111111111,0.0881130507065669,0.6859205776173286,0.6080000000000001,0.1708215092712589,0.3545454545454545,1.0,0.0,0.0,1.0,0.0,0.0,0.0,0.0,0.0,0.0,0.0,0.0,0.0,0.0,0.0,0.0,0.5882352941176471,0.52981853165827,309.90333333333336
2 BHK,486.06,592.85,6,9,7,1,Unfurnished,1,2,2,1,2,Vitrified,1,0,0,1,0,Covered,1,Corporation + Borewell,1588.39,Magarpatta,411013,Society,5.83,1.78,2.25,1.81,13494.4,3261498.24,6710.073324280954,Owner,14,3,0,2,2,0,0,0,0,0,0,0,0,1,0,0,0,0,0,0,0.1081875263218346,0.1149487736727724,0.2857142857142857,0.2631578947368421,0.35,1.0,1.0,0.2,0.4,0.2,0.1111111111111111,1.0,0.0,0.0,1.0,0.0,1.0,0.0904569257105617,0.214285714286234,0.7819444444444444,0.1313383208645054,0.740072202166065,0.4760000000000001,0.0599379568761991,0.1181818181818181,1.0,0.0,0.0,0.0,0.0,0.0,0.0,0.0,0.0,1.0,0.0,0.0,0.0,0.0,0.0,0.0,0.6666666666666666,0.49549673738144717,243.03
1 BHK,385.31,457.1,8,12,7,1,Fully Furnished,1,1,1,0,1,Granite,1,1,0,0,0,Bike,0,Corporation + Borewell,800.0,Wakad,411057,Society,5.78,2.99,1.82,1.95,16881.73,2800000.0,7266.876021904441,Broker,5,3,2,1,1,0,0,0,0,0,0,0,0,0,0,0,0,0,0,1,0.0599707109766836,0.0622671530580565,0.3809523809523809,0.4210526315789473,0.35,1.0,1.0,0.0,0.2,0.0,0.0,1.0,1.0,0.0,0.0,0.0,0.0,0.0,1.0,0.775,0.2319201995012468,0.5848375451263538,0.532,0.0771372571305734,0.0363636363636363,1.0,0.0,0.0,0.0,0.0,0.0,0.0,0.0,0.0,0.0,0.0,0.0,0.0,0.0,0.0,1.0,0.6666666666666666,0.44981271132129674,385.31
3 BHK,924.49,1155.59,10,18,15,1,Semi-Furnished,1,3,2,2,5,Ceramic,1,1,0,1,0,Open,0,Borewell,2511.45,Hinjewadi,411057,Society,6.08,0.94,2.17,2.4,25358.51,7346577.64,7946.627481097686,Broker,33,3,1,3,3,0,0,0,1,0,0,0,0,0,0,0,0,0,0,0,0.3180108350243118,0.3333359205215772,0.4761904761904761,0.7368421052631579,0.75,1.0,1.0,0.4000000000000001,0.4,0.4,0.4444444444444445,1.0,1.0,0.0,1.0,0.0,0.0,0.1963653845271259,1.0,0.8166666666666667,0.0615128844555278,0.7111913357400722,0.712,0.0981317878970197,0.2909090909090909,1.0,0.0,0.0,0.0,1.0,0.0,0.0,0.0,0.0,0.0,0.0,0.0,0.0,0.0,0.0,0.0,0.5555555555555556,0.4440958097540273,308.16333333333336
4 BHK,1582.34,1778.64,15,20,13,1,Semi-Furnished,1,4,4,3,7,Vitrified,1,1,0,0,0,Stilt,0,Corporation + Borewell,4593.64,Hadapsar,411028,Society,5.8,1.76,2.05,2.19,56183.9,17218760.07,10881.83327856213,Owner,20,3,1,4,4,0,0,1,0,0,0,0,0,0,0,0,0,0,0,0,0.632843906734561,0.5751280658180691,0.7142857142857142,0.8421052631578947,0.65,1.0,1.0,0.6000000000000001,0.8,0.6000000000000001,0.6666666666666665,1.0,1.0,0.0,0.0,0.0,0.0,0.4352680927619773,0.482142857143117,0.7777777777777778,0.1296758104738154,0.667870036101083,0.628,0.1887886271569004,0.1727272727272727,1.0,0.0,0.0,1.0,0.0,0.0,0.0,0.0,0.0,0.0,0.0,0.0,0.0,0.0,0.0,0.0,0.75,0.45679490579327053,395.585
1 BHK,364.17,452.19,10,16,7,1,Unfurnished,1,2,2,0,2,Granite,1,1,0,1,1,Covered,1,Municipal,1498.33,Kothrud,411038,Society,1.41,7.34,0.93,1.65,16289.51,3679237.19,10103.076008457589,Not Specified,27,2,0,1,1,0,0,0,0,0,0,0,1,0,0,0,0,0,0,0,0.0498535548834182,0.0603616889164855,0.4761904761904761,0.631578947368421,0.35,1.0,1.0,0.2,0.4,0.0,0.1111111111111111,1.0,1.0,0.0,1.0,1.0,1.0,0.0801237774850728,0.6607142857146755,0.1680555555555555,0.5935162094763091,0.2635379061371841,0.412,0.1647364155579742,0.2363636363636363,0.5,0.0,0.0,0.0,0.0,0.0,0.0,0.0,1.0,0.0,0.0,0.0,0.0,0.0,0.0,0.0,0.625,0.560149924438559,364.17
4 BHK,1648.21,804.04,0,17,13,1,Semi-Furnished,1,4,3,2,6,Granite,1,1,1,1,1,Stilt,1,Municipal,5866.43,Viman Nagar,411014,Society,2.24,6.33,2.34,1.42,42552.72,14007772.82,8498.779172556895,Broker,7,2,1,4,4,0,0,0,0,0,0,0,0,0,0,0,0,0,1,0,0.6643678931046366,0.1969070164545172,0.0,0.6842105263157894,0.65,1.0,1.0,0.6000000000000001,0.6000000000000001,0.4,0.5555555555555556,1.0,1.0,1.0,1.0,1.0,1.0,0.5813032663120552,0.232142857143117,0.2833333333333334,0.5095594347464671,0.7725631768953068,0.3199999999999999,0.115185616669364,0.0545454545454545,0.5,0.0,0.0,0.0,0.0,0.0,0.0,0.0,0.0,0.0,0.0,0.0,0.0,0.0,1.0,0.0,0.0,0.5748631233913326,412.0525
4 BHK,1317.85,1467.53,9,17,15,1,Semi-Furnished,1,4,3,2,7,Vitrified,0,0,0,0,1,Covered,1,Corporation + Borewell,5187.72,Shivajinagar,411005,Society,1.09,7.28,1.21,1.26,52313.72,12925144.17,9807.750631710742,Broker,20,2,1,4,4,0,0,0,0,0,0,0,0,0,0,0,0,1,0,0,0.506264596653777,0.4543930456380007,0.4285714285714285,0.6842105263157894,0.75,1.0,1.0,0.6000000000000001,0.6000000000000001,0.4,0.6666666666666665,0.0,0.0,0.0,0.0,1.0,1.0,0.5034306143897638,0.071428571429351,0.1236111111111111,0.5885286783042394,0.3646209386281588,0.256,0.1556134078377934,0.1727272727272727,0.5,0.0,0.0,0.0,0.0,0.0,0.0,0.0,0.0,0.0,0.0,0.0,0.0,1.0,0.0,0.0,0.5294117647058824,0.6178663284959278,329.4625
3 BHK,752.56,962.85,6,10,9,1,Unfurnished,1,3,2,1,3,Vitrified,1,1,0,0,0,Covered,0,Municipal,800.0,Wakad,411057,Society,4.52,3.08,2.05,2.07,20235.37,8613765.47,11445.95177793133,Owner,22,3,0,3,3,0,0,0,0,0,0,0,0,0,0,0,0,0,0,1,0.2357287798154599,0.2585377212045949,0.2857142857142857,0.3157894736842105,0.45,1.0,1.0,0.4000000000000001,0.4,0.2,0.2222222222222222,1.0,1.0,0.0,0.0,0.0,0.0,0.0,1.0,0.6,0.2394014962593516,0.667870036101083,0.58,0.2062115396256904,0.1909090909090909,1.0,0.0,0.0,0.0,0.0,0.0,0.0,0.0,0.0,0.0,0.0,0.0,0.0,0.0,0.0,1.0,0.6,0.49129597079310905,250.85333333333332
2 BHK,638.14,799.71,6,9,11,1,Semi-Furnished,1,3,1,1,3,Ceramic,1,1,0,0,0,Covered,1,Borewell,1115.35,Hinjewadi,411057,Society,5.31,1.44,2.53,2.74,7500.0,6166998.96,9664.02193875952,Owner,13,3,1,2,2,0,0,0,1,0,0,0,0,0,0,0,0,0,0,0,0.1809697921053639,0.1952266376901584,0.2857142857142857,0.2631578947368421,0.55,1.0,1.0,0.4000000000000001,0.2,0.2,0.2222222222222222,1.0,1.0,0.0,0.0,0.0,1.0,0.0361820818666213,1.0,0.7097222222222221,0.1030756442227763,0.8411552346570397,0.8480000000000001,0.1511723580711037,0.109090909090909,1.0,0.0,0.0,0.0,1.0,0.0,0.0,0.0,0.0,0.0,0.0,0.0,0.0,0.0,0.0,0.0,0.6666666666666666,0.4288280166448605,319.07
1 BHK,477.51,586.52,5,13,8,1,Semi-Furnished,1,2,0,0,2,Marble,1,1,1,1,1,Bike,1,Borewell,1751.5,Aundh,411007,Society,2.9,2.11,1.88,1.45,20724.04,7909868.48,16564.82268434169,Broker,4,2,1,1,1,1,0,0,0,0,0,0,0,0,0,0,0,0,0,0,0.1040956774761667,0.1124922384352685,0.238095238095238,0.4736842105263157,0.4,1.0,1.0,0.2,0.0,0.0,0.1111111111111111,1.0,1.0,1.0,1.0,1.0,1.0,0.1091715582561923,0.107142857143117,0.375,0.1587697423108894,0.6064981949458483,0.3319999999999999,0.3643090814973864,0.0272727272727272,0.5,1.0,0.0,0.0,0.0,0.0,0.0,0.0,0.0,0.0,0.0,0.0,0.0,0.0,0.0,0.0,0.38461538461538464,0.6569459814553846,477.51
2 BHK,367.68,407.45,8,15,12,1,Fully Furnished,1,2,1,0,4,Vitrified,1,0,0,1,0,Covered,0,Municipal,1830.09,Aundh,411007,Society,2.59,4.99,0.75,1.86,17552.13,6657630.32,18107.132071366406,Broker,14,2,2,2,2,1,0,0,0,0,0,0,0,0,0,0,0,0,0,0,0.0515333665147976,0.0429990686122322,0.3809523809523809,0.5789473684210527,0.6000000000000001,1.0,1.0,0.2,0.2,0.0,0.3333333333333333,1.0,0.0,0.0,1.0,0.0,0.0,0.1181886814967116,0.107142857143117,0.3319444444444444,0.398171238570241,0.1985559566787003,0.4960000000000001,0.4119406451644786,0.1181818181818181,0.5,1.0,0.0,0.0,0.0,0.0,0.0,0.0,0.0,0.0,0.0,0.0,0.0,0.0,0.0,0.0,0.5333333333333333,0.5486110237541146,183.84
3 BHK,406.13,453.02,11,11,5,1,Semi-Furnished,1,4,3,2,4,Granite,0,1,1,0,0,Covered,0,Municipal,1324.33,Kothrud,411038,Society,1.44,7.92,1.16,1.86,9816.64,5259910.43,12951.297441705858,Owner,67,2,1,3,3,0,0,0,0,0,0,0,1,0,0,0,0,0,0,0,0.0699347218499942,0.0606837938528407,0.5238095238095237,0.368421052631579,0.25,1.0,1.0,0.6000000000000001,0.6000000000000001,0.4,0.3333333333333333,0.0,1.0,1.0,0.0,0.0,0.0,0.060159666989458,0.6607142857146755,0.1722222222222222,0.6417290108063175,0.3465703971119133,0.4960000000000001,0.2527006425453741,0.6,0.5,0.0,0.0,0.0,0.0,0.0,0.0,0.0,1.0,0.0,0.0,0.0,0.0,0.0,0.0,0.0,1.0,0.5205545535471947,135.37666666666667
2 BHK,529.07,617.65,0,11,7,1,Fully Furnished,0,3,1,2,4,Granite,0,1,0,1,1,Covered,1,Borewell,3048.28,Koregaon Park,411001,Standalone,3.02,4.89,1.27,0.62,30454.87,15036246.49,28420.145708507378,Broker,40,1,2,2,2,0,0,0,0,0,0,1,0,0,0,0,0,0,0,0,0.1287712010413875,0.1245731139397702,0.0,0.368421052631579,0.35,1.0,0.0,0.4000000000000001,0.2,0.4,0.3333333333333333,0.0,1.0,0.0,1.0,1.0,1.0,0.2579592548567862,0.0,0.3916666666666666,0.3898586866167913,0.3862815884476534,0.0,0.7304641991903014,0.3545454545454545,0.0,0.0,0.0,0.0,0.0,0.0,0.0,1.0,0.0,0.0,0.0,0.0,0.0,0.0,0.0,0.0,0.0,0.6644458251571908,264.535
2 BHK,631.16,791.77,8,18,7,1,Unfurnished,0,2,2,0,2,Vitrified,0,1,0,0,0,Not Specified,0,Municipal,2285.7,Wakad,411057,Standalone,5.43,3.63,2.46,2.72,7500.0,4472972.27,7086.90707586032,Owner,40,3,0,2,2,0,0,0,0,0,0,0,0,0,0,0,0,0,0,1,0.1776293119950993,0.1921452964917727,0.3809523809523809,0.7368421052631579,0.35,1.0,0.0,0.2,0.4,0.0,0.1111111111111111,0.0,1.0,0.0,0.0,0.0,0.0,0.170463672203074,1.0,0.7263888888888889,0.285120532003325,0.8158844765342961,0.8400000000000001,0.071578455148455,0.3545454545454545,1.0,0.0,0.0,0.0,0.0,0.0,0.0,0.0,0.0,0.0,0.0,0.0,0.0,0.0,0.0,1.0,0.4444444444444444,0.36587007474170197,315.58
4 BHK,1194.3,1324.07,4,14,15,1,Fully Furnished,1,3,4,3,5,Marble,1,1,0,0,0,Stilt,1,Corporation + Borewell,4802.81,Kothrud,411038,Society,2.15,7.35,1.38,1.41,52139.25,11400990.54,9546.169756342628,Broker,46,2,2,4,4,0,0,0,0,0,0,0,1,0,0,0,0,0,0,0,0.4471361843868448,0.3987193418193108,0.1904761904761904,0.5263157894736842,0.75,1.0,1.0,0.4000000000000001,0.8,0.6000000000000001,0.4444444444444445,1.0,1.0,0.0,0.0,0.0,1.0,0.4592674777755851,0.6607142857146755,0.2708333333333333,0.5943474646716541,0.4259927797833934,0.3159999999999999,0.1475349533070517,0.409090909090909,0.5,0.0,0.0,0.0,0.0,0.0,0.0,0.0,1.0,0.0,0.0,0.0,0.0,0.0,0.0,0.0,0.2857142857142857,0.5521850629168701,298.575
2 BHK,545.06,689.26,11,14,6,1,Semi-Furnished,1,3,2,1,2,Wooden,1,1,0,1,0,Covered,1,Borewell,2690.01,Kothrud,411038,Society,1.44,6.26,0.99,1.11,19474.43,10005939.18,18357.500421971894,Broker,29,2,1,2,2,0,0,0,0,0,0,0,1,0,0,0,0,0,0,0,0.136423676251005,0.1523633964607265,0.5238095238095237,0.5263157894736842,0.3,1.0,1.0,0.4000000000000001,0.4,0.2,0.1111111111111111,1.0,1.0,0.0,1.0,0.0,1.0,0.2168526924012465,0.6607142857146755,0.1722222222222222,0.5037406483790523,0.2851985559566787,0.196,0.419678430810551,0.2545454545454545,0.5,0.0,0.0,0.0,0.0,0.0,0.0,0.0,1.0,0.0,0.0,0.0,0.0,0.0,0.0,0.0,0.7857142857142857,0.645926694352696,272.53
3 BHK,1014.54,1292.44,10,11,19,1,Semi-Furnished,1,4,4,3,6,Marble,0,0,1,1,1,Covered,1,Municipal,4987.91,Kalyani Nagar,411006,Society,2.79,5.78,1.4,2.09,65736.86,14953483.37,14739.175754529146,Owner,19,1,1,3,3,0,0,0,0,1,0,0,0,0,0,0,0,0,0,0,0.3611068570772234,0.3864444271965229,0.4761904761904761,0.368421052631579,0.95,1.0,1.0,0.6000000000000001,0.8,0.6000000000000001,0.5555555555555556,0.0,0.0,1.0,1.0,1.0,1.0,0.4805051608372994,0.089285714286234,0.3597222222222222,0.4638403990024937,0.4332129963898916,0.588,0.307926373516407,0.1636363636363636,0.0,0.0,0.0,0.0,0.0,1.0,0.0,0.0,0.0,0.0,0.0,0.0,0.0,0.0,0.0,0.0,0.9090909090909091,0.49349761265133296,338.18
3 BHK,840.55,1038.87,3,9,12,1,Semi-Furnished,1,3,3,1,4,Marble,1,1,1,1,0,Covered,0,Tanker,2204.35,Aundh,411007,Society,3.2,5.02,0.77,1.4,37512.25,8408295.84,10003.326203081317,Owner,40,2,1,3,3,1,0,0,0,0,0,0,0,0,0,0,0,0,0,0,0.2778389295149125,0.2880394287488357,0.1428571428571428,0.2631578947368421,0.6000000000000001,1.0,1.0,0.4000000000000001,0.6000000000000001,0.2,0.3333333333333333,1.0,1.0,1.0,1.0,0.0,0.0,0.161129876865038,0.107142857143117,0.4166666666666667,0.4006650041562759,0.2057761732851985,0.3119999999999999,0.1616527907669158,0.3545454545454545,0.5,1.0,0.0,0.0,0.0,0.0,0.0,0.0,0.0,0.0,0.0,0.0,0.0,0.0,0.0,0.0,0.3333333333333333,0.5694611839337924,280.18333333333334
1 BHK,534.32,627.83,9,12,7,1,Unfurnished,0,1,0,0,2,Vitrified,1,1,0,1,0,Covered,1,Corporation + Borewell,2600.5,Viman Nagar,411014,Society,1.51,4.81,1.48,1.55,19593.31,5170975.7,9677.675737385836,Broker,12,2,0,1,1,0,0,0,0,0,0,0,0,0,0,0,0,0,1,0,0.1312837398062713,0.1285237503880782,0.4285714285714285,0.4210526315789473,0.35,1.0,0.0,0.0,0.0,0.0,0.1111111111111111,1.0,1.0,0.0,1.0,0.0,1.0,0.2065826491227265,0.232142857143117,0.1819444444444444,0.3832086450540315,0.4620938628158845,0.3720000000000001,0.1515958005379047,0.0999999999999999,0.5,0.0,0.0,0.0,0.0,0.0,0.0,0.0,0.0,0.0,0.0,0.0,0.0,0.0,1.0,0.0,0.75,0.6352852994512848,534.32
1 BHK,496.54,633.18,0,11,4,1,Semi-Furnished,1,1,1,1,2,Ceramic,0,1,0,1,1,Covered,1,Tanker,1390.58,Baner,411045,Standalone,4.14,3.34,1.85,1.91,35457.0,11332553.5,22823.04245378016,Owner,23,1,1,1,1,0,1,0,0,0,0,0,0,0,0,0,0,0,0,0,0.1132030322753551,0.1305999689537411,0.0,0.368421052631579,0.2,1.0,1.0,0.0,0.2,0.2,0.1111111111111111,0.0,1.0,0.0,1.0,1.0,1.0,0.0677609446925297,0.7857142857146755,0.5472222222222222,0.2610141313383208,0.5956678700361011,0.516,0.5576020740341744,0.1999999999999999,0.0,0.0,1.0,0.0,0.0,0.0,0.0,0.0,0.0,0.0,0.0,0.0,0.0,0.0,0.0,0.0,0.0,0.5184207054403294,496.54
4 BHK,1162.94,1466.8,9,11,7,1,Unfurnished,1,4,3,2,8,Vitrified,0,0,1,0,0,Covered,1,Corporation + Borewell,4402.2,Aundh,411007,Standalone,2.83,4.0,1.61,1.97,53153.2,10976184.68,9438.30694618811,Builder,27,2,0,4,4,1,0,0,0,0,0,0,0,0,0,0,0,0,0,0,0.4321279528312723,0.4541097485253028,0.4285714285714285,0.368421052631579,0.35,1.0,1.0,0.6000000000000001,0.6000000000000001,0.4,0.7777777777777777,0.0,0.0,1.0,0.0,0.0,1.0,0.4133029817661124,0.107142857143117,0.3652777777777778,0.3158769742310889,0.5090252707581228,0.54,0.1442039343395471,0.2363636363636363,0.5,1.0,0.0,0.0,0.0,0.0,0.0,0.0,0.0,0.0,0.0,0.0,0.0,0.0,0.0,0.0,0.8181818181818182,0.5530309052999158,290.735
2 BHK,577.6,649.47,8,10,9,1,Unfurnished,0,2,1,1,4,Ceramic,1,1,1,1,0,Covered,0,Borewell,1953.53,Kharadi,411014,Society,3.95,1.74,1.74,2.03,20938.79,7305207.71,12647.520273545706,Broker,36,2,0,2,2,0,0,0,0,0,1,0,0,0,0,0,0,0,0,0,0.151996630805161,0.136921763427507,0.3809523809523809,0.3157894736842105,0.45,1.0,0.0,0.2,0.2,0.2,0.3333333333333333,1.0,1.0,1.0,1.0,0.0,0.0,0.1323517263218765,0.232142857143117,0.5208333333333334,0.1280133000831255,0.555956678700361,0.564,0.2433212838059046,0.3181818181818182,0.5,0.0,0.0,0.0,0.0,0.0,1.0,0.0,0.0,0.0,0.0,0.0,0.0,0.0,0.0,0.0,0.8,0.5577673638793834,288.8
1 BHK,487.71,601.32,7,14,10,1,Unfurnished,1,1,1,0,1,Granite,1,1,0,1,0,Not Specified,0,Municipal,800.0,Wakad,411057,Society,4.51,2.41,1.91,2.07,12832.45,3617281.92,7416.870517315618,Broker,41,3,0,1,1,0,0,0,0,0,0,0,0,0,0,0,0,0,0,1,0.1089771813622267,0.1182357963365415,0.3333333333333333,0.5263157894736842,0.5,1.0,1.0,0.0,0.2,0.0,0.0,1.0,1.0,0.0,1.0,0.0,0.0,0.0,1.0,0.5986111111111111,0.1837073981712385,0.6173285198555957,0.58,0.081771342303354,0.3636363636363636,1.0,0.0,0.0,0.0,0.0,0.0,0.0,0.0,0.0,0.0,0.0,0.0,0.0,0.0,0.0,1.0,0.5,0.5100075278121068,487.71
2 BHK,731.3,911.58,9,18,8,1,Semi-Furnished,1,3,0,1,3,Vitrified,0,1,0,0,0,Open,0,Municipal,2928.21,Wakad,411057,Standalone,4.16,1.78,1.54,1.79,26573.66,5085705.53,6954.335471078902,Not Specified,29,3,1,2,2,0,0,0,0,0,0,0,0,0,0,0,0,0,0,1,0.2255541942647115,0.2386409500155232,0.4285714285714285,0.7368421052631579,0.4,1.0,1.0,0.4000000000000001,0.0,0.2,0.2222222222222222,0.0,1.0,0.0,0.0,0.0,0.0,0.2441828712521398,1.0,0.55,0.1313383208645054,0.483754512635379,0.4680000000000001,0.0674830159728305,0.2545454545454545,1.0,0.0,0.0,0.0,0.0,0.0,0.0,0.0,0.0,0.0,0.0,0.0,0.0,0.0,0.0,1.0,0.5,0.5728587147434245,365.65
3 BHK,1029.7,1225.14,9,13,4,1,Unfurnished,1,3,2,2,5,Vitrified,1,1,0,0,0,Covered,1,Corporation + Borewell,2309.04,Hinjewadi,411057,Society,6.43,0.75,2.37,2.77,17857.7,7375770.44,7163.028493736039,Broker,13,3,0,3,3,0,0,0,1,0,0,0,0,0,0,0,0,0,0,0,0.3683621118725832,0.3603267618751941,0.4285714285714285,0.4736842105263157,0.2,1.0,1.0,0.4000000000000001,0.4,0.4,0.4444444444444445,1.0,1.0,0.0,0.0,0.0,1.0,0.1731416166798995,1.0,0.8652777777777778,0.0457190357439733,0.7833935018050542,0.8600000000000001,0.0739303985362666,0.109090909090909,1.0,0.0,0.0,0.0,1.0,0.0,0.0,0.0,0.0,0.0,0.0,0.0,0.0,0.0,0.0,0.0,0.6923076923076923,0.3939786522165917,343.23333333333335
1 RK,396.54,478.71,12,13,13,1,Unfurnished,1,1,0,0,1,Wooden,0,0,0,0,0,Bike,0,Corporation + Borewell,800.0,Magarpatta,411013,Standalone,5.05,0.57,2.07,1.82,12969.72,2822279.24,7117.2624199324155,Owner,49,3,0,1,1,0,0,0,0,0,0,0,0,1,0,0,0,0,0,0,0.0653451510394732,0.070653523750388,0.5714285714285714,0.4736842105263157,0.65,1.0,1.0,0.0,0.0,0.0,0.0,0.0,0.0,0.0,0.0,0.0,0.0,0.0,0.214285714286234,0.6736111111111112,0.0307564422277639,0.6750902527075812,0.4800000000000001,0.0725136730838842,0.4363636363636363,1.0,0.0,0.0,0.0,0.0,0.0,0.0,0.0,0.0,1.0,0.0,0.0,0.0,0.0,0.0,0.0,0.9230769230769231,0.5625425098033439,396.54
2 BHK,524.41,586.82,0,10,0,1,Fully Furnished,1,2,2,2,3,Wooden,1,1,1,1,0,Open,1,Municipal,1983.3,Kalyani Nagar,411006,Standalone,1.74,5.13,1.14,1.64,26338.07,15769442.7,30070.82759672775,Broker,10,1,2,2,2,0,0,0,0,1,0,0,0,0,0,0,0,0,0,0,0.1265410237757954,0.1126086619062403,0.0,0.3157894736842105,0.0,1.0,1.0,0.2,0.4,0.4,0.2222222222222222,1.0,1.0,1.0,1.0,0.0,1.0,0.1357674249969021,0.089285714286234,0.2138888888888888,0.4098088113050706,0.3393501805054151,0.408,0.7814462397938321,0.0818181818181818,0.0,0.0,0.0,0.0,0.0,1.0,0.0,0.0,0.0,0.0,0.0,0.0,0.0,0.0,0.0,0.0,0.0,0.6065878319353382,262.205
1 BHK,419.57,454.38,7,8,8,1,Semi-Furnished,1,2,1,0,1,Ceramic,1,1,0,0,0,Bike,0,Corporation + Borewell,986.83,Hinjewadi,411057,Society,7.02,1.11,2.38,2.63,10977.77,2806197.67,6688.270538885049,Broker,18,3,1,1,1,0,0,0,1,0,0,0,0,0,0,0,0,0,0,0,0.0763668210880968,0.0612115802545793,0.3333333333333333,0.2105263157894736,0.4,1.0,1.0,0.2,0.2,0.0,0.0,1.0,1.0,0.0,0.0,0.0,0.0,0.0214361768039983,1.0,0.9472222222222222,0.0756442227763923,0.7870036101083032,0.804,0.0592674290896018,0.1545454545454545,1.0,0.0,0.0,0.0,1.0,0.0,0.0,0.0,0.0,0.0,0.0,0.0,0.0,0.0,0.0,0.0,0.875,0.37254740273955333,419.57
1 RK,436.03,523.64,13,13,13,1,Semi-Furnished,1,1,1,0,1,Vitrified,1,1,0,0,0,Covered,0,Municipal,1493.04,Nigdi,411044,Society,4.26,10.46,1.18,2.38,7500.0,3128929.42,7175.94986583492,Owner,25,3,1,1,1,0,0,0,0,0,0,0,0,0,1,0,0,0,0,0,0.0842442283395229,0.0880898789195902,0.6190476190476191,0.4736842105263157,0.65,1.0,1.0,0.0,0.2,0.0,0.0,1.0,1.0,0.0,0.0,0.0,0.0,0.0795168226314992,0.7678571428577925,0.5638888888888889,0.8528678304239401,0.3537906137184115,0.704,0.0743272793311894,0.2181818181818181,1.0,0.0,0.0,0.0,0.0,0.0,0.0,0.0,0.0,0.0,1.0,0.0,0.0,0.0,0.0,0.0,1.0,0.26874329830176114,436.03
2 BHK,625.37,752.35,2,11,13,1,Fully Furnished,1,2,3,1,4,Marble,1,1,0,0,0,Covered,1,Municipal,2113.82,Kharadi,411014,Society,3.81,1.75,1.73,1.72,24877.96,11240316.6,17973.866031309462,Owner,42,2,2,2,2,0,0,0,0,0,1,0,0,0,0,0,0,0,0,0,0.1748583406715417,0.1768472524060851,0.0952380952380952,0.368421052631579,0.65,1.0,1.0,0.2,0.6000000000000001,0.2,0.3333333333333333,1.0,1.0,0.0,0.0,0.0,1.0,0.1507428025939575,0.232142857143117,0.5013888888888889,0.1288445552784704,0.5523465703971119,0.44,0.4078282188731179,0.3727272727272727,0.5,0.0,0.0,0.0,0.0,0.0,1.0,0.0,0.0,0.0,0.0,0.0,0.0,0.0,0.0,0.0,0.18181818181818182,0.5969207744759666,312.685
2 BHK,596.59,737.3,6,14,9,1,Semi-Furnished,1,1,2,0,3,Wooden,1,1,0,0,1,Covered,0,Tanker,2161.13,Hinjewadi,411057,Society,6.12,1.18,2.36,2.61,15203.84,4098286.78,6869.519737172932,Broker,22,3,1,2,2,0,0,0,1,0,0,0,0,0,0,0,0,0,0,0,0.161084842451855,0.171006674945669,0.2857142857142857,0.5263157894736842,0.45,1.0,1.0,0.0,0.4,0.0,0.2222222222222222,1.0,1.0,0.0,0.0,1.0,0.0,0.1561709753959548,1.0,0.8222222222222223,0.0814630091438071,0.779783393501805,0.796,0.0648657647228876,0.1909090909090909,1.0,0.0,0.0,0.0,1.0,0.0,0.0,0.0,0.0,0.0,0.0,0.0,0.0,0.0,0.0,0.0,0.42857142857142855,0.41331681861117675,298.295
2 BHK,600.94,677.11,7,18,9,1,Fully Furnished,1,2,2,1,2,Marble,0,1,0,1,0,Covered,0,Tanker,2363.11,Aundh,411007,Standalone,3.06,3.86,1.85,1.39,32542.73,5104184.46,8493.667354477984,Broker,32,2,2,2,2,1,0,0,0,0,0,0,0,0,0,0,0,0,0,0,0.1631666602856158,0.1476482458863707,0.3333333333333333,0.7368421052631579,0.45,1.0,1.0,0.2,0.4,0.2,0.1111111111111111,0.0,1.0,0.0,1.0,0.0,0.0,0.1793454066482783,0.107142857143117,0.3972222222222222,0.3042394014962593,0.5956678700361011,0.3079999999999999,0.1150280997779938,0.2818181818181818,0.5,1.0,0.0,0.0,0.0,0.0,0.0,0.0,0.0,0.0,0.0,0.0,0.0,0.0,0.0,0.0,0.3888888888888889,0.6084521105167058,300.47
2 BHK,487.45,566.38,5,12,11,1,Semi-Furnished,1,3,2,1,2,Vitrified,0,0,0,1,0,Covered,0,Borewell,2195.72,Viman Nagar,411014,Society,2.05,5.26,0.9,1.47,18831.47,6602639.25,13545.26464252744,Broker,39,2,1,2,2,0,0,0,0,0,0,0,0,0,0,0,0,0,1,0,0.1088527508710134,0.1046763427506985,0.238095238095238,0.4210526315789473,0.55,1.0,1.0,0.4000000000000001,0.4,0.2,0.1111111111111111,0.0,0.0,0.0,1.0,0.0,0.0,0.1601397028789624,0.232142857143117,0.2569444444444444,0.4206151288445552,0.2527075812274368,0.3399999999999999,0.2710491983934513,0.3454545454545454,0.5,0.0,0.0,0.0,0.0,0.0,0.0,0.0,0.0,0.0,0.0,0.0,0.0,0.0,1.0,0.0,0.4166666666666667,0.6072430613518105,243.725
4 BHK,1458.42,1844.83,8,13,13,1,Semi-Furnished,1,4,3,3,5,Vitrified,1,1,0,0,0,Open,1,Corporation + Borewell,4025.6,Kharadi,411014,Society,4.36,2.04,1.93,2.3,41839.8,19469158.85,13349.487013343207,Owner,11,2,1,4,4,0,0,0,0,0,1,0,0,0,0,0,0,0,0,0,0.5735384203070563,0.6008149642968024,0.3809523809523809,0.4736842105263157,0.65,1.0,1.0,0.6000000000000001,0.6000000000000001,0.6000000000000001,0.4444444444444445,1.0,1.0,0.0,0.0,0.0,1.0,0.3700933035325002,0.232142857143117,0.5777777777777778,0.1529509559434746,0.6245487364620939,0.6719999999999999,0.2650020940480853,0.0909090909090909,0.5,0.0,0.0,0.0,0.0,0.0,1.0,0.0,0.0,0.0,0.0,0.0,0.0,0.0,0.0,0.0,0.6153846153846154,0.5022761266833222,364.605
2 BHK,653.51,793.86,12,13,1,1,Unfurnished,0,2,2,1,2,Wooden,1,1,0,0,0,Covered,0,Municipal,823.28,Nigdi,411044,Society,3.9,11.48,1.58,2.79,15045.17,4408630.09,6746.079004146838,Broker,5,3,0,2,2,0,0,0,0,0,0,0,0,0,1,0,0,0,0,0,0.1883255484513189,0.1929563800062093,0.5714285714285714,0.4736842105263157,0.05,1.0,0.0,0.2,0.4,0.2,0.1111111111111111,1.0,1.0,0.0,0.0,0.0,0.0,0.0026710603007926,0.7678571428577925,0.5138888888888888,0.9376558603491272,0.4981949458483755,0.8680000000000001,0.0610520028118309,0.0363636363636363,1.0,0.0,0.0,0.0,0.0,0.0,0.0,0.0,0.0,0.0,1.0,0.0,0.0,0.0,0.0,0.0,0.9230769230769231,0.21335560511766571,326.755
3 BHK,916.35,1053.93,1,10,4,1,Semi-Furnished,1,4,3,2,3,Not Specified,1,1,0,0,0,Open,0,Corporation + Borewell,2018.11,Nigdi,411044,Society,3.33,10.96,1.25,2.65,25934.1,6885591.24,7514.149877230316,Owner,5,3,1,3,3,0,0,0,0,0,0,0,0,0,1,0,0,0,0,0,0.314115203491711,0.2938838869916176,0.0476190476190476,0.3157894736842105,0.2,1.0,1.0,0.6000000000000001,0.6000000000000001,0.4,0.2222222222222222,1.0,1.0,0.0,0.0,0.0,0.0,0.1397613944586972,0.7678571428577925,0.4347222222222222,0.8944305901911886,0.3790613718411552,0.812,0.0847740466521792,0.0363636363636363,1.0,0.0,0.0,0.0,0.0,0.0,0.0,0.0,0.0,0.0,1.0,0.0,0.0,0.0,0.0,0.0,0.1,0.268161344878434,305.45
1 BHK,440.39,493.21,4,10,6,1,Semi-Furnished,1,1,2,0,1,Vitrified,1,1,1,0,0,Covered,1,Corporation + Borewell,2503.31,Kothrud,411038,Society,2.04,8.12,1.22,1.43,11548.98,4746680.63,10778.356979041304,Owner,38,2,1,1,1,0,0,0,0,0,0,0,1,0,0,0,0,0,0,0,0.0863308319614074,0.0762806581806892,0.1904761904761904,0.3157894736842105,0.3,1.0,1.0,0.0,0.4,0.0,0.0,1.0,1.0,1.0,0.0,0.0,1.0,0.1954314313119862,0.6607142857146755,0.2555555555555555,0.6583541147132168,0.3682310469314079,0.3239999999999999,0.1855897988354869,0.3363636363636363,0.5,0.0,0.0,0.0,0.0,0.0,0.0,0.0,1.0,0.0,0.0,0.0,0.0,0.0,0.0,0.0,0.4,0.5340166208727124,440.39
1 BHK,435.8,489.96,4,13,7,1,Semi-Furnished,1,1,1,1,1,Granite,1,1,1,1,1,Covered,1,Borewell,2580.21,Kalyani Nagar,411006,Society,1.76,5.33,1.48,1.31,31638.7,7453933.23,17104.02301514456,Owner,69,1,1,1,1,0,0,0,0,1,0,0,0,0,0,0,0,0,0,0,0.0841341552126804,0.0750194039118286,0.1904761904761904,0.4736842105263157,0.35,1.0,1.0,0.0,0.2,0.2,0.0,1.0,1.0,1.0,1.0,1.0,1.0,0.2042546502609102,0.089285714286234,0.2166666666666666,0.42643391521197,0.4620938628158845,0.276,0.3809592346285133,0.6181818181818182,0.0,0.0,0.0,0.0,0.0,1.0,0.0,0.0,0.0,0.0,0.0,0.0,0.0,0.0,0.0,0.0,0.3076923076923077,0.6354922647032213,435.8
2 BHK,423.91,474.69,6,9,11,1,Semi-Furnished,1,2,1,0,3,Marble,1,1,1,0,0,Covered,1,Municipal,1692.8,Shivajinagar,411005,Society,0.54,7.4,0.91,1.35,11092.95,4699808.08,11086.806350404566,Broker,27,2,1,2,2,0,0,0,0,0,0,0,0,0,0,0,0,1,0,0,0.078443853133734,0.0690934492393666,0.2857142857142857,0.2631578947368421,0.55,1.0,1.0,0.2,0.2,0.0,0.2222222222222222,1.0,1.0,1.0,0.0,0.0,1.0,0.1024365393706027,0.071428571429351,0.0472222222222222,0.598503740648379,0.2563176895306859,0.292,0.1951186441934332,0.2363636363636363,0.5,0.0,0.0,0.0,0.0,0.0,0.0,0.0,0.0,0.0,0.0,0.0,0.0,1.0,0.0,0.0,0.6666666666666666,0.6297550727027423,211.955
2 BHK,642.98,796.97,7,12,8,1,Unfurnished,0,2,1,0,4,Marble,0,0,0,1,1,Open,0,Tanker,1340.33,Aundh,411007,Standalone,3.77,5.0,1.4,1.31,20175.09,5436376.55,8454.969905751344,Owner,17,2,0,2,2,1,0,0,0,0,0,0,0,0,0,0,0,0,0,0,0.1832861135571806,0.1941633033219497,0.3333333333333333,0.4210526315789473,0.4,1.0,0.0,0.2,0.2,0.0,0.3333333333333333,0.0,0.0,0.0,1.0,1.0,0.0,0.0619954472649168,0.107142857143117,0.4958333333333333,0.399002493765586,0.4332129963898916,0.276,0.113832824543479,0.1454545454545454,0.5,1.0,0.0,0.0,0.0,0.0,0.0,0.0,0.0,0.0,0.0,0.0,0.0,0.0,0.0,0.0,0.5833333333333334,0.5539460005322638,321.49
1 BHK,375.2,453.39,11,13,2,1,Fully Furnished,1,1,2,0,1,Vitrified,1,1,0,0,1,Covered,1,Municipal,800.0,Aundh,411007,Society,2.1,5.76,1.52,0.86,14142.84,4773435.23,12722.375346481878,Builder,29,2,2,1,1,1,0,0,0,0,0,0,0,0,0,0,0,0,0,0,0.0551322791837359,0.0608273828003725,0.5238095238095237,0.4736842105263157,0.1,1.0,1.0,0.0,0.4,0.0,0.0,1.0,1.0,0.0,0.0,1.0,1.0,0.0,0.107142857143117,0.2638888888888889,0.4621778886118037,0.4765342960288808,0.096,0.2456306049760513,0.2545454545454545,0.5,1.0,0.0,0.0,0.0,0.0,0.0,0.0,0.0,0.0,0.0,0.0,0.0,0.0,0.0,0.0,0.8461538461538461,0.6565340578014331,375.2
3 BHK,938.82,1051.15,5,14,10,1,Semi-Furnished,1,3,3,2,4,Vitrified,0,1,1,1,0,Covered,0,Municipal,2430.985,Hadapsar,411028,Standalone,5.44,1.88,2.17,2.01,28616.5,11754301.23,12520.29273982233,Builder,9,3,1,3,3,0,0,1,0,0,0,0,0,0,0,0,0,0,0,0,0.3248688694054137,0.292805029493946,0.238095238095238,0.5263157894736842,0.5,1.0,1.0,0.4000000000000001,0.6000000000000001,0.4,0.3333333333333333,0.0,1.0,1.0,1.0,0.0,0.0,0.1871331307855763,0.482142857143117,0.7277777777777779,0.139650872817955,0.7111913357400722,0.5559999999999999,0.2393929360777923,0.0727272727272727,1.0,0.0,0.0,1.0,0.0,0.0,0.0,0.0,0.0,0.0,0.0,0.0,0.0,0.0,0.0,0.0,0.35714285714285715,0.4889712452876803,312.94
1 BHK,412.96,508.77,0,13,11,1,Semi-Furnished,0,1,2,0,1,Vitrified,0,1,1,1,0,Bike,1,Municipal,800.0,Aundh,411007,Society,4.56,3.07,1.18,1.8,20223.59,6039877.44,14625.817125145295,Owner,32,2,1,1,1,1,0,0,0,0,0,0,0,0,0,0,0,0,0,0,0.0732034151384049,0.0823191555417572,0.0,0.4736842105263157,0.55,1.0,0.0,0.0,0.4,0.0,0.0,0.0,1.0,1.0,1.0,0.0,1.0,0.0,0.107142857143117,0.6055555555555555,0.2385702410640066,0.3537906137184115,0.4720000000000001,0.3044254833915425,0.2818181818181818,0.5,1.0,0.0,0.0,0.0,0.0,0.0,0.0,0.0,0.0,0.0,0.0,0.0,0.0,0.0,0.0,0.0,0.5186128766668423,412.96
2 BHK,688.71,759.83,9,12,11,1,Semi-Furnished,1,2,2,1,3,Vitrified,0,0,1,1,1,Covered,1,Corporation + Borewell,2456.2,Kharadi,411014,Standalone,4.06,1.9,2.13,1.8,28517.18,5937733.66,8621.529613335075,Broker,20,2,1,2,2,0,0,0,0,0,1,0,0,0,0,0,0,0,0,0,0.2051715226463494,0.1797500776156473,0.4285714285714285,0.4210526315789473,0.55,1.0,1.0,0.2,0.4,0.2,0.2222222222222222,0.0,0.0,1.0,1.0,1.0,1.0,0.1900262057634321,0.232142857143117,0.5361111111111111,0.141313383208645,0.6967509025270758,0.4720000000000001,0.1189780674715883,0.1727272727272727,0.5,0.0,0.0,0.0,0.0,0.0,1.0,0.0,0.0,0.0,0.0,0.0,0.0,0.0,0.0,0.0,0.75,0.5730241972269774,344.355
2 BHK,592.35,748.72,1,13,17,1,Fully Furnished,1,2,2,1,4,Wooden,0,0,0,0,0,Covered,1,Municipal,2140.21,Wakad,411057,Standalone,4.28,3.44,2.18,1.67,18213.31,6302564.16,10639.932742466446,Broker,6,3,2,2,2,0,0,0,0,0,0,0,0,0,0,0,0,0,0,1,0.1590556682874536,0.175438528407327,0.0476190476190476,0.4736842105263157,0.8500000000000001,1.0,1.0,0.2,0.4,0.2,0.3333333333333333,0.0,0.0,0.0,0.0,0.0,1.0,0.1537706926857924,1.0,0.5666666666666668,0.2693266832917705,0.7148014440433214,0.42,0.1813176936562079,0.0454545454545454,1.0,0.0,0.0,0.0,0.0,0.0,0.0,0.0,0.0,0.0,0.0,0.0,0.0,0.0,0.0,1.0,0.07692307692307693,0.5350298864812355,296.175
4 BHK,1041.72,1210.15,8,9,12,1,Semi-Furnished,1,3,4,2,7,Vitrified,0,1,0,0,0,Stilt,1,Tanker,2164.27,Wakad,411057,Standalone,4.49,2.7,2.09,2.12,29150.65,7508391.62,7207.686921629613,Owner,50,3,1,4,4,0,0,0,0,0,0,0,0,0,0,0,0,0,0,1,0.3741146291971362,0.3545094691089724,0.3809523809523809,0.2631578947368421,0.6000000000000001,1.0,1.0,0.4000000000000001,0.8,0.4,0.6666666666666665,0.0,1.0,0.0,0.0,0.0,1.0,0.1565312472750136,1.0,0.5958333333333333,0.2078137988362427,0.6823104693140793,0.6000000000000001,0.0753091346207302,0.4454545454545454,1.0,0.0,0.0,0.0,0.0,0.0,0.0,0.0,0.0,0.0,0.0,0.0,0.0,0.0,0.0,1.0,0.8888888888888888,0.4976624873190695,260.43
2 BHK,530.23,633.69,11,14,7,1,Semi-Furnished,1,2,1,1,4,Vitrified,0,0,0,1,0,Covered,0,Municipal,1836.58,Hinjewadi,411057,Society,6.04,1.37,2.76,2.41,11017.38,6481190.1,12223.356090753068,Owner,43,3,1,2,2,0,0,0,1,0,0,0,0,0,0,0,0,0,0,0,0.1293263524637237,0.130797888854393,0.5238095238095237,0.5263157894736842,0.35,1.0,1.0,0.2,0.2,0.2,0.3333333333333333,0.0,0.0,0.0,1.0,0.0,0.0,0.1189333198709446,1.0,0.8111111111111111,0.0972568578553615,0.9241877256317688,0.7160000000000001,0.230219584723703,0.3818181818181818,1.0,0.0,0.0,0.0,1.0,0.0,0.0,0.0,0.0,0.0,0.0,0.0,0.0,0.0,0.0,0.0,0.7857142857142857,0.4331094208240569,265.115
3 BHK,1014.14,1132.78,4,12,7,1,Semi-Furnished,0,3,3,2,5,Marble,1,0,1,1,0,Covered,1,Municipal,4272.68,Kothrud,411038,Society,1.93,7.36,0.67,1.11,32396.62,10683564.53,10534.605212298104,Builder,17,2,1,3,3,0,0,0,0,0,0,0,1,0,0,0,0,0,0,0,0.3609154255522799,0.3244838559453586,0.1904761904761904,0.4210526315789473,0.35,1.0,0.0,0.4000000000000001,0.6000000000000001,0.4,0.4444444444444445,1.0,0.0,1.0,1.0,0.0,1.0,0.3984423404362732,0.6607142857146755,0.2402777777777777,0.5951787198669991,0.1696750902527076,0.196,0.1780641977077895,0.1454545454545454,0.5,0.0,0.0,0.0,0.0,0.0,0.0,0.0,1.0,0.0,0.0,0.0,0.0,0.0,0.0,0.0,0.3333333333333333,0.5938737010486805,338.0466666666667
3 BHK,723.87,843.1,6,7,10,1,Semi-Furnished,1,3,3,2,4,Vitrified,1,0,1,1,0,Covered,1,Borewell,5100.46,Koregaon Park,411001,Standalone,2.68,4.14,1.44,1.53,47066.39,14316252.66,19777.380828049234,Owner,24,1,1,3,3,0,0,0,0,0,0,1,0,0,0,0,0,0,0,0,0.2219983536888854,0.2120653523750388,0.2857142857142857,0.1578947368421052,0.5,1.0,1.0,0.4000000000000001,0.6000000000000001,0.4,0.3333333333333333,1.0,0.0,1.0,1.0,0.0,1.0,0.4934187277124801,0.0,0.3444444444444445,0.3275145469659185,0.4476534296028881,0.3640000000000001,0.4635308245113579,0.209090909090909,0.0,0.0,0.0,0.0,0.0,0.0,0.0,1.0,0.0,0.0,0.0,0.0,0.0,0.0,0.0,0.0,0.8571428571428571,0.6029804554538816,241.29
1 RK,448.79,529.65,0,7,10,1,Semi-Furnished,1,1,1,1,1,Granite,1,1,1,0,1,Bike,1,Tanker,1864.25,Kalyani Nagar,411006,Society,2.2,5.2,2.02,1.69,18052.27,11873628.94,26456.98197375164,Broker,5,1,1,1,1,0,0,0,0,1,0,0,0,0,0,0,0,0,0,0,0.0903508939852214,0.0904222291213908,0.0,0.1578947368421052,0.5,1.0,1.0,0.0,0.2,0.2,0.0,1.0,1.0,1.0,0.0,1.0,1.0,0.1221080723848162,0.089285714286234,0.2777777777777778,0.4156275976724854,0.6570397111913358,0.428,0.6698306971388756,0.0363636363636363,0.0,0.0,0.0,0.0,0.0,1.0,0.0,0.0,0.0,0.0,0.0,0.0,0.0,0.0,0.0,0.0,0.0,0.5786173540670678,448.79
1 BHK,401.22,459.12,4,17,11,1,Semi-Furnished,1,1,0,0,1,Not Specified,1,1,0,0,1,Covered,0,Tanker,800.0,Pimple Saudagar,411027,Society,4.25,5.76,1.66,2.03,7500.0,5161887.8,12865.479786650714,Broker,4,3,1,1,1,0,0,0,0,0,0,0,0,0,0,1,0,0,0,0,0.0675848998813124,0.0630510710959329,0.1904761904761904,0.6842105263157894,0.55,1.0,1.0,0.0,0.0,0.0,0.0,1.0,1.0,0.0,0.0,1.0,0.0,0.0,0.464285714286234,0.5625,0.4621778886118037,0.5270758122743682,0.564,0.2500540499137055,0.0272727272727272,1.0,0.0,0.0,0.0,0.0,0.0,0.0,0.0,0.0,0.0,0.0,1.0,0.0,0.0,0.0,0.0,0.23529411764705882,0.4346872109545863,401.22
4 BHK,1533.52,1888.5,10,14,10,1,Unfurnished,1,4,3,3,7,Ceramic,1,1,0,1,0,Open,1,Tanker,4622.16,Nigdi,411044,Society,2.93,11.67,1.84,2.22,35403.03,11290942.57,7362.761861599458,Owner,9,3,0,4,4,0,0,0,0,0,0,0,0,0,1,0,0,0,0,0,0.6094796891152036,0.6177623408879231,0.4761904761904761,0.5263157894736842,0.5,1.0,1.0,0.6000000000000001,0.6000000000000001,0.6000000000000001,0.6666666666666665,1.0,1.0,0.0,1.0,0.0,1.0,0.4385403711029826,0.7678571428577925,0.3791666666666667,0.9534497090606816,0.5920577617328521,0.6400000000000001,0.0800985746883327,0.0727272727272727,1.0,0.0,0.0,0.0,0.0,0.0,0.0,0.0,0.0,0.0,1.0,0.0,0.0,0.0,0.0,0.0,0.7142857142857143,0.3127682119505505,383.38
1 RK,562.62,615.42,6,13,9,1,Fully Furnished,1,2,1,1,1,Vitrified,1,1,1,1,1,Open,1,Borewell,3024.5,Koregaon Park,411001,Society,3.11,4.72,1.62,1.1,43116.25,16344049.92,29049.891436493548,Owner,37,1,2,1,1,0,0,0,0,0,0,1,0,0,0,0,0,0,0,0,0.1448275201960258,0.1237076994722136,0.2857142857142857,0.4736842105263157,0.45,1.0,1.0,0.2,0.2,0.2,0.0,1.0,1.0,1.0,1.0,1.0,1.0,0.2552308264223855,0.0,0.4041666666666667,0.3757273482959268,0.5126353790613719,0.192,0.7499196972710662,0.3272727272727272,0.0,0.0,0.0,0.0,0.0,0.0,0.0,1.0,0.0,0.0,0.0,0.0,0.0,0.0,0.0,0.0,0.46153846153846156,0.6137431349205675,562.62
4 BHK,1328.68,873.45,17,17,11,1,Unfurnished,0,5,4,4,5,Ceramic,1,1,0,0,0,Not Specified,0,Borewell,4666.71,Pimple Saudagar,411027,Society,4.66,4.59,1.6,2.48,18814.62,7883663.19,5933.45515097691,Owner,14,3,0,4,4,0,0,0,0,0,0,0,0,0,0,1,0,0,0,0,0.511447605191623,0.223843526855014,0.8095238095238095,0.6842105263157894,0.55,1.0,0.0,0.8,0.8,0.8,0.4444444444444445,1.0,1.0,0.0,0.0,0.0,0.0,0.4436518718074634,0.464285714286234,0.6194444444444445,0.3649210307564421,0.5054151624548737,0.744,0.0359530760269174,0.1181818181818181,1.0,0.0,0.0,0.0,0.0,0.0,0.0,0.0,0.0,0.0,0.0,1.0,0.0,0.0,0.0,0.0,1.0,0.4000306174468071,332.17
3 BHK,836.33,1031.39,6,12,5,1,Semi-Furnished,0,4,3,2,5,Vitrified,1,1,1,1,1,Stilt,1,Municipal,3717.68,Baner,411045,Society,3.43,3.52,1.89,2.13,57104.33,19348833.13,23135.404840194657,Broker,16,1,1,3,3,0,1,0,0,0,0,0,0,0,0,0,0,0,0,0,0.2758193269267583,0.2851366035392736,0.2857142857142857,0.4210526315789473,0.25,1.0,0.0,0.6000000000000001,0.6000000000000001,0.4,0.4444444444444445,1.0,1.0,1.0,1.0,1.0,1.0,0.334763712131295,0.7857142857146755,0.4486111111111111,0.2759767248545303,0.6101083032490975,0.604,0.5672482849190239,0.1363636363636363,0.0,0.0,1.0,0.0,0.0,0.0,0.0,0.0,0.0,0.0,0.0,0.0,0.0,0.0,0.0,0.0,0.5,0.5219924449891744,278.7766666666667
2 BHK,645.06,739.52,9,14,9,1,Fully Furnished,1,1,1,1,3,Vitrified,0,1,1,1,1,Stilt,0,Borewell,2893.48,Baner,411045,Standalone,3.03,2.77,1.91,1.96,31640.59,15522273.02,24063.30111927573,Broker,12,1,2,2,2,0,1,0,0,0,0,0,0,0,0,0,0,0,0,0,0.1842815574868869,0.17186820863086,0.4285714285714285,0.5263157894736842,0.45,1.0,1.0,0.0,0.2,0.2,0.2222222222222222,0.0,1.0,1.0,1.0,1.0,0.0,0.240198080691722,0.7857142857146755,0.3930555555555555,0.2136325852036575,0.6173285198555957,0.536,0.5959092554454516,0.0999999999999999,0.0,0.0,1.0,0.0,0.0,0.0,0.0,0.0,0.0,0.0,0.0,0.0,0.0,0.0,0.0,0.0,0.6428571428571429,0.5786143933731833,322.53
2 BHK,726.84,789.61,5,13,10,1,Fully Furnished,1,2,2,1,3,Ceramic,1,1,1,1,0,Bike,1,Municipal,4183.03,Baner,411045,Society,2.97,3.68,1.96,2.41,59002.67,9117524.54,12544.059958175112,Broker,24,1,2,2,2,0,1,0,0,0,0,0,0,0,0,0,0,0,0,0,0.2234197327615912,0.1913070475007762,0.238095238095238,0.4736842105263157,0.5,1.0,1.0,0.2,0.4,0.2,0.2222222222222222,1.0,1.0,1.0,1.0,0.0,1.0,0.3881562340803429,0.7857142857146755,0.3847222222222222,0.2892768079800498,0.6353790613718412,0.7160000000000001,0.2401267794775875,0.209090909090909,0.0,0.0,1.0,0.0,0.0,0.0,0.0,0.0,0.0,0.0,0.0,0.0,0.0,0.0,0.0,0.0,0.38461538461538464,0.5084377745252644,363.42
1 RK,321.66,364.15,14,14,12,1,Semi-Furnished,1,1,1,0,1,Vitrified,1,1,1,1,0,Not Specified,1,Tanker,1015.91,Kharadi,411014,Society,3.86,1.48,2.13,1.84,13655.8,5470663.67,17007.597059006403,Broker,26,2,1,1,1,0,0,0,0,0,1,0,0,0,0,0,0,0,0,0,0.0295091695700448,0.0261952809686432,0.6666666666666666,0.5263157894736842,0.6000000000000001,1.0,1.0,0.0,0.2,0.0,0.0,1.0,1.0,1.0,1.0,0.0,1.0,0.0247727074546447,0.232142857143117,0.5083333333333333,0.1064006650041562,0.6967509025270758,0.4880000000000001,0.3779929753643583,0.2272727272727272,0.5,0.0,0.0,0.0,0.0,0.0,1.0,0.0,0.0,0.0,0.0,0.0,0.0,0.0,0.0,0.0,1.0,0.5892069627964966,321.66
1 RK,294.78,336.71,3,10,10,1,Semi-Furnished,1,1,1,0,2,Granite,1,1,0,1,0,Stilt,0,Municipal,800.0,Kothrud,411038,Society,1.47,7.97,1.5,1.6,9018.68,4584478.27,15552.202557839744,Owner,2,2,1,1,1,0,0,0,0,0,0,0,1,0,0,0,0,0,0,0,0.0166449710938397,0.015546414157094,0.1428571428571428,0.3157894736842105,0.5,1.0,1.0,0.0,0.2,0.0,0.1111111111111111,1.0,1.0,0.0,1.0,0.0,0.0,0.0,0.6607142857146755,0.1763888888888888,0.6458852867830422,0.4693140794223827,0.3920000000000001,0.3330274622978687,0.009090909090909,0.5,0.0,0.0,0.0,0.0,0.0,0.0,0.0,1.0,0.0,0.0,0.0,0.0,0.0,0.0,0.0,0.3,0.5456182108267145,294.78
3 BHK,921.6,1091.19,0,17,1,1,Semi-Furnished,1,3,3,1,4,Marble,0,1,0,0,0,Stilt,0,Tanker,3723.08,Aundh,411007,Society,4.02,5.55,1.93,1.35,33112.52,8391831.92,9105.720399305555,Owner,41,2,1,3,3,1,0,0,0,0,0,0,0,0,0,0,0,0,0,0,0.3166277422565948,0.3083436820863087,0.0,0.6842105263157894,0.05,1.0,1.0,0.4000000000000001,0.6000000000000001,0.2,0.3333333333333333,0.0,1.0,0.0,0.0,0.0,0.0,0.3353832879742623,0.107142857143117,0.5305555555555556,0.4447215295095593,0.6245487364620939,0.292,0.1339319798823132,0.3636363636363636,0.5,1.0,0.0,0.0,0.0,0.0,0.0,0.0,0.0,0.0,0.0,0.0,0.0,0.0,0.0,0.0,0.0,0.5234207743815267,307.2
2 BHK,412.41,493.23,0,13,1,1,Semi-Furnished,1,2,1,1,3,Marble,0,0,1,1,0,Covered,1,Corporation + Borewell,2424.99,Kharadi,411014,Standalone,4.81,1.63,2.48,1.87,12767.87,4346377.16,10538.971314953566,Owner,95,2,1,2,2,0,0,0,0,0,1,0,0,0,0,0,0,0,0,0,0.0729401967916076,0.0762884197454207,0.0,0.4736842105263157,0.05,1.0,1.0,0.2,0.2,0.2,0.2222222222222222,0.0,0.0,1.0,1.0,0.0,1.0,0.1864452868636152,0.232142857143117,0.6402777777777777,0.1188694929343308,0.8231046931407943,0.5000000000000001,0.1781966972105303,0.8545454545454546,0.5,0.0,0.0,0.0,0.0,0.0,1.0,0.0,0.0,0.0,0.0,0.0,0.0,0.0,0.0,0.0,0.0,0.5391207343578561,206.205
4 BHK,1384.19,1593.4,7,14,5,1,Fully Furnished,0,4,5,2,7,Vitrified,1,0,1,0,0,Covered,0,Municipal,6301.14,Shivajinagar,411005,Society,1.01,6.92,0.75,1.79,57166.62,15021015.36,10851.84502127598,Owner,21,2,2,4,4,0,0,0,0,0,0,0,0,0,0,0,0,1,0,0,0.5380135150656611,0.5032404532753805,0.3333333333333333,0.5263157894736842,0.25,1.0,0.0,0.6000000000000001,1.0,0.4,0.6666666666666665,1.0,0.0,1.0,0.0,0.0,0.0,0.6311802690335995,0.071428571429351,0.1125,0.5586034912718204,0.1985559566787003,0.4680000000000001,0.1878620572076641,0.1818181818181818,0.5,0.0,0.0,0.0,0.0,0.0,0.0,0.0,0.0,0.0,0.0,0.0,0.0,1.0,0.0,0.0,0.5,0.5746579383333268,346.0475
2 BHK,708.05,871.54,4,12,9,1,Unfurnished,1,3,2,1,4,Granite,0,1,1,1,1,Open,0,Municipal,3209.65,Kharadi,411014,Society,3.56,0.49,2.45,2.45,31926.11,5404701.31,7633.21984323141,Owner,14,2,0,2,2,0,0,0,0,0,1,0,0,0,0,0,0,0,0,0,0.2144272368773689,0.2231022974231605,0.1904761904761904,0.4210526315789473,0.45,1.0,1.0,0.4000000000000001,0.4,0.2,0.3333333333333333,0.0,1.0,1.0,1.0,1.0,0.0,0.2764742462974607,0.232142857143117,0.4666666666666667,0.0241064006650041,0.812274368231047,0.7320000000000001,0.0884525293506474,0.1181818181818181,0.5,0.0,0.0,0.0,0.0,0.0,1.0,0.0,0.0,0.0,0.0,0.0,0.0,0.0,0.0,0.0,0.3333333333333333,0.5645323652478191,354.025
2 BHK,561.63,652.43,10,13,7,1,Unfurnished,1,2,3,0,4,Wooden,1,1,0,1,1,Not Specified,1,Municipal,1956.7,Aundh,411007,Society,4.38,3.89,1.8,1.66,23128.21,4135186.3,7362.830155084308,Owner,73,2,0,2,2,1,0,0,0,0,0,0,0,0,0,0,0,0,0,0,0.1443537271717906,0.1380704750077616,0.4761904761904761,0.4736842105263157,0.35,1.0,1.0,0.2,0.6000000000000001,0.0,0.3333333333333333,1.0,1.0,0.0,1.0,1.0,1.0,0.1327154402889518,0.107142857143117,0.5805555555555556,0.3067331670822942,0.5776173285198556,0.416,0.0801007366848809,0.6545454545454545,0.5,1.0,0.0,0.0,0.0,0.0,0.0,0.0,0.0,0.0,0.0,0.0,0.0,0.0,0.0,0.0,0.7692307692307693,0.5193288357229486,280.815
3 BHK,1366.18,1540.25,2,9,7,1,Semi-Furnished,1,3,3,2,5,Vitrified,1,1,1,1,1,Covered,0,Borewell,2468.065,Kharadi,411014,Society,4.55,1.49,2.0,1.69,49385.53,14407101.74,10545.537000980838,Owner,13,2,1,3,3,0,0,0,0,0,1,0,0,0,0,0,0,0,0,0,0.5293943106550788,0.4826140950015524,0.0952380952380952,0.2631578947368421,0.35,1.0,1.0,0.4000000000000001,0.6000000000000001,0.4,0.4444444444444445,1.0,1.0,1.0,1.0,1.0,0.0,0.1913875515739521,0.232142857143117,0.6041666666666666,0.1072319201995012,0.6498194945848376,0.428,0.1784017780259612,0.109090909090909,0.5,0.0,0.0,0.0,0.0,0.0,1.0,0.0,0.0,0.0,0.0,0.0,0.0,0.0,0.0,0.0,0.2222222222222222,0.5738789689116754,455.3933333333334
1 BHK,358.57,432.94,10,11,11,1,Semi-Furnished,1,2,2,0,2,Marble,1,1,0,0,0,Open,0,Borewell,2794.87,Kothrud,411038,Society,2.01,8.13,1.46,1.18,17002.41,5548768.46,15474.714727947123,Owner,37,2,1,1,1,0,0,0,0,0,0,0,1,0,0,0,0,0,0,0,0.0471735135342088,0.052891182862465,0.4761904761904761,0.368421052631579,0.55,1.0,1.0,0.2,0.4,0.0,0.1111111111111111,1.0,1.0,0.0,0.0,0.0,0.0,0.2288839373815347,0.6607142857146755,0.2513888888888889,0.6591853699085619,0.4548736462093863,0.2239999999999999,0.3306384561120878,0.3272727272727272,0.5,0.0,0.0,0.0,0.0,0.0,0.0,0.0,1.0,0.0,0.0,0.0,0.0,0.0,0.0,0.0,0.9090909090909091,0.5618048201040842,358.57
5 BHK,2175.39,2440.3,7,15,13,1,Unfurnished,0,5,4,2,7,Vitrified,1,1,0,1,0,Covered,0,Tanker,5519.48,Nigdi,411044,Society,4.47,10.8,1.49,2.49,58211.3,14995741.77,6893.357866865252,Owner,11,3,0,5,5,0,0,0,0,0,0,0,0,0,1,0,0,0,0,0,0.9166650714039588,0.8319039118286249,0.3333333333333333,0.5789473684210527,0.65,1.0,0.0,0.8,0.8,0.4,0.6666666666666665,1.0,1.0,0.0,1.0,0.0,0.0,0.5414955184014025,0.7678571428577925,0.5930555555555556,0.8811305070656691,0.4657039711191335,0.7480000000000001,0.0656011524059315,0.0909090909090909,1.0,0.0,0.0,0.0,0.0,0.0,0.0,0.0,0.0,0.0,1.0,0.0,0.0,0.0,0.0,0.0,0.4666666666666667,0.2382648718912006,435.078
3 BHK,1024.02,1229.83,4,14,10,1,Fully Furnished,1,3,3,2,3,Ceramic,1,0,0,1,1,Bike,1,Corporation + Borewell,3785.2,Aundh,411007,Society,4.17,4.33,1.49,1.81,48586.62,8965039.97,8754.7508544755,Broker,24,2,2,3,3,1,0,0,0,0,0,0,0,0,0,0,0,0,0,0,0.365643784218385,0.3621468488047191,0.1904761904761904,0.5263157894736842,0.5,1.0,1.0,0.4000000000000001,0.6000000000000001,0.4,0.2222222222222222,1.0,0.0,0.0,1.0,1.0,1.0,0.3425107048937312,0.107142857143117,0.5513888888888889,0.3433083956774729,0.4657039711191335,0.4760000000000001,0.123091420332898,0.209090909090909,0.5,1.0,0.0,0.0,0.0,0.0,0.0,0.0,0.0,0.0,0.0,0.0,0.0,0.0,0.0,0.0,0.2857142857142857,0.5007702856639897,341.34
2 BHK,641.52,697.4,15,15,9,1,Unfurnished,1,2,2,1,4,Ceramic,1,1,1,1,1,Covered,1,Borewell,1344.23,Kothrud,411038,Society,1.81,7.41,1.23,1.52,19651.17,7661190.4,11942.247162987906,Owner,22,2,0,2,2,0,0,0,0,0,0,0,1,0,0,0,0,0,0,0,0.1825873884911367,0.1555223533064266,0.7142857142857142,0.5789473684210527,0.45,1.0,1.0,0.2,0.4,0.2,0.3333333333333333,1.0,1.0,1.0,1.0,1.0,1.0,0.0624429187070599,0.6607142857146755,0.2236111111111111,0.599334995843724,0.371841155234657,0.3600000000000001,0.2215419482924551,0.1909090909090909,0.5,0.0,0.0,0.0,0.0,0.0,0.0,0.0,1.0,0.0,0.0,0.0,0.0,0.0,0.0,0.0,1.0,0.5541129185037608,320.76
2 BHK,462.5,564.92,10,15,7,1,Semi-Furnished,1,3,2,1,4,Vitrified,1,1,0,0,0,Covered,0,Municipal,1695.2,Wakad,411057,Society,4.5,3.94,1.93,2.0,14645.61,3796645.39,8208.963005405405,Builder,15,3,1,2,2,0,0,0,0,0,0,0,0,0,0,0,0,0,0,1,0.0969122095026609,0.1041097485253027,0.4761904761904761,0.5789473684210527,0.35,1.0,1.0,0.4000000000000001,0.4,0.2,0.3333333333333333,1.0,1.0,0.0,0.0,0.0,0.0,0.1027119064119215,1.0,0.5972222222222222,0.310889443059019,0.6245487364620939,0.552,0.1062315535365939,0.1272727272727272,1.0,0.0,0.0,0.0,0.0,0.0,0.0,0.0,0.0,0.0,0.0,0.0,0.0,0.0,0.0,1.0,0.6666666666666666,0.4762358748458503,231.25
2 BHK,631.65,768.19,0,15,2,1,Semi-Furnished,1,2,2,2,2,Wooden,1,1,1,0,0,Covered,0,Corporation + Borewell,2478.25,Kalyani Nagar,411006,Society,2.49,4.39,1.25,1.81,42840.85,11001423.67,17416.961402675533,Builder,10,1,1,2,2,0,0,0,0,1,0,0,0,0,0,0,0,0,0,0,0.1778638156131551,0.1829944116733934,0.0,0.5789473684210527,0.1,1.0,1.0,0.2,0.4,0.4,0.1111111111111111,1.0,1.0,1.0,0.0,0.0,0.0,0.1925561404555488,0.089285714286234,0.3180555555555556,0.3482959268495427,0.3790613718411552,0.4760000000000001,0.3906261389088959,0.0818181818181818,0.0,0.0,0.0,0.0,0.0,1.0,0.0,0.0,0.0,0.0,0.0,0.0,0.0,0.0,0.0,0.0,0.0,0.5748106383633775,315.825
2 BHK,638.13,761.58,3,12,0,1,Fully Furnished,1,2,2,1,3,Vitrified,1,1,1,1,0,Covered,0,Not Specified,2554.88,Kharadi,411014,Society,4.57,0.84,2.2,1.34,24308.16,14625133.73,22918.737138200682,Owner,3,2,2,2,2,0,0,0,0,0,1,0,0,0,0,0,0,0,0,0,0.1809650063172403,0.1804292145296492,0.1428571428571428,0.4210526315789473,0.0,1.0,1.0,0.2,0.4,0.2,0.2222222222222222,1.0,1.0,1.0,1.0,0.0,0.0,0.2013483806123245,0.232142857143117,0.6069444444444445,0.0532003325020781,0.7220216606498195,0.288,0.5605553613190404,0.0181818181818181,0.5,0.0,0.0,0.0,0.0,0.0,1.0,0.0,0.0,0.0,0.0,0.0,0.0,0.0,0.0,0.0,0.25,0.6280872293137214,319.065
3 BHK,1112.98,1212.4,12,17,11,1,Semi-Furnished,1,4,4,1,4,Vitrified,1,1,0,0,0,Stilt,0,Borewell,2777.49,Hadapsar,411028,Society,5.45,1.54,2.53,2.36,34955.64,7749504.28,6962.84235116534,Owner,46,3,1,3,3,0,0,1,0,0,0,0,0,0,0,0,0,0,0,0,0.4082181553658257,0.3553826451412605,0.5714285714285714,0.6842105263157894,0.55,1.0,1.0,0.6000000000000001,0.8,0.2,0.3333333333333333,1.0,1.0,0.0,0.0,0.0,0.0,0.2268898210573176,0.482142857143117,0.7291666666666667,0.111388196176226,0.8411552346570397,0.696,0.0677464706950633,0.409090909090909,1.0,0.0,0.0,1.0,0.0,0.0,0.0,0.0,0.0,0.0,0.0,0.0,0.0,0.0,0.0,0.0,0.7058823529411765,0.46039446264303174,370.99333333333334
3 BHK,906.05,1016.78,8,9,6,1,Fully Furnished,1,3,3,2,6,Vitrified,1,1,1,0,1,Covered,0,Municipal,5095.07,Kalyani Nagar,411006,Society,2.2,4.78,0.71,1.33,46209.25,22235428.0,24541.060647867118,Broker,11,1,2,3,3,0,0,0,0,1,0,0,0,0,0,0,0,0,0,0,0.3091858417244151,0.2794667805029494,0.3809523809523809,0.2631578947368421,0.3,1.0,1.0,0.4000000000000001,0.6000000000000001,0.4,0.5555555555555556,1.0,1.0,1.0,0.0,1.0,0.0,0.4928002992321849,0.089285714286234,0.2777777777777778,0.3807148794679966,0.1841155234657039,0.284,0.6106611756072431,0.0909090909090909,0.0,0.0,0.0,0.0,0.0,1.0,0.0,0.0,0.0,0.0,0.0,0.0,0.0,0.0,0.0,0.0,0.8888888888888888,0.628526153362621,302.01666666666665
1 BHK,442.34,478.65,5,20,16,1,Unfurnished,1,1,0,0,1,Granite,0,1,1,0,0,Covered,1,Not Specified,1322.34,Magarpatta,411013,Standalone,5.07,2.52,2.15,1.75,10042.51,3362851.19,7602.412601166524,Owner,9,3,0,1,1,0,0,0,0,0,0,0,0,1,0,0,0,0,0,0,0.087264060645507,0.0706302390561937,0.238095238095238,0.8421052631578947,0.8,1.0,1.0,0.0,0.0,0.0,0.0,0.0,1.0,1.0,0.0,0.0,1.0,0.0599313418176978,0.214285714286234,0.6763888888888889,0.1928512053200332,0.703971119133574,0.452,0.087499397729533,0.0727272727272727,1.0,0.0,0.0,0.0,0.0,0.0,0.0,0.0,0.0,1.0,0.0,0.0,0.0,0.0,0.0,0.0,0.25,0.5159722446517214,442.34
1 BHK,389.2,482.83,2,19,11,1,Unfurnished,1,2,0,0,2,Granite,1,1,0,1,0,Stilt,1,Municipal,1122.91,Hinjewadi,411057,Society,6.0,1.36,2.71,2.81,7500.0,2976488.7,7647.709917780062,Broker,16,3,0,1,1,0,0,0,1,0,0,0,0,0,0,0,0,0,0,0,0.0618323825567594,0.0722524060850667,0.0952380952380952,0.7894736842105263,0.55,1.0,1.0,0.2,0.0,0.0,0.1111111111111111,1.0,1.0,0.0,1.0,0.0,1.0,0.0370494880467756,1.0,0.8055555555555556,0.0964256026600166,0.9061371841155236,0.8760000000000001,0.0888966652129814,0.1363636363636363,1.0,0.0,0.0,0.0,1.0,0.0,0.0,0.0,0.0,0.0,0.0,0.0,0.0,0.0,0.0,0.0,0.10526315789473684,0.3924487337201974,389.2
1 RK,393.98,472.16,0,8,7,1,Unfurnished,0,2,2,1,2,Vitrified,1,1,1,0,1,Bike,1,Tanker,1921.85,Kalyani Nagar,411006,Society,1.45,3.44,1.0,1.61,21506.15,10638845.13,27003.515736839436,Owner,6,1,0,1,1,0,0,0,0,1,0,0,0,0,0,0,0,0,0,0,0.0641199892798346,0.0681116113008382,0.0,0.2105263157894736,0.35,1.0,0.0,0.2,0.4,0.2,0.1111111111111111,1.0,1.0,1.0,0.0,1.0,1.0,0.128716881376468,0.089285714286234,0.1736111111111111,0.2693266832917705,0.2888086642599278,0.3960000000000001,0.6867248470233014,0.0454545454545454,0.0,0.0,0.0,0.0,0.0,1.0,0.0,0.0,0.0,0.0,0.0,0.0,0.0,0.0,0.0,0.0,0.0,0.6689176203689695,393.98
1 BHK,443.93,534.65,13,15,7,1,Unfurnished,1,2,2,0,1,Marble,0,0,0,0,0,Open,1,Corporation + Borewell,1193.62,Hadapsar,411028,Society,5.16,1.5,2.26,2.11,14440.79,3085491.2,6950.400288333746,Owner,22,3,0,1,1,0,0,1,0,0,0,0,0,0,0,0,0,0,0,0,0.0880250009571576,0.0923626203042533,0.6190476190476191,0.5789473684210527,0.35,1.0,1.0,0.2,0.4,0.0,0.0,0.0,0.0,0.0,0.0,0.0,1.0,0.0451624895016315,0.482142857143117,0.6888888888888889,0.1080631753948462,0.743682310469314,0.596,0.0673619441661303,0.1909090909090909,1.0,0.0,0.0,1.0,0.0,0.0,0.0,0.0,0.0,0.0,0.0,0.0,0.0,0.0,0.0,0.0,0.8666666666666667,0.5012571427330217,443.93
3 BHK,880.88,977.68,0,16,12,1,Semi-Furnished,1,4,3,1,4,Vitrified,1,1,0,1,0,Covered,0,Borewell,2249.0,Wakad,411057,Society,5.05,1.58,2.0,2.22,20819.98,6586847.55,7477.576457633276,Broker,24,3,1,3,3,0,0,0,0,0,0,0,0,0,0,0,0,0,0,1,0.2971400130173437,0.2642929214529649,0.0,0.631578947368421,0.6000000000000001,1.0,1.0,0.6000000000000001,0.6000000000000001,0.2,0.3333333333333333,1.0,1.0,0.0,1.0,0.0,0.0,0.1662528511962403,1.0,0.6736111111111112,0.1147132169576059,0.6498194945848376,0.6400000000000001,0.0836445578840601,0.209090909090909,1.0,0.0,0.0,0.0,0.0,0.0,0.0,0.0,0.0,0.0,0.0,0.0,0.0,0.0,0.0,1.0,0.0,0.4922795303007895,293.62666666666667
1 BHK,434.6,532.2,5,16,12,1,Fully Furnished,1,2,0,0,1,Vitrified,1,1,1,0,0,Covered,0,Municipal,1344.69,Pune Camp,411001,Society,2.37,7.58,0.91,1.78,20665.36,3052527.57,7023.763391624481,Broker,27,3,2,1,1,0,0,0,0,0,0,0,0,0,0,0,1,0,0,0,0.0835598606378498,0.0914118286246507,0.238095238095238,0.631578947368421,0.6000000000000001,1.0,1.0,0.2,0.0,0.0,0.0,1.0,1.0,1.0,0.0,0.0,0.0,0.0624956973899794,0.0,0.3013888888888889,0.6134663341645885,0.2563176895306859,0.4640000000000001,0.0696301874018608,0.2363636363636363,1.0,0.0,0.0,0.0,0.0,0.0,0.0,0.0,0.0,0.0,0.0,0.0,1.0,0.0,0.0,0.0,0.3125,0.49647650040127556,434.6
2 BHK,686.32,810.83,7,17,4,1,Unfurnished,0,2,2,1,3,Granite,1,1,1,0,1,Not Specified,1,Tanker,2869.41,Viman Nagar,411014,Society,2.69,5.34,1.89,1.78,31786.94,6765030.27,9856.962160508216,Owner,20,2,0,2,2,0,0,0,0,0,0,0,0,0,0,0,0,0,1,0,0.2040277192848118,0.1995420676808445,0.3333333333333333,0.6842105263157894,0.2,1.0,0.0,0.2,0.4,0.2,0.2222222222222222,1.0,1.0,1.0,0.0,1.0,1.0,0.2374363787398286,0.232142857143117,0.3458333333333333,0.427265170407315,0.6101083032490975,0.4640000000000001,0.157132982554541,0.1727272727272727,0.5,0.0,0.0,0.0,0.0,0.0,0.0,0.0,0.0,0.0,0.0,0.0,0.0,0.0,1.0,0.0,0.4117647058823529,0.5431141437682729,343.16
2 BHK,865.09,731.795,8,13,6,1,Fully Furnished,1,2,1,1,4,Vitrified,1,1,0,1,0,Open,1,Borewell,1985.29,Aundh,411007,Society,2.88,3.73,1.91,1.73,43172.79,18321340.8,21178.53726201898,Broker,25,2,2,2,2,1,0,0,0,0,0,0,0,0,0,0,0,0,0,0,0.2895832535701979,0.1688703042533375,0.3809523809523809,0.4736842105263157,0.3,1.0,1.0,0.2,0.2,0.2,0.3333333333333333,1.0,1.0,0.0,1.0,0.0,1.0,0.1359957501686623,0.107142857143117,0.3722222222222222,0.2934330839567747,0.6173285198555957,0.444,0.5068072005603894,0.2181818181818181,0.5,1.0,0.0,0.0,0.0,0.0,0.0,0.0,0.0,0.0,0.0,0.0,0.0,0.0,0.0,0.0,0.6153846153846154,0.5837786320819844,432.545
1 BHK,318.41,370.16,13,17,4,1,Unfurnished,0,2,0,0,1,Marble,1,1,0,0,1,Not Specified,1,Municipal,1067.32,Aundh,411007,Society,3.65,4.56,1.66,1.49,9775.65,3581782.11,11248.96237555353,Owner,51,2,0,1,1,1,0,0,0,0,0,0,0,0,0,0,0,0,0,0,0.0279537884298786,0.0285276311704439,0.6190476190476191,0.6842105263157894,0.2,1.0,0.0,0.2,0.0,0.0,0.0,1.0,1.0,0.0,0.0,1.0,1.0,0.0306712989522284,0.107142857143117,0.4791666666666666,0.3624272651704072,0.5270758122743682,0.348,0.2001270636257053,0.4545454545454545,0.5,1.0,0.0,0.0,0.0,0.0,0.0,0.0,0.0,0.0,0.0,0.0,0.0,0.0,0.0,0.0,0.7647058823529411,0.5521130051996774,318.41
3 BHK,1019.6,1179.63,4,13,9,1,Unfurnished,0,3,1,1,3,Marble,0,1,0,0,0,Covered,1,Municipal,3904.34,Hadapsar,411028,Standalone,6.61,1.99,2.04,2.56,26036.73,6635918.76,6508.355001961553,Owner,10,3,0,3,3,0,0,1,0,0,0,0,0,0,0,0,0,0,0,0,0.3635284658677591,0.3426653213287799,0.1904761904761904,0.4736842105263157,0.45,1.0,0.0,0.4000000000000001,0.2,0.2,0.2222222222222222,0.0,1.0,0.0,0.0,0.0,1.0,0.3561803837698666,0.482142857143117,0.8902777777777778,0.1487946799667497,0.6642599277978339,0.776,0.053710171390732,0.0818181818181818,1.0,0.0,0.0,1.0,0.0,0.0,0.0,0.0,0.0,0.0,0.0,0.0,0.0,0.0,0.0,0.0,0.3076923076923077,0.3745097667010995,339.8666666666667
3 BHK,981.2,1098.68,15,16,9,1,Semi-Furnished,1,4,3,2,4,Ceramic,1,1,0,0,1,Bike,1,Tanker,3087.74,Magarpatta,411013,Standalone,5.47,2.22,1.84,1.62,23410.75,8695267.29,8861.870454545453,Builder,58,3,1,3,3,0,0,0,0,0,0,0,0,1,0,0,0,0,0,0,0.3451510394731805,0.3112503880782366,0.7142857142857142,0.631578947368421,0.45,1.0,1.0,0.6000000000000001,0.6000000000000001,0.4,0.3333333333333333,1.0,1.0,0.0,0.0,1.0,1.0,0.2624867479611365,0.214285714286234,0.7319444444444444,0.1679135494596841,0.5920577617328521,0.4000000000000001,0.1264005104782707,0.5181818181818182,1.0,0.0,0.0,0.0,0.0,0.0,0.0,0.0,0.0,1.0,0.0,0.0,0.0,0.0,0.0,0.0,0.9375,0.5200197304040313,327.06666666666666
3 BHK,828.23,1037.54,3,10,5,1,Fully Furnished,0,3,3,3,5,Vitrified,1,1,0,1,1,Covered,1,Corporation + Borewell,3619.82,Baner,411045,Society,3.77,2.95,1.52,1.99,61846.58,14141065.05,17073.83824541492,Broker,29,1,2,3,3,0,1,0,0,0,0,0,0,0,0,0,0,0,0,0,0.2719428385466518,0.2875232846941944,0.1428571428571428,0.3157894736842105,0.25,1.0,0.0,0.4000000000000001,0.6000000000000001,0.6000000000000001,0.4444444444444445,1.0,1.0,0.0,1.0,1.0,1.0,0.3235356210215199,0.7857142857146755,0.4958333333333333,0.2285951787198669,0.4765342960288808,0.548,0.3800314292526782,0.2545454545454545,0.0,0.0,1.0,0.0,0.0,0.0,0.0,0.0,0.0,0.0,0.0,0.0,0.0,0.0,0.0,0.0,0.3,0.5371699629058582,276.07666666666665
2 BHK,769.59,833.33,11,15,12,1,Unfurnished,1,3,3,1,3,Ceramic,1,1,0,0,0,Bike,0,Corporation + Borewell,2785.2,Magarpatta,411013,Society,4.08,1.64,2.24,2.25,9909.35,4022710.54,5227.082654400395,Builder,18,3,0,2,2,0,0,0,0,0,0,0,0,1,0,0,0,0,0,0,0.2438789769899307,0.2082738280037256,0.5238095238095237,0.5789473684210527,0.6000000000000001,1.0,1.0,0.4000000000000001,0.6000000000000001,0.2,0.2222222222222222,1.0,1.0,0.0,0.0,0.0,0.0,0.2277744376775543,0.214285714286234,0.5388888888888889,0.1197007481296758,0.736462093862816,0.652,0.014137295428798,0.1545454545454545,1.0,0.0,0.0,0.0,0.0,0.0,0.0,0.0,0.0,1.0,0.0,0.0,0.0,0.0,0.0,0.0,0.7333333333333333,0.5311327728130673,384.795
1 BHK,454.84,536.15,8,13,13,1,Fully Furnished,1,1,2,1,1,Marble,1,1,1,0,0,Stilt,1,Municipal,3103.61,Koregaon Park,411001,Society,2.24,4.61,1.29,1.67,31157.33,14938678.76,32843.810482807145,Owner,14,1,2,1,1,0,0,0,0,0,0,1,0,0,0,0,0,0,0,0,0.0932462957999923,0.0929447376591121,0.3809523809523809,0.4736842105263157,0.65,1.0,1.0,0.0,0.4,0.2,0.0,1.0,1.0,1.0,0.0,0.0,1.0,0.2643076125218573,0.0,0.2833333333333334,0.3665835411471321,0.3935018050541516,0.42,0.8671054696041817,0.1181818181818181,0.0,0.0,0.0,0.0,0.0,0.0,0.0,1.0,0.0,0.0,0.0,0.0,0.0,0.0,0.0,0.0,0.6153846153846154,0.595032980335515,454.84
1 BHK,517.5,628.79,1,6,1,1,Fully Furnished,1,2,0,0,1,Ceramic,1,1,1,0,0,Open,0,Corporation + Borewell,800.0,Kharadi,411014,Society,4.12,2.07,1.93,2.05,24578.31,6134774.6,11854.63690821256,Owner,8,2,2,1,1,0,0,0,0,0,1,0,0,0,0,0,0,0,0,0,0.1232340441823959,0.1288963054951878,0.0476190476190476,0.1052631578947368,0.05,1.0,1.0,0.2,0.0,0.0,0.0,1.0,1.0,1.0,0.0,0.0,0.0,0.0,0.232142857143117,0.5444444444444445,0.1554447215295095,0.6245487364620939,0.572,0.2188348197574363,0.0636363636363636,0.5,0.0,0.0,0.0,0.0,0.0,1.0,0.0,0.0,0.0,0.0,0.0,0.0,0.0,0.0,0.0,0.16666666666666666,0.5389786777153909,517.5
1 BHK,420.99,511.87,11,15,10,1,Semi-Furnished,1,1,1,0,2,Vitrified,0,0,0,1,1,Open,0,Municipal,1428.55,Kharadi,411014,Standalone,4.63,1.23,1.41,1.94,7500.0,4940634.04,11735.751538041284,Builder,27,2,1,1,1,0,0,0,0,0,1,0,0,0,0,0,0,0,0,0,0.0770464030016463,0.0835221980751319,0.5238095238095237,0.5789473684210527,0.5,1.0,1.0,0.0,0.2,0.0,0.1111111111111111,0.0,0.0,0.0,1.0,1.0,0.0,0.0721174807587279,0.232142857143117,0.6152777777777778,0.0856192851205319,0.4368231046931408,0.528,0.2151603521954148,0.2363636363636363,0.5,0.0,0.0,0.0,0.0,0.0,1.0,0.0,0.0,0.0,0.0,0.0,0.0,0.0,0.0,0.0,0.7333333333333333,0.5506523631625839,420.99
3 BHK,952.96,1183.98,3,13,7,1,Semi-Furnished,1,3,1,3,5,Marble,1,1,0,0,1,Covered,1,Corporation + Borewell,3922.04,Baner,411045,Society,3.24,3.05,1.44,2.16,65355.61,13973508.79,14663.26896197112,Owner,22,1,1,3,3,0,1,0,0,0,0,0,0,0,0,0,0,0,0,0,0.3316359738121674,0.3443534616578703,0.1428571428571428,0.4736842105263157,0.35,1.0,1.0,0.4000000000000001,0.2,0.6000000000000001,0.4444444444444445,1.0,1.0,0.0,0.0,1.0,1.0,0.3582112156995929,0.7857142857146755,0.4222222222222223,0.2369077306733166,0.4476534296028881,0.6160000000000001,0.3055809161182402,0.1909090909090909,0.0,0.0,1.0,0.0,0.0,0.0,0.0,0.0,0.0,0.0,0.0,0.0,0.0,0.0,0.0,0.0,0.23076923076923078,0.5401559053235259,317.65333333333336
3 BHK,715.1,846.41,16,18,15,1,Unfurnished,0,4,2,1,3,Vitrified,0,1,0,0,0,Covered,0,Tanker,1096.55,Nigdi,411044,Standalone,3.02,11.52,1.75,1.97,16803.82,4963007.94,6940.299174940568,Broker,40,3,0,3,3,0,0,0,0,0,0,0,0,0,1,0,0,0,0,0,0.2178012175044986,0.2133498913380938,0.7619047619047619,0.7368421052631579,0.75,1.0,0.0,0.6000000000000001,0.4,0.2,0.2222222222222222,0.0,1.0,0.0,0.0,0.0,0.0,0.0340250400429572,0.7678571428577925,0.3916666666666666,0.9409808811305068,0.5595667870036102,0.54,0.0670496900932376,0.3545454545454545,1.0,0.0,0.0,0.0,0.0,0.0,0.0,0.0,0.0,0.0,1.0,0.0,0.0,0.0,0.0,0.0,0.8888888888888888,0.3395118670466176,238.36666666666667
1 BHK,412.1,526.08,4,14,6,1,Semi-Furnished,1,1,0,0,1,Vitrified,0,0,0,0,0,Covered,1,Corporation + Borewell,1068.37,Pimple Saudagar,411027,Standalone,3.95,5.47,2.05,1.92,8971.66,3936116.28,9551.36199951468,Broker,19,3,1,1,1,0,0,0,0,0,0,0,0,0,0,1,0,0,0,0,0.0727918373597764,0.0890367898168271,0.1904761904761904,0.5263157894736842,0.3,1.0,1.0,0.0,0.0,0.0,0.0,0.0,0.0,0.0,0.0,0.0,1.0,0.0307917720328053,0.464285714286234,0.5208333333333334,0.4380714879467995,0.667870036101083,0.52,0.1476974119048178,0.1636363636363636,1.0,0.0,0.0,0.0,0.0,0.0,0.0,0.0,0.0,0.0,0.0,1.0,0.0,0.0,0.0,0.0,0.2857142857142857,0.46785692227229436,412.1
1 RK,311.95,343.12,0,13,9,1,Semi-Furnished,1,1,0,0,2,Vitrified,0,1,0,0,1,Covered,0,Municipal,800.0,Pimple Saudagar,411027,Standalone,4.52,5.5,1.22,2.1,7500.0,2800000.0,8975.797403430037,Owner,5,3,1,1,1,0,0,0,0,0,0,0,0,0,0,1,0,0,0,0,0.0248621693020406,0.0180339956535237,0.0,0.4736842105263157,0.45,1.0,1.0,0.0,0.0,0.0,0.1111111111111111,0.0,1.0,0.0,0.0,1.0,0.0,0.0,0.464285714286234,0.6,0.4405652535328345,0.3682310469314079,0.5920000000000001,0.1299211674287189,0.0363636363636363,1.0,0.0,0.0,0.0,0.0,0.0,0.0,0.0,0.0,0.0,0.0,1.0,0.0,0.0,0.0,0.0,0.0,0.42213281587770557,311.95
3 BHK,1008.0,1264.49,9,16,9,1,Unfurnished,0,3,2,2,5,Granite,1,0,0,0,0,Covered,1,Tanker,4803.11,Nigdi,411044,Standalone,2.37,10.71,1.72,2.35,25883.23,6840824.31,6786.532053571428,Owner,33,3,0,3,3,0,0,0,0,0,0,0,0,0,1,0,0,0,0,0,0.3579769516443968,0.3755976404843217,0.4285714285714285,0.631578947368421,0.45,1.0,0.0,0.4000000000000001,0.4,0.4,0.4444444444444445,1.0,0.0,0.0,0.0,0.0,1.0,0.4593018986557498,0.7678571428577925,0.3013888888888889,0.8736492103075644,0.5487364620938628,0.6920000000000001,0.0623013279600512,0.2909090909090909,1.0,0.0,0.0,0.0,0.0,0.0,0.0,0.0,0.0,0.0,1.0,0.0,0.0,0.0,0.0,0.0,0.5625,0.3502697159074918,336.0
3 BHK,1103.4,1318.09,9,10,6,1,Semi-Furnished,1,4,3,2,4,Wooden,1,1,0,0,0,Bike,1,Municipal,5259.47,Kothrud,411038,Society,2.23,9.05,1.34,1.53,43303.17,15766057.66,14288.614881276055,Broker,40,2,1,3,3,0,0,0,0,0,0,0,1,0,0,0,0,0,0,0,0.4036333703434282,0.3963986339646073,0.4285714285714285,0.3157894736842105,0.3,1.0,1.0,0.6000000000000001,0.6000000000000001,0.4,0.3333333333333333,1.0,1.0,0.0,0.0,0.0,1.0,0.5116629415625245,0.6607142857146755,0.2819444444444444,0.7356608478802992,0.4115523465703971,0.3640000000000001,0.2940080574522786,0.3545454545454545,0.5,0.0,0.0,0.0,0.0,0.0,0.0,0.0,1.0,0.0,0.0,0.0,0.0,0.0,0.0,0.0,0.9,0.489426795497932,367.8
2 BHK,710.01,859.59,8,10,6,1,Unfurnished,0,2,2,1,3,Granite,1,1,1,1,1,Stilt,1,Municipal,1864.62,Aundh,411007,Society,3.54,3.48,1.35,1.7,32849.34,5971932.76,8411.054435853015,Broker,5,2,0,2,2,1,0,0,0,0,0,0,0,0,0,0,0,0,0,0,0.2153652513495922,0.2184647624961193,0.3809523809523809,0.3157894736842105,0.3,1.0,0.0,0.2,0.4,0.2,0.2222222222222222,1.0,1.0,1.0,1.0,1.0,1.0,0.1221505248036862,0.107142857143117,0.4638888888888889,0.2726517040731504,0.4151624548736462,0.432,0.1124766349944468,0.0363636363636363,0.5,1.0,0.0,0.0,0.0,0.0,0.0,0.0,0.0,0.0,0.0,0.0,0.0,0.0,0.0,0.0,0.8,0.5640678762919156,355.005
2 BHK,588.1,651.29,4,4,6,1,Fully Furnished,1,2,2,2,4,Granite,1,0,1,1,1,Covered,1,Municipal,1450.52,Kalyani Nagar,411006,Society,2.95,4.19,1.06,0.91,28199.72,18882962.65,32108.42144193164,Owner,41,1,2,2,2,0,0,0,0,1,0,0,0,0,0,0,0,0,0,0,0.1570217083349286,0.1376280658180689,0.1904761904761904,0.0,0.3,1.0,1.0,0.2,0.4,0.4,0.3333333333333333,1.0,0.0,1.0,1.0,1.0,1.0,0.0746382365494673,0.089285714286234,0.3819444444444445,0.3316708229426434,0.3104693140794224,0.116,0.8443930781518512,0.3636363636363636,0.0,0.0,0.0,0.0,0.0,1.0,0.0,0.0,0.0,0.0,0.0,0.0,0.0,0.0,0.0,0.0,1.0,0.655694840384129,294.05
2 BHK,653.04,749.43,4,17,11,1,Fully Furnished,1,2,1,1,3,Granite,1,1,1,0,0,Open,1,Corporation + Borewell,3312.23,Kharadi,411014,Society,4.41,1.56,2.48,1.72,28461.54,7850393.1,12021.305126791622,Owner,16,2,2,2,2,0,0,0,0,0,1,0,0,0,0,0,0,0,0,0,0.1881006164095103,0.1757140639552934,0.1904761904761904,0.6842105263157894,0.55,1.0,1.0,0.2,0.2,0.2,0.2222222222222222,1.0,1.0,1.0,0.0,0.0,1.0,0.2882438925884961,0.232142857143117,0.5847222222222223,0.113050706566916,0.8231046931407943,0.44,0.2239819158254441,0.1363636363636363,0.5,0.0,0.0,0.0,0.0,0.0,1.0,0.0,0.0,0.0,0.0,0.0,0.0,0.0,0.0,0.0,0.23529411764705882,0.5750722702071844,326.52
3 BHK,740.41,838.02,13,17,12,1,Semi-Furnished,0,3,4,1,5,Vitrified,1,1,0,0,0,Bike,0,Borewell,2068.33,Wakad,411057,Society,5.11,2.52,2.11,2.22,23582.51,5272753.55,7121.39699625883,Not Specified,7,3,1,3,3,0,0,0,0,0,0,0,0,0,0,0,0,0,0,1,0.2299140472453003,0.2100939149332505,0.6190476190476191,0.6842105263157894,0.6000000000000001,1.0,0.0,0.4000000000000001,0.8,0.2,0.4444444444444445,1.0,1.0,0.0,0.0,0.0,0.0,0.1455234497982936,1.0,0.6819444444444445,0.1928512053200332,0.6895306859205776,0.6400000000000001,0.0726427751634778,0.0545454545454545,1.0,0.0,0.0,0.0,0.0,0.0,0.0,0.0,0.0,0.0,0.0,0.0,0.0,0.0,0.0,1.0,0.7647058823529411,0.46395676763624427,246.8033333333333
3 BHK,489.31,592.79,3,17,9,1,Semi-Furnished,1,3,2,2,4,Granite,1,1,1,0,0,Covered,0,Corporation + Borewell,1449.58,Hinjewadi,411057,Society,6.6,1.42,2.46,2.68,16042.33,3164941.52,6468.172569536695,Broker,9,3,1,3,3,0,0,0,1,0,0,0,0,0,0,0,0,0,0,0,0.1097429074620008,0.1149254889785781,0.1428571428571428,0.6842105263157894,0.45,1.0,1.0,0.4000000000000001,0.4,0.4,0.3333333333333333,1.0,1.0,1.0,0.0,0.0,0.0,0.0745303844582842,1.0,0.8888888888888888,0.1014131338320864,0.8158844765342961,0.8240000000000001,0.0524673322321564,0.0727272727272727,1.0,0.0,0.0,0.0,1.0,0.0,0.0,0.0,0.0,0.0,0.0,0.0,0.0,0.0,0.0,0.0,0.17647058823529413,0.3776752726057714,163.10333333333332
2 BHK,531.87,645.7,5,11,2,1,Unfurnished,1,2,3,1,4,Marble,1,1,0,0,0,Covered,0,Municipal,800.0,Hadapsar,411028,Society,5.85,3.39,2.75,2.58,12133.2,6210561.84,11676.841784646624,Owner,24,3,0,2,2,0,0,1,0,0,0,0,0,0,0,0,0,0,0,0,0.1301112217159922,0.1354587084756287,0.238095238095238,0.368421052631579,0.1,1.0,1.0,0.2,0.6000000000000001,0.2,0.3333333333333333,1.0,1.0,0.0,0.0,0.0,0.0,0.0,0.482142857143117,0.7847222222222222,0.2651704073150457,0.92057761732852,0.784,0.2133396422451655,0.209090909090909,1.0,0.0,0.0,1.0,0.0,0.0,0.0,0.0,0.0,0.0,0.0,0.0,0.0,0.0,0.0,0.0,0.45454545454545453,0.3684497126851992,265.935
4 BHK,1373.43,1586.65,14,15,4,1,Unfurnished,1,5,5,2,6,Granite,1,1,0,0,0,Bike,0,Municipal,5184.16,Wakad,411057,Standalone,4.6,1.67,1.92,2.21,40896.21,10176102.9,7409.262139315437,Owner,53,3,0,4,4,0,0,0,0,0,0,0,0,0,0,0,0,0,0,1,0.5328640070446802,0.5006209251785161,0.6666666666666666,0.5789473684210527,0.2,1.0,1.0,0.8,1.0,0.4,0.5555555555555556,1.0,1.0,0.0,0.0,0.0,0.0,0.503022153278474,1.0,0.611111111111111,0.1221945137157106,0.6209386281588447,0.636,0.0815341403963495,0.4727272727272727,1.0,0.0,0.0,0.0,0.0,0.0,0.0,0.0,0.0,0.0,0.0,0.0,0.0,0.0,0.0,1.0,0.9333333333333333,0.5111651921750042,343.3575
2 BHK,726.48,876.53,1,15,14,1,Fully Furnished,1,2,0,1,4,Ceramic,1,1,0,0,0,Not Specified,1,Corporation + Borewell,3888.11,Kothrud,411038,Society,1.56,5.92,1.73,1.29,35784.69,13213029.24,18187.739841427156,Builder,42,2,2,2,2,0,0,0,0,0,0,0,1,0,0,0,0,0,0,0,0.223247444389142,0.2250388078236572,0.0476190476190476,0.5789473684210527,0.7000000000000001,1.0,1.0,0.2,0.0,0.2,0.3333333333333333,1.0,1.0,0.0,0.0,0.0,1.0,0.354318214152948,0.6607142857146755,0.1888888888888888,0.4754779717373233,0.5523465703971119,0.268,0.4144315740446754,0.3727272727272727,0.5,0.0,0.0,0.0,0.0,0.0,0.0,0.0,1.0,0.0,0.0,0.0,0.0,0.0,0.0,0.0,0.06666666666666667,0.6305573499154857,363.24
1 BHK,472.11,560.2,15,15,8,1,Semi-Furnished,1,1,1,0,2,Vitrified,0,1,1,0,0,Stilt,0,Corporation + Borewell,1941.32,Viman Nagar,411014,Society,2.43,5.66,1.39,1.38,19378.43,6173721.72,13076.871322361314,Not Specified,48,2,1,1,1,0,0,0,0,0,0,0,0,0,0,0,0,0,1,0,0.1015113518894291,0.1022780192486805,0.7142857142857142,0.5789473684210527,0.4,1.0,1.0,0.0,0.2,0.0,0.1111111111111111,0.0,1.0,1.0,0.0,0.0,0.0,0.130950796499167,0.232142857143117,0.3097222222222222,0.453865336658354,0.4296028880866426,0.3039999999999999,0.2565811174927759,0.4272727272727272,0.5,0.0,0.0,0.0,0.0,0.0,0.0,0.0,0.0,0.0,0.0,0.0,0.0,0.0,1.0,0.0,1.0,0.5888391756748257,472.11
1 RK,314.62,351.97,4,12,6,1,Fully Furnished,1,2,1,1,2,Granite,0,0,0,1,1,Covered,1,Corporation + Borewell,1292.92,Kalyani Nagar,411006,Standalone,1.94,4.58,0.59,1.79,22717.51,5112788.38,16250.67821498951,Broker,6,1,2,1,1,0,0,0,0,1,0,0,0,0,0,0,0,0,0,0,0.0261399747310386,0.0214684880471903,0.1904761904761904,0.4210526315789473,0.3,1.0,1.0,0.2,0.2,0.2,0.1111111111111111,0.0,0.0,0.0,1.0,1.0,1.0,0.0565558008361979,0.089285714286234,0.2416666666666666,0.3640897755610972,0.1407942238267148,0.4680000000000001,0.3546001727126385,0.0454545454545454,0.0,0.0,0.0,0.0,0.0,1.0,0.0,0.0,0.0,0.0,0.0,0.0,0.0,0.0,0.0,0.0,0.3333333333333333,0.5965436425166597,314.62
2 BHK,664.34,808.83,3,13,10,1,Unfurnished,1,2,2,1,2,Vitrified,1,1,0,0,0,Covered,0,Borewell,800.0,Nigdi,411044,Standalone,3.65,10.92,2.17,1.95,11734.08,7160072.29,10777.722687178251,Not Specified,9,3,0,2,2,0,0,0,0,0,0,0,0,0,1,0,0,0,0,0,0.1935085569891649,0.1987659112076995,0.1428571428571428,0.4736842105263157,0.5,1.0,1.0,0.2,0.4,0.2,0.1111111111111111,1.0,1.0,0.0,0.0,0.0,0.0,0.0,0.7678571428577925,0.4791666666666666,0.8911055694098087,0.7111913357400722,0.532,0.1855709585798524,0.0727272727272727,1.0,0.0,0.0,0.0,0.0,0.0,0.0,0.0,0.0,0.0,1.0,0.0,0.0,0.0,0.0,0.0,0.23076923076923078,0.32962347056786967,332.17
1 BHK,432.4,536.18,10,11,15,1,Semi-Furnished,1,1,1,0,1,Vitrified,0,0,1,0,0,Covered,0,Tanker,2158.82,Magarpatta,411013,Standalone,4.66,2.45,2.04,2.05,10530.63,2800000.0,6475.485661424607,Broker,30,3,1,1,1,0,0,0,0,0,0,0,0,1,0,0,0,0,0,0,0.0825069872506604,0.0929563800062092,0.4761904761904761,0.368421052631579,0.75,1.0,1.0,0.0,0.2,0.0,0.0,0.0,0.0,1.0,0.0,0.0,0.0,0.1559059346186855,0.214285714286234,0.6194444444444445,0.1870324189526184,0.6642599277978339,0.572,0.0526949595830188,0.2636363636363636,1.0,0.0,0.0,0.0,0.0,0.0,0.0,0.0,0.0,1.0,0.0,0.0,0.0,0.0,0.0,0.0,0.9090909090909091,0.5042973078745769,432.4
2 BHK,587.2,739.06,10,15,6,1,Semi-Furnished,1,2,2,1,3,Granite,1,0,1,0,1,Bike,1,Corporation + Borewell,2123.96,Aundh,411007,Society,3.41,5.6,1.34,1.3,22457.95,5068569.55,8631.760132833786,Builder,17,2,1,2,2,1,0,0,0,0,0,0,0,0,0,0,0,0,0,0,0.1565909874038056,0.1716896926420366,0.4761904761904761,0.5789473684210527,0.3,1.0,1.0,0.2,0.4,0.2,0.2222222222222222,1.0,0.0,1.0,0.0,1.0,1.0,0.1519062283435295,0.107142857143117,0.4458333333333333,0.4488778054862842,0.4115523465703971,0.272,0.1192943366809276,0.1454545454545454,0.5,1.0,0.0,0.0,0.0,0.0,0.0,0.0,0.0,0.0,0.0,0.0,0.0,0.0,0.0,0.0,0.6666666666666666,0.5548773630539778,293.6
5 BHK,1946.82,2310.09,10,17,3,1,Semi-Furnished,1,5,5,4,10,Granite,1,1,0,0,0,Covered,0,Municipal,5950.97,Nigdi,411044,Society,3.87,11.07,2.0,2.42,67049.28,16642586.38,8548.600476674783,Broker,2,3,1,5,5,0,0,0,0,0,0,0,0,0,1,0,0,0,0,0,0.8072763122631036,0.7813722446445206,0.4761904761904761,0.6842105263157894,0.15,1.0,1.0,0.8,1.0,0.8,1.0,1.0,1.0,0.0,0.0,0.0,0.0,0.5910030703425107,0.7678571428577925,0.5097222222222223,0.9035743973399832,0.6498194945848376,0.72,0.1167237227850963,0.009090909090909,1.0,0.0,0.0,0.0,0.0,0.0,0.0,0.0,0.0,0.0,1.0,0.0,0.0,0.0,0.0,0.0,0.5882352941176471,0.26541157800356496,389.364
3 BHK,979.87,1165.09,10,13,5,1,Semi-Furnished,1,4,2,1,5,Vitrified,0,0,1,0,0,Bike,0,Corporation + Borewell,1668.45,Kharadi,411014,Standalone,4.54,0.86,2.31,2.43,30538.28,8651822.35,8829.561421413044,Broker,19,2,1,3,3,0,0,0,0,0,1,0,0,0,0,0,0,0,0,0,0.3445145296527432,0.3370226637690158,0.4761904761904761,0.4736842105263157,0.25,1.0,1.0,0.6000000000000001,0.4,0.2,0.4444444444444445,0.0,0.0,1.0,0.0,0.0,0.0,0.0996427112638888,0.232142857143117,0.6027777777777777,0.054862842892768,0.7617328519855596,0.7240000000000001,0.1254019769296437,0.1636363636363636,0.5,0.0,0.0,0.0,0.0,0.0,1.0,0.0,0.0,0.0,0.0,0.0,0.0,0.0,0.0,0.0,0.7692307692307693,0.5124404815533188,326.62333333333333
2 BHK,719.66,816.23,12,15,9,1,Semi-Furnished,1,2,1,1,4,Marble,1,1,0,1,1,Covered,1,Municipal,1231.11,Kothrud,411038,Society,1.55,7.8,1.19,1.55,28084.14,7052927.77,9800.360962121002,Owner,37,2,1,2,2,0,0,0,0,0,0,0,1,0,0,0,0,0,0,0,0.2199835368888548,0.201637690158336,0.5714285714285714,0.5789473684210527,0.45,1.0,1.0,0.2,0.2,0.2,0.3333333333333333,1.0,1.0,0.0,1.0,1.0,1.0,0.049463952159566,0.6607142857146755,0.1875,0.6317539484621778,0.3574007220216606,0.3720000000000001,0.1553848539169818,0.3272727272727272,0.5,0.0,0.0,0.0,0.0,0.0,0.0,0.0,1.0,0.0,0.0,0.0,0.0,0.0,0.0,0.0,0.8,0.5519899026644735,359.83
1 RK,400.56,503.24,5,14,10,1,Unfurnished,0,1,1,0,2,Marble,1,1,0,0,1,Covered,1,Corporation + Borewell,952.62,Shivajinagar,411005,Society,1.19,7.83,1.62,1.65,17821.84,3647700.9,9106.503145596165,Owner,26,2,0,1,1,0,0,0,0,0,0,0,0,0,0,0,0,1,0,0,0.0672690378651556,0.0801730828935113,0.238095238095238,0.5263157894736842,0.5,1.0,0.0,0.0,0.2,0.0,0.1111111111111111,1.0,1.0,0.0,0.0,1.0,1.0,0.0175110491025329,0.071428571429351,0.1374999999999999,0.6342477140482127,0.5126353790613719,0.412,0.1339569972709426,0.2272727272727272,0.5,0.0,0.0,0.0,0.0,0.0,0.0,0.0,0.0,0.0,0.0,0.0,0.0,1.0,0.0,0.0,0.35714285714285715,0.556704696708785,400.56
3 BHK,979.13,1213.74,1,14,16,1,Unfurnished,1,3,3,2,6,Vitrified,1,1,1,1,0,Covered,0,Tanker,2081.32,Wakad,411057,Society,5.06,4.11,2.46,1.94,18390.24,6118187.44,6248.595630815112,Broker,21,3,0,3,3,0,0,0,0,0,0,0,0,0,0,0,0,0,0,1,0.3441603813315977,0.3559026699782677,0.0476190476190476,0.5263157894736842,0.8,1.0,1.0,0.4000000000000001,0.6000000000000001,0.4,0.5555555555555556,1.0,1.0,1.0,1.0,0.0,0.0,0.1470138739094318,1.0,0.6749999999999999,0.3250207813798836,0.8158844765342961,0.528,0.0456863844869953,0.1818181818181818,1.0,0.0,0.0,0.0,0.0,0.0,0.0,0.0,0.0,0.0,0.0,0.0,0.0,0.0,0.0,1.0,0.07142857142857142,0.45278749093139936,326.37666666666667
2 BHK,739.04,842.54,7,17,13,1,Semi-Furnished,1,3,1,0,3,Not Specified,1,1,0,1,0,Stilt,1,Borewell,2233.65,Pune Camp,411001,Society,2.17,7.38,1.45,1.99,23285.75,5019742.0,6792.246698419572,Broker,33,3,1,2,2,0,0,0,0,0,0,0,0,0,0,0,1,0,0,0,0.2292583942723687,0.2118480285625582,0.3333333333333333,0.6842105263157894,0.65,1.0,1.0,0.4000000000000001,0.2,0.0,0.2222222222222222,1.0,1.0,0.0,1.0,0.0,1.0,0.164491649494472,0.0,0.2736111111111111,0.596841230257689,0.4512635379061371,0.548,0.0624792293903046,0.2909090909090909,1.0,0.0,0.0,0.0,0.0,0.0,0.0,0.0,0.0,0.0,0.0,0.0,1.0,0.0,0.0,0.0,0.4117647058823529,0.48850068856201323,369.52
3 BHK,1276.73,1600.82,2,17,14,1,Unfurnished,0,4,3,2,5,Wooden,0,0,0,0,0,Covered,0,Municipal,4637.62,Hadapsar,411028,Society,6.17,2.54,2.27,2.01,31681.0,6704464.67,5251.278398721734,Owner,34,3,0,3,3,0,0,1,0,0,0,0,0,0,0,0,0,0,0,0,0.4865854358895823,0.5061199937907483,0.0952380952380952,0.6842105263157894,0.7000000000000001,1.0,0.0,0.6000000000000001,0.6000000000000001,0.4,0.4444444444444445,0.0,0.0,0.0,0.0,0.0,0.0,0.4403141937941447,0.482142857143117,0.8291666666666667,0.1945137157107231,0.7472924187725632,0.5559999999999999,0.0148841108078825,0.3,1.0,0.0,0.0,1.0,0.0,0.0,0.0,0.0,0.0,0.0,0.0,0.0,0.0,0.0,0.0,0.0,0.11764705882352941,0.43809980966563145,425.57666666666665
3 BHK,1181.27,1458.38,3,11,15,1,Unfurnished,1,3,3,2,4,Granite,0,1,1,0,0,Open,0,Tanker,3251.44,Magarpatta,411013,Standalone,4.84,0.66,2.17,1.66,27127.96,7802255.74,6604.972394118196,Owner,13,3,0,3,3,0,0,0,0,0,0,0,0,1,0,0,0,0,0,0,0.4409003024618094,0.4508421297733624,0.1428571428571428,0.368421052631579,0.75,1.0,1.0,0.4000000000000001,0.6000000000000001,0.4,0.3333333333333333,0.0,1.0,1.0,0.0,0.0,0.0,0.2812690749044247,0.214285714286234,0.6444444444444445,0.0382377389858686,0.7111913357400722,0.416,0.0566934177706233,0.109090909090909,1.0,0.0,0.0,0.0,0.0,0.0,0.0,0.0,0.0,1.0,0.0,0.0,0.0,0.0,0.0,0.0,0.2727272727272727,0.5866430018923887,393.75666666666666
1 BHK,424.31,528.0,3,6,11,1,Semi-Furnished,1,1,0,0,2,Vitrified,1,1,0,0,1,Open,0,Municipal,2457.49,Aundh,411007,Society,3.14,4.08,1.19,2.19,15436.08,6021542.19,14191.374678890435,Broker,69,2,1,1,1,1,0,0,0,0,0,0,0,0,0,0,0,0,0,0,0.0786352846586776,0.0897819000310462,0.1428571428571428,0.1052631578947368,0.55,1.0,1.0,0.0,0.0,0.0,0.1111111111111111,1.0,1.0,0.0,0.0,1.0,0.0,0.190174215548141,0.107142857143117,0.4083333333333334,0.3225270157938487,0.3574007220216606,0.628,0.2910013379670068,0.6181818181818182,0.5,1.0,0.0,0.0,0.0,0.0,0.0,0.0,0.0,0.0,0.0,0.0,0.0,0.0,0.0,0.0,0.5,0.5133822371966281,424.31
4 BHK,1318.61,1463.42,2,13,8,1,Unfurnished,0,5,5,3,5,Marble,0,1,0,0,0,Stilt,1,Municipal,4980.85,Nigdi,411044,Standalone,3.21,10.77,1.58,2.61,34754.41,12565909.87,9529.663714062535,Builder,8,3,0,4,4,0,0,0,0,0,0,0,0,0,1,0,0,0,0,0,0.5066283165511697,0.4527980440856877,0.0952380952380952,0.4736842105263157,0.4,1.0,0.0,0.8,1.0,0.6000000000000001,0.4444444444444445,0.0,1.0,0.0,0.0,0.0,1.0,0.4796951227907532,0.7678571428577925,0.4180555555555555,0.8786367414796341,0.4981949458483755,0.796,0.1470253398349717,0.0636363636363636,1.0,0.0,0.0,0.0,0.0,0.0,0.0,0.0,0.0,0.0,1.0,0.0,0.0,0.0,0.0,0.0,0.15384615384615385,0.28301877731558844,329.6525
1 BHK,428.79,531.56,0,8,10,1,Semi-Furnished,1,1,1,1,2,Ceramic,1,1,1,1,1,Covered,1,Corporation + Borewell,1804.35,Kalyani Nagar,411006,Society,1.85,5.87,1.34,0.95,23939.73,11430880.62,26658.458965927373,Broker,43,1,1,1,1,0,0,0,0,1,0,0,0,0,0,0,0,0,0,0,0.0807793177380451,0.0911634585532443,0.0,0.2105263157894736,0.5,1.0,1.0,0.0,0.2,0.2,0.1111111111111111,1.0,1.0,1.0,1.0,1.0,1.0,0.1152353699785672,0.089285714286234,0.2291666666666666,0.4713216957605984,0.4115523465703971,0.132,0.6760553940578452,0.3818181818181818,0.0,0.0,0.0,0.0,0.0,1.0,0.0,0.0,0.0,0.0,0.0,0.0,0.0,0.0,0.0,0.0,0.0,0.6551818423241154,428.79
1 BHK,444.25,540.85,4,16,10,1,Unfurnished,0,1,0,0,1,Marble,0,0,1,1,1,Open,1,Borewell,1781.74,Kharadi,411014,Society,3.53,1.72,2.23,2.25,16649.48,3934813.16,8857.2046370287,Builder,42,2,0,1,1,0,0,0,0,0,1,0,0,0,0,0,0,0,0,0,0.0881781461771124,0.0947687053710028,0.1904761904761904,0.631578947368421,0.5,1.0,0.0,0.0,0.0,0.0,0.0,0.0,0.0,1.0,1.0,1.0,1.0,0.1126411829768095,0.232142857143117,0.4624999999999999,0.1263507896924355,0.7328519855595668,0.652,0.1262541124262914,0.3727272727272727,0.5,0.0,0.0,0.0,0.0,0.0,1.0,0.0,0.0,0.0,0.0,0.0,0.0,0.0,0.0,0.0,0.25,0.5537271169527915,444.25
2 BHK,560.96,629.35,3,15,12,1,Semi-Furnished,1,2,2,1,3,Vitrified,1,1,1,1,0,Covered,1,Corporation + Borewell,1694.98,Kothrud,411038,Society,1.3,8.25,1.43,1.48,20456.5,6958911.77,12405.36182615516,Owner,28,2,1,2,2,0,0,0,0,0,0,0,1,0,0,0,0,0,0,0,0.1440330793675102,0.1291136293076684,0.1428571428571428,0.5789473684210527,0.6000000000000001,1.0,1.0,0.2,0.4,0.2,0.2222222222222222,1.0,1.0,1.0,1.0,0.0,1.0,0.102686664433134,0.6607142857146755,0.1527777777777778,0.6691604322527015,0.4440433212996389,0.344,0.2358457174554659,0.2454545454545454,0.5,0.0,0.0,0.0,0.0,0.0,0.0,0.0,1.0,0.0,0.0,0.0,0.0,0.0,0.0,0.0,0.2,0.5584648740822085,280.48
4 BHK,1663.32,1961.1,6,15,6,1,Unfurnished,0,4,4,3,7,Wooden,0,0,0,0,0,Open,0,Tanker,4783.33,Magarpatta,411013,Standalone,4.55,1.69,2.32,1.75,46172.81,12772847.27,7679.128051126662,Builder,73,3,0,4,4,0,0,0,0,0,0,0,0,1,0,0,0,0,0,0,0.6715992189593782,0.645936820863086,0.2857142857142857,0.5789473684210527,0.3,1.0,0.0,0.6000000000000001,0.8,0.6000000000000001,0.6666666666666665,0.0,0.0,0.0,0.0,0.0,0.0,0.4570324152902139,0.214285714286234,0.6041666666666666,0.1238570241064006,0.7653429602888087,0.452,0.0898695636596795,0.6545454545454545,1.0,0.0,0.0,0.0,0.0,0.0,0.0,0.0,0.0,1.0,0.0,0.0,0.0,0.0,0.0,0.0,0.4,0.562017635913793,415.83
4 BHK,1835.64,2037.82,1,15,5,1,Semi-Furnished,1,4,4,3,6,Granite,0,0,0,0,0,Covered,1,Municipal,5838.39,Hinjewadi,411057,Standalone,5.9,0.2,2.13,2.79,59795.57,11569174.46,6302.529068880609,Broker,79,3,1,4,4,0,0,0,1,0,0,0,0,0,0,0,0,0,0,0,0.7540679199050501,0.6757101831729277,0.0476190476190476,0.5789473684210527,0.25,1.0,1.0,0.6000000000000001,0.8,0.6000000000000001,0.5555555555555556,0.0,0.0,0.0,0.0,0.0,1.0,0.5780860613793135,1.0,0.7916666666666667,0.0,0.6967509025270758,0.8680000000000001,0.0473529749690216,0.7090909090909091,1.0,0.0,0.0,0.0,1.0,0.0,0.0,0.0,0.0,0.0,0.0,0.0,0.0,0.0,0.0,0.0,0.06666666666666667,0.43070623456968515,458.91
3 BHK,885.14,1125.48,3,9,9,1,Semi-Furnished,1,4,4,2,4,Wooden,1,1,0,1,1,Covered,1,Municipal,2724.54,Kharadi,411014,Society,4.19,1.67,2.17,1.82,40151.26,13442903.28,15187.318706645276,Broker,44,2,1,3,3,0,0,0,0,0,1,0,0,0,0,0,0,0,0,0,0.2991787587579922,0.3216508848183794,0.1428571428571428,0.2631578947368421,0.45,1.0,1.0,0.6000000000000001,0.8,0.4,0.3333333333333333,1.0,1.0,0.0,1.0,1.0,1.0,0.220814535708221,0.232142857143117,0.5541666666666667,0.1221945137157106,0.7111913357400722,0.4800000000000001,0.3217643868516018,0.3909090909090909,0.5,0.0,0.0,0.0,0.0,0.0,1.0,0.0,0.0,0.0,0.0,0.0,0.0,0.0,0.0,0.0,0.3333333333333333,0.5713003273101391,295.0466666666667
2 BHK,525.15,609.9,12,12,8,1,Semi-Furnished,1,2,1,1,3,Granite,1,0,0,1,1,Covered,0,Municipal,1838.31,Aundh,411007,Society,3.81,4.58,1.71,1.9,28027.16,9862659.62,18780.652423117204,Broker,73,2,1,2,2,1,0,0,0,0,0,0,0,0,0,0,0,0,0,0,0.1268951720969409,0.1215655076063334,0.5714285714285714,0.4210526315789473,0.4,1.0,1.0,0.2,0.2,0.2,0.2222222222222222,1.0,0.0,0.0,1.0,1.0,0.0,0.1191318136132286,0.107142857143117,0.5013888888888889,0.3640897755610972,0.5451263537906137,0.512,0.4327501707977272,0.6545454545454545,0.5,1.0,0.0,0.0,0.0,0.0,0.0,0.0,0.0,0.0,0.0,0.0,0.0,0.0,0.0,0.0,1.0,0.5005572715302888,262.575
2 BHK,884.31,990.5,7,11,16,1,Unfurnished,1,2,2,1,2,Vitrified,1,1,0,1,1,Covered,0,Municipal,2438.76,Hinjewadi,411057,Society,5.69,1.12,2.57,2.39,22268.74,5376204.75,6079.5476133934935,Owner,10,3,0,2,2,0,0,0,1,0,0,0,0,0,0,0,0,0,0,0,0.2987815383437344,0.2692680844458243,0.3333333333333333,0.368421052631579,0.8,1.0,1.0,0.2,0.4,0.2,0.1111111111111111,1.0,1.0,0.0,1.0,1.0,0.0,0.188025205263182,1.0,0.7625000000000001,0.0764754779717373,0.855595667870036,0.7080000000000001,0.0404657805363481,0.0818181818181818,1.0,0.0,0.0,0.0,1.0,0.0,0.0,0.0,0.0,0.0,0.0,0.0,0.0,0.0,0.0,0.0,0.6363636363636364,0.45782578446110744,442.155
4 BHK,1193.34,1513.6,13,17,9,1,Fully Furnished,1,4,2,2,8,Granite,1,1,0,0,0,Covered,1,Tanker,2957.12,Hadapsar,411028,Society,5.88,2.74,2.43,2.52,46239.18,9403576.44,7880.047966212479,Broker,13,3,2,4,4,0,0,1,0,0,0,0,0,0,0,0,0,0,0,0,0.4466767487269803,0.4722718099968954,0.6190476190476191,0.6842105263157894,0.45,1.0,1.0,0.6000000000000001,0.4,0.4,0.7777777777777777,1.0,1.0,0.0,0.0,0.0,1.0,0.2474998967373595,0.482142857143117,0.7888888888888889,0.2111388196176226,0.8050541516245489,0.76,0.0960760380363141,0.109090909090909,1.0,0.0,0.0,1.0,0.0,0.0,0.0,0.0,0.0,0.0,0.0,0.0,0.0,0.0,0.0,0.0,0.7647058823529411,0.39122461665388897,298.335
2 BHK,769.25,840.38,9,12,8,1,Semi-Furnished,1,3,2,1,3,Wooden,1,1,0,0,0,Stilt,1,Tanker,3127.8,Shivajinagar,411005,Society,0.71,7.76,0.71,1.29,28195.91,8941740.61,11623.972193695157,Builder,14,2,1,2,2,0,0,0,0,0,0,0,0,0,0,0,0,1,0,0,0.2437162601937287,0.2110097795715617,0.4285714285714285,0.4210526315789473,0.4,1.0,1.0,0.4000000000000001,0.4,0.2,0.2222222222222222,1.0,1.0,0.0,0.0,0.0,1.0,0.2670830828258166,0.071428571429351,0.0708333333333333,0.6284289276807979,0.1841155234657039,0.268,0.2117073348512608,0.1181818181818181,0.5,0.0,0.0,0.0,0.0,0.0,0.0,0.0,0.0,0.0,0.0,0.0,0.0,1.0,0.0,0.0,0.75,0.6186957335976142,384.625
1 RK,460.95,568.11,11,12,15,1,Unfurnished,1,2,0,0,2,Vitrified,1,1,0,0,0,Covered,1,Borewell,1470.98,Hadapsar,411028,Society,4.35,1.67,2.22,1.83,14477.04,3218840.21,6983.057186245796,Broker,5,3,0,1,1,0,0,1,0,0,0,0,0,0,0,0,0,0,0,0,0.0961704123435047,0.1053477180999689,0.5238095238095237,0.4210526315789473,0.75,1.0,1.0,0.2,0.0,0.0,0.1111111111111111,1.0,1.0,0.0,0.0,0.0,1.0,0.0769857405767103,0.482142857143117,0.5763888888888888,0.1221945137157106,0.7292418772563178,0.4840000000000001,0.0683712876974984,0.0363636363636363,1.0,0.0,0.0,1.0,0.0,0.0,0.0,0.0,0.0,0.0,0.0,0.0,0.0,0.0,0.0,0.0,0.9166666666666666,0.5630247440345559,460.95
2 BHK,733.29,865.52,18,22,7,1,Unfurnished,0,3,2,1,2,Ceramic,1,1,0,0,0,Bike,1,Municipal,1977.91,Hadapsar,411028,Society,5.15,2.3,2.18,2.25,17595.46,6846844.6,9337.15801388264,Broker,41,3,0,2,2,0,0,1,0,0,0,0,0,0,0,0,0,0,0,0,0.2265065661013055,0.2207660664389941,0.8571428571428571,0.9473684210526316,0.35,1.0,0.0,0.4000000000000001,0.4,0.2,0.1111111111111111,1.0,1.0,0.0,0.0,0.0,1.0,0.1351489965166069,0.482142857143117,0.6875000000000001,0.1745635910224438,0.7148014440433214,0.652,0.1410807758973212,0.3636363636363636,1.0,0.0,0.0,1.0,0.0,0.0,0.0,0.0,0.0,0.0,0.0,0.0,0.0,0.0,0.0,0.0,0.8181818181818182,0.464946021875703,366.645
4 BHK,1251.58,1420.75,10,13,3,1,Unfurnished,0,5,4,2,6,Wooden,1,0,1,1,0,Not Specified,1,Municipal,5373.63,Aundh,411007,Society,3.24,4.47,1.0,1.51,49602.63,10685591.08,8537.681234919062,Broker,11,2,0,4,4,1,0,0,0,0,0,0,0,0,0,0,0,0,0,0,0.4745491787587579,0.4362387457311394,0.4761904761904761,0.4736842105263157,0.15,1.0,0.0,0.8,0.8,0.4,0.5555555555555556,1.0,0.0,1.0,1.0,0.0,1.0,0.5247612338279233,0.107142857143117,0.4222222222222223,0.3549459684123025,0.2888086642599278,0.3560000000000001,0.116386760180224,0.0909090909090909,0.5,1.0,0.0,0.0,0.0,0.0,0.0,0.0,0.0,0.0,0.0,0.0,0.0,0.0,0.0,0.0,0.7692307692307693,0.5708977059958253,312.895
1 BHK,384.72,445.22,3,4,6,1,Semi-Furnished,1,1,0,1,2,Vitrified,0,1,0,1,0,Covered,1,Corporation + Borewell,2185.64,Kalyani Nagar,411006,Standalone,2.52,5.43,1.42,1.75,25933.3,9581014.42,24903.86364108962,Owner,22,1,1,1,1,0,0,0,0,1,0,0,0,0,0,0,0,0,0,0,0.0596883494773919,0.0576567836075753,0.1428571428571428,0.0,0.3,1.0,1.0,0.0,0.0,0.2,0.1111111111111111,0.0,1.0,0.0,1.0,0.0,1.0,0.1589831613054233,0.089285714286234,0.3222222222222222,0.4347464671654197,0.4404332129963898,0.452,0.6218643328634594,0.1909090909090909,0.0,0.0,0.0,0.0,0.0,1.0,0.0,0.0,0.0,0.0,0.0,0.0,0.0,0.0,0.0,0.0,0.75,0.5515239451666272,384.72
4 BHK,1698.28,2000.01,4,13,12,1,Unfurnished,0,4,4,3,6,Wooden,1,1,0,0,0,Covered,0,Corporation + Borewell,4051.03,Hinjewadi,411057,Society,6.9,1.37,2.08,3.12,32306.91,18230623.9,10734.757460489436,Builder,28,3,0,4,4,0,0,0,1,0,0,0,0,0,0,0,0,0,0,0,0.6883303342394426,0.6610369450481217,0.1904761904761904,0.4736842105263157,0.6000000000000001,1.0,0.0,0.6000000000000001,0.8,0.6000000000000001,0.5555555555555556,1.0,1.0,0.0,0.0,0.0,0.0,0.3730110468078076,1.0,0.9305555555555556,0.0972568578553615,0.6787003610108304,1.0000000000000002,0.184244110412546,0.2454545454545454,1.0,0.0,0.0,0.0,1.0,0.0,0.0,0.0,0.0,0.0,0.0,0.0,0.0,0.0,0.0,0.0,0.3076923076923077,0.3185159812306173,424.57
4 BHK,1551.93,1845.05,3,13,7,1,Unfurnished,0,4,3,3,8,Vitrified,1,1,0,0,0,Not Specified,0,Corporation + Borewell,4216.14,Wakad,411057,Society,5.13,2.95,1.89,2.01,31346.07,8657423.91,5578.488662504108,Broker,23,3,0,4,4,0,0,0,0,0,0,0,0,0,0,0,0,0,0,1,0.6182903250507295,0.6009003415088483,0.1428571428571428,0.4736842105263157,0.35,1.0,0.0,0.6000000000000001,0.6000000000000001,0.6000000000000001,0.7777777777777777,1.0,1.0,0.0,0.0,0.0,0.0,0.3919551518878706,1.0,0.6847222222222222,0.2285951787198669,0.6101083032490975,0.5559999999999999,0.0249899003875533,0.1999999999999999,1.0,0.0,0.0,0.0,0.0,0.0,0.0,0.0,0.0,0.0,0.0,0.0,0.0,0.0,0.0,1.0,0.23076923076923078,0.47377194950784485,387.9825
2 BHK,462.45,539.8,1,14,7,1,Semi-Furnished,1,3,2,1,4,Vitrified,1,1,0,1,0,Covered,0,Tanker,1986.69,Aundh,411007,Society,4.84,5.03,1.18,1.47,20905.86,4858958.43,10506.991955887122,Owner,3,2,1,2,2,1,0,0,0,0,0,0,0,0,0,0,0,0,0,0,0.0968882805620429,0.0943612232226016,0.0476190476190476,0.5263157894736842,0.35,1.0,1.0,0.4000000000000001,0.4,0.2,0.3333333333333333,1.0,1.0,0.0,1.0,0.0,0.0,0.1361563809427649,0.107142857143117,0.6444444444444445,0.4014962593516209,0.3537906137184115,0.3399999999999999,0.1772126799244413,0.0181818181818181,0.5,1.0,0.0,0.0,0.0,0.0,0.0,0.0,0.0,0.0,0.0,0.0,0.0,0.0,0.0,0.0,0.07142857142857142,0.48783612375190455,231.225
2 BHK,825.75,968.32,7,9,7,1,Fully Furnished,1,2,1,1,3,Wooden,1,1,1,0,1,Covered,0,Corporation + Borewell,3327.64,Aundh,411007,Society,2.54,4.2,1.24,1.52,45106.19,7998898.66,9686.828531637904,Broker,5,2,2,2,2,1,0,0,0,0,0,0,0,0,0,0,0,0,0,0,0.270755963092002,0.2606605091586464,0.3333333333333333,0.2631578947368421,0.35,1.0,1.0,0.2,0.2,0.2,0.2222222222222222,1.0,1.0,1.0,0.0,1.0,0.0,0.2900119784662974,0.107142857143117,0.325,0.3325020781379883,0.3754512635379061,0.3600000000000001,0.1518777866591223,0.0363636363636363,0.5,1.0,0.0,0.0,0.0,0.0,0.0,0.0,0.0,0.0,0.0,0.0,0.0,0.0,0.0,0.0,0.7777777777777778,0.6087198148522761,412.875
3 BHK,607.66,677.08,10,13,6,1,Semi-Furnished,0,3,2,1,5,Granite,1,0,0,0,0,Covered,0,Municipal,2629.86,Kharadi,411014,Standalone,3.96,3.41,2.24,2.09,18459.45,4752535.43,7821.043725109436,Broker,44,2,1,3,3,0,0,0,0,0,1,0,0,0,0,0,0,0,0,0,0.166382709904667,0.1476366035392735,0.4761904761904761,0.4736842105263157,0.3,1.0,0.0,0.4000000000000001,0.4,0.2,0.4444444444444445,1.0,0.0,0.0,0.0,0.0,0.0,0.2099513059281935,0.232142857143117,0.5222222222222223,0.2668329177057356,0.736462093862816,0.588,0.0942522395195673,0.3909090909090909,0.5,0.0,0.0,0.0,0.0,0.0,1.0,0.0,0.0,0.0,0.0,0.0,0.0,0.0,0.0,0.0,0.7692307692307693,0.5053901675119992,202.5533333333333
3 BHK,888.39,1120.74,4,8,14,1,Unfurnished,0,3,3,1,4,Wooden,0,1,1,1,0,Covered,1,Municipal,3791.05,Kothrud,411038,Society,2.5,7.93,1.26,1.72,38357.7,10972675.84,12351.192426749512,Owner,14,2,0,3,3,0,0,0,0,0,0,0,1,0,0,0,0,0,0,0,0.3007341398981584,0.3198113939770258,0.1904761904761904,0.2105263157894736,0.7000000000000001,1.0,0.0,0.4000000000000001,0.6000000000000001,0.2,0.3333333333333333,0.0,1.0,1.0,1.0,0.0,1.0,0.3431819120569459,0.6607142857146755,0.3194444444444444,0.6425602660016624,0.3826714801444043,0.44,0.2341686258473482,0.1181818181818181,0.5,0.0,0.0,0.0,0.0,0.0,0.0,0.0,1.0,0.0,0.0,0.0,0.0,0.0,0.0,0.0,0.5,0.4874915169273305,296.13
1 BHK,420.63,497.65,5,17,5,1,Fully Furnished,1,2,2,0,2,Not Specified,1,1,0,0,0,Stilt,1,Municipal,1501.02,Kothrud,411038,Society,1.78,6.54,1.31,1.64,19242.72,4937636.2,11738.66866367116,Owner,14,2,2,1,1,0,0,0,0,0,0,0,1,0,0,0,0,0,0,0,0.0768741146291971,0.0780037255510711,0.238095238095238,0.6842105263157894,0.25,1.0,1.0,0.2,0.4,0.0,0.1111111111111111,1.0,1.0,0.0,0.0,0.0,1.0,0.0804324180438843,0.6607142857146755,0.2194444444444444,0.5270157938487114,0.4007220216606498,0.408,0.2152517737637395,0.1181818181818181,0.5,0.0,0.0,0.0,0.0,0.0,0.0,0.0,1.0,0.0,0.0,0.0,0.0,0.0,0.0,0.0,0.29411764705882354,0.5663559401907727,420.63
1 RK,355.57,804.04,0,12,8,1,Semi-Furnished,1,2,2,0,2,Granite,1,1,0,1,0,Covered,1,Corporation + Borewell,946.49,Viman Nagar,411014,Society,2.01,5.11,1.31,1.36,18227.2,2917750.46,8205.83980650786,Owner,13,2,1,1,1,0,0,0,0,0,0,0,0,0,0,0,0,0,1,0,0.0457377770971323,0.1969070164545172,0.0,0.4210526315789473,0.4,1.0,1.0,0.2,0.4,0.0,0.1111111111111111,1.0,1.0,0.0,1.0,0.0,1.0,0.0168077157844977,0.232142857143117,0.2513888888888889,0.4081463009143807,0.4007220216606498,0.296,0.1061410585382185,0.109090909090909,0.5,0.0,0.0,0.0,0.0,0.0,0.0,0.0,0.0,0.0,0.0,0.0,0.0,0.0,1.0,0.0,0.0,0.6248853073464684,355.57
4 BHK,1311.98,1480.26,4,15,16,1,Unfurnished,0,4,3,2,8,Ceramic,1,1,0,1,0,Bike,0,Municipal,4049.06,Wakad,411057,Standalone,4.58,3.06,1.61,2.38,28552.21,8347409.93,6362.452118172533,Broker,15,3,0,4,4,0,0,0,0,0,0,0,0,0,0,0,0,0,0,1,0.5034553390252308,0.4593332815895685,0.1904761904761904,0.5789473684210527,0.8,1.0,0.0,0.6000000000000001,0.6000000000000001,0.4,0.7777777777777777,1.0,1.0,0.0,1.0,0.0,0.0,0.3727850163613917,1.0,0.6083333333333334,0.2377389858686616,0.5090252707581228,0.704,0.0492027174443471,0.1272727272727272,1.0,0.0,0.0,0.0,0.0,0.0,0.0,0.0,0.0,0.0,0.0,0.0,0.0,0.0,0.0,1.0,0.26666666666666666,0.45601871762951074,327.995
1 BHK,416.98,471.7,1,12,9,1,Fully Furnished,1,1,0,0,2,Vitrified,1,1,1,0,0,Covered,1,Corporation + Borewell,800.0,Viman Nagar,411014,Society,2.81,6.34,1.67,1.49,15633.66,3782822.28,9071.951364573839,Owner,35,2,2,1,1,0,0,0,0,0,0,0,0,0,0,0,0,0,1,0,0.0751273019640874,0.0679330953120149,0.0476190476190476,0.4210526315789473,0.45,1.0,1.0,0.0,0.0,0.0,0.1111111111111111,1.0,1.0,1.0,0.0,0.0,1.0,0.0,0.232142857143117,0.3625,0.510390689941812,0.5306859205776173,0.348,0.1328880444061737,0.3090909090909091,0.5,0.0,0.0,0.0,0.0,0.0,0.0,0.0,0.0,0.0,0.0,0.0,0.0,0.0,1.0,0.0,0.08333333333333333,0.5414362614076433,416.98
3 BHK,942.58,1196.15,7,11,7,1,Semi-Furnished,1,3,2,1,5,Granite,1,1,0,0,1,Covered,1,Borewell,3343.26,Kothrud,411038,Society,1.59,7.71,1.07,2.1,33030.89,8842794.39,9381.478908952025,Broker,14,2,1,3,3,0,0,0,0,0,0,0,1,0,0,0,0,0,0,0,0.3266683257398828,0.3490763737969575,0.3333333333333333,0.368421052631579,0.35,1.0,1.0,0.4000000000000001,0.4,0.2,0.4444444444444445,1.0,1.0,0.0,0.0,1.0,1.0,0.2918041589602141,0.6607142857146755,0.1930555555555555,0.6242726517040731,0.3140794223826715,0.5920000000000001,0.1424468488591453,0.1181818181818181,0.5,0.0,0.0,0.0,0.0,0.0,0.0,0.0,1.0,0.0,0.0,0.0,0.0,0.0,0.0,0.0,0.6363636363636364,0.49388040156641955,314.1933333333333
2 BHK,681.57,828.77,6,13,14,1,Semi-Furnished,0,3,1,1,2,Ceramic,1,1,1,0,0,Not Specified,0,Tanker,3467.66,Hadapsar,411028,Society,5.62,3.08,2.06,2.11,19646.26,4912642.72,7207.832973869155,Broker,16,3,1,2,2,0,0,1,0,0,0,0,0,0,0,0,0,0,0,0,0.2017544699261074,0.206504191244955,0.2857142857142857,0.4736842105263157,0.7000000000000001,1.0,0.0,0.4000000000000001,0.2,0.2,0.1111111111111111,1.0,1.0,1.0,0.0,0.0,0.0,0.3060773506019064,0.482142857143117,0.7527777777777778,0.2394014962593516,0.6714801444043321,0.596,0.0753150028970754,0.1363636363636363,1.0,0.0,0.0,1.0,0.0,0.0,0.0,0.0,0.0,0.0,0.0,0.0,0.0,0.0,0.0,0.0,0.46153846153846156,0.4374729169700552,340.785
1 RK,395.09,427.49,3,15,11,1,Semi-Furnished,0,2,0,0,2,Not Specified,1,1,1,0,0,Covered,0,Municipal,2301.32,Kharadi,411014,Society,4.24,1.6,2.35,1.69,12438.86,3440026.36,8706.943633096256,Broker,14,2,1,1,1,0,0,0,0,0,1,0,0,0,0,0,0,0,0,0,0.0646512117615528,0.050776156473145,0.1428571428571428,0.5789473684210527,0.55,1.0,0.0,0.2,0.0,0.0,0.1111111111111111,1.0,1.0,1.0,0.0,0.0,0.0,0.1722558526969907,0.232142857143117,0.5611111111111111,0.1163757273482959,0.776173285198556,0.428,0.1216175564003128,0.1181818181818181,0.5,0.0,0.0,0.0,0.0,0.0,1.0,0.0,0.0,0.0,0.0,0.0,0.0,0.0,0.0,0.0,0.2,0.5848448407524451,395.09
2 BHK,837.13,1009.53,6,15,9,1,Semi-Furnished,1,2,1,1,4,Vitrified,1,1,0,0,0,Covered,0,Borewell,3446.62,Nigdi,411044,Society,3.91,10.82,1.5,2.47,18415.41,7274101.88,8689.333651882025,Owner,23,3,1,2,2,0,0,0,0,0,0,0,0,0,1,0,0,0,0,0,0.2762021899766453,0.2766532132877988,0.2857142857142857,0.5789473684210527,0.45,1.0,1.0,0.2,0.2,0.2,0.3333333333333333,1.0,1.0,0.0,0.0,0.0,0.0,0.3036632995396781,0.7678571428577925,0.5152777777777778,0.882793017456359,0.4693140794223827,0.7400000000000001,0.1210708801302634,0.1999999999999999,1.0,0.0,0.0,0.0,0.0,0.0,0.0,0.0,0.0,0.0,1.0,0.0,0.0,0.0,0.0,0.0,0.4,0.2650817415944152,418.565
2 BHK,730.2,813.79,6,6,16,1,Fully Furnished,1,3,2,2,2,Vitrified,1,1,1,1,1,Not Specified,1,Tanker,2311.94,Koregaon Park,411001,Society,2.12,4.11,1.5,1.47,39673.23,19441887.83,26625.428416872084,Broker,32,1,2,2,2,0,0,0,0,0,0,1,0,0,0,0,0,0,0,0,0.2250277575711168,0.200690779261099,0.2857142857142857,0.1052631578947368,0.8,1.0,1.0,0.4000000000000001,0.4,0.4,0.1111111111111111,1.0,1.0,1.0,1.0,1.0,1.0,0.1734743518548265,0.0,0.2666666666666666,0.3250207813798836,0.4693140794223827,0.3399999999999999,0.6750407999634315,0.2818181818181818,0.0,0.0,0.0,0.0,0.0,0.0,0.0,1.0,0.0,0.0,0.0,0.0,0.0,0.0,0.0,0.0,1.0,0.635433598577507,365.1
2 BHK,614.7,728.93,5,15,10,1,Semi-Furnished,1,2,1,1,2,Granite,0,0,1,0,0,Stilt,0,Municipal,1577.61,Hinjewadi,411057,Standalone,6.09,0.63,2.95,2.67,16154.14,7511534.94,12219.838848218644,Broker,11,3,1,2,2,0,0,0,1,0,0,0,0,0,0,0,0,0,0,0,0.1697519047436732,0.1677584601055572,0.238095238095238,0.5789473684210527,0.5,1.0,1.0,0.2,0.2,0.2,0.1111111111111111,0.0,0.0,1.0,0.0,0.0,0.0,0.0892200687499713,1.0,0.8180555555555555,0.0357439733998337,0.9927797833935018,0.8200000000000001,0.2301133380361906,0.0909090909090909,1.0,0.0,0.0,0.0,1.0,0.0,0.0,0.0,0.0,0.0,0.0,0.0,0.0,0.0,0.0,0.0,0.3333333333333333,0.42324837416824346,307.35
2 BHK,528.02,655.35,4,10,11,1,Fully Furnished,1,2,1,1,3,Not Specified,1,1,1,0,0,Open,1,Corporation + Borewell,1718.02,Viman Nagar,411014,Standalone,3.05,5.67,1.63,1.6,22604.97,7809368.77,14789.910931404112,Owner,35,2,2,2,2,0,0,0,0,0,0,0,0,0,0,0,0,0,1,0,0.1282686932884107,0.1392036634585532,0.1904761904761904,0.3157894736842105,0.55,1.0,1.0,0.2,0.2,0.2,0.2222222222222222,1.0,1.0,1.0,0.0,0.0,1.0,0.1053301880297947,0.232142857143117,0.3958333333333333,0.454696591853699,0.516245487364621,0.3920000000000001,0.3094888793074692,0.3090909090909091,0.5,0.0,0.0,0.0,0.0,0.0,0.0,0.0,0.0,0.0,0.0,0.0,0.0,0.0,1.0,0.0,0.4,0.5371344204132431,264.01
1 BHK,347.16,415.28,4,13,14,1,Unfurnished,0,2,1,0,2,Vitrified,1,1,0,1,0,Not Specified,0,Tanker,800.0,Pimple Saudagar,411027,Society,4.03,4.13,2.03,1.84,7500.0,2800000.0,8065.445327802741,Owner,3,3,0,1,1,0,0,0,0,0,0,0,0,0,0,1,0,0,0,0,0.0417129292851947,0.0460377212045948,0.1904761904761904,0.4736842105263157,0.7000000000000001,1.0,0.0,0.2,0.2,0.0,0.1111111111111111,1.0,1.0,0.0,1.0,0.0,0.0,0.0,0.464285714286234,0.5319444444444444,0.3266832917705735,0.6606498194945848,0.4880000000000001,0.1018031668925438,0.0181818181818181,1.0,0.0,0.0,0.0,0.0,0.0,0.0,0.0,0.0,0.0,0.0,1.0,0.0,0.0,0.0,0.0,0.3076923076923077,0.5093225403527939,347.16
2 BHK,611.89,700.71,10,15,4,1,Semi-Furnished,1,3,2,1,3,Wooden,1,1,1,1,0,Covered,0,Municipal,2949.86,Kothrud,411038,Society,1.54,6.87,0.69,1.44,26563.06,12058223.74,19706.521989246434,Owner,52,2,1,2,2,0,0,0,0,0,0,0,1,0,0,0,0,0,0,0,0.1684070982809449,0.1568068922694815,0.4761904761904761,0.5789473684210527,0.2,1.0,1.0,0.4000000000000001,0.4,0.2,0.2222222222222222,1.0,1.0,1.0,1.0,0.0,0.0,0.24666691143737,0.6607142857146755,0.1861111111111111,0.5544472152950956,0.1768953068592057,0.3279999999999999,0.461345663714409,0.4636363636363636,0.5,0.0,0.0,0.0,0.0,0.0,0.0,0.0,1.0,0.0,0.0,0.0,0.0,0.0,0.0,0.0,0.6666666666666666,0.5895399959995218,305.945
2 BHK,467.49,589.17,8,8,3,1,Semi-Furnished,1,3,1,2,3,Marble,0,0,1,1,0,Not Specified,1,Corporation + Borewell,3090.71,Kalyani Nagar,411006,Standalone,2.0,5.57,1.49,1.68,25955.94,7112671.61,15214.596269438918,Owner,15,1,1,2,2,0,0,0,0,1,0,0,0,0,0,0,0,0,0,0,0.0993003177763314,0.1135206457621856,0.3809523809523809,0.2105263157894736,0.15,1.0,1.0,0.4000000000000001,0.2,0.4,0.2222222222222222,0.0,0.0,1.0,1.0,0.0,1.0,0.2628275146747686,0.089285714286234,0.25,0.4463840399002493,0.4657039711191335,0.424,0.3226050946522089,0.1272727272727272,0.0,0.0,0.0,0.0,0.0,1.0,0.0,0.0,0.0,0.0,0.0,0.0,0.0,0.0,0.0,0.0,1.0,0.5786102474573449,233.745
1 BHK,378.43,418.59,6,8,0,1,Fully Furnished,0,2,1,1,2,Vitrified,1,1,0,0,1,Covered,1,Corporation + Borewell,1657.45,Koregaon Park,411001,Society,1.87,6.81,1.09,1.18,25999.37,12630858.98,33377.00229897207,Broker,12,1,2,1,1,0,0,0,0,0,0,1,0,0,0,0,0,0,0,0,0.0566780887476549,0.0473222601676498,0.2857142857142857,0.2105263157894736,0.0,1.0,0.0,0.2,0.2,0.2,0.1111111111111111,1.0,1.0,0.0,0.0,1.0,1.0,0.0983806123245109,0.0,0.2319444444444444,0.5494596841230257,0.3212996389891697,0.2239999999999999,0.8835681467489133,0.0999999999999999,0.0,0.0,0.0,0.0,0.0,0.0,0.0,1.0,0.0,0.0,0.0,0.0,0.0,0.0,0.0,0.0,0.75,0.6040882318887224,378.43
2 BHK,635.14,704.84,16,17,11,1,Semi-Furnished,0,2,1,1,2,Granite,1,1,1,0,0,Covered,1,Municipal,2226.62,Kothrud,411038,Society,1.53,7.45,1.12,1.32,27252.65,5304794.31,8352.165365116352,Broker,21,2,1,2,2,0,0,0,0,0,0,0,1,0,0,0,0,0,0,0,0.1795340556682874,0.1584096553865259,0.7619047619047619,0.6842105263157894,0.55,1.0,0.0,0.2,0.2,0.2,0.1111111111111111,1.0,1.0,1.0,0.0,0.0,1.0,0.1636850535359422,0.6607142857146755,0.1847222222222222,0.6026600166251038,0.332129963898917,0.28,0.1106568516141466,0.1818181818181818,0.5,0.0,0.0,0.0,0.0,0.0,0.0,0.0,1.0,0.0,0.0,0.0,0.0,0.0,0.0,0.0,0.9411764705882353,0.5870028371663694,317.57
1 BHK,528.48,588.54,9,11,8,1,Semi-Furnished,1,2,1,0,2,Wooden,0,1,0,1,0,Open,1,Tanker,1369.11,Aundh,411007,Standalone,3.67,4.0,1.57,2.11,22427.52,4557287.69,8623.38724265819,Broker,53,2,1,1,1,1,0,0,0,0,0,0,0,0,0,0,0,0,0,0,0.1284888395420957,0.113276156473145,0.4285714285714285,0.368421052631579,0.4,1.0,1.0,0.2,0.2,0.0,0.1111111111111111,0.0,1.0,0.0,1.0,0.0,1.0,0.0652975570353984,0.107142857143117,0.4819444444444444,0.3158769742310889,0.4945848375451264,0.596,0.1190352059517912,0.4727272727272727,0.5,1.0,0.0,0.0,0.0,0.0,0.0,0.0,0.0,0.0,0.0,0.0,0.0,0.0,0.0,0.0,0.8181818181818182,0.500235802504813,528.48
3 BHK,759.5,858.54,11,12,4,1,Semi-Furnished,1,3,4,2,4,Ceramic,1,1,0,0,0,Covered,0,Tanker,2662.7,Viman Nagar,411014,Standalone,1.88,5.61,1.72,1.64,35994.71,7966898.37,10489.662106649112,Broker,16,2,1,3,3,0,0,0,0,0,0,0,0,0,0,0,0,0,1,0,0.2390501167732302,0.2180572803477181,0.5238095238095237,0.4210526315789473,0.2,1.0,1.0,0.4000000000000001,0.8,0.4,0.3333333333333333,1.0,1.0,0.0,0.0,0.0,0.0,0.2137192449435727,0.232142857143117,0.2333333333333333,0.4497090606816292,0.5487364620938628,0.408,0.176675578210534,0.1363636363636363,0.5,0.0,0.0,0.0,0.0,0.0,0.0,0.0,0.0,0.0,0.0,0.0,0.0,0.0,1.0,0.0,0.9166666666666666,0.5871989418187293,253.16666666666666
1 BHK,414.04,487.95,4,17,11,1,Semi-Furnished,1,1,0,0,2,Ceramic,0,0,0,1,0,Covered,0,Municipal,828.77,Wakad,411057,Standalone,4.95,2.89,2.1,1.96,14278.4,3027707.88,7312.597526809003,Broker,28,3,1,1,1,0,0,0,0,0,0,0,0,0,0,0,0,0,0,1,0.0737202802557525,0.0742393666563179,0.1904761904761904,0.6842105263157894,0.55,1.0,1.0,0.0,0.0,0.0,0.1111111111111111,0.0,0.0,0.0,1.0,0.0,0.0,0.0033009624078094,1.0,0.6597222222222222,0.2236076475477971,0.6859205776173286,0.536,0.0785515117297578,0.2454545454545454,1.0,0.0,0.0,0.0,0.0,0.0,0.0,0.0,0.0,0.0,0.0,0.0,0.0,0.0,0.0,1.0,0.23529411764705882,0.4888572609341212,414.04
2 BHK,665.06,760.89,10,11,3,1,Fully Furnished,1,2,2,1,4,Vitrified,1,1,0,1,1,Covered,1,Municipal,3102.57,Kothrud,411038,Standalone,1.94,8.42,1.74,1.42,36218.14,7975978.7,11992.870868793794,Broker,31,2,2,2,2,0,0,0,0,0,0,0,1,0,0,0,0,0,0,0,0.1938531337340633,0.1801614405464142,0.4761904761904761,0.368421052631579,0.15,1.0,1.0,0.2,0.4,0.2,0.3333333333333333,1.0,1.0,0.0,1.0,1.0,1.0,0.2641882868039524,0.6607142857146755,0.2416666666666666,0.6832917705735659,0.555956678700361,0.3199999999999999,0.2231032186569183,0.2727272727272727,0.5,0.0,0.0,0.0,0.0,0.0,0.0,0.0,1.0,0.0,0.0,0.0,0.0,0.0,0.0,0.0,0.9090909090909091,0.5314128865641539,332.53
2 BHK,686.39,824.64,4,18,13,1,Semi-Furnished,1,3,1,1,3,Ceramic,1,0,0,0,0,Covered,1,Corporation + Borewell,1883.32,Wakad,411057,Society,5.37,3.05,2.0,1.95,17149.7,4466424.47,6507.123457509579,Owner,42,3,1,2,2,0,0,0,0,0,0,0,0,0,0,0,0,0,0,1,0.2040612198016769,0.2049014281279106,0.1904761904761904,0.7368421052631579,0.65,1.0,1.0,0.4000000000000001,0.2,0.2,0.2222222222222222,1.0,0.0,0.0,0.0,0.0,1.0,0.1242960930006287,1.0,0.7180555555555556,0.2369077306733166,0.6498194945848376,0.532,0.0536727997361128,0.3727272727272727,1.0,0.0,0.0,0.0,0.0,0.0,0.0,0.0,0.0,0.0,0.0,0.0,0.0,0.0,0.0,1.0,0.2222222222222222,0.46664585681347737,343.195
4 BHK,1384.37,1520.57,8,9,7,1,Semi-Furnished,1,4,2,4,8,Marble,1,1,0,0,0,Covered,0,Municipal,4445.42,Hadapsar,411028,Society,5.51,2.68,1.94,2.14,33057.78,11981349.82,8654.730902865564,Owner,34,3,1,4,4,0,0,1,0,0,0,0,0,0,0,0,0,0,0,0,0.5380996592518856,0.4749767153058057,0.3809523809523809,0.2631578947368421,0.35,1.0,1.0,0.6000000000000001,0.4,0.8,0.7777777777777777,1.0,1.0,0.0,0.0,0.0,0.0,0.4182618832351956,0.482142857143117,0.7375,0.2061512884455527,0.628158844765343,0.6080000000000001,0.1200028538354436,0.3,1.0,0.0,0.0,1.0,0.0,0.0,0.0,0.0,0.0,0.0,0.0,0.0,0.0,0.0,0.0,0.0,0.8888888888888888,0.450124896895134,346.0925
1 BHK,494.01,576.53,7,13,8,1,Semi-Furnished,1,2,1,0,1,Wooden,1,1,1,1,0,Covered,1,Municipal,800.0,Magarpatta,411013,Society,5.01,1.38,2.52,1.91,17021.34,6322091.76,12797.497540535616,Broker,24,3,1,1,1,0,0,0,0,0,0,0,0,1,0,0,0,0,0,0,0.1119922278800873,0.1086153368519093,0.3333333333333333,0.4736842105263157,0.4,1.0,1.0,0.2,0.2,0.0,0.0,1.0,1.0,1.0,1.0,0.0,1.0,0.0,0.214285714286234,0.6680555555555555,0.0980881130507065,0.8375451263537906,0.516,0.2479575309752334,0.209090909090909,1.0,0.0,0.0,0.0,0.0,0.0,0.0,0.0,0.0,1.0,0.0,0.0,0.0,0.0,0.0,0.0,0.5384615384615384,0.5326520668098755,494.01
3 BHK,1165.4,1359.73,8,13,6,1,Unfurnished,0,3,4,2,3,Marble,1,1,0,1,0,Covered,0,Corporation + Borewell,4863.93,Nigdi,411044,Society,3.16,9.59,1.42,2.46,39254.27,8762163.21,7518.588647674618,Broker,32,3,0,3,3,0,0,0,0,0,0,0,0,0,1,0,0,0,0,0,0.4333052567096749,0.4125582117354859,0.3809523809523809,0.4736842105263157,0.3,1.0,0.0,0.4000000000000001,0.8,0.4,0.2222222222222222,1.0,1.0,0.0,1.0,0.0,0.0,0.4662801584278378,0.7678571428577925,0.4111111111111111,0.7805486284289276,0.4404332129963898,0.736,0.0849111790046662,0.2818181818181818,1.0,0.0,0.0,0.0,0.0,0.0,0.0,0.0,0.0,0.0,1.0,0.0,0.0,0.0,0.0,0.0,0.6153846153846154,0.3334580224604755,388.4666666666667
4 BHK,1316.67,1594.19,4,9,10,1,Semi-Furnished,1,5,3,2,5,Marble,1,1,0,0,0,Covered,1,Corporation + Borewell,3349.17,Nigdi,411044,Society,3.69,10.55,1.55,2.31,39277.39,8464395.04,6428.638185726111,Broker,4,3,1,4,4,0,0,0,0,0,0,0,0,0,1,0,0,0,0,0,0.5056998736551936,0.5035470350822726,0.1904761904761904,0.2631578947368421,0.5,1.0,1.0,0.8,0.6000000000000001,0.4,0.4444444444444445,1.0,1.0,0.0,0.0,0.0,1.0,0.2924822502994617,0.7678571428577925,0.4847222222222223,0.8603491271820448,0.4873646209386282,0.676,0.0512476573223117,0.0272727272727272,1.0,0.0,0.0,0.0,0.0,0.0,0.0,0.0,0.0,0.0,1.0,0.0,0.0,0.0,0.0,0.0,0.4444444444444444,0.29944462199163746,329.1675
3 BHK,812.33,839.46,1,18,17,1,Semi-Furnished,1,3,3,1,5,Granite,0,1,0,1,0,Covered,1,Corporation + Borewell,1713.35,Shivajinagar,411005,Standalone,1.15,6.12,1.12,1.26,35824.05,10159406.53,12506.501704972115,Owner,6,2,1,3,3,0,0,0,0,0,0,0,0,0,0,0,0,1,0,0,0.2643334354301466,0.210652747593915,0.0476190476190476,0.7368421052631579,0.8500000000000001,1.0,1.0,0.4000000000000001,0.6000000000000001,0.2,0.4444444444444445,0.0,1.0,0.0,1.0,0.0,1.0,0.1047943696618951,0.071428571429351,0.1319444444444444,0.4921030756442227,0.332129963898917,0.256,0.2389685670410421,0.0454545454545454,0.5,0.0,0.0,0.0,0.0,0.0,0.0,0.0,0.0,0.0,0.0,0.0,0.0,1.0,0.0,0.0,0.05555555555555555,0.6467798700014562,270.7766666666667
3 BHK,1162.35,1401.04,6,16,8,1,Semi-Furnished,1,3,3,2,4,Vitrified,0,1,0,0,1,Stilt,1,Tanker,4858.73,Kharadi,411014,Standalone,3.6,1.47,2.55,2.18,36256.97,20659444.28,17773.858373123418,Builder,22,2,1,3,3,0,0,0,0,0,1,0,0,0,0,0,0,0,0,0,0.4318455913319804,0.4285897236882957,0.2857142857142857,0.631578947368421,0.4,1.0,1.0,0.4000000000000001,0.6000000000000001,0.4,0.3333333333333333,0.0,1.0,0.0,0.0,1.0,1.0,0.4656835298383135,0.232142857143117,0.4722222222222222,0.1055694098088112,0.8483754512635379,0.6240000000000001,0.4016541744447066,0.1909090909090909,0.5,0.0,0.0,0.0,0.0,0.0,1.0,0.0,0.0,0.0,0.0,0.0,0.0,0.0,0.0,0.0,0.375,0.5648664420128033,387.45
2 BHK,565.87,641.66,9,16,3,1,Semi-Furnished,1,3,1,1,3,Vitrified,0,0,0,0,0,Open,1,Corporation + Borewell,2384.03,Kothrud,411038,Standalone,2.36,8.12,0.71,1.39,20915.13,8403544.53,14850.662749394736,Broker,37,2,1,2,2,0,0,0,0,0,0,0,1,0,0,0,0,0,0,0,0.146382901336192,0.1338908723998758,0.4285714285714285,0.631578947368421,0.15,1.0,1.0,0.4000000000000001,0.2,0.2,0.2222222222222222,0.0,0.0,0.0,0.0,0.0,1.0,0.1817456893584407,0.6607142857146755,0.3,0.6583541147132168,0.1841155234657039,0.3079999999999999,0.3113682720211703,0.3272727272727272,0.5,0.0,0.0,0.0,0.0,0.0,0.0,0.0,1.0,0.0,0.0,0.0,0.0,0.0,0.0,0.0,0.5625,0.5238757107318024,282.935
2 BHK,795.25,961.57,0,14,11,1,Semi-Furnished,1,3,2,1,2,Vitrified,1,1,0,1,0,Open,1,Municipal,1288.24,Hadapsar,411028,Society,5.73,2.48,2.37,2.19,23733.15,8797123.45,11062.08544482867,Owner,6,3,1,2,2,0,0,1,0,0,0,0,0,0,0,0,0,0,0,0,0.256159309315058,0.2580409810617821,0.0,0.5263157894736842,0.55,1.0,1.0,0.4000000000000001,0.4,0.2,0.1111111111111111,1.0,1.0,0.0,1.0,0.0,1.0,0.0560188351056262,0.482142857143117,0.7680555555555556,0.1895261845386533,0.7833935018050542,0.628,0.194353297415364,0.0454545454545454,1.0,0.0,0.0,1.0,0.0,0.0,0.0,0.0,0.0,0.0,0.0,0.0,0.0,0.0,0.0,0.0,0.0,0.4403241832309699,397.625
1 BHK,431.31,495.15,2,12,1,1,Semi-Furnished,1,2,1,1,2,Ceramic,0,0,0,1,1,Open,1,Tanker,2198.33,Koregaon Park,411001,Standalone,2.73,3.17,1.16,1.07,27804.27,9845188.76,22826.24738587095,Broker,36,1,1,1,1,0,0,0,0,0,0,1,0,0,0,0,0,0,0,0,0.0819853363451893,0.0770335299596398,0.0952380952380952,0.4210526315789473,0.05,1.0,1.0,0.2,0.2,0.2,0.1111111111111111,0.0,0.0,0.0,1.0,1.0,1.0,0.1604391645363966,0.0,0.3513888888888889,0.2468827930174563,0.3465703971119133,0.18,0.5577015258753925,0.3181818181818182,0.0,0.0,0.0,0.0,0.0,0.0,0.0,1.0,0.0,0.0,0.0,0.0,0.0,0.0,0.0,0.0,0.16666666666666666,0.6763112237969147,431.31
4 BHK,1376.06,1588.45,7,13,8,1,Fully Furnished,1,5,5,3,5,Vitrified,1,1,1,0,1,Covered,1,Municipal,3444.99,Wakad,411057,Society,4.74,4.25,1.49,2.28,37677.2,17198895.73,12498.652478816331,Owner,13,3,2,4,4,0,0,0,0,0,0,0,0,0,0,0,0,0,0,1,0.5341226693211839,0.5013194660043465,0.3333333333333333,0.4736842105263157,0.4,1.0,1.0,0.8,1.0,0.6000000000000001,0.4444444444444445,1.0,1.0,1.0,0.0,1.0,1.0,0.3034762794241157,1.0,0.6305555555555556,0.3366583541147132,0.4657039711191335,0.6639999999999999,0.2387233348611442,0.109090909090909,1.0,0.0,0.0,0.0,0.0,0.0,0.0,0.0,0.0,0.0,0.0,0.0,0.0,0.0,0.0,1.0,0.5384615384615384,0.4270613654096892,344.015
4 BHK,1083.86,1324.46,13,17,7,1,Fully Furnished,0,4,5,2,4,Marble,1,0,1,0,0,Covered,0,Corporation + Borewell,2977.92,Hinjewadi,411057,Society,6.04,1.95,2.49,2.46,40418.69,9295353.39,8576.156874504088,Not Specified,26,3,2,4,4,0,0,0,1,0,0,0,0,0,0,0,0,0,0,0,0.3942819403499367,0.3988706923315742,0.6190476190476191,0.6842105263157894,0.35,1.0,0.0,0.6000000000000001,1.0,0.4,0.3333333333333333,1.0,0.0,1.0,0.0,0.0,0.0,0.249886411095456,1.0,0.8111111111111111,0.1454696591853699,0.8267148014440434,0.736,0.1175740051418455,0.2272727272727272,1.0,0.0,0.0,0.0,1.0,0.0,0.0,0.0,0.0,0.0,0.0,0.0,0.0,0.0,0.0,0.0,0.7647058823529411,0.41195941837806105,270.965
1 RK,511.15,637.87,9,13,10,1,Unfurnished,1,1,0,0,1,Vitrified,1,1,0,1,0,Covered,0,Tanker,1895.2,Nigdi,411044,Society,3.23,11.26,1.87,2.4,9047.54,3808881.44,7451.59237014575,Owner,59,3,0,1,1,0,0,0,0,0,0,0,0,0,1,0,0,0,0,0,0.1201950687239174,0.1324200558832661,0.4285714285714285,0.4736842105263157,0.5,1.0,1.0,0.0,0.0,0.0,0.0,1.0,1.0,0.0,1.0,0.0,0.0,0.1256591598551569,0.7678571428577925,0.4208333333333333,0.9193682460515376,0.6028880866425993,0.712,0.0828443103045697,0.5272727272727273,1.0,0.0,0.0,0.0,0.0,0.0,0.0,0.0,0.0,0.0,1.0,0.0,0.0,0.0,0.0,0.0,0.6923076923076923,0.29119863621090125,511.15
3 BHK,1044.92,1311.44,5,15,6,1,Unfurnished,1,2,3,2,3,Granite,1,1,0,0,0,Stilt,0,Borewell,2151.48,Hadapsar,411028,Standalone,5.97,2.46,2.33,2.42,19228.72,6920430.66,6622.928702675803,Builder,7,3,0,3,3,0,0,1,0,0,0,0,0,0,0,0,0,0,0,0,0.3756460813966845,0.3938179136914002,0.238095238095238,0.5789473684210527,0.3,1.0,1.0,0.2,0.6000000000000001,0.4,0.2222222222222222,1.0,1.0,0.0,0.0,0.0,0.0,0.1550637704173187,0.482142857143117,0.8013888888888889,0.1878636741479634,0.7689530685920578,0.72,0.0572478154569163,0.0545454545454545,1.0,0.0,0.0,1.0,0.0,0.0,0.0,0.0,0.0,0.0,0.0,0.0,0.0,0.0,0.0,0.0,0.3333333333333333,0.40548583050627207,348.3066666666667
2 BHK,671.65,789.19,2,12,12,1,Semi-Furnished,1,2,2,1,2,Granite,0,1,0,1,1,Stilt,1,Corporation + Borewell,2908.08,Aundh,411007,Standalone,3.02,3.95,1.75,1.52,26569.49,10080490.12,15008.546296434153,Broker,39,2,1,2,2,1,0,0,0,0,0,0,0,0,0,0,0,0,0,0,0.1970069681075079,0.1911440546414157,0.0952380952380952,0.4210526315789473,0.6000000000000001,1.0,1.0,0.2,0.4,0.2,0.1111111111111111,0.0,1.0,0.0,1.0,1.0,1.0,0.2418732301930782,0.107142857143117,0.3916666666666666,0.311720698254364,0.5595667870036102,0.3600000000000001,0.3162469716605492,0.3454545454545454,0.5,1.0,0.0,0.0,0.0,0.0,0.0,0.0,0.0,0.0,0.0,0.0,0.0,0.0,0.0,0.0,0.16666666666666666,0.5939120389651869,335.825
2 BHK,607.2,691.3,8,18,5,1,Unfurnished,0,2,3,0,3,Vitrified,0,0,1,0,0,Covered,1,Corporation + Borewell,2119.8,Nigdi,411044,Society,4.1,10.28,2.24,2.31,14843.44,3321212.28,5469.717193675889,Builder,32,3,0,2,2,0,0,0,0,0,0,0,0,0,1,0,0,0,0,0,0.1661625636509821,0.1531550760633344,0.3809523809523809,0.7368421052631579,0.25,1.0,0.0,0.2,0.6000000000000001,0.0,0.2222222222222222,0.0,0.0,1.0,0.0,0.0,1.0,0.1514289254719103,0.7678571428577925,0.5416666666666666,0.8379052369077306,0.736462093862816,0.676,0.0216310843215716,0.2818181818181818,1.0,0.0,0.0,0.0,0.0,0.0,0.0,0.0,0.0,0.0,1.0,0.0,0.0,0.0,0.0,0.0,0.4444444444444444,0.28833510691646425,303.6
3 BHK,725.43,867.22,9,10,6,1,Fully Furnished,1,3,2,2,5,Marble,1,1,0,1,0,Not Specified,0,Not Specified,1982.19,Viman Nagar,411014,Society,2.89,5.65,2.0,0.89,31245.05,10857040.98,14966.35234274844,Owner,13,2,2,3,3,0,0,0,0,0,0,0,0,0,0,0,0,0,1,0,0.2227449366361652,0.2214257994411674,0.4285714285714285,0.3157894736842105,0.3,1.0,1.0,0.4000000000000001,0.4,0.4,0.4444444444444445,1.0,1.0,0.0,1.0,0.0,0.0,0.1356400677402921,0.232142857143117,0.3736111111111111,0.4530340814630091,0.6498194945848376,0.108,0.314941743458725,0.109090909090909,0.5,0.0,0.0,0.0,0.0,0.0,0.0,0.0,0.0,0.0,0.0,0.0,0.0,0.0,1.0,0.0,0.9,0.6207414361339136,241.80999999999997
2 BHK,618.3,714.79,8,13,10,1,Semi-Furnished,1,1,2,2,3,Wooden,0,1,1,1,1,Not Specified,0,Tanker,3653.17,Baner,411045,Society,3.95,1.76,1.99,2.42,31855.65,15767442.38,25501.281546175,Builder,20,1,1,2,2,0,1,0,0,0,0,0,0,0,0,0,0,0,0,0,0.1714747884681648,0.1622710338404222,0.3809523809523809,0.4736842105263157,0.5,1.0,1.0,0.0,0.4,0.4,0.2222222222222222,0.0,1.0,1.0,1.0,1.0,0.0,0.3273620755331795,0.7857142857146755,0.5208333333333334,0.1296758104738154,0.6462093862815884,0.72,0.6403209885389474,0.1727272727272727,0.0,0.0,1.0,0.0,0.0,0.0,0.0,0.0,0.0,0.0,0.0,0.0,0.0,0.0,0.0,0.0,0.6153846153846154,0.5155555895539543,309.15
2 BHK,626.82,683.19,8,15,0,1,Semi-Furnished,1,2,2,1,3,Vitrified,1,1,0,0,0,Covered,0,Borewell,800.0,Nigdi,411044,Society,3.38,10.93,1.67,2.42,18501.97,4940954.17,7882.572620529018,Broker,6,3,1,2,2,0,0,0,0,0,0,0,0,0,1,0,0,0,0,0,0.1755522799494621,0.1500077615647315,0.3809523809523809,0.5789473684210527,0.0,1.0,1.0,0.2,0.4,0.2,0.2222222222222222,1.0,1.0,0.0,0.0,0.0,0.0,0.0,0.7678571428577925,0.4416666666666666,0.8919368246051537,0.5306859205776173,0.72,0.0961517079155017,0.0454545454545454,1.0,0.0,0.0,0.0,0.0,0.0,0.0,0.0,0.0,0.0,1.0,0.0,0.0,0.0,0.0,0.0,0.5333333333333333,0.29129940368697527,313.41
2 BHK,736.94,903.91,2,11,15,1,Unfurnished,1,3,2,2,2,Vitrified,1,1,0,0,0,Covered,1,Corporation + Borewell,3252.76,Baner,411045,Society,2.98,2.13,1.06,2.49,37201.35,10477773.81,14217.946929193693,Broker,34,1,0,2,2,0,1,0,0,0,0,0,0,0,0,0,0,0,0,0,0.2282533787664152,0.2356643899410121,0.0952380952380952,0.368421052631579,0.75,1.0,1.0,0.4000000000000001,0.4,0.4,0.1111111111111111,1.0,1.0,0.0,0.0,0.0,1.0,0.28142052677715,0.7857142857146755,0.3861111111111111,0.1604322527015793,0.3104693140794224,0.7480000000000001,0.291828456075025,0.3,0.0,0.0,1.0,0.0,0.0,0.0,0.0,0.0,0.0,0.0,0.0,0.0,0.0,0.0,0.0,0.0,0.18181818181818182,0.5416861590819073,368.47
3 BHK,1045.59,1230.8,1,14,7,1,Unfurnished,0,3,3,2,5,Vitrified,0,0,1,1,0,Not Specified,1,Borewell,3225.22,Kharadi,411014,Standalone,4.4,1.37,2.36,1.76,45837.9,9525394.1,9110.066182729368,Broker,48,2,0,3,3,0,0,0,0,0,1,0,0,0,0,0,0,0,0,0,0.3759667292009648,0.3625232846941944,0.0476190476190476,0.5263157894736842,0.35,1.0,0.0,0.4000000000000001,0.6000000000000001,0.4,0.4444444444444445,0.0,0.0,1.0,1.0,0.0,1.0,0.2782606899780165,0.232142857143117,0.5833333333333334,0.0972568578553615,0.779783393501805,0.456,0.1340654059550033,0.4272727272727272,0.5,0.0,0.0,0.0,0.0,0.0,1.0,0.0,0.0,0.0,0.0,0.0,0.0,0.0,0.0,0.0,0.07142857142857142,0.5764277391423753,348.53
2 BHK,476.47,535.18,3,12,8,1,Fully Furnished,1,2,1,1,3,Vitrified,1,1,1,0,0,Covered,1,Municipal,2221.54,Kharadi,411014,Society,4.47,0.81,1.73,1.99,16688.94,7594236.28,15938.540264864525,Owner,20,2,2,2,2,0,0,0,0,0,1,0,0,0,0,0,0,0,0,0,0.1035979555113136,0.0925683017696367,0.1428571428571428,0.4210526315789473,0.4,1.0,1.0,0.2,0.2,0.2,0.2222222222222222,1.0,1.0,1.0,0.0,0.0,1.0,0.1631021932984841,0.232142857143117,0.5930555555555556,0.0507065669160432,0.5523465703971119,0.548,0.3449700223735757,0.1727272727272727,0.5,0.0,0.0,0.0,0.0,0.0,1.0,0.0,0.0,0.0,0.0,0.0,0.0,0.0,0.0,0.0,0.25,0.5639649508619256,238.235
3 BHK,914.22,1062.33,5,9,1,1,Semi-Furnished,1,3,3,2,5,Vitrified,1,1,0,1,0,Bike,1,Municipal,1934.71,Pimple Saudagar,411027,Standalone,3.64,4.83,1.51,1.43,37136.06,7314481.86,8000.789591126862,Builder,43,3,1,3,3,0,0,0,0,0,0,0,0,0,0,1,0,0,0,0,0.3130958306213867,0.2971437441788265,0.238095238095238,0.2631578947368421,0.05,1.0,1.0,0.4000000000000001,0.6000000000000001,0.4,0.4444444444444445,1.0,1.0,0.0,1.0,0.0,1.0,0.1301923897728681,0.464285714286234,0.4777777777777778,0.3848711554447215,0.4729241877256318,0.3239999999999999,0.0998039377987416,0.3818181818181818,1.0,0.0,0.0,0.0,0.0,0.0,0.0,0.0,0.0,0.0,0.0,1.0,0.0,0.0,0.0,0.0,0.5555555555555556,0.551614758667089,304.74
2 BHK,581.24,703.95,0,7,12,1,Semi-Furnished,1,2,1,1,3,Vitrified,0,0,0,0,0,Bike,1,Municipal,2146.84,Kharadi,411014,Society,3.88,1.72,1.83,2.01,15089.94,4993261.05,8590.704442226963,Owner,21,2,1,2,2,0,0,0,0,0,1,0,0,0,0,0,0,0,0,0,0.1537386576821471,0.1580642657559764,0.0,0.1578947368421052,0.6000000000000001,1.0,1.0,0.2,0.2,0.2,0.2222222222222222,0.0,0.0,0.0,0.0,0.0,1.0,0.1545313941374357,0.232142857143117,0.5111111111111111,0.1263507896924355,0.5884476534296029,0.5559999999999999,0.1180233915672251,0.1818181818181818,0.5,0.0,0.0,0.0,0.0,0.0,1.0,0.0,0.0,0.0,0.0,0.0,0.0,0.0,0.0,0.0,0.0,0.5636023768280514,290.62
2 BHK,492.21,539.07,7,14,14,1,Semi-Furnished,1,3,2,1,3,Wooden,0,0,0,0,0,Covered,0,Corporation + Borewell,2050.245,Magarpatta,411013,Standalone,4.91,2.86,2.14,1.9,14114.73,3407153.28,6922.153714877796,Broker,22,3,1,2,2,0,0,0,0,0,0,0,0,1,0,0,0,0,0,0,0.1111307860178414,0.0940779261099038,0.3333333333333333,0.5263157894736842,0.7000000000000001,1.0,1.0,0.4000000000000001,0.4,0.2,0.2222222222222222,0.0,0.0,0.0,0.0,0.0,0.0,0.143448444405689,0.214285714286234,0.6541666666666667,0.2211138819617622,0.700361010830325,0.512,0.0664897329872492,0.1909090909090909,1.0,0.0,0.0,0.0,0.0,0.0,0.0,0.0,0.0,1.0,0.0,0.0,0.0,0.0,0.0,0.0,0.5,0.49788698063432324,246.105
1 RK,502.61,622.43,11,15,15,1,Semi-Furnished,1,1,1,0,2,Vitrified,0,1,0,1,0,Not Specified,0,Corporation + Borewell,1615.01,Hinjewadi,411057,Standalone,6.92,1.69,2.8,2.38,8821.64,4304401.31,8564.098028292314,Broker,50,3,1,1,1,0,0,0,1,0,0,0,0,0,0,0,0,0,0,0,0.1161080056663731,0.1264281279105867,0.5238095238095237,0.5789473684210527,0.75,1.0,1.0,0.0,0.2,0.0,0.1111111111111111,0.0,1.0,0.0,1.0,0.0,0.0,0.0935112051438563,1.0,0.9333333333333332,0.1238570241064006,0.9386281588447652,0.704,0.117203377162151,0.4454545454545454,1.0,0.0,0.0,0.0,1.0,0.0,0.0,0.0,0.0,0.0,0.0,0.0,0.0,0.0,0.0,0.0,0.7333333333333333,0.3879531868493439,502.61
4 BHK,1409.57,1652.77,11,12,9,1,Fully Furnished,1,4,3,2,7,Vitrified,1,1,1,0,0,Covered,1,Municipal,3953.03,Wakad,411057,Society,4.97,2.57,2.63,2.7,61205.85,13091337.14,9287.468618089206,Broker,17,3,2,4,4,0,0,0,0,0,0,0,0,0,0,0,0,0,0,1,0.5501598453233278,0.5262806581806894,0.5238095238095237,0.4210526315789473,0.45,1.0,1.0,0.6000000000000001,0.6000000000000001,0.4,0.6666666666666665,1.0,1.0,1.0,0.0,0.0,1.0,0.3617668926206223,1.0,0.6625,0.197007481296758,0.8772563176895307,0.8320000000000001,0.1395439052081879,0.1454545454545454,1.0,0.0,0.0,0.0,0.0,0.0,0.0,0.0,0.0,0.0,0.0,0.0,0.0,0.0,0.0,1.0,0.9166666666666666,0.41761825351359283,352.3925
3 BHK,546.72,598.13,2,16,11,1,Fully Furnished,1,4,3,1,4,Vitrified,1,1,1,1,1,Not Specified,1,Corporation + Borewell,2498.05,Aundh,411007,Society,3.42,4.6,0.86,1.81,23805.2,8635188.02,15794.534716125254,Not Specified,54,2,2,3,3,1,0,0,0,0,0,0,0,0,0,0,0,0,0,0,0.1372181170795206,0.1169978267618752,0.0952380952380952,0.631578947368421,0.55,1.0,1.0,0.6000000000000001,0.6000000000000001,0.2,0.3333333333333333,1.0,1.0,1.0,1.0,1.0,1.0,0.1948279185464292,0.107142857143117,0.4472222222222222,0.3657522859517871,0.2382671480144404,0.4760000000000001,0.3405197069073937,0.4818181818181818,0.5,1.0,0.0,0.0,0.0,0.0,0.0,0.0,0.0,0.0,0.0,0.0,0.0,0.0,0.0,0.0,0.125,0.5271951160544783,182.24
2 BHK,523.97,618.09,13,17,15,1,Unfurnished,0,3,2,1,2,Vitrified,1,0,0,1,0,Covered,1,Corporation + Borewell,1657.25,Pune Camp,411001,Society,1.71,6.4,1.31,1.54,8622.41,3373105.4,6437.592610263946,Broker,16,3,0,2,2,0,0,0,0,0,0,0,0,0,0,0,1,0,0,0,0.1263304490983575,0.1247438683638622,0.6190476190476191,0.6842105263157894,0.75,1.0,0.0,0.4000000000000001,0.4,0.2,0.1111111111111111,1.0,0.0,0.0,1.0,0.0,1.0,0.0983576650710676,0.0,0.2097222222222222,0.5153782211138819,0.4007220216606498,0.3680000000000001,0.0515247017371333,0.1363636363636363,1.0,0.0,0.0,0.0,0.0,0.0,0.0,0.0,0.0,0.0,0.0,0.0,1.0,0.0,0.0,0.0,0.7647058823529411,0.5840086076390247,261.985
4 BHK,1602.14,1965.64,10,11,14,1,Semi-Furnished,1,4,4,3,7,Ceramic,1,1,0,0,0,Not Specified,1,Tanker,4264.33,Hinjewadi,411057,Society,6.24,0.47,2.73,2.22,33561.08,12013967.62,7498.700250914401,Broker,16,3,1,4,4,0,0,0,1,0,0,0,0,0,0,0,0,0,0,0,0.6423197672192658,0.6476986960571252,0.4761904761904761,0.368421052631579,0.7000000000000001,1.0,1.0,0.6000000000000001,0.8,0.6000000000000001,0.6666666666666665,1.0,1.0,0.0,0.0,0.0,1.0,0.3974842926050181,1.0,0.8388888888888889,0.0224438902743142,0.9133574007220217,0.6400000000000001,0.0842977896982717,0.1363636363636363,1.0,0.0,0.0,0.0,1.0,0.0,0.0,0.0,0.0,0.0,0.0,0.0,0.0,0.0,0.0,0.0,0.9090909090909091,0.4689294017585105,400.535
2 BHK,659.25,713.89,10,14,8,1,Unfurnished,1,2,1,1,2,Ceramic,1,1,0,0,0,Covered,0,Borewell,2330.16,Wakad,411057,Society,5.51,4.15,2.1,2.13,20586.99,4602663.22,6981.665862722791,Broker,27,3,0,2,2,0,0,0,0,0,0,0,0,0,0,0,0,0,0,1,0.1910725908342586,0.161921763427507,0.4761904761904761,0.5263157894736842,0.4,1.0,1.0,0.2,0.2,0.2,0.1111111111111111,1.0,1.0,0.0,0.0,0.0,0.0,0.1755648466435052,1.0,0.7375,0.3283458021612634,0.6859205776173286,0.604,0.0683283566231837,0.2363636363636363,1.0,0.0,0.0,0.0,0.0,0.0,0.0,0.0,0.0,0.0,0.0,0.0,0.0,0.0,0.0,1.0,0.7142857142857143,0.41112786004445867,329.625
3 BHK,916.91,1003.11,9,14,15,1,Semi-Furnished,1,4,3,2,4,Ceramic,1,1,1,0,1,Covered,0,Municipal,3097.84,Wakad,411057,Society,5.36,3.68,2.03,2.59,13499.07,9384281.32,10234.680961053975,Broker,14,3,1,3,3,0,0,0,0,0,0,0,0,0,0,0,0,0,0,1,0.3143832076266319,0.2741617510090035,0.4285714285714285,0.5263157894736842,0.75,1.0,1.0,0.6000000000000001,0.6000000000000001,0.4,0.3333333333333333,1.0,1.0,1.0,0.0,1.0,0.0,0.2636455842600199,1.0,0.7166666666666668,0.2892768079800498,0.6606498194945848,0.788,0.1687991159287258,0.1181818181818181,1.0,0.0,0.0,0.0,0.0,0.0,0.0,0.0,0.0,0.0,0.0,0.0,0.0,0.0,0.0,1.0,0.6428571428571429,0.38154934763683745,305.63666666666666
3 BHK,1078.83,1357.93,4,12,10,1,Semi-Furnished,1,3,3,2,3,Ceramic,0,0,1,0,0,Covered,0,Tanker,2651.88,Wakad,411057,Standalone,4.8,3.43,1.94,2.98,36343.25,7726617.17,7162.034027603979,Owner,16,3,1,3,3,0,0,0,0,0,0,0,0,0,0,0,0,0,0,1,0.3918746889237719,0.4118596709096555,0.1904761904761904,0.4210526315789473,0.5,1.0,1.0,0.4000000000000001,0.6000000000000001,0.4,0.2222222222222222,0.0,0.0,1.0,0.0,0.0,0.0,0.2124777985322937,1.0,0.6388888888888888,0.2684954280964255,0.628158844765343,0.944,0.0738998217279418,0.1363636363636363,1.0,0.0,0.0,0.0,0.0,0.0,0.0,0.0,0.0,0.0,0.0,0.0,0.0,0.0,0.0,1.0,0.3333333333333333,0.3719217519299286,359.60999999999996
1 BHK,423.84,493.48,3,17,3,1,Semi-Furnished,1,1,1,0,2,Granite,1,1,0,0,0,Covered,0,Corporation + Borewell,834.4,Nigdi,411044,Society,4.08,9.58,1.83,1.85,11025.78,3513445.81,8289.55693186108,Owner,35,3,1,1,1,0,0,0,0,0,0,0,0,0,1,0,0,0,0,0,0.0784103526168689,0.0763854393045638,0.1428571428571428,0.6842105263157894,0.15,1.0,1.0,0.0,0.2,0.0,0.1111111111111111,1.0,1.0,0.0,0.0,0.0,0.0,0.0039469275922364,0.7678571428577925,0.5388888888888889,0.7797173732335826,0.5884476534296029,0.4920000000000001,0.1087206292768924,0.3090909090909091,1.0,0.0,0.0,0.0,0.0,0.0,0.0,0.0,0.0,0.0,1.0,0.0,0.0,0.0,0.0,0.0,0.17647058823529413,0.3574600750193554,423.84
1 BHK,363.79,400.65,6,11,5,1,Fully Furnished,1,1,2,1,1,Marble,1,1,0,1,1,Not Specified,1,Borewell,800.0,Baner,411045,Society,3.31,3.72,1.92,2.34,19348.35,10592425.61,29116.868550537394,Broker,19,1,2,1,1,0,1,0,0,0,0,0,0,0,0,0,0,0,0,0,0.0496716949347218,0.0403601366035392,0.2857142857142857,0.368421052631579,0.25,1.0,1.0,0.0,0.4,0.2,0.0,1.0,1.0,0.0,1.0,1.0,1.0,0.0,0.7857142857146755,0.4319444444444444,0.2926018287614297,0.6209386281588447,0.688,0.7519779179849698,0.1636363636363636,0.0,0.0,1.0,0.0,0.0,0.0,0.0,0.0,0.0,0.0,0.0,0.0,0.0,0.0,0.0,0.0,0.5454545454545454,0.4995108763710563,363.79
3 BHK,886.5,1120.56,6,15,11,1,Unfurnished,0,3,2,1,5,Wooden,1,1,0,0,1,Covered,0,Corporation + Borewell,3349.01,Shivajinagar,411005,Society,0.3,7.07,1.34,1.35,33562.84,7505284.64,8466.198127467569,Owner,87,2,0,3,3,0,0,0,0,0,0,0,0,0,0,0,0,1,0,0,0.2998296259428002,0.3197415398944427,0.2857142857142857,0.5789473684210527,0.55,1.0,0.0,0.4000000000000001,0.4,0.2,0.4444444444444445,1.0,1.0,0.0,0.0,1.0,0.0,0.2924638924967071,0.071428571429351,0.0138888888888888,0.571072319201995,0.4115523465703971,0.292,0.1141787439911939,0.7818181818181819,0.5,0.0,0.0,0.0,0.0,0.0,0.0,0.0,0.0,0.0,0.0,0.0,0.0,1.0,0.0,0.0,0.4,0.6495601598831362,295.5
2 BHK,451.49,570.47,12,17,8,1,Semi-Furnished,1,3,2,1,3,Vitrified,0,0,0,1,1,Bike,0,Corporation + Borewell,1723.92,Kothrud,411038,Society,2.25,7.22,0.87,1.5,19625.07,3520139.13,7796.71560831912,Owner,34,2,1,2,2,0,0,0,0,0,0,0,1,0,0,0,0,0,0,0,0.0916430567785903,0.10626358273828,0.5714285714285714,0.6842105263157894,0.4,1.0,1.0,0.4000000000000001,0.4,0.2,0.2222222222222222,0.0,0.0,0.0,1.0,1.0,0.0,0.1060071320063701,0.6607142857146755,0.2847222222222222,0.5835411471321695,0.2418772563176895,0.3520000000000001,0.0935035710005843,0.3,0.5,0.0,0.0,0.0,0.0,0.0,0.0,0.0,1.0,0.0,0.0,0.0,0.0,0.0,0.0,0.0,0.7058823529411765,0.5416083735789379,225.745
1 BHK,590.98,723.5,14,15,11,1,Semi-Furnished,1,1,1,0,2,Granite,0,1,0,1,0,Covered,0,Corporation + Borewell,1670.2,Pune Camp,411001,Standalone,2.32,5.46,1.55,1.51,13989.84,4005826.87,6778.278232765914,Owner,37,3,1,1,1,0,0,0,0,0,0,0,0,0,0,0,1,0,0,0,0.158400015314522,0.1656511952809686,0.6666666666666666,0.5789473684210527,0.55,1.0,1.0,0.0,0.2,0.0,0.1111111111111111,0.0,1.0,0.0,1.0,0.0,0.0,0.0998434997315171,0.0,0.2944444444444444,0.4372402327514546,0.4873646209386282,0.3560000000000001,0.0620462123673615,0.3272727272727272,1.0,0.0,0.0,0.0,0.0,0.0,0.0,0.0,0.0,0.0,0.0,0.0,1.0,0.0,0.0,0.0,0.9333333333333333,0.5853563183285178,590.98
1 RK,489.94,543.44,8,9,1,1,Semi-Furnished,0,1,1,1,2,Marble,1,1,1,1,0,Covered,1,Municipal,1891.66,Baner,411045,Society,2.58,3.94,1.82,2.76,29424.96,14482418.38,29559.57541739805,Broker,30,1,1,1,1,0,1,0,0,0,0,0,0,0,0,0,0,0,0,0,0.1100444121137868,0.0957738280037256,0.3809523809523809,0.2631578947368421,0.05,1.0,0.0,0.0,0.2,0.2,0.1111111111111111,1.0,1.0,1.0,1.0,0.0,1.0,0.1252529934692116,0.7857142857146755,0.3305555555555555,0.310889443059019,0.5848375451263538,0.8559999999999999,0.7656568701455456,0.2636363636363636,0.0,0.0,1.0,0.0,0.0,0.0,0.0,0.0,0.0,0.0,0.0,0.0,0.0,0.0,0.0,0.0,0.8888888888888888,0.48152578013575564,489.94
2 BHK,474.6,516.09,7,11,15,1,Semi-Furnished,1,3,1,1,3,Ceramic,1,1,0,0,0,Covered,0,Tanker,2795.18,Kothrud,411038,Society,1.71,7.99,1.82,1.81,15778.76,7220789.64,15214.474589127685,Owner,18,2,1,2,2,0,0,0,0,0,0,0,1,0,0,0,0,0,0,0,0.1027030131322026,0.0851598882334679,0.3333333333333333,0.368421052631579,0.75,1.0,1.0,0.4000000000000001,0.2,0.2,0.2222222222222222,1.0,1.0,0.0,0.0,0.0,0.0,0.2289195056243718,0.6607142857146755,0.2097222222222222,0.6475477971737322,0.5848375451263538,0.4760000000000001,0.3226063300788079,0.1545454545454545,0.5,0.0,0.0,0.0,0.0,0.0,0.0,0.0,1.0,0.0,0.0,0.0,0.0,0.0,0.0,0.0,0.6363636363636364,0.5118263949212436,237.3
2 BHK,399.0,445.36,0,14,7,1,Semi-Furnished,1,3,3,1,3,Vitrified,1,1,0,0,0,Covered,0,Borewell,800.0,Wakad,411057,Society,4.26,2.18,2.3,2.65,7803.01,2957829.16,7413.105664160402,Owner,70,3,1,2,2,0,0,0,0,0,0,0,0,0,0,0,0,0,0,1,0.0665224549178758,0.0577111145606954,0.0,0.5263157894736842,0.35,1.0,1.0,0.4000000000000001,0.6000000000000001,0.2,0.2222222222222222,1.0,1.0,0.0,0.0,0.0,0.0,0.0,1.0,0.5638888888888889,0.1645885286783042,0.7581227436823105,0.812,0.081656138772999,0.6272727272727273,1.0,0.0,0.0,0.0,0.0,0.0,0.0,0.0,0.0,0.0,0.0,0.0,0.0,0.0,0.0,1.0,0.0,0.4655717151833261,199.5
1 BHK,556.67,670.13,6,14,10,1,Fully Furnished,1,2,1,0,2,Vitrified,1,1,0,1,0,Covered,1,Borewell,3254.59,Aundh,411007,Society,3.94,2.6,1.48,1.53,31864.31,5081193.71,9127.83823450159,Owner,13,2,2,1,1,1,0,0,0,0,0,0,0,0,0,0,0,0,0,0,0.1419799762624908,0.1449394597950947,0.2857142857142857,0.5263157894736842,0.5,1.0,1.0,0.2,0.2,0.0,0.1111111111111111,1.0,1.0,0.0,1.0,0.0,1.0,0.2816304941461556,0.107142857143117,0.5194444444444445,0.199501246882793,0.4620938628158845,0.3640000000000001,0.1346136265083014,0.109090909090909,0.5,1.0,0.0,0.0,0.0,0.0,0.0,0.0,0.0,0.0,0.0,0.0,0.0,0.0,0.0,0.0,0.42857142857142855,0.5881969884218454,556.67
2 BHK,686.97,860.71,7,12,16,1,Unfurnished,1,3,1,1,3,Marble,1,1,1,0,0,Bike,0,Borewell,2424.4,Hadapsar,411028,Society,4.7,3.27,2.75,2.17,19427.11,6059753.75,8820.987452144926,Owner,5,3,0,2,2,0,0,1,0,0,0,0,0,0,0,0,0,0,0,0,0.204338795512845,0.2188994101210805,0.3333333333333333,0.4210526315789473,0.8,1.0,1.0,0.4000000000000001,0.2,0.2,0.2222222222222222,1.0,1.0,1.0,0.0,0.0,0.0,0.1863775924659577,0.482142857143117,0.625,0.255195344970906,0.92057761732852,0.62,0.1251369779241621,0.0363636363636363,1.0,0.0,0.0,1.0,0.0,0.0,0.0,0.0,0.0,0.0,0.0,0.0,0.0,0.0,0.0,0.0,0.5833333333333334,0.46732557924299545,343.485
2 BHK,757.82,928.88,0,15,9,1,Semi-Furnished,1,3,1,1,3,Vitrified,1,0,1,1,0,Covered,0,Municipal,3675.07,Kharadi,411014,Society,3.7,2.7,2.48,1.59,18764.13,6843515.66,9030.529228576706,Broker,10,2,1,2,2,0,0,0,0,0,1,0,0,0,0,0,0,0,0,0,0.2382461043684674,0.2453547035082273,0.0,0.5789473684210527,0.45,1.0,1.0,0.4000000000000001,0.2,0.2,0.2222222222222222,1.0,0.0,1.0,1.0,0.0,0.0,0.3298747997852137,0.232142857143117,0.4861111111111111,0.2078137988362427,0.8231046931407943,0.3880000000000001,0.1316081424496286,0.0818181818181818,0.5,0.0,0.0,0.0,0.0,0.0,1.0,0.0,0.0,0.0,0.0,0.0,0.0,0.0,0.0,0.0,0.0,0.5898720045285868,378.91
4 BHK,1128.23,1245.04,11,15,2,1,Semi-Furnished,1,5,4,2,8,Ceramic,1,1,1,1,1,Open,1,Corporation + Borewell,3653.57,Kharadi,411014,Standalone,4.56,1.43,1.74,1.96,54134.04,19118153.1,16945.26213626654,Owner,53,2,1,4,4,0,0,0,0,0,1,0,0,0,0,0,0,0,0,0,0.4155164822542976,0.3680495187829867,0.5238095238095237,0.5789473684210527,0.1,1.0,1.0,0.8,0.8,0.4,0.7777777777777777,1.0,1.0,1.0,1.0,1.0,1.0,0.3274079700400659,0.232142857143117,0.6055555555555555,0.1022443890274314,0.555956678700361,0.536,0.3760613858768502,0.4727272727272727,0.5,0.0,0.0,0.0,0.0,0.0,1.0,0.0,0.0,0.0,0.0,0.0,0.0,0.0,0.0,0.0,0.7333333333333333,0.5462176875913589,282.0575
1 RK,519.88,595.33,6,9,4,1,Semi-Furnished,1,1,1,1,2,Vitrified,1,1,1,1,1,Covered,1,Borewell,2784.58,Baner,411045,Standalone,3.36,2.44,1.4,2.22,34176.92,7269389.64,13982.822266676925,Owner,38,1,1,1,1,0,1,0,0,0,0,0,0,0,0,0,0,0,0,0,0.1243730617558099,0.1159112076994722,0.2857142857142857,0.2631578947368421,0.2,1.0,1.0,0.0,0.2,0.2,0.1111111111111111,1.0,1.0,1.0,1.0,1.0,1.0,0.2277033011918803,0.7857142857146755,0.4388888888888889,0.1862011637572734,0.4332129963898916,0.6400000000000001,0.2845638388163625,0.3363636363636363,0.0,0.0,1.0,0.0,0.0,0.0,0.0,0.0,0.0,0.0,0.0,0.0,0.0,0.0,0.0,0.0,0.6666666666666666,0.5449660271001235,519.88
1 BHK,404.0,487.26,7,10,5,1,Unfurnished,0,1,1,0,2,Wooden,1,1,0,1,1,Stilt,0,Corporation + Borewell,2092.91,Hinjewadi,411057,Society,6.72,0.88,2.76,2.7,7500.0,3990562.3,9877.629455445543,Owner,34,3,0,1,1,0,0,0,1,0,0,0,0,0,0,0,0,0,0,0,0.0689153489796699,0.0739715926730829,0.3333333333333333,0.3157894736842105,0.25,1.0,0.0,0.0,0.2,0.0,0.1111111111111111,1.0,1.0,0.0,1.0,1.0,0.0,0.1483436672464672,1.0,0.9055555555555556,0.056525353283458,0.9241877256317688,0.8320000000000001,0.1577707715362653,0.3,1.0,0.0,0.0,0.0,1.0,0.0,0.0,0.0,0.0,0.0,0.0,0.0,0.0,0.0,0.0,0.0,0.7,0.38485102185020426,404.0
3 BHK,846.69,1010.05,1,14,9,1,Semi-Furnished,1,4,2,1,5,Granite,1,1,1,0,0,Stilt,1,Municipal,1557.29,Viman Nagar,411014,Society,1.5,6.06,1.74,1.32,39469.43,11316304.85,13365.346053455218,Owner,44,2,1,3,3,0,0,0,0,0,0,0,0,0,0,0,0,0,1,0,0.2807774034227956,0.2768550139708166,0.0476190476190476,0.5263157894736842,0.45,1.0,1.0,0.6000000000000001,0.4,0.2,0.4444444444444445,1.0,1.0,1.0,0.0,0.0,1.0,0.0868886278001385,0.232142857143117,0.1805555555555555,0.4871155444721529,0.555956678700361,0.28,0.2654916318379318,0.3909090909090909,0.5,0.0,0.0,0.0,0.0,0.0,0.0,0.0,0.0,0.0,0.0,0.0,0.0,0.0,1.0,0.0,0.07142857142857142,0.6262391708017219,282.23
2 BHK,548.72,651.28,7,10,16,1,Unfurnished,0,1,2,2,3,Not Specified,0,1,0,1,1,Covered,1,Tanker,2299.13,Koregaon Park,411001,Standalone,2.87,4.76,1.54,1.15,29278.94,11934702.34,21750.077161393787,Broker,15,1,0,2,2,0,0,0,0,0,0,1,0,0,0,0,0,0,0,0,0.1381752747042383,0.1376241850357032,0.3333333333333333,0.3157894736842105,0.8,1.0,0.0,0.0,0.4,0.4,0.2222222222222222,0.0,1.0,0.0,1.0,1.0,1.0,0.1720045802717872,0.0,0.3708333333333333,0.3790523690773066,0.483754512635379,0.2119999999999999,0.5244617555164885,0.1272727272727272,0.0,0.0,0.0,0.0,0.0,0.0,0.0,1.0,0.0,0.0,0.0,0.0,0.0,0.0,0.0,0.0,0.7,0.6181218500719727,274.36
2 BHK,576.86,626.46,7,14,4,1,Fully Furnished,1,2,3,0,4,Vitrified,1,1,0,0,0,Covered,0,Corporation + Borewell,1834.64,Aundh,411007,Society,2.9,5.51,1.37,1.27,26108.74,5960598.07,10332.833044412857,Broker,84,2,2,2,2,1,0,0,0,0,0,0,0,0,0,0,0,0,0,0,0.1516424824840154,0.1279920832039739,0.3333333333333333,0.5263157894736842,0.2,1.0,1.0,0.2,0.6000000000000001,0.0,0.3333333333333333,1.0,1.0,0.0,0.0,0.0,0.0,0.1187107315125452,0.107142857143117,0.375,0.4413965087281795,0.4223826714801444,0.26,0.1718311616592767,0.7545454545454545,0.5,1.0,0.0,0.0,0.0,0.0,0.0,0.0,0.0,0.0,0.0,0.0,0.0,0.0,0.0,0.0,0.5,0.583508448696511,288.43
1 BHK,499.43,553.44,8,11,12,1,Semi-Furnished,1,2,2,0,1,Granite,1,1,0,0,0,Open,1,Tanker,1144.08,Shivajinagar,411005,Society,1.17,6.54,0.29,1.55,25058.35,8073753.67,16165.936507618684,Broker,46,2,1,1,1,0,0,0,0,0,0,0,0,0,0,0,0,1,0,0,0.1145861250430721,0.0996546103694505,0.3809523809523809,0.368421052631579,0.6000000000000001,1.0,1.0,0.2,0.4,0.0,0.0,1.0,1.0,0.0,0.0,0.0,1.0,0.0394784548237421,0.071428571429351,0.1347222222222222,0.5270157938487114,0.0324909747292418,0.3720000000000001,0.3519857011725434,0.409090909090909,0.5,0.0,0.0,0.0,0.0,0.0,0.0,0.0,0.0,0.0,0.0,0.0,0.0,1.0,0.0,0.0,0.7272727272727273,0.6034488022836346,499.43
2 BHK,448.85,568.2,2,10,0,1,Fully Furnished,1,3,2,2,3,Granite,0,0,0,0,0,Covered,1,Municipal,1585.3,Baner,411045,Society,3.54,3.84,1.52,2.22,24661.42,11480772.53,25578.194341093906,Owner,50,1,2,2,2,0,1,0,0,0,0,0,0,0,0,0,0,0,0,0,0.090379608713963,0.1053826451412605,0.0952380952380952,0.3157894736842105,0.0,1.0,1.0,0.4000000000000001,0.4,0.4,0.2222222222222222,0.0,0.0,0.0,0.0,0.0,1.0,0.0901023906448637,0.7857142857146755,0.4638888888888889,0.3025768911055693,0.4765342960288808,0.6400000000000001,0.6426896101858453,0.4454545454545454,0.0,0.0,1.0,0.0,0.0,0.0,0.0,0.0,0.0,0.0,0.0,0.0,0.0,0.0,0.0,0.0,0.2,0.49870038287863305,224.425
1 BHK,381.77,752.35,2,11,16,1,Fully Furnished,1,1,0,0,1,Granite,0,1,1,1,1,Covered,1,Municipal,1830.65,Kharadi,411014,Standalone,4.71,1.55,1.98,1.66,13833.13,3607706.52,9449.94766482437,Owner,49,2,2,1,1,0,0,0,0,0,1,0,0,0,0,0,0,0,0,0,0.0582765419809334,0.1768472524060851,0.0952380952380952,0.368421052631579,0.8,1.0,1.0,0.0,0.0,0.0,0.0,0.0,1.0,1.0,1.0,1.0,1.0,0.1182529338063527,0.232142857143117,0.6263888888888889,0.112219451371571,0.6425992779783394,0.416,0.1445591194867544,0.4363636363636363,0.5,0.0,0.0,0.0,0.0,0.0,1.0,0.0,0.0,0.0,0.0,0.0,0.0,0.0,0.0,0.0,0.18181818181818182,0.5682415669333085,381.77
5 BHK,2331.0,865.89,1,7,5,1,Unfurnished,0,5,5,4,6,Vitrified,0,0,0,0,0,Stilt,1,Corporation + Borewell,6333.26,Wakad,411057,Standalone,4.8,1.92,1.79,2.17,42143.04,15765407.74,6763.366683826684,Owner,33,3,0,5,5,0,0,0,0,0,0,0,0,0,0,0,0,0,0,1,0.9911367203951148,0.2209096553865259,0.0476190476190476,0.1578947368421052,0.25,1.0,0.0,0.8,1.0,0.8,0.5555555555555556,0.0,0.0,0.0,0.0,0.0,1.0,0.6348655979365829,1.0,0.6388888888888888,0.1429758935993349,0.5740072202166066,0.62,0.0615863248158905,0.2909090909090909,1.0,0.0,0.0,0.0,0.0,0.0,0.0,0.0,0.0,0.0,0.0,0.0,0.0,0.0,0.0,1.0,0.14285714285714285,0.49961584170496687,466.2
1 BHK,362.82,398.81,7,13,10,1,Fully Furnished,0,2,1,0,2,Ceramic,1,1,0,1,1,Open,1,Corporation + Borewell,2614.07,Kothrud,411038,Society,2.38,7.13,1.12,1.0,19668.04,3474296.7,9575.813626591698,Owner,32,2,2,1,1,0,0,0,0,0,0,0,1,0,0,0,0,0,0,0,0.0492074734867338,0.0396460726482459,0.3333333333333333,0.4736842105263157,0.5,1.0,0.0,0.2,0.2,0.0,0.1111111111111111,1.0,1.0,0.0,1.0,1.0,1.0,0.20813962026885,0.6607142857146755,0.3027777777777777,0.5760598503740647,0.332129963898917,0.152,0.1484516398434962,0.2818181818181818,0.5,0.0,0.0,0.0,0.0,0.0,0.0,0.0,1.0,0.0,0.0,0.0,0.0,0.0,0.0,0.0,0.5384615384615384,0.5916243056063171,362.82
2 BHK,444.21,559.77,14,16,10,1,Unfurnished,1,3,2,1,3,Ceramic,1,1,0,1,0,Stilt,0,Corporation + Borewell,800.0,Nigdi,411044,Society,3.38,9.92,2.0,2.78,10766.61,2800000.0,6303.325003939578,Owner,73,3,0,2,2,0,0,0,0,0,0,0,0,0,1,0,0,0,0,0,0.088159003024618,0.1021111456069543,0.6666666666666666,0.631578947368421,0.5,1.0,1.0,0.4000000000000001,0.4,0.2,0.2222222222222222,1.0,1.0,0.0,1.0,0.0,0.0,0.0,0.7678571428577925,0.4416666666666666,0.8079800498753116,0.6498194945848376,0.8639999999999999,0.0473755215044531,0.6545454545454545,1.0,0.0,0.0,0.0,0.0,0.0,0.0,0.0,0.0,0.0,1.0,0.0,0.0,0.0,0.0,0.0,0.875,0.28036580199294836,222.105
3 BHK,1169.55,1458.02,11,13,3,1,Unfurnished,0,3,2,2,3,Granite,1,1,0,1,1,Covered,1,Municipal,4701.71,Kharadi,411014,Society,4.41,1.56,1.9,2.17,50887.46,9477973.61,8103.949048779445,Owner,17,2,0,3,3,0,0,0,0,0,1,0,0,0,0,0,0,0,0,0,0.4352913587809641,0.4507024216081962,0.5238095238095237,0.4736842105263157,0.15,1.0,0.0,0.4000000000000001,0.4,0.4,0.2222222222222222,1.0,1.0,0.0,1.0,1.0,1.0,0.4476676411600296,0.232142857143117,0.5847222222222223,0.113050706566916,0.6137184115523465,0.62,0.1029897941408658,0.1454545454545454,0.5,0.0,0.0,0.0,0.0,0.0,1.0,0.0,0.0,0.0,0.0,0.0,0.0,0.0,0.0,0.0,0.8461538461538461,0.5269953471302613,389.84999999999997
1 BHK,518.17,582.7,16,17,6,1,Semi-Furnished,1,1,0,1,2,Vitrified,0,0,0,0,1,Not Specified,1,Municipal,3251.53,Kalyani Nagar,411006,Society,2.2,5.95,1.29,1.55,23412.63,13318669.15,25703.281066059404,Owner,37,1,1,1,1,0,0,0,0,1,0,0,0,0,0,0,0,0,0,0,0.1235546919866763,0.1110097795715616,0.7619047619047619,0.6842105263157894,0.3,1.0,1.0,0.0,0.0,0.2,0.1111111111111111,0.0,0.0,0.0,0.0,1.0,1.0,0.2812794011684741,0.089285714286234,0.2777777777777778,0.4779717373233582,0.3935018050541516,0.3720000000000001,0.6465521714475617,0.3272727272727272,0.0,0.0,0.0,0.0,0.0,1.0,0.0,0.0,0.0,0.0,0.0,0.0,0.0,0.0,0.0,0.0,0.9411764705882353,0.5731330818207352,518.17
2 BHK,614.12,771.82,5,16,8,1,Semi-Furnished,1,2,2,0,3,Granite,0,0,1,0,0,Bike,0,Municipal,2732.59,Hadapsar,411028,Standalone,5.97,2.13,2.33,2.44,14192.73,5011455.9,8160.385429557742,Owner,15,3,1,2,2,0,0,1,0,0,0,0,0,0,0,0,0,0,0,0,0.1694743290325051,0.1844031356721515,0.238095238095238,0.631578947368421,0.4,1.0,1.0,0.2,0.4,0.0,0.2222222222222222,0.0,0.0,1.0,0.0,0.0,0.0,0.2217381626593113,0.482142857143117,0.8013888888888889,0.1604322527015793,0.7689530685920578,0.728,0.1047317456454301,0.1272727272727272,1.0,0.0,0.0,1.0,0.0,0.0,0.0,0.0,0.0,0.0,0.0,0.0,0.0,0.0,0.0,0.0,0.3125,0.4123433547391029,307.06
2 BHK,689.82,788.68,5,5,8,1,Fully Furnished,1,3,2,2,2,Vitrified,0,0,0,1,1,Covered,0,Municipal,3822.36,Kalyani Nagar,411006,Standalone,2.2,4.9,1.16,1.7,53960.17,12152131.94,17616.38099794149,Owner,25,1,2,2,2,0,0,0,0,1,0,0,0,0,0,0,0,0,0,0,0.2057027451280677,0.1909461347407637,0.238095238095238,0.0526315789473684,0.4,1.0,1.0,0.4000000000000001,0.4,0.4,0.1111111111111111,0.0,0.0,0.0,1.0,1.0,0.0,0.3467743045834844,0.089285714286234,0.2777777777777778,0.3906899418121363,0.3465703971119133,0.432,0.3967878290713175,0.2181818181818181,0.0,0.0,0.0,0.0,0.0,1.0,0.0,0.0,0.0,0.0,0.0,0.0,0.0,0.0,0.0,0.0,1.0,0.585725592880131,344.91
2 BHK,493.52,629.27,8,14,15,1,Semi-Furnished,1,2,1,1,4,Vitrified,0,0,0,1,0,Stilt,1,Municipal,800.0,Wakad,411057,Standalone,5.44,2.55,2.18,2.13,13000.06,5871738.87,11897.671563462474,Owner,42,3,1,2,2,0,0,0,0,0,0,0,0,0,0,0,0,0,0,1,0.1117577242620314,0.1290825830487426,0.3809523809523809,0.5263157894736842,0.75,1.0,1.0,0.2,0.2,0.2,0.3333333333333333,0.0,0.0,0.0,1.0,0.0,1.0,0.0,1.0,0.7277777777777779,0.1953449709060681,0.7148014440433214,0.604,0.2201632122079915,0.3727272727272727,1.0,0.0,0.0,0.0,0.0,0.0,0.0,0.0,0.0,0.0,0.0,0.0,0.0,0.0,0.0,1.0,0.5714285714285714,0.45788962589862026,246.76
3 BHK,901.69,1013.18,3,15,10,1,Semi-Furnished,1,3,3,1,4,Ceramic,1,1,0,0,0,Covered,1,Tanker,800.0,Pune Camp,411001,Society,3.07,6.79,1.6,1.73,23875.77,6080450.67,6743.393705153655,Broker,31,3,1,3,3,0,0,0,0,0,0,0,0,0,0,0,1,0,0,0,0.3070992381025307,0.2780696988512884,0.1428571428571428,0.5789473684210527,0.5,1.0,1.0,0.4000000000000001,0.6000000000000001,0.2,0.3333333333333333,1.0,1.0,0.0,0.0,0.0,1.0,0.0,0.0,0.3986111111111111,0.5477971737323357,0.5054151624548737,0.444,0.0609695380863489,0.2727272727272727,1.0,0.0,0.0,0.0,0.0,0.0,0.0,0.0,0.0,0.0,0.0,0.0,1.0,0.0,0.0,0.0,0.2,0.4918186017327473,300.56333333333333
3 BHK,1040.51,1131.04,0,10,3,1,Semi-Furnished,1,3,3,2,4,Granite,0,0,0,0,1,Covered,1,Municipal,5325.73,Baner,411045,Standalone,3.32,2.79,2.21,1.68,55905.33,13367479.89,12847.046054338738,Broker,9,1,1,3,3,0,1,0,0,0,0,0,0,0,0,0,0,0,0,0,0.373535548834182,0.3238085998137225,0.0,0.3157894736842105,0.15,1.0,1.0,0.4000000000000001,0.6000000000000001,0.4,0.3333333333333333,0.0,0.0,0.0,0.0,1.0,1.0,0.5192653666282683,0.7857142857146755,0.4333333333333333,0.2152950955943474,0.7256317689530686,0.424,0.2494826651116764,0.0727272727272727,0.0,0.0,1.0,0.0,0.0,0.0,0.0,0.0,0.0,0.0,0.0,0.0,0.0,0.0,0.0,0.0,0.0,0.5949207525658875,346.83666666666664
2 BHK,823.15,996.02,0,17,9,1,Unfurnished,0,3,3,1,3,Granite,1,1,0,1,0,Covered,0,Not Specified,1502.35,Pune Camp,411001,Society,1.09,6.46,1.34,1.93,21414.88,7288295.29,8854.152086496993,Broker,23,3,0,2,2,0,0,0,0,0,0,0,0,0,0,0,1,0,0,0,0.269511658179869,0.2714102763117045,0.0,0.6842105263157894,0.45,1.0,0.0,0.4000000000000001,0.6000000000000001,0.2,0.2222222222222222,1.0,1.0,0.0,1.0,0.0,0.0,0.0805850172792818,0.0,0.1236111111111111,0.5203657522859517,0.4115523465703971,0.524,0.1261596022914693,0.1999999999999999,1.0,0.0,0.0,0.0,0.0,0.0,0.0,0.0,0.0,0.0,0.0,0.0,1.0,0.0,0.0,0.0,0.0,0.5686345459239981,411.575
3 BHK,1396.84,1629.03,8,14,5,1,Unfurnished,1,3,3,2,4,Marble,1,1,0,0,0,Bike,0,Municipal,2543.29,Kothrud,411038,Society,1.78,7.09,1.18,1.64,45379.7,13224886.59,9467.717555339195,Broker,19,2,0,3,3,0,0,0,0,0,0,0,1,0,0,0,0,0,0,0,0.5440675370420001,0.5170676808444583,0.3809523809523809,0.5263157894736842,0.25,1.0,1.0,0.4000000000000001,0.6000000000000001,0.4,0.3333333333333333,1.0,1.0,0.0,0.0,0.0,0.0,0.200018587275289,0.6607142857146755,0.2194444444444444,0.5727348295926848,0.3537906137184115,0.408,0.1451107374631997,0.1636363636363636,0.5,0.0,0.0,0.0,0.0,0.0,0.0,0.0,1.0,0.0,0.0,0.0,0.0,0.0,0.0,0.0,0.5714285714285714,0.5513654795748011,465.6133333333333
3 BHK,1058.99,1210.77,7,9,13,1,Semi-Furnished,1,2,5,2,5,Marble,1,1,0,0,0,Stilt,1,Municipal,2131.37,Nigdi,411044,Society,4.08,10.1,1.11,2.12,19635.2,8057367.94,7608.540156186556,Owner,15,3,1,3,3,0,0,0,0,0,0,0,0,0,1,0,0,0,0,0,0.382379685286573,0.3547500776156473,0.3333333333333333,0.2631578947368421,0.65,1.0,1.0,0.2,1.0,0.4,0.4444444444444445,1.0,1.0,0.0,0.0,0.0,1.0,0.1527564240836014,0.7678571428577925,0.5388888888888889,0.822942643391521,0.3285198555956679,0.6000000000000001,0.0876887268558269,0.1272727272727272,1.0,0.0,0.0,0.0,0.0,0.0,0.0,0.0,0.0,0.0,1.0,0.0,0.0,0.0,0.0,0.0,0.7777777777777778,0.3144411220453739,352.99666666666667
3 BHK,1032.57,1251.18,7,9,6,1,Semi-Furnished,1,4,3,2,5,Granite,0,0,1,0,0,Covered,1,Tanker,4056.19,Kharadi,411014,Society,4.41,0.28,1.96,1.46,48176.73,19209054.46,18603.14986877403,Owner,13,2,1,3,3,0,0,0,0,0,1,0,0,0,0,0,0,0,0,0,0.3697356330640529,0.3704323191555418,0.3333333333333333,0.2631578947368421,0.3,1.0,1.0,0.6000000000000001,0.6000000000000001,0.4,0.4444444444444445,0.0,0.0,1.0,0.0,0.0,1.0,0.373603085946643,0.232142857143117,0.5847222222222223,0.0066500415627597,0.6353790613718412,0.3359999999999999,0.4272679652647457,0.109090909090909,0.5,0.0,0.0,0.0,0.0,0.0,1.0,0.0,0.0,0.0,0.0,0.0,0.0,0.0,0.0,0.0,0.7777777777777778,0.6377369381457689,344.19
3 BHK,1049.81,1184.65,5,10,0,1,Semi-Furnished,0,3,4,2,6,Wooden,1,1,0,1,0,Not Specified,0,Corporation + Borewell,4722.73,Aundh,411007,Society,2.96,4.49,1.84,1.48,37707.94,16931220.42,16127.890208704435,Owner,13,2,1,3,3,1,0,0,0,0,0,0,0,0,0,0,0,0,0,0,0.377986331789119,0.3446134740763739,0.238095238095238,0.3157894736842105,0.0,1.0,0.0,0.4000000000000001,0.8,0.4,0.5555555555555556,1.0,1.0,0.0,1.0,0.0,0.0,0.4500793974969135,0.107142857143117,0.3833333333333333,0.3566084788029925,0.5920577617328521,0.344,0.3508176053232061,0.109090909090909,0.5,1.0,0.0,0.0,0.0,0.0,0.0,0.0,0.0,0.0,0.0,0.0,0.0,0.0,0.0,0.0,0.5,0.5861703391548037,349.93666666666667
4 BHK,1057.79,1351.46,10,11,8,1,Semi-Furnished,1,4,5,3,7,Ceramic,1,1,0,0,0,Covered,1,Borewell,3768.96,Aundh,411007,Standalone,3.19,3.63,1.94,1.48,30699.52,8713230.09,8237.202176235358,Broker,36,2,1,4,4,1,0,0,0,0,0,0,0,0,0,0,0,0,0,0,0.3818053907117424,0.4093488047190314,0.4761904761904761,0.368421052631579,0.4,1.0,1.0,0.6000000000000001,1.0,0.6000000000000001,0.6666666666666665,1.0,1.0,0.0,0.0,0.0,1.0,0.3406473879141405,0.107142857143117,0.4152777777777778,0.285120532003325,0.628158844765343,0.344,0.1071071621386222,0.3181818181818182,0.5,1.0,0.0,0.0,0.0,0.0,0.0,0.0,0.0,0.0,0.0,0.0,0.0,0.0,0.0,0.0,0.9090909090909091,0.5992496081212353,264.4475
3 BHK,854.47,1072.18,7,16,10,1,Unfurnished,1,3,2,2,5,Marble,0,0,1,0,0,Covered,0,Corporation + Borewell,3093.61,Pune Camp,411001,Standalone,1.59,7.53,1.2,1.61,16609.42,4365206.52,5108.671480566901,Owner,32,3,0,3,3,0,0,0,0,0,0,0,0,0,0,0,1,0,0,0,0.2845007465829473,0.3009663148090656,0.3333333333333333,0.631578947368421,0.5,1.0,1.0,0.4000000000000001,0.4,0.4,0.4444444444444445,0.0,0.0,1.0,0.0,0.0,0.0,0.2631602498496955,0.0,0.1930555555555555,0.6093100581878637,0.3610108303249097,0.3960000000000001,0.0104801238391622,0.2818181818181818,1.0,0.0,0.0,0.0,0.0,0.0,0.0,0.0,0.0,0.0,0.0,0.0,1.0,0.0,0.0,0.0,0.4375,0.5511367978457102,284.8233333333333
3 BHK,897.44,1048.06,3,16,13,1,Unfurnished,0,3,3,2,4,Vitrified,1,1,0,0,0,Open,1,Municipal,1310.07,Magarpatta,411013,Society,4.92,0.79,1.82,1.74,22603.68,6767477.87,7540.869439739704,Broker,26,3,0,3,3,0,0,0,0,0,0,0,0,1,0,0,0,0,0,0,0.3050652781500058,0.291605867742937,0.1428571428571428,0.631578947368421,0.65,1.0,0.0,0.4000000000000001,0.6000000000000001,0.4,0.3333333333333333,1.0,1.0,0.0,0.0,0.0,1.0,0.0585235278189553,0.214285714286234,0.6555555555555556,0.0490440565253532,0.5848375451263538,0.448,0.0855986939069995,0.2272727272727272,1.0,0.0,0.0,0.0,0.0,0.0,0.0,0.0,0.0,1.0,0.0,0.0,0.0,0.0,0.0,0.0,0.1875,0.5709491899598196,299.1466666666667
2 BHK,792.2,876.39,0,10,8,1,Unfurnished,1,2,1,1,3,Vitrified,1,1,1,1,0,Bike,1,Municipal,3288.71,Kharadi,411014,Society,3.49,1.56,2.39,1.98,19720.74,7478227.08,9439.822115627367,Owner,46,2,0,2,2,0,0,0,0,0,1,0,0,0,0,0,0,0,0,0,0.2546996439373636,0.2249844768705371,0.0,0.3157894736842105,0.4,1.0,1.0,0.2,0.2,0.2,0.2222222222222222,1.0,1.0,1.0,1.0,0.0,1.0,0.2855452955835716,0.232142857143117,0.4569444444444445,0.113050706566916,0.7906137184115524,0.544,0.1442505716936587,0.409090909090909,0.5,0.0,0.0,0.0,0.0,0.0,1.0,0.0,0.0,0.0,0.0,0.0,0.0,0.0,0.0,0.0,0.0,0.588735933870848,396.1
1 BHK,572.61,664.98,6,14,4,1,Fully Furnished,1,1,2,1,2,Vitrified,1,1,1,1,1,Covered,1,Municipal,2026.28,Baner,411045,Society,2.95,4.35,2.03,1.94,41272.36,18713486.29,32681.032971830737,Owner,63,1,2,1,1,0,1,0,0,0,0,0,0,0,0,0,0,0,0,0,0.1496085225314904,0.1429408568767464,0.2857142857142857,0.5263157894736842,0.2,1.0,1.0,0.0,0.4,0.2,0.1111111111111111,1.0,1.0,1.0,1.0,1.0,1.0,0.1406987897618534,0.7857142857146755,0.3819444444444445,0.3449709060681628,0.6606498194945848,0.528,0.8620640025103868,0.5636363636363637,0.0,0.0,1.0,0.0,0.0,0.0,0.0,0.0,0.0,0.0,0.0,0.0,0.0,0.0,0.0,0.0,0.42857142857142855,0.5412912440712931,572.61
2 BHK,490.6,582.12,12,13,11,1,Semi-Furnished,1,3,2,1,4,Vitrified,1,1,0,0,0,Not Specified,0,Corporation + Borewell,800.0,Wakad,411057,Society,4.12,3.19,1.74,2.02,10843.5,3125831.43,6371.446045658377,Owner,74,3,1,2,2,0,0,0,0,0,0,0,0,0,0,0,0,0,0,1,0.1103602741299437,0.1107846941943496,0.5714285714285714,0.4736842105263157,0.55,1.0,1.0,0.4000000000000001,0.4,0.2,0.3333333333333333,1.0,1.0,0.0,0.0,0.0,0.0,0.0,1.0,0.5444444444444445,0.2485453034081463,0.555956678700361,0.56,0.0494813061424175,0.6636363636363637,1.0,0.0,0.0,0.0,0.0,0.0,0.0,0.0,0.0,0.0,0.0,0.0,0.0,0.0,0.0,1.0,0.9230769230769231,0.511657777029813,245.3
1 BHK,349.44,436.79,0,13,8,1,Semi-Furnished,1,1,1,1,2,Vitrified,1,1,1,0,1,Open,1,Municipal,2528.26,Koregaon Park,411001,Society,2.87,5.0,1.48,1.22,23908.59,9706381.23,27776.9609375,Broker,6,1,1,1,1,0,0,0,0,0,0,1,0,0,0,0,0,0,0,0,0.0428040889773728,0.0543852840732692,0.0,0.4736842105263157,0.4,1.0,1.0,0.0,0.2,0.2,0.1111111111111111,1.0,1.0,1.0,0.0,1.0,1.0,0.1982941011790299,0.0,0.3708333333333333,0.399002493765586,0.4620938628158845,0.24,0.7106139823111619,0.0454545454545454,0.0,0.0,0.0,0.0,0.0,0.0,0.0,1.0,0.0,0.0,0.0,0.0,0.0,0.0,0.0,0.0,0.0,0.604101925688189,349.44
1 BHK,371.69,450.3,5,5,10,1,Fully Furnished,1,1,0,1,1,Wooden,1,1,1,1,1,Stilt,1,Borewell,1990.01,Kalyani Nagar,411006,Society,2.25,4.66,1.18,1.49,17191.64,4902852.24,13190.70257472625,Builder,24,1,2,1,1,0,0,0,0,1,0,0,0,0,0,0,0,0,0,0,0.0534524675523565,0.0596282210493635,0.238095238095238,0.0526315789473684,0.5,1.0,1.0,0.0,0.0,0.2,0.0,1.0,1.0,1.0,1.0,1.0,1.0,0.1365373053499226,0.089285714286234,0.2847222222222222,0.370739817123857,0.3537906137184115,0.348,0.2600971415934779,0.209090909090909,0.0,0.0,0.0,0.0,0.0,1.0,0.0,0.0,0.0,0.0,0.0,0.0,0.0,0.0,0.0,0.0,1.0,0.6124505299689273,371.69
2 BHK,572.94,716.4,4,16,6,1,Semi-Furnished,0,2,2,1,3,Wooden,1,0,1,0,0,Bike,1,Municipal,2157.1,Pimple Saudagar,411027,Society,4.67,5.02,1.67,1.99,11367.94,4397432.08,7675.205222187314,Owner,20,3,1,2,2,0,0,0,0,0,0,0,0,0,0,1,0,0,0,0,0.1497664535395689,0.1628958398013039,0.1904761904761904,0.631578947368421,0.3,1.0,0.0,0.2,0.4,0.2,0.2222222222222222,1.0,0.0,1.0,0.0,0.0,1.0,0.1557085882390736,0.464285714286234,0.6208333333333333,0.4006650041562759,0.5306859205776173,0.548,0.0897506538495275,0.1727272727272727,1.0,0.0,0.0,0.0,0.0,0.0,0.0,0.0,0.0,0.0,0.0,1.0,0.0,0.0,0.0,0.0,0.25,0.44021077968338806,286.47
1 RK,463.59,522.41,7,14,17,1,Semi-Furnished,1,2,0,0,1,Marble,0,0,0,0,0,Covered,0,Municipal,1288.37,Magarpatta,411013,Standalone,5.48,1.75,2.29,2.31,17272.6,3459148.45,7461.654587027331,Builder,27,3,1,1,1,0,0,0,0,0,0,0,0,1,0,0,0,0,0,0,0.097433860408132,0.087612542688606,0.3333333333333333,0.5263157894736842,0.8500000000000001,1.0,1.0,0.2,0.0,0.0,0.0,0.0,0.0,0.0,0.0,0.0,0.0,0.0560337508203643,0.214285714286234,0.7333333333333334,0.1288445552784704,0.7545126353790614,0.676,0.0831519315277161,0.2363636363636363,1.0,0.0,0.0,0.0,0.0,0.0,0.0,0.0,0.0,1.0,0.0,0.0,0.0,0.0,0.0,0.0,0.5,0.4586613612165533,463.59
2 BHK,431.06,472.5,14,15,2,1,Semi-Furnished,1,2,2,1,3,Marble,1,1,0,0,0,Bike,0,Municipal,800.0,Hadapsar,411028,Society,5.73,2.94,2.25,2.34,12099.44,3613205.49,8382.140514081568,Owner,16,3,1,2,2,0,0,1,0,0,0,0,0,0,0,0,0,0,0,0,0.0818656916420996,0.0682435579012729,0.6666666666666666,0.5789473684210527,0.1,1.0,1.0,0.2,0.4,0.2,0.2222222222222222,1.0,1.0,0.0,0.0,0.0,0.0,0.0,0.482142857143117,0.7680555555555556,0.227763923524522,0.740072202166065,0.688,0.111580950710185,0.1363636363636363,1.0,0.0,0.0,1.0,0.0,0.0,0.0,0.0,0.0,0.0,0.0,0.0,0.0,0.0,0.0,0.0,0.9333333333333333,0.4117610660537889,215.53
2 BHK,607.45,701.16,7,16,7,1,Unfurnished,0,2,3,1,3,Vitrified,0,0,0,0,1,Open,1,Tanker,1361.84,Hinjewadi,411057,Standalone,5.37,0.79,2.6,2.71,10567.19,4316116.95,7105.304057947156,Owner,61,3,0,2,2,0,0,0,1,0,0,0,0,0,0,0,0,0,0,0,0.1662822083540717,0.1569815274759392,0.3333333333333333,0.631578947368421,0.35,1.0,0.0,0.2,0.6000000000000001,0.2,0.2222222222222222,0.0,0.0,0.0,0.0,1.0,1.0,0.0644634243727368,1.0,0.7180555555555556,0.0490440565253532,0.8664259927797835,0.8360000000000001,0.0721461336706871,0.5454545454545455,1.0,0.0,0.0,0.0,1.0,0.0,0.0,0.0,0.0,0.0,0.0,0.0,0.0,0.0,0.0,0.0,0.4375,0.4470464410570707,303.725
3 BHK,991.82,1192.67,2,22,12,1,Unfurnished,0,4,1,1,3,Vitrified,0,0,0,0,0,Not Specified,1,Corporation + Borewell,4044.88,Wakad,411057,Standalone,4.66,3.88,2.31,2.5,20166.11,5861693.96,5910.03807142425,Broker,25,3,0,3,3,0,0,0,0,0,0,0,0,0,0,0,0,0,0,1,0.3502335464604311,0.3477258615336853,0.0952380952380952,0.9473684210526316,0.6000000000000001,1.0,0.0,0.6000000000000001,0.2,0.2,0.2222222222222222,0.0,0.0,0.0,0.0,0.0,1.0,0.3723054187644281,1.0,0.6194444444444445,0.3059019118869492,0.7617328519855596,0.752,0.0352300426098634,0.2181818181818181,1.0,0.0,0.0,0.0,0.0,0.0,0.0,0.0,0.0,0.0,0.0,0.0,0.0,0.0,0.0,1.0,0.09090909090909091,0.41724518719612746,330.6066666666667
3 BHK,784.57,949.42,3,13,4,1,Semi-Furnished,1,4,3,1,6,Vitrified,1,1,0,1,1,Bike,0,Borewell,3012.51,Kharadi,411014,Society,4.48,2.9,1.97,2.05,26235.87,12561256.96,16010.3712351989,Owner,35,2,1,3,3,0,0,0,0,0,1,0,0,0,0,0,0,0,0,0,0.2510480875990658,0.2533258304874263,0.1428571428571428,0.4736842105263157,0.2,1.0,1.0,0.6000000000000001,0.6000000000000001,0.2,0.5555555555555556,1.0,1.0,0.0,1.0,1.0,0.0,0.2538551385784636,0.232142857143117,0.5944444444444446,0.2244389027431421,0.6389891696750902,0.572,0.3471885396886972,0.3090909090909091,0.5,0.0,0.0,0.0,0.0,0.0,1.0,0.0,0.0,0.0,0.0,0.0,0.0,0.0,0.0,0.0,0.23076923076923078,0.5001404936605265,261.52333333333337
2 BHK,552.15,703.48,2,15,11,1,Fully Furnished,1,3,3,2,3,Vitrified,1,1,1,1,1,Bike,1,Borewell,1705.53,Kalyani Nagar,411006,Society,1.88,5.61,1.32,1.28,42768.15,16754352.57,30343.842379788104,Owner,26,1,2,2,2,0,0,0,0,1,0,0,0,0,0,0,0,0,0,0,0.139816800030629,0.1578818689847874,0.0952380952380952,0.5789473684210527,0.55,1.0,1.0,0.4000000000000001,0.6000000000000001,0.4,0.2222222222222222,1.0,1.0,1.0,1.0,1.0,1.0,0.1038971320522646,0.089285714286234,0.2333333333333333,0.4497090606816292,0.4043321299638989,0.264,0.7898866743180755,0.2272727272727272,0.0,0.0,0.0,0.0,0.0,1.0,0.0,0.0,0.0,0.0,0.0,0.0,0.0,0.0,0.0,0.0,0.13333333333333333,0.6256604802802677,276.075
3 BHK,1029.08,1215.21,7,10,11,1,Semi-Furnished,1,3,3,2,3,Vitrified,0,1,0,0,0,Covered,1,Corporation + Borewell,2556.68,Kharadi,411014,Standalone,4.17,1.17,1.83,1.73,38002.7,10528189.29,10230.681084075097,Broker,25,2,1,3,3,0,0,0,0,0,1,0,0,0,0,0,0,0,0,0,0.3680653930089206,0.3564731449860293,0.3333333333333333,0.3157894736842105,0.55,1.0,1.0,0.4000000000000001,0.6000000000000001,0.4,0.2222222222222222,0.0,1.0,0.0,0.0,0.0,1.0,0.2015549058933136,0.232142857143117,0.5513888888888889,0.0806317539484621,0.5884476534296029,0.444,0.1686771175520763,0.2181818181818181,0.5,0.0,0.0,0.0,0.0,0.0,1.0,0.0,0.0,0.0,0.0,0.0,0.0,0.0,0.0,0.0,0.7,0.59544430429549,343.02666666666664
2 BHK,601.06,731.795,8,11,11,1,Semi-Furnished,1,2,2,1,4,Granite,0,1,0,1,1,Covered,1,Corporation + Borewell,2775.95,Aundh,411007,Standalone,2.73,2.76,1.26,1.76,16434.09,5895261.35,9808.107925997405,Broker,26,2,1,2,2,1,0,0,0,0,0,0,0,0,0,0,0,0,0,0,0.1632240897430988,0.1688703042533375,0.3809523809523809,0.368421052631579,0.55,1.0,1.0,0.2,0.4,0.2,0.3333333333333333,0.0,1.0,0.0,1.0,1.0,1.0,0.2267131272058047,0.107142857143117,0.3513888888888889,0.2128013300083125,0.3826714801444043,0.456,0.155627306387032,0.2272727272727272,0.5,1.0,0.0,0.0,0.0,0.0,0.0,0.0,0.0,0.0,0.0,0.0,0.0,0.0,0.0,0.0,0.7272727272727273,0.6137679820835995,300.53
2 BHK,505.18,612.56,9,13,11,1,Semi-Furnished,1,3,1,1,3,Marble,1,1,0,0,1,Covered,1,Municipal,2070.49,Kothrud,411038,Society,2.25,8.45,1.23,1.23,21938.44,7610524.72,15064.97628568035,Owner,13,2,1,2,2,0,0,0,0,0,0,0,1,0,0,0,0,0,0,0,0.1173379532141353,0.1225977957156162,0.4285714285714285,0.4736842105263157,0.55,1.0,1.0,0.4000000000000001,0.2,0.2,0.2222222222222222,1.0,1.0,0.0,0.0,1.0,1.0,0.1457712801354805,0.6607142857146755,0.2847222222222222,0.6857855361596008,0.371841155234657,0.244,0.3179821283188191,0.109090909090909,0.5,0.0,0.0,0.0,0.0,0.0,0.0,0.0,1.0,0.0,0.0,0.0,0.0,0.0,0.0,0.0,0.6923076923076923,0.5369304064111915,252.59
2 BHK,593.44,747.69,5,17,4,1,Semi-Furnished,1,2,2,0,4,Vitrified,1,1,0,0,1,Covered,0,Municipal,2278.53,Aundh,411007,Society,4.01,2.69,1.32,1.47,20788.26,6506871.49,10964.666166756537,Owner,28,2,1,2,2,1,0,0,0,0,0,0,0,0,0,0,0,0,0,0,0.1595773191929247,0.1750388078236573,0.238095238095238,0.6842105263157894,0.2,1.0,1.0,0.2,0.4,0.0,0.3333333333333333,1.0,1.0,0.0,0.0,1.0,0.0,0.169641013167134,0.107142857143117,0.5291666666666667,0.2069825436408977,0.4043321299638989,0.3399999999999999,0.1913450336468434,0.2454545454545454,0.5,1.0,0.0,0.0,0.0,0.0,0.0,0.0,0.0,0.0,0.0,0.0,0.0,0.0,0.0,0.0,0.29411764705882354,0.5890011072145169,296.72
1 BHK,462.09,514.83,2,10,7,1,Semi-Furnished,1,2,2,1,2,Vitrified,1,1,1,1,1,Not Specified,1,Municipal,3640.39,Baner,411045,Society,3.05,3.33,1.56,2.46,29123.94,10411838.76,22532.05817048627,Broker,15,1,1,1,1,0,1,0,0,0,0,0,0,0,0,0,0,0,0,0,0.0967159921895937,0.0846709096553865,0.0952380952380952,0.3157894736842105,0.35,1.0,1.0,0.2,0.4,0.2,0.1111111111111111,1.0,1.0,1.0,1.0,1.0,1.0,0.3258957460381567,0.7857142857146755,0.3958333333333333,0.2601828761429758,0.4909747292418772,0.736,0.5486050798270897,0.1272727272727272,0.0,0.0,1.0,0.0,0.0,0.0,0.0,0.0,0.0,0.0,0.0,0.0,0.0,0.0,0.0,0.0,0.2,0.509031674608126,462.09
2 BHK,464.41,584.14,8,14,19,1,Unfurnished,0,2,1,1,3,Vitrified,0,0,0,0,0,Stilt,1,Corporation + Borewell,1082.6,Wakad,411057,Standalone,4.29,2.04,2.19,2.2,9373.32,2800000.0,6029.155272280958,Broker,9,3,0,2,2,0,0,0,0,0,0,0,0,0,0,0,0,0,0,1,0.0978262950342662,0.111568612232226,0.3809523809523809,0.5263157894736842,0.95,1.0,0.0,0.2,0.2,0.2,0.2222222222222222,0.0,0.0,0.0,0.0,0.0,1.0,0.0324244691152915,1.0,0.5680555555555555,0.1529509559434746,0.7184115523465704,0.6320000000000001,0.0389097607349306,0.0727272727272727,1.0,0.0,0.0,0.0,0.0,0.0,0.0,0.0,0.0,0.0,0.0,0.0,0.0,0.0,0.0,1.0,0.5714285714285714,0.5161130405202359,232.205
1 BHK,543.18,683.59,8,11,9,1,Semi-Furnished,1,1,0,0,2,Wooden,1,1,1,1,0,Covered,1,Borewell,1297.56,Kharadi,411014,Society,4.39,1.6,2.14,2.25,32766.77,6664761.35,12269.894602157665,Broker,25,2,1,1,1,0,0,0,0,0,1,0,0,0,0,0,0,0,0,0,0.1355239480837703,0.1501629928593604,0.3809523809523809,0.368421052631579,0.45,1.0,1.0,0.0,0.0,0.0,0.1111111111111111,1.0,1.0,1.0,1.0,0.0,1.0,0.0570881771160809,0.232142857143117,0.5819444444444444,0.1163757273482959,0.700361010830325,0.652,0.2316563858583188,0.2181818181818181,0.5,0.0,0.0,0.0,0.0,0.0,1.0,0.0,0.0,0.0,0.0,0.0,0.0,0.0,0.0,0.0,0.7272727272727273,0.5182590241666285,543.18
4 BHK,1294.7,1649.81,5,11,6,1,Fully Furnished,1,4,4,3,6,Granite,1,1,1,0,1,Not Specified,0,Borewell,3931.53,Kothrud,411038,Society,2.88,7.72,1.14,2.03,58328.76,13631360.41,10528.58608944157,Broker,11,2,2,4,4,0,0,0,0,0,0,0,1,0,0,0,0,0,0,0,0.4951854971476703,0.5251319466004347,0.238095238095238,0.368421052631579,0.3,1.0,1.0,0.6000000000000001,0.8,0.6000000000000001,0.5555555555555556,1.0,1.0,1.0,0.0,1.0,0.0,0.3593000628754744,0.6607142857146755,0.3722222222222222,0.625103906899418,0.3393501805054151,0.564,0.1778785748612924,0.0909090909090909,0.5,0.0,0.0,0.0,0.0,0.0,0.0,0.0,1.0,0.0,0.0,0.0,0.0,0.0,0.0,0.0,0.45454545454545453,0.44297837210756275,323.675
1 BHK,422.15,468.85,8,15,14,1,Semi-Furnished,0,1,0,0,1,Ceramic,0,0,0,0,1,Covered,1,Corporation + Borewell,1400.33,Kothrud,411038,Standalone,1.45,7.88,1.3,1.64,19220.3,3355067.33,7947.571550396779,Owner,15,2,1,1,1,0,0,0,0,0,0,0,1,0,0,0,0,0,0,0,0.0776015544239825,0.0668270723377833,0.3809523809523809,0.5789473684210527,0.7000000000000001,1.0,0.0,0.0,0.0,0.0,0.0,0.0,0.0,0.0,0.0,1.0,1.0,0.0688796232978874,0.6607142857146755,0.1736111111111111,0.6384039900249375,0.3971119133574007,0.408,0.0981629824186441,0.1272727272727272,0.5,0.0,0.0,0.0,0.0,0.0,0.0,0.0,1.0,0.0,0.0,0.0,0.0,0.0,0.0,0.0,0.5333333333333333,0.544698591918543,422.15
3 BHK,1078.75,1212.08,0,12,10,1,Fully Furnished,1,3,3,2,3,Granite,0,1,0,1,0,Covered,1,Municipal,4156.6,Shivajinagar,411005,Standalone,0.4,7.61,1.14,1.49,32468.07,9933811.07,9208.631351100812,Broker,45,2,2,3,3,0,0,0,0,0,0,0,0,0,0,0,0,1,0,0,0.3918364026187832,0.3552584601055573,0.0,0.4210526315789473,0.5,1.0,1.0,0.4000000000000001,0.6000000000000001,0.4,0.2222222222222222,0.0,1.0,0.0,1.0,0.0,1.0,0.3851237545378194,0.071428571429351,0.0277777777777777,0.6159600997506234,0.3393501805054151,0.348,0.1371085705249451,0.3999999999999999,0.5,0.0,0.0,0.0,0.0,0.0,0.0,0.0,0.0,0.0,0.0,0.0,0.0,1.0,0.0,0.0,0.0,0.6153804836347765,359.5833333333333
3 BHK,978.01,1218.1,7,13,13,1,Fully Furnished,1,4,2,1,5,Granite,1,1,1,1,0,Open,1,Borewell,4975.49,Kothrud,411038,Society,1.53,7.67,1.02,1.18,55011.14,8286310.74,8472.62373595362,Owner,49,2,2,3,3,0,0,0,0,0,0,0,1,0,0,0,0,0,0,0,0.3436243730617558,0.3575946910897237,0.3333333333333333,0.4736842105263157,0.65,1.0,1.0,0.6000000000000001,0.4,0.2,0.4444444444444445,1.0,1.0,1.0,1.0,0.0,1.0,0.4790801363984744,0.6607142857146755,0.1847222222222222,0.6209476309226932,0.296028880866426,0.2239999999999999,0.1143779565302796,0.4363636363636363,0.5,0.0,0.0,0.0,0.0,0.0,0.0,0.0,1.0,0.0,0.0,0.0,0.0,0.0,0.0,0.0,0.5384615384615384,0.5959639178772458,326.00333333333333
3 BHK,1121.21,1411.6,12,13,5,1,Semi-Furnished,1,4,2,2,6,Vitrified,1,1,0,0,1,Covered,1,Tanker,2891.75,Pimple Saudagar,411027,Society,3.24,5.26,2.02,1.86,40074.73,9829634.29,8766.987709706476,Owner,16,3,1,3,3,0,0,0,0,0,0,0,0,0,0,1,0,0,0,0,0.4121568589915387,0.4326878298665012,0.5714285714285714,0.4736842105263157,0.25,1.0,1.0,0.6000000000000001,0.4,0.4,0.5555555555555556,1.0,1.0,0.0,0.0,1.0,1.0,0.239999586949438,0.464285714286234,0.4222222222222223,0.4206151288445552,0.6570397111913358,0.4960000000000001,0.1234679165889377,0.1363636363636363,1.0,0.0,0.0,0.0,0.0,0.0,0.0,0.0,0.0,0.0,0.0,1.0,0.0,0.0,0.0,0.0,0.9230769230769231,0.5119727910815401,373.7366666666667
1 BHK,392.18,491.47,12,15,7,1,Unfurnished,0,1,1,0,2,Ceramic,1,1,0,1,0,Covered,0,Municipal,992.04,Magarpatta,411013,Society,4.88,1.37,1.62,2.03,15123.79,5184000.82,13218.422204089959,Builder,32,3,0,1,1,0,0,0,0,0,0,0,0,1,0,0,0,0,0,0,0.0632585474175887,0.0756054020490531,0.5714285714285714,0.5789473684210527,0.35,1.0,0.0,0.0,0.2,0.0,0.1111111111111111,1.0,1.0,0.0,1.0,0.0,0.0,0.0220339527561946,0.214285714286234,0.65,0.0972568578553615,0.5126353790613719,0.564,0.26095607193642,0.2818181818181818,1.0,0.0,0.0,0.0,0.0,0.0,0.0,0.0,0.0,1.0,0.0,0.0,0.0,0.0,0.0,0.0,0.8,0.5259599636746,392.18
2 BHK,785.21,850.37,6,14,5,1,Unfurnished,1,3,2,1,3,Granite,1,1,0,1,0,Open,0,Tanker,1714.24,Magarpatta,411013,Society,5.04,2.62,1.97,2.22,17121.38,5195385.16,6616.555010761453,Broker,32,3,0,2,2,0,0,0,0,0,0,0,0,1,0,0,0,0,0,0,0.2513543780389755,0.2148866811549208,0.2857142857142857,0.5263157894736842,0.25,1.0,1.0,0.4000000000000001,0.4,0.2,0.2222222222222222,1.0,1.0,0.0,1.0,0.0,0.0,0.1048964849397175,0.214285714286234,0.6722222222222223,0.2011637572734829,0.6389891696750902,0.6400000000000001,0.0570513826276782,0.2818181818181818,1.0,0.0,0.0,0.0,0.0,0.0,0.0,0.0,0.0,1.0,0.0,0.0,0.0,0.0,0.0,0.0,0.42857142857142855,0.46438438249558445,392.605
2 BHK,735.31,887.4,2,9,6,1,Fully Furnished,1,2,1,2,3,Ceramic,1,0,1,1,1,Covered,1,Corporation + Borewell,4324.56,Koregaon Park,411001,Society,2.45,3.95,1.12,1.4,40811.74,18371402.45,24984.56766533843,Not Specified,5,1,2,2,2,0,0,0,0,0,0,1,0,0,0,0,0,0,0,0,0.2274732953022703,0.2292572182552003,0.0952380952380952,0.2631578947368421,0.3,1.0,1.0,0.2,0.2,0.4,0.2222222222222222,1.0,0.0,1.0,1.0,1.0,1.0,0.4043948579794485,0.0,0.3125,0.311720698254364,0.332129963898917,0.3119999999999999,0.6243632920165498,0.0363636363636363,0.0,0.0,0.0,0.0,0.0,0.0,0.0,1.0,0.0,0.0,0.0,0.0,0.0,0.0,0.0,0.0,0.2222222222222222,0.6324082274613754,367.655
1 BHK,445.27,527.21,4,12,9,1,Semi-Furnished,1,1,1,1,1,Vitrified,0,0,1,1,1,Covered,1,Municipal,1021.73,Kalyani Nagar,411006,Standalone,1.78,3.87,1.29,1.63,22581.23,7471265.4,16779.17982347789,Owner,44,1,1,1,1,0,0,0,0,1,0,0,0,0,0,0,0,0,0,0,0.0886662965657184,0.089475318224154,0.1904761904761904,0.4210526315789473,0.45,1.0,1.0,0.0,0.2,0.2,0.0,0.0,0.0,1.0,1.0,1.0,1.0,0.0254404725298429,0.089285714286234,0.2194444444444444,0.3050706566916042,0.3935018050541516,0.404,0.3709263352181825,0.3909090909090909,0.0,0.0,0.0,0.0,0.0,1.0,0.0,0.0,0.0,0.0,0.0,0.0,0.0,0.0,0.0,0.0,0.3333333333333333,0.6401961887039564,445.27
1 BHK,482.78,608.84,3,16,12,1,Unfurnished,0,1,1,0,1,Marble,1,1,0,0,0,Open,0,Corporation + Borewell,1454.42,Wakad,411057,Society,4.0,1.59,1.86,2.09,14996.08,3578782.58,7412.864203156718,Owner,25,3,0,1,1,0,0,0,0,0,0,0,0,0,0,0,0,0,0,1,0.1066177878172977,0.1211541446755666,0.1428571428571428,0.631578947368421,0.6000000000000001,1.0,0.0,0.0,0.2,0.0,0.0,1.0,1.0,0.0,0.0,0.0,0.0,0.0750857079916104,1.0,0.5277777777777778,0.1155444721529509,0.5992779783393503,0.588,0.0816468730735066,0.2181818181818181,1.0,0.0,0.0,0.0,0.0,0.0,0.0,0.0,0.0,0.0,0.0,0.0,0.0,0.0,0.0,1.0,0.1875,0.5531931626575946,482.78
2 BHK,596.98,713.44,2,13,14,1,Semi-Furnished,1,2,1,0,3,Marble,1,0,0,0,0,Covered,1,Corporation + Borewell,1562.56,Hadapsar,411028,Society,5.55,2.41,2.03,2.2,11324.78,3269226.61,5476.274933833629,Owner,41,3,1,2,2,0,0,1,0,0,0,0,0,0,0,0,0,0,0,0,0.1612714881886749,0.1617471282210494,0.0952380952380952,0.4736842105263157,0.7000000000000001,1.0,1.0,0.2,0.2,0.0,0.2222222222222222,1.0,0.0,0.0,0.0,0.0,1.0,0.0874932879283678,0.482142857143117,0.7430555555555556,0.1837073981712385,0.6606498194945848,0.6320000000000001,0.0218346208537539,0.3636363636363636,1.0,0.0,0.0,1.0,0.0,0.0,0.0,0.0,0.0,0.0,0.0,0.0,0.0,0.0,0.0,0.0,0.15384615384615385,0.449271792076371,298.49
3 BHK,853.29,1018.97,12,17,5,1,Unfurnished,1,5,2,1,6,Vitrified,1,1,1,0,0,Bike,0,Tanker,3639.3,Kothrud,411038,Society,2.7,8.0,1.52,1.5,26781.82,8547931.1,10017.615464847824,Broker,52,2,0,3,3,0,0,0,0,0,0,0,1,0,0,0,0,0,0,0,0.2839360235843639,0.2803166718410432,0.5714285714285714,0.6842105263157894,0.25,1.0,1.0,0.8,0.4,0.2,0.5555555555555556,1.0,1.0,1.0,0.0,0.0,0.0,0.3257706835068911,0.6607142857146755,0.3472222222222222,0.6483790523690772,0.4765342960288808,0.3520000000000001,0.1620947646327015,0.4636363636363636,0.5,0.0,0.0,0.0,0.0,0.0,0.0,0.0,1.0,0.0,0.0,0.0,0.0,0.0,0.0,0.0,0.7058823529411765,0.5000789046169258,284.43
1 BHK,438.81,477.91,3,14,9,1,Fully Furnished,1,1,1,1,1,Marble,0,0,1,1,0,Covered,1,Tanker,2934.09,Koregaon Park,411001,Standalone,1.63,4.33,1.19,1.26,24933.42,12987853.4,29597.89749549919,Broker,49,1,2,1,1,0,0,0,0,0,0,1,0,0,0,0,0,0,0,0,0.0855746774378804,0.0703430611611301,0.1428571428571428,0.5263157894736842,0.45,1.0,1.0,0.0,0.2,0.2,0.0,0.0,0.0,1.0,1.0,0.0,1.0,0.244857520503371,0.0,0.1986111111111111,0.3433083956774729,0.3574007220216606,0.256,0.7668404088273701,0.4363636363636363,0.0,0.0,0.0,0.0,0.0,0.0,0.0,1.0,0.0,0.0,0.0,0.0,0.0,0.0,0.0,0.0,0.21428571428571427,0.6739453838390879,438.81
2 BHK,771.59,893.3,6,15,3,1,Semi-Furnished,1,3,2,1,3,Marble,1,1,1,0,1,Bike,0,Corporation + Borewell,1864.69,Pimple Saudagar,411027,Society,4.56,5.79,1.83,1.95,29784.8,10767121.81,13954.460024106067,Broker,11,3,1,2,2,0,0,0,0,0,0,0,0,0,0,1,0,0,0,0,0.2448361346146483,0.231546879850978,0.2857142857142857,0.5789473684210527,0.15,1.0,1.0,0.4000000000000001,0.4,0.2,0.2222222222222222,1.0,1.0,1.0,0.0,1.0,0.0,0.1221585563423914,0.464285714286234,0.6055555555555555,0.4646716541978387,0.5884476534296029,0.532,0.2836869947877352,0.0909090909090909,1.0,0.0,0.0,0.0,0.0,0.0,0.0,0.0,0.0,0.0,0.0,1.0,0.0,0.0,0.0,0.0,0.4,0.428452594049487,385.795
3 BHK,1111.43,1349.58,13,13,7,1,Semi-Furnished,1,3,3,2,5,Marble,1,1,0,0,0,Covered,1,Municipal,3273.4,Viman Nagar,411014,Society,1.59,6.7,1.55,1.38,37124.62,11995005.87,10792.40786194362,Broker,10,2,1,3,3,0,0,0,0,0,0,0,0,0,0,0,0,0,1,0,0.4074763582066695,0.4086192176342751,0.6190476190476191,0.4736842105263157,0.35,1.0,1.0,0.4000000000000001,0.6000000000000001,0.4,0.4444444444444445,1.0,1.0,0.0,0.0,0.0,1.0,0.2837886833324919,0.232142857143117,0.1930555555555555,0.540315876974231,0.4873646209386282,0.3039999999999999,0.1860259044249274,0.0818181818181818,0.5,0.0,0.0,0.0,0.0,0.0,0.0,0.0,0.0,0.0,0.0,0.0,0.0,0.0,1.0,0.0,1.0,0.5983314152570081,370.4766666666667
2 BHK,643.59,748.26,4,6,4,1,Fully Furnished,1,3,2,2,4,Vitrified,0,0,1,1,1,Covered,1,Municipal,3619.82,Baner,411045,Society,2.82,2.08,2.27,2.74,60746.66,21759065.05,33808.89238490343,Broker,31,1,2,2,2,0,1,0,0,0,0,0,0,0,0,0,0,0,0,0,0.1835780466327194,0.1752600124185035,0.1904761904761904,0.1052631578947368,0.2,1.0,1.0,0.4000000000000001,0.4,0.4,0.3333333333333333,0.0,0.0,1.0,1.0,1.0,1.0,0.3235356210215199,0.7857142857146755,0.3638888888888889,0.1562759767248545,0.7472924187725632,0.8480000000000001,0.8969122983011649,0.2727272727272727,0.0,0.0,1.0,0.0,0.0,0.0,0.0,0.0,0.0,0.0,0.0,0.0,0.0,0.0,0.0,0.0,0.6666666666666666,0.5235467337266193,321.795
2 BHK,790.23,924.86,8,19,4,1,Unfurnished,1,2,2,1,2,Vitrified,0,0,1,1,0,Not Specified,1,Corporation + Borewell,1671.13,Wakad,411057,Standalone,4.13,3.76,1.98,2.27,17487.34,5616331.14,7107.210736114802,Owner,84,3,0,2,2,0,0,0,0,0,0,0,0,0,0,0,0,0,0,1,0.2537568436770167,0.2437946289972059,0.3809523809523809,0.7894736842105263,0.2,1.0,1.0,0.2,0.4,0.2,0.1111111111111111,0.0,0.0,1.0,1.0,0.0,1.0,0.0999502044600282,1.0,0.5458333333333333,0.2959268495428095,0.6425992779783394,0.66,0.0722051252907885,0.7545454545454545,1.0,0.0,0.0,0.0,0.0,0.0,0.0,0.0,0.0,0.0,0.0,0.0,0.0,0.0,0.0,1.0,0.42105263157894735,0.46896235659522656,395.115
1 BHK,392.35,482.58,3,13,10,1,Fully Furnished,1,1,1,1,2,Vitrified,1,1,0,1,1,Covered,1,Municipal,800.0,Kalyani Nagar,411006,Society,2.13,4.72,1.33,1.3,26081.86,11775369.68,30012.41157130113,Broker,15,1,2,1,1,0,0,0,0,1,0,0,0,0,0,0,0,0,0,0,0.0633399058156897,0.0721553865259236,0.1428571428571428,0.4736842105263157,0.5,1.0,1.0,0.0,0.2,0.2,0.1111111111111111,1.0,1.0,0.0,1.0,1.0,1.0,0.0,0.089285714286234,0.2680555555555555,0.3757273482959268,0.407942238267148,0.272,0.7796514738021613,0.1272727272727272,0.0,0.0,0.0,0.0,0.0,1.0,0.0,0.0,0.0,0.0,0.0,0.0,0.0,0.0,0.0,0.0,0.23076923076923078,0.6365197576971902,392.35
1 RK,440.59,503.04,3,9,13,1,Semi-Furnished,0,2,1,0,1,Vitrified,0,1,1,1,0,Not Specified,0,Corporation + Borewell,2559.56,Aundh,411007,Standalone,3.98,3.58,1.38,1.81,14063.34,4589609.02,10416.961392678,Owner,30,2,1,1,1,1,0,0,0,0,0,0,0,0,0,0,0,0,0,0,0.0864265477238791,0.0800954672461968,0.1428571428571428,0.2631578947368421,0.65,1.0,0.0,0.2,0.2,0.0,0.0,0.0,1.0,1.0,1.0,0.0,0.0,0.2018853463428962,0.107142857143117,0.525,0.2809642560266001,0.4259927797833934,0.4760000000000001,0.1744274106570369,0.2636363636363636,0.5,1.0,0.0,0.0,0.0,0.0,0.0,0.0,0.0,0.0,0.0,0.0,0.0,0.0,0.0,0.0,0.3333333333333333,0.5297703814261461,440.59
2 BHK,676.22,762.04,0,7,1,1,Fully Furnished,1,3,2,2,4,Vitrified,1,1,1,1,0,Not Specified,1,Municipal,3512.77,Koregaon Park,411001,Society,2.94,5.02,1.24,1.18,56828.17,21503598.96,31799.708615539323,Broker,6,1,2,2,2,0,0,0,0,0,0,1,0,0,0,0,0,0,0,0,0.1991940732799877,0.1806077305184725,0.0,0.1578947368421052,0.05,1.0,1.0,0.4000000000000001,0.4,0.4,0.3333333333333333,1.0,1.0,1.0,1.0,0.0,1.0,0.3112531036160282,0.0,0.3805555555555555,0.4006650041562759,0.3754512635379061,0.2239999999999999,0.834843539398372,0.0454545454545454,0.0,0.0,0.0,0.0,0.0,0.0,0.0,1.0,0.0,0.0,0.0,0.0,0.0,0.0,0.0,0.0,0.0,0.6046771691497774,338.11
2 BHK,755.28,877.45,9,11,10,1,Unfurnished,1,2,3,1,2,Vitrified,1,1,1,0,0,Open,0,Municipal,2221.11,Hinjewadi,411057,Society,6.31,0.98,2.38,2.47,16669.58,5774688.26,7645.758208876178,Builder,35,3,0,2,2,0,0,0,1,0,0,0,0,0,0,0,0,0,0,0,0.2370305141850759,0.225395839801304,0.4285714285714285,0.368421052631579,0.5,1.0,1.0,0.2,0.6000000000000001,0.2,0.1111111111111111,1.0,1.0,1.0,0.0,0.0,0.0,0.1630528567035811,1.0,0.8486111111111111,0.0648379052369077,0.7870036101083032,0.7400000000000001,0.088838909019479,0.3090909090909091,1.0,0.0,0.0,0.0,1.0,0.0,0.0,0.0,0.0,0.0,0.0,0.0,0.0,0.0,0.0,0.0,0.8181818181818182,0.4251666015975092,377.64
4 BHK,1584.93,1969.13,10,18,10,1,Unfurnished,1,5,3,2,5,Marble,0,1,0,0,0,Covered,1,Municipal,4101.92,Wakad,411057,Standalone,3.98,3.05,2.58,1.63,41585.57,11799819.62,7445.009949966244,Owner,32,3,0,4,4,0,0,0,0,0,0,0,0,0,0,0,0,0,0,1,0.6340834258585705,0.6490530891027633,0.4761904761904761,0.7368421052631579,0.5,1.0,1.0,0.8,0.6000000000000001,0.4,0.4444444444444445,0.0,1.0,0.0,0.0,0.0,1.0,0.3788499754464388,1.0,0.525,0.2369077306733166,0.8592057761732853,0.404,0.0826392294891387,0.2818181818181818,1.0,0.0,0.0,0.0,0.0,0.0,0.0,0.0,0.0,0.0,0.0,0.0,0.0,0.0,0.0,1.0,0.5555555555555556,0.5634465036141243,396.2325
2 BHK,751.33,909.21,2,13,5,1,Semi-Furnished,1,2,2,1,4,Wooden,1,0,0,0,0,Covered,0,Corporation + Borewell,2639.79,Wakad,411057,Society,4.59,2.84,1.71,1.98,24232.17,5922265.18,7882.375494123753,Broker,1,3,1,2,2,0,0,0,0,0,0,0,0,0,0,0,0,0,0,1,0.2351401278762586,0.2377212045948463,0.0952380952380952,0.4736842105263157,0.25,1.0,1.0,0.2,0.4,0.2,0.3333333333333333,1.0,0.0,0.0,0.0,0.0,0.0,0.2110906370616501,1.0,0.6097222222222222,0.2194513715710722,0.5451263537906137,0.544,0.0961483104923545,0.0,1.0,0.0,0.0,0.0,0.0,0.0,0.0,0.0,0.0,0.0,0.0,0.0,0.0,0.0,0.0,1.0,0.15384615384615385,0.5042994941604917,375.665
4 BHK,1346.02,1648.94,10,12,10,1,Fully Furnished,1,4,3,3,8,Ceramic,1,1,0,1,0,Covered,1,Corporation + Borewell,3799.33,Nigdi,411044,Society,3.1,9.87,2.0,2.36,53682.63,11487063.82,8534.095942110816,Not Specified,35,3,2,4,4,0,0,0,0,0,0,0,0,0,1,0,0,0,0,0,0.519746161797925,0.5247943185346167,0.4761904761904761,0.4210526315789473,0.5,1.0,1.0,0.6000000000000001,0.6000000000000001,0.6000000000000001,0.7777777777777777,1.0,1.0,0.0,1.0,0.0,1.0,0.3441319283494958,0.7678571428577925,0.4027777777777778,0.8038237738985867,0.6498194945848376,0.696,0.1162771160695644,0.3090909090909091,1.0,0.0,0.0,0.0,0.0,0.0,0.0,0.0,0.0,0.0,1.0,0.0,0.0,0.0,0.0,0.0,0.8333333333333334,0.33921297862426236,336.505
3 BHK,869.03,1049.68,0,6,11,1,Fully Furnished,1,4,2,3,6,Granite,1,1,1,0,0,Bike,0,Municipal,3462.32,Koregaon Park,411001,Society,1.56,5.1,1.05,0.99,67571.99,17845444.02,20534.89985386005,Owner,13,1,2,3,3,0,0,0,0,0,0,1,0,0,0,0,0,0,0,0,0.2914688540908917,0.2922345544861845,0.0,0.1052631578947368,0.55,1.0,1.0,0.6000000000000001,0.4,0.6000000000000001,0.5555555555555556,1.0,1.0,1.0,0.0,0.0,0.0,0.3054646589349721,0.0,0.1888888888888888,0.4073150457190356,0.3068592057761733,0.148,0.4869313485793212,0.109090909090909,0.0,0.0,0.0,0.0,0.0,0.0,0.0,1.0,0.0,0.0,0.0,0.0,0.0,0.0,0.0,0.0,0.0,0.6849580459760345,289.6766666666667
2 BHK,835.39,973.79,9,10,6,1,Unfurnished,0,3,2,1,3,Wooden,1,1,1,0,0,Covered,1,Tanker,3376.43,Kothrud,411038,Society,1.56,8.26,1.47,1.5,34403.93,7198251.56,8616.636014316666,Owner,60,2,0,2,2,0,0,0,0,0,0,0,1,0,0,0,0,0,0,0,0.275369462843141,0.2627832971126979,0.4285714285714285,0.3157894736842105,0.3,1.0,0.0,0.4000000000000001,0.4,0.2,0.2222222222222222,1.0,1.0,1.0,0.0,0.0,1.0,0.2956099609437746,0.6607142857146755,0.1888888888888888,0.6699916874480465,0.4584837545126353,0.3520000000000001,0.1188245657166648,0.5363636363636364,0.5,0.0,0.0,0.0,0.0,0.0,0.0,0.0,1.0,0.0,0.0,0.0,0.0,0.0,0.0,0.0,0.9,0.5443438564043634,417.695
3 BHK,1185.63,1481.17,0,9,10,1,Unfurnished,1,3,3,1,4,Marble,1,1,0,0,1,Covered,0,Corporation + Borewell,3281.14,Aundh,411007,Society,3.18,4.08,1.54,1.64,38931.96,10607032.85,8946.326299098368,Owner,29,2,0,3,3,1,0,0,0,0,0,0,0,0,0,0,0,0,0,0,0.4429869060836939,0.4596864327848495,0.0,0.2631578947368421,0.5,1.0,1.0,0.4000000000000001,0.6000000000000001,0.2,0.3333333333333333,1.0,1.0,0.0,0.0,1.0,0.0,0.2846767420407451,0.107142857143117,0.4138888888888889,0.3225270157938487,0.483754512635379,0.408,0.1290072606021222,0.2545454545454545,0.5,1.0,0.0,0.0,0.0,0.0,0.0,0.0,0.0,0.0,0.0,0.0,0.0,0.0,0.0,0.0,0.0,0.5703411191555101,395.21000000000004
2 BHK,700.26,781.97,11,17,11,1,Unfurnished,0,2,2,1,3,Ceramic,1,1,0,0,0,Covered,1,Corporation + Borewell,2866.15,Hadapsar,411028,Society,5.16,1.14,1.76,2.25,13641.41,5103274.54,7287.685345443121,Broker,25,3,0,2,2,0,0,1,0,0,0,0,0,0,0,0,0,0,0,0,0.2106991079290937,0.1883421297733623,0.5238095238095237,0.6842105263157894,0.55,1.0,0.0,0.2,0.4,0.2,0.2222222222222222,1.0,1.0,0.0,0.0,0.0,1.0,0.2370623385087039,0.482142857143117,0.6888888888888889,0.0781379883624272,0.5631768953068592,0.652,0.077779678962044,0.2181818181818181,1.0,0.0,0.0,1.0,0.0,0.0,0.0,0.0,0.0,0.0,0.0,0.0,0.0,0.0,0.0,0.0,0.6470588235294118,0.4961118156334837,350.13
1 RK,441.9,506.88,2,18,9,1,Unfurnished,0,2,0,0,1,Marble,1,1,0,0,0,Stilt,0,Borewell,1852.72,Hadapsar,411028,Society,4.99,1.02,2.26,2.23,15166.85,2800000.0,6336.275175379045,Owner,16,3,0,1,1,0,0,1,0,0,0,0,0,0,0,0,0,0,0,0,0.0870534859680692,0.0815856876746352,0.0952380952380952,0.7368421052631579,0.45,1.0,0.0,0.2,0.0,0.0,0.0,1.0,1.0,0.0,0.0,0.0,0.0,0.1207851632238137,0.482142857143117,0.6652777777777779,0.0681629260182876,0.743682310469314,0.644,0.0483932041653643,0.1363636363636363,1.0,0.0,0.0,1.0,0.0,0.0,0.0,0.0,0.0,0.0,0.0,0.0,0.0,0.0,0.0,0.0,0.1111111111111111,0.509176871380469,441.9
1 BHK,488.89,611.28,5,10,0,1,Unfurnished,1,1,0,0,2,Vitrified,0,0,1,1,0,Covered,1,Corporation + Borewell,1251.78,Hinjewadi,411057,Society,6.16,1.37,2.38,2.44,8922.3,5161036.42,10556.64141217861,Broker,12,3,0,1,1,0,0,0,1,0,0,0,0,0,0,0,0,0,0,0,0.1095419043608101,0.1221010555728034,0.238095238095238,0.3157894736842105,0.0,1.0,1.0,0.0,0.0,0.0,0.1111111111111111,0.0,0.0,1.0,1.0,0.0,1.0,0.0518355508029244,1.0,0.8277777777777778,0.0972568578553615,0.7870036101083032,0.728,0.1787467709037269,0.0999999999999999,1.0,0.0,0.0,0.0,1.0,0.0,0.0,0.0,0.0,0.0,0.0,0.0,0.0,0.0,0.0,0.0,0.5,0.42449888721352336,488.89
3 BHK,776.29,979.73,1,14,15,1,Semi-Furnished,1,3,3,2,3,Vitrified,1,1,0,0,0,Open,0,Corporation + Borewell,2028.44,Magarpatta,411013,Society,4.66,0.2,1.78,1.93,12795.51,7133155.66,9188.776951912301,Broker,9,3,1,3,3,0,0,0,0,0,0,0,0,1,0,0,0,0,0,0,0.2470854550327347,0.2650884818379386,0.0476190476190476,0.5263157894736842,0.75,1.0,1.0,0.4000000000000001,0.6000000000000001,0.4,0.2222222222222222,1.0,1.0,0.0,0.0,0.0,0.0,0.1409466200990403,0.214285714286234,0.6194444444444445,0.0,0.5703971119133574,0.524,0.1364964166451497,0.0727272727272727,1.0,0.0,0.0,0.0,0.0,0.0,0.0,0.0,0.0,1.0,0.0,0.0,0.0,0.0,0.0,0.0,0.07142857142857142,0.5784424323058828,258.7633333333333
2 BHK,735.56,848.44,14,17,8,1,Fully Furnished,1,2,1,1,3,Vitrified,1,1,0,1,0,Bike,1,Borewell,3694.63,Kharadi,411014,Society,3.94,1.18,2.13,1.65,22363.27,6887938.32,9364.210016857905,Builder,7,2,2,2,2,0,0,0,0,0,1,0,0,0,0,0,0,0,0,0,0.22759294000536,0.214137690158336,0.6666666666666666,0.6842105263157894,0.4,1.0,1.0,0.2,0.2,0.2,0.2222222222222222,1.0,1.0,0.0,1.0,0.0,1.0,0.3321190411719621,0.232142857143117,0.5194444444444445,0.0814630091438071,0.6967509025270758,0.412,0.1419128357117354,0.0545454545454545,0.5,0.0,0.0,0.0,0.0,0.0,1.0,0.0,0.0,0.0,0.0,0.0,0.0,0.0,0.0,0.0,0.8235294117647058,0.6140791193734776,367.78
1 BHK,372.03,408.49,4,13,8,1,Semi-Furnished,1,1,1,0,1,Granite,1,1,0,0,0,Covered,1,Borewell,2340.07,Wakad,411057,Society,4.77,2.48,2.06,1.85,14325.46,5049812.97,13573.671397467946,Owner,30,3,1,1,1,0,0,0,0,0,0,0,0,0,0,0,0,0,0,1,0.0536151843485585,0.0434026699782676,0.1904761904761904,0.4736842105263157,0.4,1.0,1.0,0.0,0.2,0.0,0.0,1.0,1.0,0.0,0.0,0.0,1.0,0.1767018830516176,1.0,0.6347222222222222,0.1895261845386533,0.6714801444043321,0.4920000000000001,0.2719220272856318,0.2636363636363636,1.0,0.0,0.0,0.0,0.0,0.0,0.0,0.0,0.0,0.0,0.0,0.0,0.0,0.0,0.0,1.0,0.3076923076923077,0.5198922127989993,372.03
2 BHK,522.89,799.71,14,16,4,1,Unfurnished,0,2,0,1,3,Ceramic,0,1,0,1,0,Covered,1,Tanker,1811.68,Hinjewadi,411057,Standalone,6.54,0.2,2.32,3.03,12146.85,6913964.68,13222.598787507888,Owner,39,3,0,2,2,0,0,0,1,0,0,0,0,0,0,0,0,0,0,0,0.12581358398101,0.1952266376901584,0.6666666666666666,0.631578947368421,0.2,1.0,0.0,0.2,0.0,0.2,0.2222222222222222,0.0,1.0,0.0,1.0,0.0,1.0,0.1160763868172618,1.0,0.8805555555555555,0.0,0.7653429602888087,0.964,0.2610811588795669,0.3454545454545454,1.0,0.0,0.0,0.0,1.0,0.0,0.0,0.0,0.0,0.0,0.0,0.0,0.0,0.0,0.0,0.0,0.875,0.37623638009983074,261.445
3 BHK,829.95,1015.27,9,15,12,1,Unfurnished,1,4,3,1,4,Not Specified,1,0,0,1,0,Covered,0,Municipal,1299.24,Hinjewadi,411057,Society,5.47,1.13,2.42,2.65,21981.46,4858136.01,5853.528537863726,Owner,43,3,0,3,3,0,0,0,1,0,0,0,0,0,0,0,0,0,0,0,0.272765994103909,0.278880782365725,0.4285714285714285,0.5789473684210527,0.6000000000000001,1.0,1.0,0.6000000000000001,0.6000000000000001,0.2,0.3333333333333333,1.0,0.0,0.0,1.0,0.0,0.0,0.0572809340450041,1.0,0.7319444444444444,0.0773067331670822,0.8014440433212996,0.812,0.0334840759688524,0.3818181818181818,1.0,0.0,0.0,0.0,1.0,0.0,0.0,0.0,0.0,0.0,0.0,0.0,0.0,0.0,0.0,0.0,0.6,0.4396853627638583,276.65000000000003
4 BHK,1240.36,1519.89,9,17,3,1,Semi-Furnished,1,5,5,3,6,Marble,1,1,1,1,0,Stilt,0,Borewell,4251.66,Kothrud,411038,Society,2.19,9.44,1.29,1.24,48518.78,14039604.73,11318.975724789578,Broker,13,2,1,4,4,0,0,0,0,0,0,0,1,0,0,0,0,0,0,0,0.469179524484092,0.4747128221049364,0.4285714285714285,0.6842105263157894,0.15,1.0,1.0,0.8,1.0,0.6000000000000001,0.5555555555555556,1.0,1.0,1.0,1.0,0.0,0.0,0.3960305840993891,0.6607142857146755,0.2763888888888889,0.768079800498753,0.3935018050541516,0.248,0.2022902956005224,0.109090909090909,0.5,0.0,0.0,0.0,0.0,0.0,0.0,0.0,1.0,0.0,0.0,0.0,0.0,0.0,0.0,0.0,0.5294117647058824,0.5115819039367691,310.09
1 RK,411.05,455.17,3,10,12,1,Semi-Furnished,1,2,0,1,1,Granite,0,0,1,0,1,Covered,1,Borewell,2588.36,Kalyani Nagar,411006,Society,2.73,5.1,1.54,1.47,18952.61,7924323.01,19278.24597980781,Owner,34,1,1,1,1,0,0,0,0,1,0,0,0,0,0,0,0,0,0,0,0.0722893296067996,0.0615181620614716,0.1428571428571428,0.3157894736842105,0.6000000000000001,1.0,1.0,0.2,0.0,0.2,0.0,0.0,0.0,1.0,0.0,1.0,1.0,0.2051897508387221,0.089285714286234,0.3513888888888889,0.4073150457190356,0.483754512635379,0.3399999999999999,0.4481099208462178,0.3,0.0,0.0,0.0,0.0,0.0,1.0,0.0,0.0,0.0,0.0,0.0,0.0,0.0,0.0,0.0,0.0,0.3,0.5809732919912804,411.05
1 BHK,476.05,546.96,11,13,3,1,Semi-Furnished,0,2,2,0,1,Marble,1,1,1,0,0,Covered,0,Municipal,1497.85,Kharadi,411014,Society,4.68,2.44,2.19,2.16,14472.16,8076601.91,16965.86894233799,Broker,53,2,1,1,1,0,0,0,0,0,1,0,0,0,0,0,0,0,0,0,0.1033969524101229,0.0971398633964607,0.5238095238095237,0.4736842105263157,0.15,1.0,0.0,0.2,0.4,0.0,0.0,1.0,1.0,1.0,0.0,0.0,0.0,0.080068704076809,0.232142857143117,0.6222222222222222,0.1862011637572734,0.7184115523465704,0.6160000000000001,0.3766970128620263,0.4727272727272727,0.5,0.0,0.0,0.0,0.0,0.0,1.0,0.0,0.0,0.0,0.0,0.0,0.0,0.0,0.0,0.0,0.8461538461538461,0.4919168240509205,476.05
2 BHK,804.88,877.11,1,15,5,1,Semi-Furnished,0,2,3,0,3,Marble,1,1,0,0,1,Covered,0,Borewell,2324.43,Viman Nagar,411014,Society,2.75,4.68,1.94,1.98,33870.45,6870899.25,8536.551100785211,Broker,30,2,1,2,2,0,0,0,0,0,0,0,0,0,0,0,0,0,1,0,0.2607680232780734,0.2252638932008693,0.0476190476190476,0.5789473684210527,0.25,1.0,0.0,0.2,0.6000000000000001,0.0,0.2222222222222222,1.0,1.0,0.0,0.0,1.0,0.0,0.1749074078323565,0.232142857143117,0.3541666666666667,0.3724023275145469,0.628158844765343,0.544,0.1163509328088535,0.2636363636363636,0.5,0.0,0.0,0.0,0.0,0.0,0.0,0.0,0.0,0.0,0.0,0.0,0.0,0.0,1.0,0.0,0.06666666666666667,0.5370324724372149,402.44
2 BHK,495.93,544.68,3,12,7,1,Semi-Furnished,1,3,1,1,4,Vitrified,1,1,0,0,1,Covered,0,Municipal,2550.09,Kharadi,411014,Society,3.17,1.97,1.76,1.83,13566.62,7388157.81,14897.58193696691,Owner,33,2,1,2,2,0,0,0,0,0,1,0,0,0,0,0,0,0,0,0,0.1129110991998162,0.0962550450170754,0.1428571428571428,0.4210526315789473,0.35,1.0,1.0,0.4000000000000001,0.2,0.2,0.3333333333333333,1.0,1.0,0.0,0.0,1.0,0.0,0.200798793892359,0.232142857143117,0.4125,0.1471321695760598,0.5631768953068592,0.4840000000000001,0.3128168097084765,0.2909090909090909,0.5,0.0,0.0,0.0,0.0,0.0,1.0,0.0,0.0,0.0,0.0,0.0,0.0,0.0,0.0,0.0,0.25,0.6080012823062699,247.965
2 BHK,651.27,757.83,2,9,10,1,Semi-Furnished,1,2,1,1,2,Granite,1,1,0,0,0,Stilt,0,Tanker,2341.94,Kharadi,411014,Society,3.73,1.25,2.0,2.1,22329.99,6472127.19,9937.702012990005,Broker,41,2,1,2,2,0,0,0,0,0,1,0,0,0,0,0,0,0,0,0,0.1872535319116351,0.1789739211425023,0.0952380952380952,0.2631578947368421,0.5,1.0,1.0,0.2,0.2,0.2,0.1111111111111111,1.0,1.0,0.0,0.0,0.0,0.0,0.1769164398713118,0.232142857143117,0.4902777777777778,0.0872817955112219,0.6498194945848376,0.5920000000000001,0.1596257645746364,0.3636363636363636,0.5,0.0,0.0,0.0,0.0,0.0,1.0,0.0,0.0,0.0,0.0,0.0,0.0,0.0,0.0,0.0,0.2222222222222222,0.5735537789503449,325.635
1 RK,410.65,516.21,15,16,12,1,Semi-Furnished,1,2,1,0,2,Granite,1,1,1,1,0,Covered,0,Borewell,803.71,Viman Nagar,411014,Society,2.55,5.51,1.65,1.46,17845.83,5289192.16,12880.0490929015,Broker,12,2,1,1,1,0,0,0,0,0,0,0,0,0,0,0,0,0,1,0,0.0720978980818561,0.0852064576218566,0.7142857142857142,0.631578947368421,0.6000000000000001,1.0,1.0,0.2,0.2,0.0,0.1111111111111111,1.0,1.0,1.0,1.0,0.0,0.0,0.000425671551372,0.232142857143117,0.3263888888888889,0.4413965087281795,0.5234657039711191,0.3359999999999999,0.2504991123459886,0.0999999999999999,0.5,0.0,0.0,0.0,0.0,0.0,0.0,0.0,0.0,0.0,0.0,0.0,0.0,0.0,1.0,0.0,0.9375,0.5789750691631315,410.65
3 BHK,965.11,1216.56,8,19,10,1,Semi-Furnished,1,3,3,2,4,Vitrified,0,0,0,0,0,Covered,0,Tanker,2644.86,Nigdi,411044,Standalone,3.4,8.5,1.88,2.59,27892.66,7562457.41,7835.85022432676,Broker,20,3,1,3,3,0,0,0,0,0,0,0,0,0,1,0,0,0,0,0,0.337450706382327,0.3569970506054021,0.3809523809523809,0.7894736842105263,0.5,1.0,1.0,0.4000000000000001,0.6000000000000001,0.4,0.3333333333333333,0.0,0.0,0.0,0.0,0.0,0.0,0.2116723499364361,0.7678571428577925,0.4444444444444444,0.6899418121363258,0.6064981949458483,0.788,0.0947090385045408,0.1727272727272727,1.0,0.0,0.0,0.0,0.0,0.0,0.0,0.0,0.0,0.0,1.0,0.0,0.0,0.0,0.0,0.0,0.42105263157894735,0.33846669016333775,321.7033333333333
3 BHK,1262.95,1612.42,13,17,8,1,Fully Furnished,0,3,3,2,4,Vitrified,0,0,0,1,0,Covered,1,Borewell,4022.67,Wakad,411057,Standalone,4.84,1.62,2.19,1.8,48941.71,9194863.87,7280.465473692544,Broker,37,3,2,3,3,0,0,0,0,0,0,0,0,0,0,0,0,0,0,1,0.4799906198552777,0.5106217013349892,0.6190476190476191,0.6842105263157894,0.4,1.0,0.0,0.4000000000000001,0.6000000000000001,0.4,0.3333333333333333,0.0,0.0,0.0,1.0,0.0,1.0,0.3697571262695568,1.0,0.6444444444444445,0.1180382377389858,0.7184115523465704,0.4720000000000001,0.077556375604278,0.3272727272727272,1.0,0.0,0.0,0.0,0.0,0.0,0.0,0.0,0.0,0.0,0.0,0.0,0.0,0.0,0.0,1.0,0.7647058823529411,0.5455205693145186,420.98333333333335
2 BHK,649.66,822.83,15,16,5,1,Semi-Furnished,1,3,1,1,3,Vitrified,1,1,0,1,0,Open,0,Municipal,2048.79,Pune Camp,411001,Society,2.98,6.08,1.22,1.72,18103.83,4609130.52,7094.681094726472,Owner,24,3,1,2,2,0,0,0,0,0,0,0,0,0,0,0,1,0,0,0,0.1864830200237375,0.2041990065197144,0.7142857142857142,0.631578947368421,0.25,1.0,1.0,0.4000000000000001,0.2,0.2,0.2222222222222222,1.0,1.0,0.0,1.0,0.0,0.0,0.1432815031368895,0.0,0.3861111111111111,0.4887780548628428,0.3682310469314079,0.44,0.0718181279086575,0.209090909090909,1.0,0.0,0.0,0.0,0.0,0.0,0.0,0.0,0.0,0.0,0.0,0.0,1.0,0.0,0.0,0.0,0.9375,0.5162923537412498,324.83
2 BHK,542.69,591.63,6,14,13,1,Unfurnished,0,2,2,0,2,Marble,1,1,0,0,0,Covered,1,Borewell,1539.85,Magarpatta,411013,Society,4.87,2.02,2.27,2.14,11080.67,3855575.74,7104.563820965928,Broker,26,3,0,2,2,0,0,0,0,0,0,0,0,1,0,0,0,0,0,0,0.1352894444657146,0.114475318224154,0.2857142857142857,0.5263157894736842,0.65,1.0,0.0,0.2,0.4,0.0,0.1111111111111111,1.0,1.0,0.0,0.0,0.0,1.0,0.0848876272998884,0.214285714286234,0.6486111111111111,0.1512884455527846,0.7472924187725632,0.6080000000000001,0.0721226605653065,0.2272727272727272,1.0,0.0,0.0,0.0,0.0,0.0,0.0,0.0,0.0,1.0,0.0,0.0,0.0,0.0,0.0,0.0,0.42857142857142855,0.4969422784631289,271.345
1 BHK,493.17,590.31,16,17,3,1,Unfurnished,1,1,1,0,2,Wooden,1,1,0,1,0,Covered,1,Borewell,1678.58,Aundh,411007,Society,3.69,3.44,1.83,1.42,19045.91,5191612.06,10527.023257700183,Owner,16,2,0,1,1,1,0,0,0,0,0,0,0,0,0,0,0,0,0,0,0.1115902216777059,0.1139630549518783,0.7619047619047619,0.6842105263157894,0.15,1.0,1.0,0.0,0.2,0.0,0.1111111111111111,1.0,1.0,0.0,1.0,0.0,1.0,0.1008049896507886,0.107142857143117,0.4847222222222223,0.2693266832917705,0.5884476534296029,0.3199999999999999,0.1778266869441353,0.1363636363636363,0.5,1.0,0.0,0.0,0.0,0.0,0.0,0.0,0.0,0.0,0.0,0.0,0.0,0.0,0.0,0.0,0.9411764705882353,0.588315864767214,493.17
2 BHK,738.79,885.57,8,11,11,1,Semi-Furnished,1,1,2,1,2,Ceramic,1,1,0,0,0,Bike,0,Tanker,2214.22,Nigdi,411044,Society,2.7,10.95,1.99,2.23,24053.13,5728603.64,7754.03516560863,Owner,22,3,1,2,2,0,0,0,0,0,0,0,0,0,1,0,0,0,0,0,0.229138749569279,0.2285470350822726,0.3809523809523809,0.368421052631579,0.55,1.0,1.0,0.0,0.4,0.2,0.1111111111111111,1.0,1.0,0.0,0.0,0.0,0.0,0.1622623238224617,0.7678571428577925,0.3472222222222222,0.8935993349958435,0.6462093862815884,0.644,0.0921828999662728,0.1909090909090909,1.0,0.0,0.0,0.0,0.0,0.0,0.0,0.0,0.0,0.0,1.0,0.0,0.0,0.0,0.0,0.0,0.7272727272727273,0.34168407195798867,369.395
3 BHK,660.04,794.7,19,19,9,1,Fully Furnished,1,4,3,3,6,Wooden,0,1,1,1,1,Covered,1,Corporation + Borewell,3712.54,Baner,411045,Standalone,2.45,3.51,1.84,2.38,44329.27,21867251.05,33130.19067026241,Broker,23,1,2,3,3,0,1,0,0,0,0,0,0,0,0,0,0,0,0,0,0.191450668096022,0.1932823657249301,0.9047619047619048,0.7894736842105263,0.45,1.0,1.0,0.6000000000000001,0.6000000000000001,0.6000000000000001,0.5555555555555556,0.0,1.0,1.0,1.0,1.0,1.0,0.3341739677178039,0.7857142857146755,0.3125,0.2751454696591853,0.5920577617328521,0.704,0.8759359900770537,0.1999999999999999,0.0,0.0,1.0,0.0,0.0,0.0,0.0,0.0,0.0,0.0,0.0,0.0,0.0,0.0,0.0,0.0,1.0,0.539699741253298,220.01333333333332
3 BHK,833.98,1016.52,5,16,14,1,Fully Furnished,1,4,3,2,6,Vitrified,0,0,1,1,1,Covered,0,Corporation + Borewell,2990.59,Kothrud,411038,Standalone,2.36,7.57,1.53,1.8,40291.06,14057712.85,16856.17502817813,Broker,37,2,2,3,3,0,0,0,0,0,0,0,1,0,0,0,0,0,0,0,0.2746946667177151,0.2793658801614406,0.238095238095238,0.631578947368421,0.7000000000000001,1.0,1.0,0.6000000000000001,0.6000000000000001,0.4,0.5555555555555556,0.0,0.0,1.0,1.0,1.0,0.0,0.251340119601085,0.6607142857146755,0.3,0.6126350789692435,0.48014440433213,0.4720000000000001,0.3733088554143188,0.3272727272727272,0.5,0.0,0.0,0.0,0.0,0.0,0.0,0.0,1.0,0.0,0.0,0.0,0.0,0.0,0.0,0.0,0.3125,0.49506275254435517,277.99333333333334
2 BHK,508.88,605.28,4,12,7,1,Semi-Furnished,1,3,2,1,2,Granite,0,0,1,1,0,Open,1,Borewell,800.0,Viman Nagar,411014,Standalone,3.03,5.11,1.67,1.48,23432.13,6976746.96,13710.004244615626,Owner,10,2,1,2,2,0,0,0,0,0,0,0,0,0,0,0,0,0,1,0,0.1191086948198629,0.1197725861533685,0.1904761904761904,0.4210526315789473,0.35,1.0,1.0,0.4000000000000001,0.4,0.2,0.1111111111111111,0.0,0.0,1.0,1.0,0.0,1.0,0.0,0.232142857143117,0.3930555555555555,0.4081463009143807,0.5306859205776173,0.344,0.2761369939847079,0.0818181818181818,0.5,0.0,0.0,0.0,0.0,0.0,0.0,0.0,0.0,0.0,0.0,0.0,0.0,0.0,1.0,0.0,0.3333333333333333,0.5661188485800097,254.44
2 BHK,633.3,787.93,7,11,7,1,Fully Furnished,1,2,2,1,4,Granite,1,1,0,0,0,Not Specified,1,Corporation + Borewell,1774.65,Wakad,411057,Society,5.76,2.75,1.6,2.37,18563.27,5852437.5,9241.177167219328,Owner,41,3,2,2,2,0,0,0,0,0,0,0,0,0,0,0,0,0,0,1,0.1786534706535472,0.1906550760633343,0.3333333333333333,0.368421052631579,0.35,1.0,1.0,0.2,0.4,0.2,0.3333333333333333,1.0,1.0,0.0,0.0,0.0,1.0,0.1118277028422468,1.0,0.7722222222222223,0.2119700748129675,0.5054151624548737,0.7000000000000001,0.1381166786297142,0.3636363636363636,1.0,0.0,0.0,0.0,0.0,0.0,0.0,0.0,0.0,0.0,0.0,0.0,0.0,0.0,0.0,1.0,0.6363636363636364,0.4123831092555541,316.65
1 BHK,387.55,443.17,8,13,5,1,Unfurnished,1,2,2,0,1,Not Specified,1,1,0,0,1,Bike,1,Borewell,912.29,Kharadi,411014,Society,4.86,0.96,1.53,1.64,7500.0,6287963.11,16224.90803767256,Owner,15,2,0,1,1,0,0,0,0,0,1,0,0,0,0,0,0,0,0,0,0.0610427275163674,0.0568612232226017,0.3809523809523809,0.4736842105263157,0.25,1.0,1.0,0.2,0.4,0.0,0.0,1.0,1.0,0.0,0.0,1.0,1.0,0.0128837354457044,0.232142857143117,0.6472222222222223,0.0631753948462177,0.48014440433213,0.408,0.3538088819759907,0.1272727272727272,0.5,0.0,0.0,0.0,0.0,0.0,1.0,0.0,0.0,0.0,0.0,0.0,0.0,0.0,0.0,0.0,0.6153846153846154,0.5797022382468009,387.55
1 RK,406.58,465.36,7,14,11,1,Semi-Furnished,1,1,1,1,2,Granite,1,1,1,1,1,Covered,0,Corporation + Borewell,1630.01,Kalyani Nagar,411006,Society,1.52,4.28,1.1,1.03,20165.25,12459466.05,30644.562078803683,Broker,16,1,1,1,1,0,0,0,0,1,0,0,0,0,0,0,0,0,0,0,0.0701500823155557,0.0654726792921453,0.3333333333333333,0.5263157894736842,0.55,1.0,1.0,0.0,0.2,0.2,0.1111111111111111,1.0,1.0,1.0,1.0,1.0,0.0,0.0952322491520989,0.089285714286234,0.1833333333333333,0.3391521197007481,0.3249097472924188,0.164,0.7991795531956163,0.1363636363636363,0.0,0.0,0.0,0.0,0.0,1.0,0.0,0.0,0.0,0.0,0.0,0.0,0.0,0.0,0.0,0.0,0.5,0.7048357575135988,406.58
2 BHK,561.46,619.24,4,13,3,1,Semi-Furnished,1,2,1,1,3,Vitrified,1,1,0,1,0,Covered,1,Corporation + Borewell,1649.5,Kharadi,411014,Society,4.6,2.47,2.13,1.9,23106.33,9050905.44,16120.303209489542,Broker,21,2,1,2,2,0,0,0,0,0,1,0,0,0,0,0,0,0,0,0,0.1442723687736896,0.1251901583359205,0.1904761904761904,0.4736842105263157,0.15,1.0,1.0,0.2,0.2,0.2,0.2222222222222222,1.0,1.0,0.0,1.0,0.0,1.0,0.0974684590001422,0.232142857143117,0.611111111111111,0.1886949293433084,0.6967509025270758,0.512,0.3505853451225976,0.1818181818181818,0.5,0.0,0.0,0.0,0.0,0.0,1.0,0.0,0.0,0.0,0.0,0.0,0.0,0.0,0.0,0.0,0.3076923076923077,0.522480543944158,280.73
1 BHK,415.9,489.9,3,13,4,1,Fully Furnished,1,2,2,0,2,Granite,0,0,0,1,0,Covered,0,Municipal,800.0,Kothrud,411038,Society,1.72,7.8,1.54,1.39,20181.52,5027201.04,12087.523539312335,Owner,25,2,2,1,1,0,0,0,0,0,0,0,1,0,0,0,0,0,0,0,0.0746104368467399,0.0749961192176343,0.1428571428571428,0.4736842105263157,0.2,1.0,1.0,0.2,0.4,0.0,0.1111111111111111,0.0,0.0,0.0,1.0,0.0,0.0,0.0,0.6607142857146755,0.2111111111111111,0.6317539484621778,0.483754512635379,0.3079999999999999,0.2260240759935609,0.2181818181818181,0.5,0.0,0.0,0.0,0.0,0.0,0.0,0.0,1.0,0.0,0.0,0.0,0.0,0.0,0.0,0.0,0.23076923076923078,0.5614262621008328,415.9
1 BHK,376.84,470.1,1,9,8,1,Fully Furnished,1,1,1,0,2,Ceramic,1,1,1,0,0,Covered,1,Not Specified,1404.4,Aundh,411007,Society,3.62,4.2,1.88,1.72,19322.07,6074961.49,16120.797924848745,Owner,8,2,2,1,1,1,0,0,0,0,0,0,0,0,0,0,0,0,0,0,0.0559171484360044,0.0673121701334989,0.0476190476190476,0.2631578947368421,0.4,1.0,1.0,0.0,0.2,0.0,0.1111111111111111,1.0,1.0,1.0,0.0,0.0,1.0,0.0693465999054573,0.107142857143117,0.475,0.3325020781379883,0.6064981949458483,0.44,0.3505936842521406,0.0636363636363636,0.5,1.0,0.0,0.0,0.0,0.0,0.0,0.0,0.0,0.0,0.0,0.0,0.0,0.0,0.0,0.0,0.1111111111111111,0.538703644836106,376.84
1 BHK,357.37,451.33,5,6,6,1,Semi-Furnished,0,2,1,1,2,Ceramic,0,0,1,1,1,Not Specified,1,Corporation + Borewell,2482.67,Koregaon Park,411001,Standalone,2.72,4.73,1.83,1.04,15850.22,7580749.35,21212.606961972186,Owner,18,1,1,1,1,0,0,0,0,0,0,1,0,0,0,0,0,0,0,0,0.0465992189593782,0.0600279416330332,0.238095238095238,0.1052631578947368,0.3,1.0,0.0,0.2,0.2,0.2,0.1111111111111111,0.0,0.0,1.0,1.0,1.0,1.0,0.1930632747566444,0.0,0.35,0.3765586034912718,0.5884476534296029,0.168,0.5078675054389656,0.1545454545454545,0.0,0.0,0.0,0.0,0.0,0.0,0.0,1.0,0.0,0.0,0.0,0.0,0.0,0.0,0.0,0.0,0.8333333333333334,0.6374484050690101,357.37
2 BHK,395.76,491.15,2,11,12,1,Unfurnished,1,2,2,0,2,Marble,0,0,1,0,0,Not Specified,0,Corporation + Borewell,1491.81,Kharadi,411014,Standalone,4.41,1.44,1.83,2.11,15866.35,3216849.15,8128.282671315949,Owner,21,2,0,2,2,0,0,0,0,0,1,0,0,0,0,0,0,0,0,0,0.0649718595658333,0.0754812170133499,0.0952380952380952,0.368421052631579,0.6000000000000001,1.0,1.0,0.2,0.4,0.0,0.1111111111111111,0.0,0.0,1.0,0.0,0.0,0.0,0.0793756970228233,0.232142857143117,0.5847222222222223,0.1030756442227763,0.5884476534296029,0.596,0.1037430955095949,0.1818181818181818,0.5,0.0,0.0,0.0,0.0,0.0,1.0,0.0,0.0,0.0,0.0,0.0,0.0,0.0,0.0,0.0,0.18181818181818182,0.5366762494930934,197.88
2 BHK,620.75,784.75,4,11,4,1,Semi-Furnished,1,1,2,1,3,Granite,0,0,1,1,1,Covered,0,Borewell,3451.24,Aundh,411007,Standalone,3.7,3.38,1.35,1.3,29082.31,10467127.05,16862.065324204592,Builder,16,2,1,2,2,1,0,0,0,0,0,0,0,0,0,0,0,0,0,0,0.172647306558444,0.1894209872710339,0.1904761904761904,0.368421052631579,0.2,1.0,1.0,0.0,0.4,0.2,0.2222222222222222,0.0,0.0,1.0,1.0,1.0,0.0,0.3041933810942168,0.107142857143117,0.4861111111111111,0.2643391521197007,0.4151624548736462,0.272,0.3734904631243692,0.1363636363636363,0.5,1.0,0.0,0.0,0.0,0.0,0.0,0.0,0.0,0.0,0.0,0.0,0.0,0.0,0.0,0.0,0.36363636363636365,0.6023212501135642,310.375
2 BHK,510.72,613.92,3,17,9,1,Semi-Furnished,1,2,1,1,4,Ceramic,1,1,0,0,0,Covered,0,Corporation + Borewell,2148.67,Wakad,411057,Society,5.26,2.49,1.82,1.96,17321.91,3200202.13,6266.059934993734,Owner,19,3,1,2,2,0,0,0,0,0,0,0,0,0,0,0,0,0,0,1,0.1199892798346031,0.1231255821173548,0.1428571428571428,0.6842105263157894,0.45,1.0,1.0,0.2,0.2,0.2,0.3333333333333333,1.0,1.0,0.0,0.0,0.0,0.0,0.1547413615064413,1.0,0.7027777777777777,0.1903574397339983,0.5848375451263538,0.536,0.046225339340801,0.1636363636363636,1.0,0.0,0.0,0.0,0.0,0.0,0.0,0.0,0.0,0.0,0.0,0.0,0.0,0.0,0.0,1.0,0.17647058823529413,0.48579545014540926,255.36
2 BHK,525.5,657.43,1,13,1,1,Fully Furnished,0,1,2,1,3,Granite,1,1,1,0,0,Open,1,Corporation + Borewell,2022.6,Shivajinagar,411005,Society,0.2,6.76,0.5,1.44,19343.78,9590417.33,18250.080551855375,Owner,13,2,2,2,2,0,0,0,0,0,0,0,0,0,0,0,0,1,0,0,0.1270626746812665,0.140010866190624,0.0476190476190476,0.4736842105263157,0.05,1.0,0.0,0.0,0.4,0.2,0.2222222222222222,1.0,1.0,1.0,0.0,0.0,1.0,0.1402765602984978,0.071428571429351,0.0,0.5453034081463008,0.1083032490974729,0.3279999999999999,0.416362545818884,0.109090909090909,0.5,0.0,0.0,0.0,0.0,0.0,0.0,0.0,0.0,0.0,0.0,0.0,0.0,1.0,0.0,0.0,0.07692307692307693,0.6528984484830764,262.75
4 BHK,1508.28,1722.39,8,17,3,1,Unfurnished,0,5,4,1,5,Marble,1,1,0,0,0,Covered,1,Corporation + Borewell,4115.2,Hadapsar,411028,Society,5.56,2.35,2.32,1.88,24441.39,10468755.64,6940.856896597449,Owner,5,3,0,4,4,0,0,1,0,0,0,0,0,0,0,0,0,0,0,0,0.5974003598912669,0.5532986650108662,0.3809523809523809,0.6842105263157894,0.15,1.0,0.0,0.8,0.8,0.2,0.4444444444444445,1.0,1.0,0.0,0.0,0.0,1.0,0.3803736730750696,0.482142857143117,0.7444444444444445,0.1787198669991687,0.7653429602888087,0.504,0.0670679126355726,0.0363636363636363,1.0,0.0,0.0,1.0,0.0,0.0,0.0,0.0,0.0,0.0,0.0,0.0,0.0,0.0,0.0,0.0,0.47058823529411764,0.4846446987902425,377.07
3 BHK,1013.19,1108.12,8,11,6,1,Semi-Furnished,1,5,4,1,4,Granite,1,1,0,0,0,Covered,1,Corporation + Borewell,3521.19,Shivajinagar,411005,Society,0.89,7.49,1.22,1.41,34028.62,11001307.01,10858.088818484193,Owner,28,2,1,3,3,0,0,0,0,0,0,0,0,0,0,0,0,1,0,0,0.3604607756805391,0.3149138466314809,0.3809523809523809,0.368421052631579,0.3,1.0,1.0,0.8,0.8,0.2,0.3333333333333333,1.0,1.0,0.0,0.0,0.0,1.0,0.3122191829859884,0.071428571429351,0.0958333333333333,0.6059850374064837,0.3682310469314079,0.3159999999999999,0.1880535483305062,0.2454545454545454,0.5,0.0,0.0,0.0,0.0,0.0,0.0,0.0,0.0,0.0,0.0,0.0,0.0,1.0,0.0,0.0,0.7272727272727273,0.6051260660622886,337.73
2 BHK,632.31,714.99,15,16,6,1,Semi-Furnished,1,2,1,1,3,Ceramic,1,1,1,1,1,Covered,0,Municipal,1805.27,Kharadi,411014,Society,3.99,3.17,2.33,1.79,22465.76,6175656.77,9766.818127184451,Owner,40,2,1,2,2,0,0,0,0,0,1,0,0,0,0,0,0,0,0,0,0.1781796776293119,0.1623486494877367,0.7142857142857142,0.631578947368421,0.3,1.0,1.0,0.2,0.2,0.2,0.2222222222222222,1.0,1.0,1.0,1.0,1.0,0.0,0.1153409273444061,0.232142857143117,0.5263888888888889,0.2468827930174563,0.7689530685920578,0.4680000000000001,0.1543492575703853,0.3545454545454545,0.5,0.0,0.0,0.0,0.0,0.0,1.0,0.0,0.0,0.0,0.0,0.0,0.0,0.0,0.0,0.0,0.9375,0.542631390117081,316.155
2 BHK,566.3,865.89,13,13,8,1,Semi-Furnished,1,2,3,1,4,Vitrified,0,1,0,0,0,Stilt,1,Corporation + Borewell,1665.02,Wakad,411057,Society,5.12,2.18,2.1,2.04,7500.0,3485156.08,6154.257601977751,Not Specified,58,3,1,2,2,0,0,0,0,0,0,0,0,0,0,0,0,0,0,1,0.1465886902255063,0.2209096553865259,0.6190476190476191,0.4736842105263157,0.4,1.0,1.0,0.2,0.6000000000000001,0.2,0.3333333333333333,0.0,1.0,0.0,0.0,0.0,1.0,0.0992491658673373,1.0,0.6833333333333333,0.1645885286783042,0.6859205776173286,0.5680000000000001,0.0427732485665963,0.5181818181818182,1.0,0.0,0.0,0.0,0.0,0.0,0.0,0.0,0.0,0.0,0.0,0.0,0.0,0.0,0.0,1.0,1.0,0.49200391661552745,283.15
1 BHK,456.66,962.365,9,9,9,1,Unfurnished,1,2,2,0,2,Wooden,0,0,0,0,0,Bike,1,Municipal,1674.25,Hadapsar,411028,Standalone,5.43,3.08,2.32,2.09,7500.0,4452410.77,9749.94694083125,Owner,47,3,0,1,1,0,0,1,0,0,0,0,0,0,0,0,0,0,0,0,0.0941173092384854,0.2583495032598572,0.4285714285714285,0.2631578947368421,0.45,1.0,1.0,0.2,0.4,0.0,0.1111111111111111,0.0,0.0,0.0,0.0,0.0,1.0,0.1003081816137426,0.482142857143117,0.7263888888888889,0.2394014962593516,0.7653429602888087,0.588,0.1538272898323155,0.4181818181818181,1.0,0.0,0.0,1.0,0.0,0.0,0.0,0.0,0.0,0.0,0.0,0.0,0.0,0.0,0.0,0.0,1.0,0.4481682276653659,456.66
1 BHK,291.49,371.7,4,8,7,1,Semi-Furnished,1,1,0,1,2,Marble,0,0,0,1,1,Open,1,Municipal,1551.75,Baner,411045,Society,3.42,2.81,2.42,2.08,15639.1,4427050.97,15187.659851109815,Owner,54,1,1,1,1,0,1,0,0,0,0,0,0,0,0,0,0,0,0,0,0.0150704468011792,0.0291252716547656,0.1904761904761904,0.2105263157894736,0.35,1.0,1.0,0.0,0.0,0.2,0.1111111111111111,0.0,0.0,0.0,1.0,1.0,1.0,0.0862529888797609,0.7857142857146755,0.4472222222222222,0.2169576059850373,0.8014440433212996,0.5840000000000001,0.3217758145476423,0.4818181818181818,0.0,0.0,1.0,0.0,0.0,0.0,0.0,0.0,0.0,0.0,0.0,0.0,0.0,0.0,0.0,0.0,0.5,0.5471360976675776,291.49
2 BHK,619.69,689.98,3,7,10,1,Fully Furnished,1,2,2,1,3,Granite,0,0,1,0,0,Covered,1,Corporation + Borewell,2981.45,Koregaon Park,411001,Society,2.88,5.87,1.92,1.33,30450.05,9476512.93,15292.344446416755,Owner,23,1,2,2,2,0,0,0,0,0,0,1,0,0,0,0,0,0,0,0,0.1721400130173437,0.1526428127910587,0.1428571428571428,0.1578947368421052,0.5,1.0,1.0,0.2,0.4,0.2,0.2222222222222222,0.0,0.0,1.0,0.0,0.0,1.0,0.250291430118729,0.0,0.3722222222222222,0.4713216957605984,0.6209386281588447,0.284,0.3250052196773807,0.1999999999999999,0.0,0.0,0.0,0.0,0.0,0.0,0.0,1.0,0.0,0.0,0.0,0.0,0.0,0.0,0.0,0.0,0.42857142857142855,0.5681871553294284,309.845
2 BHK,570.39,713.3,12,19,7,1,Unfurnished,1,2,3,1,2,Ceramic,1,1,0,0,0,Not Specified,0,Municipal,2101.84,Wakad,411057,Society,5.11,3.42,1.7,2.38,14371.21,3930035.28,6890.084468521538,Owner,29,3,0,2,2,0,0,0,0,0,0,0,0,0,0,0,0,0,0,1,0.1485460775680538,0.1616927972679292,0.5714285714285714,0.7894736842105263,0.35,1.0,1.0,0.2,0.6000000000000001,0.2,0.1111111111111111,1.0,1.0,0.0,0.0,0.0,0.0,0.1493682621127077,1.0,0.6819444444444445,0.2676641729010806,0.5415162454873647,0.704,0.0654989208548658,0.2545454545454545,1.0,0.0,0.0,0.0,0.0,0.0,0.0,0.0,0.0,0.0,0.0,0.0,0.0,0.0,0.0,1.0,0.631578947368421,0.42233290589790995,285.195
2 BHK,916.64,1016.82,7,13,7,1,Semi-Furnished,1,2,2,1,4,Marble,1,1,1,0,1,Covered,0,Corporation + Borewell,2709.47,Viman Nagar,411014,Society,2.42,5.25,1.62,1.52,30191.49,8650208.15,9436.865236079595,Broker,22,2,1,2,2,0,0,0,0,0,0,0,0,0,0,0,0,0,1,0,0.3142539913472951,0.2794823036324124,0.3333333333333333,0.4736842105263157,0.35,1.0,1.0,0.2,0.4,0.2,0.3333333333333333,1.0,1.0,1.0,0.0,1.0,0.0,0.2190854601612732,0.232142857143117,0.3083333333333333,0.4197838736492102,0.5126353790613719,0.3600000000000001,0.1441576058420853,0.1909090909090909,0.5,0.0,0.0,0.0,0.0,0.0,0.0,0.0,0.0,0.0,0.0,0.0,0.0,0.0,1.0,0.0,0.5384615384615384,0.5855070681726446,458.32
1 BHK,499.57,551.48,2,15,0,1,Unfurnished,1,1,1,0,1,Granite,1,1,1,0,0,Covered,0,Municipal,1330.21,Hinjewadi,411057,Standalone,5.51,0.2,2.41,2.46,14652.89,3536482.81,7079.053606101247,Owner,23,3,0,1,1,0,0,0,1,0,0,0,0,0,0,0,0,0,0,0,0.1146531260768023,0.0988939770257684,0.0952380952380952,0.5789473684210527,0.0,1.0,1.0,0.0,0.2,0.0,0.0,1.0,1.0,1.0,0.0,0.0,0.0,0.0608343162406891,1.0,0.7375,0.0,0.7978339350180507,0.736,0.0713356938217551,0.1999999999999999,1.0,0.0,0.0,0.0,1.0,0.0,0.0,0.0,0.0,0.0,0.0,0.0,0.0,0.0,0.0,0.0,0.13333333333333333,0.483530212393663,499.57
3 BHK,835.69,953.9,7,11,10,1,Fully Furnished,1,3,2,2,5,Marble,1,1,0,0,1,Not Specified,1,Corporation + Borewell,3334.04,Viman Nagar,411014,Society,2.76,4.92,1.95,1.25,37568.35,10003261.12,11970.062008639565,Owner,40,2,2,3,3,0,0,0,0,0,0,0,0,0,0,0,0,0,1,0,0.2755130364868486,0.255064420987271,0.3333333333333333,0.368421052631579,0.5,1.0,1.0,0.4000000000000001,0.4,0.4,0.4444444444444445,1.0,1.0,0.0,0.0,1.0,1.0,0.2907462905764809,0.232142857143117,0.3555555555555555,0.3923524522028262,0.631768953068592,0.252,0.2223968634989505,0.3545454545454545,0.5,0.0,0.0,0.0,0.0,0.0,0.0,0.0,0.0,0.0,0.0,0.0,0.0,0.0,1.0,0.0,0.6363636363636364,0.6080321830730662,278.56333333333333
1 BHK,401.64,478.13,8,17,10,1,Semi-Furnished,1,2,1,0,1,Ceramic,1,1,1,1,0,Covered,0,Tanker,1628.43,Shivajinagar,411005,Society,1.2,8.22,0.2,1.76,16110.62,4355390.19,10844.015013444878,Owner,98,2,1,1,1,0,0,0,0,0,0,0,0,0,0,0,0,1,0,0,0.0677859029825031,0.070428438373176,0.3809523809523809,0.6842105263157894,0.5,1.0,1.0,0.2,0.2,0.0,0.0,1.0,1.0,1.0,1.0,0.0,0.0,0.0950509658498974,0.071428571429351,0.1388888888888888,0.6666666666666666,0.0,0.456,0.1876230021607611,0.8818181818181818,0.5,0.0,0.0,0.0,0.0,0.0,0.0,0.0,0.0,0.0,0.0,0.0,0.0,1.0,0.0,0.0,0.47058823529411764,0.533872510160327,401.64
1 BHK,458.13,514.14,0,8,4,1,Semi-Furnished,1,3,0,0,2,Not Specified,0,0,0,1,0,Bike,1,Municipal,2923.82,Kharadi,411014,Standalone,3.9,0.81,2.1,1.79,19254.27,7808541.02,17044.3782769083,Owner,5,2,1,1,1,0,0,0,0,0,1,0,0,0,0,0,0,0,0,0,0.0948208200926528,0.0844031356721515,0.0,0.2105263157894736,0.2,1.0,1.0,0.4000000000000001,0.0,0.0,0.1111111111111111,0.0,0.0,0.0,1.0,0.0,1.0,0.2436791790390608,0.232142857143117,0.5138888888888888,0.0507065669160432,0.6859205776173286,0.4680000000000001,0.3791233907024265,0.0363636363636363,0.5,0.0,0.0,0.0,0.0,0.0,1.0,0.0,0.0,0.0,0.0,0.0,0.0,0.0,0.0,0.0,0.0,0.6110081479051226,458.13
4 BHK,1415.5,1638.15,6,15,6,1,Unfurnished,1,4,3,3,8,Ceramic,1,1,1,1,1,Covered,0,Corporation + Borewell,4164.78,Pune Camp,411001,Society,2.16,5.53,1.97,1.69,44158.05,11051354.5,7807.385729424232,Builder,17,3,0,4,4,0,0,0,0,0,0,0,0,0,0,0,1,0,0,0,0.5529978176806157,0.5206069543619996,0.2857142857142857,0.5789473684210527,0.3,1.0,1.0,0.6000000000000001,0.6000000000000001,0.6000000000000001,0.7777777777777777,1.0,1.0,1.0,1.0,1.0,0.0,0.3860622972036477,0.0,0.2722222222222222,0.4430590191188694,0.6389891696750902,0.428,0.093831576762614,0.1454545454545454,1.0,0.0,0.0,0.0,0.0,0.0,0.0,0.0,0.0,0.0,0.0,0.0,1.0,0.0,0.0,0.0,0.4,0.5714248794992867,353.875
1 RK,260.0,324.05,9,14,6,1,Semi-Furnished,1,2,0,0,2,Not Specified,1,1,0,1,0,Stilt,0,Municipal,1360.55,Magarpatta,411013,Society,4.71,2.87,1.49,2.69,7500.0,2800000.0,10769.23076923077,Owner,10,3,1,1,1,0,0,0,0,0,0,0,0,1,0,0,0,0,0,0,0.0,0.0106333436820863,0.4285714285714285,0.5263157894736842,0.3,1.0,1.0,0.2,0.0,0.0,0.1111111111111111,1.0,1.0,0.0,1.0,0.0,0.0,0.0643154145880279,0.214285714286234,0.6263888888888889,0.2219451371571072,0.4657039711191335,0.8280000000000001,0.1853096658541677,0.0818181818181818,1.0,0.0,0.0,0.0,0.0,0.0,0.0,0.0,0.0,1.0,0.0,0.0,0.0,0.0,0.0,0.0,0.6428571428571429,0.42222172641224154,260.0
1 BHK,558.86,624.74,0,17,14,1,Semi-Furnished,0,1,0,0,1,Marble,0,0,0,0,0,Covered,1,Tanker,2173.81,Hadapsar,411028,Standalone,4.87,1.37,2.38,2.62,9737.47,4070510.8,7283.596607379307,Owner,12,3,1,1,1,0,0,1,0,0,0,0,0,0,0,0,0,0,0,0,0.1430280638615567,0.1273245886370692,0.0,0.6842105263157894,0.7000000000000001,1.0,0.0,0.0,0.0,0.0,0.0,0.0,0.0,0.0,0.0,0.0,1.0,0.1576258312642559,0.482142857143117,0.6486111111111111,0.0972568578553615,0.7870036101083032,0.8,0.0776521211656991,0.0999999999999999,1.0,0.0,0.0,1.0,0.0,0.0,0.0,0.0,0.0,0.0,0.0,0.0,0.0,0.0,0.0,0.0,0.0,0.46337622609086226,558.86
2 BHK,577.58,661.25,9,18,16,1,Semi-Furnished,1,2,2,1,3,Vitrified,0,0,1,1,0,Covered,0,Municipal,1144.02,Nigdi,411044,Standalone,3.5,9.89,1.74,1.8,10366.24,3775940.93,6537.520222306866,Owner,20,3,1,2,2,0,0,0,0,0,0,0,0,0,1,0,0,0,0,0,0.1519870592289138,0.141493325054331,0.4285714285714285,0.7368421052631579,0.8,1.0,1.0,0.2,0.4,0.2,0.2222222222222222,0.0,0.0,1.0,1.0,0.0,0.0,0.0394715706477091,0.7678571428577925,0.4583333333333333,0.8054862842892767,0.555956678700361,0.4720000000000001,0.0546098708114405,0.1727272727272727,1.0,0.0,0.0,0.0,0.0,0.0,0.0,0.0,0.0,0.0,1.0,0.0,0.0,0.0,0.0,0.0,0.5,0.38047891277654156,288.79
2 BHK,1014.88,1127.02,2,17,12,1,Unfurnished,1,2,1,1,3,Ceramic,1,1,0,0,0,Not Specified,0,Borewell,2993.36,Wakad,411057,Society,5.74,1.95,1.54,2.01,21086.03,10697427.57,10540.583684770614,Builder,34,3,0,2,2,0,0,0,0,0,0,0,0,0,0,0,0,0,0,1,0.3612695738734254,0.3222485253027011,0.0952380952380952,0.6842105263157894,0.6000000000000001,1.0,1.0,0.2,0.2,0.2,0.2222222222222222,1.0,1.0,0.0,0.0,0.0,0.0,0.2516579390612737,1.0,0.7694444444444445,0.1454696591853699,0.483754512635379,0.5559999999999999,0.178246731987789,0.3,1.0,0.0,0.0,0.0,0.0,0.0,0.0,0.0,0.0,0.0,0.0,0.0,0.0,0.0,0.0,1.0,0.11764705882352941,0.47354985496849766,507.44
2 BHK,746.8,916.73,1,19,15,1,Semi-Furnished,1,2,2,1,3,Granite,1,1,1,1,0,Covered,0,Municipal,2649.11,Wakad,411057,Society,4.48,3.04,2.33,1.86,11377.0,5032538.07,6738.802986073916,Owner,7,3,1,2,2,0,0,0,0,0,0,0,0,0,0,0,0,0,0,1,0.2329721658562731,0.2406395529338715,0.0476190476190476,0.7894736842105263,0.75,1.0,1.0,0.2,0.4,0.2,0.2222222222222222,1.0,1.0,1.0,1.0,0.0,0.0,0.2121599790721048,1.0,0.5944444444444446,0.2360764754779717,0.7689530685920578,0.4960000000000001,0.060827464027466,0.0545454545454545,1.0,0.0,0.0,0.0,0.0,0.0,0.0,0.0,0.0,0.0,0.0,0.0,0.0,0.0,0.0,1.0,0.05263157894736842,0.5166238853483334,373.4
1 RK,408.66,510.75,3,11,3,1,Semi-Furnished,1,1,1,0,2,Vitrified,0,0,0,0,1,Open,1,Municipal,1682.55,Aundh,411007,Society,4.38,3.8,1.62,2.17,17192.77,4334104.34,10605.648558704057,Owner,30,2,1,1,1,1,0,0,0,0,0,0,0,0,0,0,0,0,0,0,0.071145526245262,0.0830875504501707,0.1428571428571428,0.368421052631579,0.15,1.0,1.0,0.0,0.2,0.0,0.1111111111111111,0.0,0.0,0.0,0.0,1.0,1.0,0.1012604926316369,0.107142857143117,0.5805555555555556,0.2992518703241895,0.5126353790613719,0.62,0.1802555356377334,0.2636363636363636,0.5,1.0,0.0,0.0,0.0,0.0,0.0,0.0,0.0,0.0,0.0,0.0,0.0,0.0,0.0,0.0,0.2727272727272727,0.4672946407002009,408.66
1 BHK,346.6,388.3,6,17,3,1,Semi-Furnished,1,2,1,0,2,Marble,1,1,0,0,0,Covered,1,Municipal,1182.37,Viman Nagar,411014,Society,2.16,6.25,2.13,1.38,14550.37,5728007.29,16526.276081938835,Builder,1,2,1,1,1,0,0,0,0,0,0,0,0,0,0,0,0,0,1,0,0.0414449251502737,0.0355673703818689,0.2857142857142857,0.6842105263157894,0.15,1.0,1.0,0.2,0.2,0.0,0.1111111111111111,1.0,1.0,0.0,0.0,0.0,1.0,0.0438717064954495,0.232142857143117,0.2722222222222222,0.5029093931837073,0.6967509025270758,0.3039999999999999,0.3631175125426685,0.0,0.5,0.0,0.0,0.0,0.0,0.0,0.0,0.0,0.0,0.0,0.0,0.0,0.0,0.0,1.0,0.0,0.35294117647058826,0.584920661903491,346.6
2 BHK,725.48,873.09,3,12,11,1,Fully Furnished,1,2,2,2,4,Ceramic,1,1,1,0,1,Covered,1,Corporation + Borewell,4134.81,Baner,411045,Standalone,2.26,3.21,1.65,2.02,44940.2,19187720.97,26448.31142140376,Owner,10,1,2,2,2,0,1,0,0,0,0,0,0,0,0,0,0,0,0,0,0.2227688655767832,0.2237038186898479,0.1428571428571428,0.4210526315789473,0.55,1.0,1.0,0.2,0.4,0.4,0.3333333333333333,1.0,1.0,1.0,0.0,1.0,1.0,0.3826236512751789,0.7857142857146755,0.2861111111111111,0.2502078137988362,0.5234657039711191,0.56,0.6695728018363382,0.0818181818181818,0.0,0.0,1.0,0.0,0.0,0.0,0.0,0.0,0.0,0.0,0.0,0.0,0.0,0.0,0.0,0.0,0.25,0.5948964531548342,362.74
4 BHK,1138.66,1249.85,9,14,5,1,Semi-Furnished,1,3,4,2,5,Ceramic,1,1,0,1,0,Covered,0,Municipal,3922.36,Wakad,411057,Society,5.73,1.51,2.32,1.96,31980.54,9769578.66,8579.89097711345,Broker,64,3,1,4,4,0,0,0,0,0,0,0,0,0,0,0,0,0,0,1,0.4205080592672002,0.3699161751009003,0.4285714285714285,0.5263157894736842,0.25,1.0,1.0,0.4000000000000001,0.8,0.4,0.4444444444444445,1.0,1.0,0.0,1.0,0.0,0.0,0.3582479313051021,1.0,0.7680555555555556,0.1088944305901911,0.7653429602888087,0.536,0.1176895175288503,0.5727272727272728,1.0,0.0,0.0,0.0,0.0,0.0,0.0,0.0,0.0,0.0,0.0,0.0,0.0,0.0,0.0,1.0,0.6428571428571429,0.4913345542536057,284.665
2 BHK,813.3,950.03,16,16,9,1,Unfurnished,0,2,1,1,3,Vitrified,1,1,0,0,0,Not Specified,0,Borewell,1696.35,Pimple Saudagar,411027,Society,4.89,5.35,2.27,1.91,24155.82,6664619.98,8194.540735276038,Broker,12,3,0,2,2,0,0,0,0,0,0,0,0,0,0,1,0,0,0,0,0.2647976568781346,0.2535625582117355,0.7619047619047619,0.631578947368421,0.45,1.0,0.0,0.2,0.2,0.2,0.2222222222222222,1.0,1.0,0.0,0.0,0.0,0.0,0.1028438531192201,0.464285714286234,0.6513888888888889,0.4280964256026599,0.7472924187725632,0.516,0.1057892708141584,0.0999999999999999,1.0,0.0,0.0,0.0,0.0,0.0,0.0,0.0,0.0,0.0,0.0,1.0,0.0,0.0,0.0,0.0,1.0,0.4298536019509037,406.65
2 BHK,409.27,470.79,16,17,13,1,Semi-Furnished,1,2,2,1,2,Vitrified,1,1,1,0,0,Bike,0,Municipal,800.0,Wakad,411057,Society,3.97,2.89,1.82,2.06,10999.77,3785102.21,9248.423314682239,Broker,34,3,1,2,2,0,0,0,0,0,0,0,0,0,0,0,0,0,0,1,0.0714374593208009,0.0675799441167339,0.7619047619047619,0.6842105263157894,0.65,1.0,1.0,0.2,0.4,0.2,0.1111111111111111,1.0,1.0,1.0,0.0,0.0,0.0,0.0,1.0,0.5236111111111111,0.2236076475477971,0.5848375451263538,0.5760000000000001,0.1383372022776325,0.3,1.0,0.0,0.0,0.0,0.0,0.0,0.0,0.0,0.0,0.0,0.0,0.0,0.0,0.0,0.0,1.0,0.9411764705882353,0.5223176443945046,204.635
3 BHK,969.21,1083.23,11,11,8,1,Unfurnished,0,3,3,2,4,Wooden,1,1,0,1,0,Bike,0,Tanker,2777.14,Hinjewadi,411057,Society,6.23,1.34,2.22,2.97,22398.74,7527296.18,7766.424386871781,Owner,23,3,0,3,3,0,0,0,1,0,0,0,0,0,0,0,0,0,0,0,0.3394128795129982,0.3052545793231916,0.5238095238095237,0.368421052631579,0.4,1.0,0.0,0.4000000000000001,0.6000000000000001,0.4,0.3333333333333333,1.0,1.0,0.0,1.0,0.0,0.0,0.2268496633637919,1.0,0.8375000000000001,0.0947630922693266,0.7292418772563178,0.9400000000000002,0.0925668087819064,0.1999999999999999,1.0,0.0,0.0,0.0,1.0,0.0,0.0,0.0,0.0,0.0,0.0,0.0,0.0,0.0,0.0,0.0,1.0,0.3655394639245825,323.07
2 BHK,637.38,744.33,10,11,12,1,Unfurnished,1,2,2,1,2,Marble,0,1,1,1,0,Covered,0,Municipal,1741.65,Kothrud,411038,Standalone,1.65,7.32,1.27,1.52,17480.12,5002937.42,7849.222473249866,Owner,11,2,0,2,2,0,0,0,0,0,0,0,1,0,0,0,0,0,0,0,0.1806060722079712,0.1737348649487737,0.4761904761904761,0.368421052631579,0.6000000000000001,1.0,1.0,0.2,0.4,0.2,0.1111111111111111,0.0,1.0,1.0,1.0,0.0,0.0,0.108041406024113,0.6607142857146755,0.2013888888888888,0.5918536990856192,0.3862815884476534,0.3600000000000001,0.0951219798452505,0.0909090909090909,0.5,0.0,0.0,0.0,0.0,0.0,0.0,0.0,1.0,0.0,0.0,0.0,0.0,0.0,0.0,0.0,0.9090909090909091,0.5637731101753995,318.69
3 BHK,986.5,1110.58,13,14,5,1,Fully Furnished,1,4,4,2,6,Granite,1,1,0,0,1,Open,1,Corporation + Borewell,3291.09,Kharadi,411014,Society,4.21,1.44,1.5,1.8,55115.41,15532872.39,15745.435772934617,Broker,86,2,2,3,3,0,0,0,0,0,1,0,0,0,0,0,0,0,0,0,0.3476875071786822,0.3158685190934492,0.6190476190476191,0.5263157894736842,0.25,1.0,1.0,0.6000000000000001,0.8,0.4,0.5555555555555556,1.0,1.0,0.0,0.0,1.0,1.0,0.2858183678995461,0.232142857143117,0.5569444444444445,0.1030756442227763,0.4693140794223827,0.4720000000000001,0.3390029119004938,0.7727272727272727,0.5,0.0,0.0,0.0,0.0,0.0,1.0,0.0,0.0,0.0,0.0,0.0,0.0,0.0,0.0,0.0,0.9285714285714286,0.5788049166217604,328.8333333333333
4 BHK,1117.62,1381.59,7,12,5,1,Semi-Furnished,1,4,5,3,7,Wooden,1,1,1,1,0,Open,1,Municipal,3573.64,Aundh,411007,Society,3.13,4.67,1.02,2.2,42817.49,12432642.02,11124.212183031801,Broker,23,2,1,4,4,1,0,0,0,0,0,0,0,0,0,0,0,0,0,0,0.4104387610551706,0.4210416019869606,0.3333333333333333,0.4210526315789473,0.25,1.0,1.0,0.6000000000000001,1.0,0.6000000000000001,0.6666666666666665,1.0,1.0,1.0,1.0,0.0,1.0,0.3182371002014769,0.107142857143117,0.4069444444444444,0.3715710723192019,0.296028880866426,0.6320000000000001,0.1962731503501817,0.1999999999999999,0.5,1.0,0.0,0.0,0.0,0.0,0.0,0.0,0.0,0.0,0.0,0.0,0.0,0.0,0.0,0.0,0.5833333333333334,0.49668363564520557,279.405
3 BHK,831.08,1030.52,8,8,11,1,Semi-Furnished,1,3,3,2,5,Wooden,0,0,0,1,0,Covered,1,Corporation + Borewell,4160.79,Kalyani Nagar,411006,Society,1.82,5.26,1.32,1.84,33145.64,22564024.38,27150.243514463105,Broker,25,1,1,3,3,0,0,0,0,1,0,0,0,0,0,0,0,0,0,0,0.2733067881618745,0.2847989754734555,0.3809523809523809,0.2105263157894736,0.55,1.0,1.0,0.4000000000000001,0.6000000000000001,0.4,0.4444444444444445,0.0,0.0,0.0,1.0,0.0,1.0,0.3856044994974552,0.089285714286234,0.225,0.4206151288445552,0.4043321299638989,0.4880000000000001,0.6912434198090772,0.2181818181818181,0.0,0.0,0.0,0.0,0.0,1.0,0.0,0.0,0.0,0.0,0.0,0.0,0.0,0.0,0.0,0.0,1.0,0.5780735071822563,277.0266666666667
3 BHK,816.88,1017.62,13,17,10,1,Unfurnished,0,3,2,1,4,Marble,1,1,1,0,0,Not Specified,1,Municipal,2161.55,Wakad,411057,Society,4.29,3.67,2.13,2.5,24218.0,4949877.67,6059.491810302615,Owner,6,3,0,3,3,0,0,0,0,0,0,0,0,0,0,0,0,0,0,1,0.2665109690263793,0.2797927662216703,0.6190476190476191,0.6842105263157894,0.5,1.0,0.0,0.4000000000000001,0.4,0.2,0.3333333333333333,1.0,1.0,1.0,0.0,0.0,1.0,0.1562191646281857,1.0,0.5680555555555555,0.2884455527847048,0.6967509025270758,0.752,0.0398455963836592,0.0454545454545454,1.0,0.0,0.0,0.0,0.0,0.0,0.0,0.0,0.0,0.0,0.0,0.0,0.0,0.0,0.0,1.0,0.7647058823529411,0.4396354842798016,272.29333333333335
1 BHK,433.06,478.76,12,15,17,1,Unfurnished,0,1,0,0,1,Wooden,1,1,0,1,0,Covered,0,Tanker,800.0,Hinjewadi,411057,Society,6.67,1.48,2.62,2.03,13585.18,2800000.0,6465.61677365723,Owner,32,3,0,1,1,0,0,0,1,0,0,0,0,0,0,0,0,0,0,0,0.0828228492668172,0.0706729276622167,0.5714285714285714,0.5789473684210527,0.8500000000000001,1.0,0.0,0.0,0.0,0.0,0.0,1.0,1.0,0.0,1.0,0.0,0.0,0.0,1.0,0.8986111111111111,0.1064006650041562,0.8736462093862817,0.564,0.0523910446396693,0.2818181818181818,1.0,0.0,0.0,0.0,1.0,0.0,0.0,0.0,0.0,0.0,0.0,0.0,0.0,0.0,0.0,0.0,0.8,0.4423312409207749,433.06
3 BHK,809.58,900.82,6,12,9,1,Semi-Furnished,0,3,2,2,6,Granite,0,0,1,1,1,Not Specified,0,Municipal,3587.42,Aundh,411007,Society,3.65,4.15,1.28,1.7,25493.93,8480096.87,10474.686714098667,Owner,73,2,1,3,3,1,0,0,0,0,0,0,0,0,0,0,0,0,0,0,0.2630173436961599,0.2344652281900031,0.2857142857142857,0.4210526315789473,0.45,1.0,0.0,0.4000000000000001,0.4,0.4,0.5555555555555556,0.0,0.0,1.0,1.0,1.0,0.0,0.3198181659637158,0.107142857143117,0.4791666666666666,0.3283458021612634,0.3898916967509025,0.432,0.1762116755226163,0.6545454545454545,0.5,1.0,0.0,0.0,0.0,0.0,0.0,0.0,0.0,0.0,0.0,0.0,0.0,0.0,0.0,0.0,0.5,0.5408518147684134,269.86
2 BHK,508.18,577.63,9,10,17,1,Semi-Furnished,1,2,2,1,4,Vitrified,0,0,1,1,1,Stilt,1,Tanker,1678.72,Kharadi,411014,Standalone,4.75,1.39,1.68,1.92,16042.39,8967590.33,17646.48417883427,Owner,13,2,1,2,2,0,0,0,0,0,1,0,0,0,0,0,0,0,0,0,0.1187736896512117,0.1090422229121391,0.4285714285714285,0.3157894736842105,0.8500000000000001,1.0,1.0,0.2,0.4,0.2,0.3333333333333333,0.0,0.0,1.0,1.0,1.0,1.0,0.1008210527281989,0.232142857143117,0.6319444444444444,0.0989193682460515,0.5342960288808665,0.52,0.3977168698737517,0.109090909090909,0.5,0.0,0.0,0.0,0.0,0.0,1.0,0.0,0.0,0.0,0.0,0.0,0.0,0.0,0.0,0.0,0.9,0.5430228486238298,254.09
1 BHK,432.81,499.71,12,15,12,1,Unfurnished,0,1,1,0,1,Ceramic,1,1,0,0,0,Bike,1,Municipal,2430.985,Hadapsar,411028,Society,5.29,2.13,2.2,2.25,9902.63,2902721.46,6706.687599639565,Owner,19,3,0,1,1,0,0,1,0,0,0,0,0,0,0,0,0,0,0,0,0.0827032045637275,0.0788031667184104,0.5714285714285714,0.5789473684210527,0.6000000000000001,1.0,0.0,0.0,0.2,0.0,0.0,1.0,1.0,0.0,0.0,0.0,1.0,0.1871331307855763,0.482142857143117,0.7069444444444445,0.1604322527015793,0.7220216606498195,0.652,0.0598357253251334,0.1636363636363636,1.0,0.0,0.0,1.0,0.0,0.0,0.0,0.0,0.0,0.0,0.0,0.0,0.0,0.0,0.0,0.0,0.8,0.4632731306688789,432.81
1 BHK,442.47,527.99,12,17,10,1,Semi-Furnished,1,1,0,0,1,Wooden,0,1,0,0,0,Covered,0,Corporation + Borewell,2627.4,Aundh,411007,Society,3.18,4.57,1.18,1.6,18935.42,5944428.98,13434.648631545642,Broker,16,2,1,1,1,1,0,0,0,0,0,0,0,0,0,0,0,0,0,0,0.0873262758911137,0.0897780192486805,0.5714285714285714,0.6842105263157894,0.5,1.0,1.0,0.0,0.0,0.0,0.0,0.0,1.0,0.0,0.0,0.0,0.0,0.2096690547108416,0.107142857143117,0.4138888888888889,0.3632585203657522,0.3537906137184115,0.3920000000000001,0.2676341704172159,0.1363636363636363,0.5,1.0,0.0,0.0,0.0,0.0,0.0,0.0,0.0,0.0,0.0,0.0,0.0,0.0,0.0,0.0,0.7058823529411765,0.5612594857893305,442.47
1 BHK,326.95,399.41,5,8,8,1,Fully Furnished,1,1,0,1,2,Granite,1,1,1,1,1,Stilt,1,Municipal,800.0,Baner,411045,Society,2.79,3.1,1.94,2.04,16380.32,9728362.53,29754.893806392414,Not Specified,16,1,2,1,1,0,1,0,0,0,0,0,0,0,0,0,0,0,0,0,0.0320408514874229,0.0398789195901894,0.238095238095238,0.2105263157894736,0.4,1.0,1.0,0.0,0.0,0.2,0.1111111111111111,1.0,1.0,1.0,1.0,1.0,1.0,0.0,0.7857142857146755,0.3597222222222222,0.2410640066500415,0.628158844765343,0.5680000000000001,0.7717045922042112,0.1363636363636363,0.0,0.0,1.0,0.0,0.0,0.0,0.0,0.0,0.0,0.0,0.0,0.0,0.0,0.0,0.0,0.0,0.625,0.5718839192674026,326.95
2 BHK,542.95,635.54,3,17,13,1,Semi-Furnished,1,1,2,1,3,Vitrified,1,1,0,1,0,Covered,1,Tanker,2348.67,Aundh,411007,Society,3.45,3.81,1.48,2.04,16250.95,4263870.43,7853.1548577217045,Broker,36,2,1,2,2,1,0,0,0,0,0,0,0,0,0,0,0,0,0,0,0.1354138749569279,0.1315158335920521,0.1428571428571428,0.6842105263157894,0.65,1.0,1.0,0.0,0.4,0.2,0.2222222222222222,1.0,1.0,0.0,1.0,0.0,1.0,0.1776886149496767,0.107142857143117,0.4513888888888889,0.3000831255195345,0.4620938628158845,0.5680000000000001,0.0952461402184481,0.3181818181818182,0.5,1.0,0.0,0.0,0.0,0.0,0.0,0.0,0.0,0.0,0.0,0.0,0.0,0.0,0.0,0.0,0.17647058823529413,0.5228028676516003,271.475
3 BHK,870.22,1002.0,4,16,11,1,Unfurnished,1,3,2,2,3,Granite,1,1,0,0,0,Open,0,Borewell,872.12,Magarpatta,411013,Standalone,5.08,1.09,2.31,2.3,17521.67,5488008.16,6306.460619153777,Owner,26,3,0,3,3,0,0,0,0,0,0,0,0,1,0,0,0,0,0,0,0.2920383628775987,0.273730984166408,0.1904761904761904,0.631578947368421,0.55,1.0,1.0,0.4000000000000001,0.4,0.4,0.2222222222222222,1.0,1.0,0.0,0.0,0.0,0.0,0.0082747795916306,0.214285714286234,0.6777777777777778,0.0739817123857024,0.7617328519855596,0.6719999999999999,0.0474731202057726,0.2272727272727272,1.0,0.0,0.0,0.0,0.0,0.0,0.0,0.0,0.0,1.0,0.0,0.0,0.0,0.0,0.0,0.0,0.25,0.49573630804211344,290.0733333333333
1 RK,413.93,457.28,5,12,10,1,Semi-Furnished,1,2,0,0,1,Marble,1,1,0,0,0,Bike,0,Borewell,1823.47,Nigdi,411044,Society,3.37,10.57,1.92,2.17,12915.96,2800000.0,6764.428768149204,Broker,84,3,1,1,1,0,0,0,0,0,0,0,0,0,1,0,0,0,0,0,0.073667636586393,0.0623370071406395,0.238095238095238,0.4210526315789473,0.5,1.0,1.0,0.2,0.0,0.0,0.0,1.0,1.0,0.0,0.0,0.0,0.0,0.1174291274077405,0.7678571428577925,0.4402777777777778,0.8620116375727347,0.6209386281588447,0.62,0.0616162839109158,0.7545454545454545,1.0,0.0,0.0,0.0,0.0,0.0,0.0,0.0,0.0,0.0,1.0,0.0,0.0,0.0,0.0,0.0,0.4166666666666667,0.32827119370455426,413.93
1 BHK,422.26,459.07,14,14,7,1,Semi-Furnished,1,1,1,0,1,Ceramic,1,1,0,0,1,Stilt,1,Corporation + Borewell,1422.0,Wakad,411057,Society,5.75,4.04,1.9,2.13,10126.49,3871138.46,9167.665561502392,Owner,33,3,1,1,1,0,0,0,0,0,0,0,0,0,0,0,0,0,0,1,0.077654198093342,0.0630316671841043,0.6666666666666666,0.5263157894736842,0.35,1.0,1.0,0.0,0.2,0.0,0.0,1.0,1.0,0.0,0.0,1.0,1.0,0.071365958208462,1.0,0.7708333333333334,0.3192019950124687,0.6137184115523465,0.604,0.1358425671176386,0.2909090909090909,1.0,0.0,0.0,0.0,0.0,0.0,0.0,0.0,0.0,0.0,0.0,0.0,0.0,0.0,0.0,1.0,1.0,0.4033151413568422,422.26
1 BHK,269.87,296.65,6,13,9,1,Semi-Furnished,1,2,0,0,2,Vitrified,1,1,0,0,0,Open,1,Corporation + Borewell,800.0,Pimple Saudagar,411027,Society,3.08,4.48,1.85,1.89,7950.0,2800000.0,10375.365916922963,Broker,20,3,1,1,1,0,0,0,0,0,0,0,0,0,0,1,0,0,0,0,0.0047235728779815,0.0,0.2857142857142857,0.4736842105263157,0.45,1.0,1.0,0.2,0.0,0.0,0.1111111111111111,1.0,1.0,0.0,0.0,0.0,1.0,0.0,0.464285714286234,0.4,0.3557772236076475,0.5956678700361011,0.508,0.1731468909871923,0.1727272727272727,1.0,0.0,0.0,0.0,0.0,0.0,0.0,0.0,0.0,0.0,0.0,1.0,0.0,0.0,0.0,0.0,0.46153846153846156,0.5372340687753607,269.87
2 BHK,627.85,752.47,5,10,12,1,Unfurnished,1,2,1,0,3,Vitrified,1,1,0,0,0,Covered,1,Municipal,2758.46,Hadapsar,411028,Society,5.35,2.11,1.89,2.26,13201.07,3439376.57,5478.022728358684,Broker,13,3,0,2,2,0,0,1,0,0,0,0,0,0,0,0,0,0,0,0,0.1760452161261916,0.1768938217944738,0.238095238095238,0.3157894736842105,0.6000000000000001,1.0,1.0,0.2,0.2,0.0,0.2222222222222222,1.0,1.0,0.0,0.0,0.0,1.0,0.2247063898921938,0.482142857143117,0.7152777777777778,0.1587697423108894,0.6101083032490975,0.6559999999999999,0.0218871264842106,0.109090909090909,1.0,0.0,0.0,1.0,0.0,0.0,0.0,0.0,0.0,0.0,0.0,0.0,0.0,0.0,0.0,0.0,0.5,0.4600471595565627,313.925
2 BHK,581.45,680.91,2,18,9,1,Unfurnished,0,2,2,1,4,Vitrified,1,1,0,0,0,Bike,0,Municipal,2039.96,Hinjewadi,411057,Society,6.01,1.4,1.94,2.16,16599.03,2871990.75,4939.359790179723,Broker,32,3,0,2,2,0,0,0,1,0,0,0,0,0,0,0,0,0,0,0,0.1538391592327424,0.1491229431853462,0.0952380952380952,0.7368421052631579,0.45,1.0,0.0,0.2,0.4,0.2,0.3333333333333333,1.0,1.0,0.0,0.0,0.0,0.0,0.1422683818973707,1.0,0.8069444444444445,0.0997506234413964,0.628158844765343,0.6160000000000001,0.0052508719023222,0.2818181818181818,1.0,0.0,0.0,0.0,1.0,0.0,0.0,0.0,0.0,0.0,0.0,0.0,0.0,0.0,0.0,0.0,0.1111111111111111,0.4603525123966662,290.725
3 BHK,923.74,1078.47,3,10,12,1,Semi-Furnished,1,3,3,2,4,Wooden,1,1,1,0,1,Covered,1,Municipal,2826.61,Viman Nagar,411014,Society,2.7,5.15,1.78,1.54,40499.83,9394644.32,10170.22573451404,Broker,18,2,1,3,3,0,0,0,0,0,0,0,0,0,0,0,0,0,1,0,0.3176519009150427,0.3034073269171065,0.1428571428571428,0.3157894736842105,0.6000000000000001,1.0,1.0,0.4000000000000001,0.6000000000000001,0.4,0.3333333333333333,1.0,1.0,1.0,0.0,1.0,1.0,0.2325256665029763,0.232142857143117,0.3472222222222222,0.4114713216957605,0.5703971119133574,0.3680000000000001,0.1668097702477154,0.1545454545454545,0.5,0.0,0.0,0.0,0.0,0.0,0.0,0.0,0.0,0.0,0.0,0.0,0.0,0.0,1.0,0.0,0.3,0.573483241717093,307.91333333333336
2 BHK,363.62,432.79,7,17,12,1,Semi-Furnished,1,2,2,1,3,Vitrified,0,0,0,1,0,Not Specified,1,Municipal,800.0,Wakad,411057,Standalone,5.5,2.84,1.9,1.97,8550.78,3118743.12,8576.929541829382,Broker,75,3,1,2,2,0,0,0,0,0,0,0,0,0,0,0,0,0,0,1,0.0495903365366208,0.0528329711269792,0.3333333333333333,0.6842105263157894,0.6000000000000001,1.0,1.0,0.2,0.4,0.2,0.2222222222222222,0.0,0.0,0.0,1.0,0.0,1.0,0.0,1.0,0.7361111111111112,0.2194513715710722,0.6137184115523465,0.54,0.1175999491004241,0.6727272727272727,1.0,0.0,0.0,0.0,0.0,0.0,0.0,0.0,0.0,0.0,0.0,0.0,0.0,0.0,0.0,1.0,0.4117647058823529,0.46437687923787685,181.81
3 BHK,1151.91,1290.26,7,12,12,1,Unfurnished,0,4,3,2,5,Granite,0,0,0,0,0,Not Specified,0,Borewell,2554.99,Wakad,411057,Standalone,4.09,2.71,1.74,2.45,30861.01,6166765.4,5353.513208497192,Owner,26,3,0,3,3,0,0,0,0,0,0,0,0,0,0,0,0,0,0,1,0.4268492285309544,0.3855984166407948,0.3333333333333333,0.4210526315789473,0.6000000000000001,1.0,0.0,0.6000000000000001,0.6000000000000001,0.4,0.4444444444444445,0.0,0.0,0.0,0.0,0.0,0.0,0.2013610016017182,1.0,0.5402777777777777,0.2086450540315876,0.555956678700361,0.7320000000000001,0.0180412434815804,0.2272727272727272,1.0,0.0,0.0,0.0,0.0,0.0,0.0,0.0,0.0,0.0,0.0,0.0,0.0,0.0,0.0,1.0,0.5833333333333334,0.480151541251296,383.97
2 BHK,420.19,537.05,2,4,10,0,Fully Furnished,1,3,1,2,3,Wooden,0,1,1,1,1,Covered,1,Municipal,1200.03,Kalyani Nagar,411006,Standalone,1.93,5.26,1.27,1.29,25520.1,5034932.27,11982.513315404934,Broker,21,1,2,2,2,0,0,0,0,1,0,0,0,0,0,0,0,0,0,0,0.0766635399517592,0.0932940080720273,0.0952380952380952,0.0,0.5,0.0,1.0,0.4000000000000001,0.2,0.4,0.2222222222222222,0.0,1.0,1.0,1.0,1.0,1.0,0.0458979489744872,0.089285714286234,0.2402777777777777,0.4206151288445552,0.3862815884476534,0.268,0.2227792280313353,0.1818181818181818,0.0,0.0,0.0,0.0,0.0,1.0,0.0,0.0,0.0,0.0,0.0,0.0,0.0,0.0,0.0,0.0,0.5,0.631879235987985,210.095
2 BHK,759.04,882.61,6,16,13,1,Fully Furnished,1,3,1,1,3,Wooden,1,1,0,0,0,Open,0,Corporation + Borewell,2322.55,Pimple Saudagar,411027,Society,2.87,4.97,1.44,1.58,16078.41,5052162.6,6655.9899346543,Broker,14,3,2,2,2,0,0,0,0,0,0,0,0,0,0,1,0,0,0,0,0.2388299705195451,0.227398323502018,0.2857142857142857,0.631578947368421,0.65,1.0,1.0,0.4000000000000001,0.2,0.2,0.2222222222222222,1.0,1.0,0.0,0.0,0.0,0.0,0.1746917036499901,0.464285714286234,0.3708333333333333,0.3965087281795511,0.4476534296028881,0.3840000000000001,0.058269822110924,0.1181818181818181,1.0,0.0,0.0,0.0,0.0,0.0,0.0,0.0,0.0,0.0,0.0,1.0,0.0,0.0,0.0,0.0,0.375,0.5664580487147945,379.52
3 BHK,754.55,944.74,1,16,7,1,Semi-Furnished,1,4,2,2,5,Vitrified,1,1,0,0,0,Bike,0,Municipal,2437.57,Hadapsar,411028,Society,5.23,1.49,2.41,2.07,15727.53,5736764.4,7602.894970512227,Not Specified,25,3,1,3,3,0,0,1,0,0,0,0,0,0,0,0,0,0,0,0,0.236681151652054,0.251509624340267,0.0476190476190476,0.631578947368421,0.35,1.0,1.0,0.6000000000000001,0.4,0.4,0.4444444444444445,1.0,1.0,0.0,0.0,0.0,0.0,0.1878886691051948,0.482142857143117,0.6986111111111112,0.1072319201995012,0.7978339350180507,0.58,0.08751514941867,0.2181818181818181,1.0,0.0,0.0,1.0,0.0,0.0,0.0,0.0,0.0,0.0,0.0,0.0,0.0,0.0,0.0,0.0,0.0625,0.5026500476827542,251.51666666666665
1 RK,447.02,519.8,12,18,9,1,Unfurnished,0,1,0,0,1,Granite,1,1,0,1,0,Covered,0,Corporation + Borewell,1772.37,Kothrud,411038,Standalone,1.86,8.77,1.67,1.44,22306.5,3705398.87,8289.112053151985,Broker,12,2,0,1,1,0,0,0,0,0,0,0,1,0,0,0,0,0,0,0,0.0895038094873463,0.0865996584911518,0.5714285714285714,0.7368421052631579,0.45,1.0,0.0,0.0,0.0,0.0,0.0,1.0,1.0,0.0,1.0,0.0,0.0,0.1115661041529939,0.6607142857146755,0.2305555555555555,0.7123857024106399,0.5306859205776173,0.3279999999999999,0.1087085838675524,0.0999999999999999,0.5,0.0,0.0,0.0,0.0,0.0,0.0,0.0,1.0,0.0,0.0,0.0,0.0,0.0,0.0,0.0,0.6666666666666666,0.5233403540026598,447.02
2 BHK,682.43,847.85,5,8,13,1,Semi-Furnished,1,2,2,1,3,Marble,1,1,0,1,0,Not Specified,1,Municipal,2475.53,Kothrud,411038,Society,1.36,7.56,1.4,1.17,23961.47,11310065.67,16573.22460911742,Broker,7,2,1,2,2,0,0,0,0,0,0,0,1,0,0,0,0,0,0,0,0.202166047704736,0.2139087239987582,0.238095238095238,0.2105263157894736,0.65,1.0,1.0,0.2,0.4,0.2,0.2222222222222222,1.0,1.0,0.0,1.0,0.0,1.0,0.1922440578087209,0.6607142857146755,0.1611111111111111,0.6118038237738985,0.4332129963898916,0.2199999999999999,0.3645713007930203,0.0545454545454545,0.5,0.0,0.0,0.0,0.0,0.0,0.0,0.0,1.0,0.0,0.0,0.0,0.0,0.0,0.0,0.0,0.625,0.6076880437264738,341.215
1 RK,413.11,462.27,4,13,1,1,Unfurnished,0,2,1,0,1,Vitrified,1,1,0,0,0,Covered,0,Corporation + Borewell,800.0,Hinjewadi,411057,Society,6.51,0.93,2.16,2.81,7500.0,3177048.59,7690.563264021688,Broker,17,3,0,1,1,0,0,0,1,0,0,0,0,0,0,0,0,0,0,0,0.0732752019602588,0.0642735175411363,0.1904761904761904,0.4736842105263157,0.05,1.0,0.0,0.2,0.2,0.0,0.0,1.0,1.0,0.0,0.0,0.0,0.0,0.0,1.0,0.8763888888888889,0.0606816292601828,0.7075812274368232,0.8760000000000001,0.0902216602403893,0.1454545454545454,1.0,0.0,0.0,0.0,1.0,0.0,0.0,0.0,0.0,0.0,0.0,0.0,0.0,0.0,0.0,0.0,0.3076923076923077,0.38119557541062044,413.11
2 BHK,628.71,772.39,11,13,1,1,Semi-Furnished,1,2,2,2,2,Vitrified,1,1,1,1,0,Covered,1,Tanker,3596.24,Kalyani Nagar,411006,Society,2.59,5.17,0.65,1.11,45713.2,21020553.43,33434.418778133,Builder,64,1,1,2,2,0,0,0,0,1,0,0,0,0,0,0,0,0,0,0,0.1764567939048202,0.1846243402669978,0.5238095238095237,0.4736842105263157,0.05,1.0,1.0,0.2,0.4,0.4,0.1111111111111111,1.0,1.0,1.0,1.0,0.0,1.0,0.3208301398405624,0.089285714286234,0.3319444444444444,0.4131338320864505,0.1624548736462094,0.196,0.8853431459150004,0.5727272727272728,0.0,0.0,0.0,0.0,0.0,1.0,0.0,0.0,0.0,0.0,0.0,0.0,0.0,0.0,0.0,0.0,0.8461538461538461,0.6238332599534562,314.355
1 RK,457.6,542.78,2,11,4,1,Semi-Furnished,1,2,0,0,1,Granite,1,1,0,1,0,Stilt,1,Municipal,2510.07,Hinjewadi,411057,Society,6.5,0.84,2.37,2.69,14884.17,6735268.6,14718.68138111888,Owner,37,3,1,1,1,0,0,0,1,0,0,0,0,0,0,0,0,0,0,0,0.0945671733221027,0.0955176963675877,0.0952380952380952,0.368421052631579,0.2,1.0,1.0,0.2,0.0,0.0,0.0,1.0,1.0,0.0,1.0,0.0,1.0,0.1962070484783676,1.0,0.875,0.0532003325020781,0.7833935018050542,0.8280000000000001,0.3072938350977284,0.3272727272727272,1.0,0.0,0.0,0.0,1.0,0.0,0.0,0.0,0.0,0.0,0.0,0.0,0.0,0.0,0.0,0.0,0.18181818181818182,0.3969195231460154,457.6
2 BHK,687.53,804.88,9,16,14,1,Unfurnished,0,3,1,1,2,Vitrified,1,1,1,1,0,Open,0,Corporation + Borewell,2865.09,Hadapsar,411028,Society,4.59,2.59,2.44,2.33,8875.29,8064306.5,11729.388535772985,Broker,60,3,0,2,2,0,0,1,0,0,0,0,0,0,0,0,0,0,0,0,0.2046067996477659,0.1972330021732381,0.4285714285714285,0.631578947368421,0.7000000000000001,1.0,0.0,0.4000000000000001,0.2,0.2,0.1111111111111111,1.0,1.0,1.0,1.0,0.0,0.0,0.2369407180654547,0.482142857143117,0.6097222222222222,0.198669991687448,0.8086642599277979,0.684,0.2149670079326741,0.5363636363636364,1.0,0.0,0.0,1.0,0.0,0.0,0.0,0.0,0.0,0.0,0.0,0.0,0.0,0.0,0.0,0.0,0.5625,0.4737201775018619,343.765
3 BHK,1237.9,1491.36,13,15,6,1,Semi-Furnished,1,3,3,1,3,Wooden,1,1,0,0,0,Open,1,Municipal,4746.64,Viman Nagar,411014,Standalone,2.14,4.84,1.32,1.44,36345.29,21558655.62,17415.506599886903,Not Specified,39,2,1,3,3,0,0,0,0,0,0,0,0,0,0,0,0,0,1,0,0.4680022206056893,0.4636409500155231,0.6190476190476191,0.5789473684210527,0.3,1.0,1.0,0.4000000000000001,0.6000000000000001,0.2,0.2222222222222222,1.0,1.0,0.0,0.0,0.0,1.0,0.4528227416460524,0.232142857143117,0.2694444444444445,0.3857024106400664,0.4043321299638989,0.3279999999999999,0.3905859875444291,0.3454545454545454,0.5,0.0,0.0,0.0,0.0,0.0,0.0,0.0,0.0,0.0,0.0,0.0,0.0,0.0,1.0,0.0,0.8666666666666667,0.6178413963368992,412.6333333333334
3 BHK,1257.56,1390.14,3,16,8,1,Unfurnished,1,3,4,2,6,Ceramic,1,1,0,1,0,Covered,0,Not Specified,3071.73,Hadapsar,411028,Society,5.57,3.27,1.94,1.92,30497.94,6491023.92,5161.601768504088,Builder,35,3,0,3,3,0,0,1,0,0,0,0,0,0,0,0,0,0,0,0,0.4774110800566637,0.4243596709096555,0.1428571428571428,0.631578947368421,0.4,1.0,1.0,0.4000000000000001,0.8,0.4,0.5555555555555556,1.0,1.0,0.0,1.0,0.0,0.0,0.2606498203230055,0.482142857143117,0.7458333333333333,0.255195344970906,0.628158844765343,0.52,0.0121145932296151,0.3090909090909091,1.0,0.0,0.0,1.0,0.0,0.0,0.0,0.0,0.0,0.0,0.0,0.0,0.0,0.0,0.0,0.0,0.1875,0.45484579176320805,419.18666666666667
2 BHK,510.97,639.95,1,7,4,1,Semi-Furnished,1,2,2,2,3,Not Specified,1,1,1,0,1,Open,1,Municipal,3032.87,Koregaon Park,411001,Society,2.32,5.65,1.92,1.31,32201.24,8552091.98,16736.974734328825,Builder,33,1,1,2,2,0,0,0,0,0,0,1,0,0,0,0,0,0,0,0,0.1201089245376928,0.1332272586153369,0.0476190476190476,0.1578947368421052,0.2,1.0,1.0,0.2,0.4,0.4,0.2222222222222222,1.0,1.0,1.0,0.0,1.0,1.0,0.2561911689789849,0.0,0.2944444444444444,0.4530340814630091,0.6209386281588447,0.276,0.369623886726206,0.2909090909090909,0.0,0.0,0.0,0.0,0.0,0.0,0.0,1.0,0.0,0.0,0.0,0.0,0.0,0.0,0.0,0.0,0.14285714285714285,0.6015453169377944,255.485
1 RK,508.33,568.11,6,15,3,1,Fully Furnished,1,1,0,1,1,Ceramic,0,1,0,1,0,Open,1,Tanker,1930.57,Kalyani Nagar,411006,Standalone,1.94,4.38,1.46,1.25,38579.77,13970127.9,27482.399032124802,Owner,8,1,2,1,1,0,0,0,0,1,0,0,0,0,0,0,0,0,0,0,0.1188454764730655,0.1053477180999689,0.2857142857142857,0.5789473684210527,0.15,1.0,1.0,0.0,0.0,0.2,0.0,0.0,1.0,0.0,1.0,0.0,1.0,0.1297173816265931,0.089285714286234,0.2416666666666666,0.3474646716541978,0.4548736462093863,0.252,0.7015091971333162,0.0636363636363636,0.0,0.0,0.0,0.0,0.0,1.0,0.0,0.0,0.0,0.0,0.0,0.0,0.0,0.0,0.0,0.0,0.4,0.6596870267965935,508.33
2 BHK,429.61,494.8,10,10,1,1,Fully Furnished,1,3,2,2,3,Vitrified,1,1,1,0,1,Stilt,1,Corporation + Borewell,1743.8,Koregaon Park,411001,Society,2.48,5.29,1.32,1.42,39667.3,7833303.99,18233.523404948675,Broker,34,1,2,2,2,0,0,0,0,0,0,1,0,0,0,0,0,0,0,0,0.0811717523641793,0.0768977025768395,0.4761904761904761,0.3157894736842105,0.05,1.0,1.0,0.4000000000000001,0.4,0.4,0.2222222222222222,1.0,1.0,1.0,0.0,1.0,1.0,0.1082880889986277,0.0,0.3166666666666666,0.4231088944305901,0.4043321299638989,0.3199999999999999,0.4158532412034538,0.3,0.0,0.0,0.0,0.0,0.0,0.0,0.0,1.0,0.0,0.0,0.0,0.0,0.0,0.0,0.0,0.0,1.0,0.5923979108361774,214.805
2 BHK,554.88,639.74,4,13,7,1,Semi-Furnished,1,3,1,1,3,Marble,0,1,0,0,1,Stilt,0,Corporation + Borewell,1408.22,Aundh,411007,Standalone,3.91,4.0,0.9,1.48,18347.05,8952692.85,16134.466641435985,Owner,59,2,1,2,2,1,0,0,0,0,0,0,0,0,0,0,0,0,0,0,0.1411233201883686,0.1331457621856566,0.1904761904761904,0.4736842105263157,0.35,1.0,1.0,0.4000000000000001,0.2,0.2,0.2222222222222222,0.0,1.0,0.0,0.0,1.0,0.0,0.0697848924462231,0.107142857143117,0.5152777777777778,0.3158769742310889,0.2527075812274368,0.344,0.3510146558657437,0.5272727272727273,0.5,1.0,0.0,0.0,0.0,0.0,0.0,0.0,0.0,0.0,0.0,0.0,0.0,0.0,0.0,0.0,0.3076923076923077,0.5567326840016946,277.44
1 BHK,374.27,458.37,5,10,6,1,Semi-Furnished,1,1,1,0,1,Vitrified,0,0,0,1,0,Open,1,Tanker,1208.97,Kharadi,411014,Standalone,3.86,1.74,2.15,2.26,14753.7,4242449.5,11335.264648515778,Owner,24,2,1,1,1,0,0,0,0,0,1,0,0,0,0,0,0,0,0,0,0.0546872008882422,0.0627600124185036,0.238095238095238,0.3157894736842105,0.3,1.0,1.0,0.0,0.2,0.0,0.0,0.0,0.0,0.0,1.0,0.0,1.0,0.0469236912033998,0.232142857143117,0.5083333333333333,0.1280133000831255,0.703971119133574,0.6559999999999999,0.2027949673662064,0.209090909090909,0.5,0.0,0.0,0.0,0.0,0.0,1.0,0.0,0.0,0.0,0.0,0.0,0.0,0.0,0.0,0.0,0.5,0.537248768360788,374.27
1 BHK,291.6,362.68,6,15,8,1,Unfurnished,0,2,1,0,2,Ceramic,1,1,0,0,0,Covered,1,Tanker,1193.54,Viman Nagar,411014,Society,2.2,5.51,1.43,1.09,9293.06,3247508.21,11136.859430727023,Not Specified,11,2,0,1,1,0,0,0,0,0,0,0,0,0,0,0,0,0,1,0,0.0151230904705387,0.0256248059608817,0.2857142857142857,0.5789473684210527,0.4,1.0,0.0,0.2,0.2,0.0,0.1111111111111111,1.0,1.0,0.0,0.0,0.0,1.0,0.0451533106002542,0.232142857143117,0.2777777777777778,0.4413965087281795,0.4440433212996389,0.188,0.1966629274421604,0.0909090909090909,0.5,0.0,0.0,0.0,0.0,0.0,0.0,0.0,0.0,0.0,0.0,0.0,0.0,0.0,1.0,0.0,0.4,0.6342707494588116,291.6
2 BHK,588.3,670.61,0,14,14,1,Unfurnished,0,2,2,1,4,Vitrified,1,1,1,0,0,Covered,1,Municipal,2218.15,Nigdi,411044,Standalone,3.85,11.27,2.07,1.95,10430.04,3881041.17,6597.044314125446,Owner,35,3,0,2,2,0,0,0,0,0,0,0,0,0,1,0,0,0,0,0,0.1571174240974003,0.1451257373486495,0.0,0.5263157894736842,0.7000000000000001,1.0,0.0,0.2,0.4,0.2,0.3333333333333333,1.0,1.0,1.0,0.0,0.0,1.0,0.1627132373526212,0.7678571428577925,0.5069444444444444,0.9201995012468828,0.6750902527075812,0.532,0.0564503475872736,0.3090909090909091,1.0,0.0,0.0,0.0,0.0,0.0,0.0,0.0,0.0,0.0,1.0,0.0,0.0,0.0,0.0,0.0,0.0,0.311075077530515,294.15
3 BHK,1309.54,1477.98,3,19,17,1,Semi-Furnished,1,3,3,2,3,Vitrified,1,1,0,1,0,Covered,1,Municipal,4998.44,Shivajinagar,411005,Society,1.43,6.43,0.8,1.25,34734.92,16288237.56,12438.136719764192,Owner,11,2,1,3,3,0,0,0,0,0,0,0,0,0,0,0,0,1,0,0,0.5022876067230752,0.4584484632101832,0.1428571428571428,0.7894736842105263,0.8500000000000001,1.0,1.0,0.4000000000000001,0.6000000000000001,0.4,0.2222222222222222,1.0,1.0,0.0,1.0,0.0,1.0,0.4817133337310856,0.071428571429351,0.1708333333333333,0.5178719866999167,0.2166064981949458,0.252,0.236856296413433,0.0909090909090909,0.5,0.0,0.0,0.0,0.0,0.0,0.0,0.0,0.0,0.0,0.0,0.0,0.0,1.0,0.0,0.0,0.15789473684210525,0.6267864647463994,436.5133333333333
3 BHK,1198.74,1500.32,6,15,8,1,Unfurnished,1,3,3,2,5,Vitrified,0,0,1,1,0,Stilt,0,Municipal,2597.67,Wakad,411057,Society,4.99,4.17,1.72,2.17,18147.07,7232384.34,6033.3219380349365,Owner,17,3,0,3,3,0,0,0,0,0,0,0,0,0,0,0,0,0,0,1,0.449261074313718,0.4671181310152127,0.2857142857142857,0.5789473684210527,0.4,1.0,1.0,0.4000000000000001,0.6000000000000001,0.4,0.4444444444444445,0.0,0.0,1.0,1.0,0.0,0.0,0.2062579454865047,1.0,0.6652777777777779,0.3300083125519534,0.5487364620938628,0.62,0.0390379362445749,0.1454545454545454,1.0,0.0,0.0,0.0,0.0,0.0,0.0,0.0,0.0,0.0,0.0,0.0,0.0,0.0,0.0,1.0,0.4,0.4297326715356151,399.58
3 BHK,1053.33,1222.36,17,17,11,1,Fully Furnished,1,3,2,2,5,Wooden,0,0,1,1,0,Covered,1,Municipal,4415.09,Viman Nagar,411014,Standalone,1.54,6.1,2.01,2.05,50841.01,9628574.83,9141.08098126893,Owner,19,2,2,3,3,0,0,0,0,0,0,0,0,0,0,0,0,0,1,0,0.379670929208622,0.3592479043775225,0.8095238095238095,0.6842105263157894,0.55,1.0,1.0,0.4000000000000001,0.4,0.4,0.4444444444444445,0.0,0.0,1.0,1.0,0.0,1.0,0.414781932250529,0.232142857143117,0.1861111111111111,0.4904405652535327,0.6534296028880866,0.572,0.1350225527125644,0.1636363636363636,0.5,0.0,0.0,0.0,0.0,0.0,0.0,0.0,0.0,0.0,0.0,0.0,0.0,0.0,1.0,0.0,1.0,0.545355700690942,351.10999999999996
3 BHK,1113.77,1364.38,3,14,18,1,Semi-Furnished,1,4,3,2,4,Wooden,0,0,0,0,0,Open,0,Municipal,2712.45,Magarpatta,411013,Standalone,5.32,2.27,2.02,2.38,29574.86,7067749.8,6345.789346094795,Owner,28,3,1,3,3,0,0,0,0,0,0,0,0,1,0,0,0,0,0,0,0.4085962326275891,0.414362775535548,0.1428571428571428,0.5263157894736842,0.9,1.0,1.0,0.6000000000000001,0.6000000000000001,0.4,0.3333333333333333,0.0,0.0,0.0,0.0,0.0,0.0,0.2194273742375774,0.214285714286234,0.7111111111111111,0.1720698254364089,0.6570397111913358,0.704,0.0486884711225209,0.2454545454545454,1.0,0.0,0.0,0.0,0.0,0.0,0.0,0.0,0.0,1.0,0.0,0.0,0.0,0.0,0.0,0.0,0.21428571428571427,0.44421713681730035,371.25666666666666
2 BHK,564.89,825.92,8,8,6,1,Fully Furnished,1,2,1,2,4,Granite,0,1,0,1,1,Open,1,Corporation + Borewell,2601.56,Baner,411045,Standalone,3.01,4.97,1.65,2.55,44867.17,10283005.0,18203.552904105225,Broker,21,1,2,2,2,0,1,0,0,0,0,0,0,0,0,0,0,0,0,0,0.1459138941000803,0.2053981682707233,0.3809523809523809,0.2105263157894736,0.3,1.0,1.0,0.2,0.2,0.4,0.3333333333333333,0.0,1.0,0.0,1.0,1.0,1.0,0.2067042695659756,0.7857142857146755,0.3902777777777778,0.3965087281795511,0.5234657039711191,0.772,0.4149204941212225,0.1818181818181818,0.0,0.0,1.0,0.0,0.0,0.0,0.0,0.0,0.0,0.0,0.0,0.0,0.0,0.0,0.0,0.0,1.0,0.4565192637760096,282.445
3 BHK,901.84,979.98,9,12,13,1,Semi-Furnished,1,4,2,3,5,Ceramic,0,0,0,1,0,Not Specified,1,Municipal,3745.85,Kalyani Nagar,411006,Standalone,1.34,4.0,1.04,1.46,47928.33,9060877.51,10047.100938082143,Builder,8,1,1,3,3,0,0,0,0,1,0,0,0,0,0,0,0,0,0,0,0.3071710249243846,0.2651855013970817,0.4285714285714285,0.4210526315789473,0.65,1.0,1.0,0.6000000000000001,0.4,0.6000000000000001,0.4444444444444445,0.0,0.0,0.0,1.0,0.0,1.0,0.3379958327787747,0.089285714286234,0.1583333333333333,0.3158769742310889,0.3032490974729242,0.3359999999999999,0.1630049651795013,0.0636363636363636,0.0,0.0,0.0,0.0,0.0,1.0,0.0,0.0,0.0,0.0,0.0,0.0,0.0,0.0,0.0,0.0,0.75,0.6746352019042126,300.61333333333334
4 BHK,1626.75,1770.76,6,12,5,1,Unfurnished,1,4,5,1,6,Wooden,0,0,0,0,1,Covered,0,Municipal,4464.65,Hadapsar,411028,Standalone,5.44,2.13,2.32,1.86,41587.6,11039902.37,6786.477559551252,Broker,52,3,0,4,4,0,0,1,0,0,0,0,0,0,0,0,0,0,0,0,0.6540975917914162,0.5720700093138777,0.2857142857142857,0.4210526315789473,0.25,1.0,1.0,0.6000000000000001,1.0,0.2,0.5555555555555556,0.0,0.0,0.0,0.0,1.0,0.0,0.4204682616537626,0.482142857143117,0.7277777777777779,0.1604322527015793,0.7653429602888087,0.4960000000000001,0.0622994748201528,0.4636363636363636,1.0,0.0,0.0,1.0,0.0,0.0,0.0,0.0,0.0,0.0,0.0,0.0,0.0,0.0,0.0,0.0,0.5,0.4981830405787887,406.6875
3 BHK,1022.35,804.04,13,15,1,1,Unfurnished,0,3,3,2,4,Ceramic,0,1,0,0,0,Covered,1,Corporation + Borewell,3610.06,Viman Nagar,411014,Standalone,2.49,4.46,2.47,1.28,31272.76,10709906.22,10475.772700151612,Owner,8,2,0,3,3,0,0,0,0,0,0,0,0,0,0,0,0,0,1,0,0.3648445576017459,0.1969070164545172,0.6190476190476191,0.5789473684210527,0.05,1.0,0.0,0.4000000000000001,0.6000000000000001,0.4,0.3333333333333333,0.0,1.0,0.0,0.0,0.0,1.0,0.32241579505349,0.232142857143117,0.3180555555555556,0.3541147132169575,0.8194945848375452,0.264,0.1762465763240376,0.0636363636363636,0.5,0.0,0.0,0.0,0.0,0.0,0.0,0.0,0.0,0.0,0.0,0.0,0.0,0.0,1.0,0.0,0.8666666666666667,0.6295266931816401,340.78333333333336
1 BHK,414.09,457.57,2,13,10,1,Semi-Furnished,1,1,1,1,2,Granite,1,0,1,1,1,Not Specified,0,Corporation + Borewell,2299.61,Kalyani Nagar,411006,Society,2.54,3.24,1.03,1.71,22434.97,10115675.36,24428.68786978676,Owner,30,1,1,1,1,0,0,0,0,1,0,0,0,0,0,0,0,0,0,0,0.0737442091963704,0.0624495498292455,0.0952380952380952,0.4736842105263157,0.5,1.0,1.0,0.0,0.2,0.2,0.1111111111111111,1.0,0.0,1.0,1.0,1.0,0.0,0.172059653680051,0.089285714286234,0.325,0.2527015793848711,0.2996389891696751,0.436,0.6071939508572007,0.2636363636363636,0.0,0.0,0.0,0.0,0.0,1.0,0.0,0.0,0.0,0.0,0.0,0.0,0.0,0.0,0.0,0.0,0.15384615384615385,0.6145858371737358,414.09
3 BHK,991.44,1077.23,2,15,6,1,Semi-Furnished,1,4,3,2,5,Wooden,0,0,0,0,0,Covered,0,Borewell,2522.29,Wakad,411057,Society,3.88,3.24,1.48,2.16,36685.0,12150563.73,12255.470557976276,Owner,21,3,1,3,3,0,0,0,0,0,0,0,0,0,0,0,0,0,0,1,0.3500516865117348,0.3029261099037567,0.0952380952380952,0.5789473684210527,0.3,1.0,1.0,0.6000000000000001,0.6000000000000001,0.4,0.4444444444444445,0.0,0.0,0.0,0.0,0.0,0.0,0.1976091256637493,1.0,0.5111111111111111,0.2527015793848711,0.4620938628158845,0.6160000000000001,0.2312131765659341,0.1818181818181818,1.0,0.0,0.0,0.0,0.0,0.0,0.0,0.0,0.0,0.0,0.0,0.0,0.0,0.0,0.0,1.0,0.13333333333333333,0.5061485537364523,330.48
1 BHK,452.86,522.3,4,11,2,1,Unfurnished,0,1,1,0,1,Wooden,1,1,0,0,0,Covered,1,Municipal,2242.94,Kothrud,411038,Society,1.16,7.3,0.97,1.5,12126.33,7851416.4,17337.403170957914,Broker,38,2,0,1,1,0,0,0,0,0,0,0,1,0,0,0,0,0,0,0,0.0922987097515218,0.087569854082583,0.1904761904761904,0.368421052631579,0.1,1.0,0.0,0.0,0.2,0.0,0.0,1.0,1.0,0.0,0.0,0.0,1.0,0.1655575494169103,0.6607142857146755,0.1333333333333333,0.5901911886949293,0.2779783393501805,0.3520000000000001,0.3881725816833181,0.3363636363636363,0.5,0.0,0.0,0.0,0.0,0.0,0.0,0.0,1.0,0.0,0.0,0.0,0.0,0.0,0.0,0.0,0.36363636363636365,0.5885270420429864,452.86
1 BHK,365.74,398.79,8,14,6,1,Unfurnished,1,1,1,0,2,Vitrified,0,0,0,0,0,Covered,1,Borewell,800.0,Pune Camp,411001,Society,2.03,5.76,1.61,1.57,11022.09,4688147.7,12818.252583802701,Owner,78,3,0,1,1,0,0,0,0,0,0,0,0,0,0,0,1,0,0,0,0.0506049236188215,0.0396383110835144,0.3809523809523809,0.5263157894736842,0.3,1.0,1.0,0.0,0.2,0.0,0.1111111111111111,0.0,0.0,0.0,0.0,0.0,1.0,0.0,0.0,0.2541666666666666,0.4621778886118037,0.5090252707581228,0.3800000000000001,0.2485903782505618,0.7000000000000001,1.0,0.0,0.0,0.0,0.0,0.0,0.0,0.0,0.0,0.0,0.0,0.0,1.0,0.0,0.0,0.0,0.5714285714285714,0.5838325100998853,365.74
2 BHK,656.52,804.11,9,13,6,1,Semi-Furnished,1,2,1,1,2,Vitrified,1,1,1,1,0,Covered,1,Municipal,1805.82,Kharadi,411014,Society,4.31,1.83,2.13,1.9,35600.89,7133680.12,10865.899165295803,Owner,22,2,1,2,2,0,0,0,0,0,1,0,0,0,0,0,0,0,0,0,0.189766070676519,0.1969341819310773,0.4285714285714285,0.4736842105263157,0.3,1.0,1.0,0.2,0.2,0.2,0.1111111111111111,1.0,1.0,1.0,1.0,0.0,1.0,0.115404032291375,0.232142857143117,0.5708333333333333,0.1354945968412302,0.6967509025270758,0.512,0.1882956919439067,0.1909090909090909,0.5,0.0,0.0,0.0,0.0,0.0,1.0,0.0,0.0,0.0,0.0,0.0,0.0,0.0,0.0,0.0,0.6923076923076923,0.5529870520876246,328.26
1 BHK,417.23,528.04,10,12,0,1,Fully Furnished,1,2,1,1,1,Vitrified,0,0,1,1,1,Open,0,Corporation + Borewell,934.31,Baner,411045,Standalone,3.07,2.94,1.39,2.79,27880.24,15165293.79,36347.563190566354,Broker,34,1,2,1,1,0,1,0,0,0,0,0,0,0,0,0,0,0,0,0,0.0752469466671771,0.0897974231605091,0.4761904761904761,0.4210526315789473,0.0,1.0,1.0,0.2,0.2,0.2,0.0,0.0,0.0,1.0,1.0,1.0,0.0,0.0154102280498047,0.7857142857146755,0.3986111111111111,0.227763923524522,0.4296028880866426,0.8680000000000001,0.975308146279451,0.3,0.0,0.0,1.0,0.0,0.0,0.0,0.0,0.0,0.0,0.0,0.0,0.0,0.0,0.0,0.0,0.0,0.8333333333333334,0.4835039627966856,417.23
1 BHK,446.21,489.8,7,12,9,1,Unfurnished,0,1,1,0,2,Vitrified,0,1,1,1,1,Open,0,Municipal,1250.16,Viman Nagar,411014,Society,2.01,5.22,1.43,1.24,20647.7,4855572.18,10881.809417090608,Broker,40,2,0,1,1,0,0,0,0,0,0,0,0,0,0,0,0,0,1,0,0.0891161606493357,0.074957311393977,0.3333333333333333,0.4210526315789473,0.45,1.0,0.0,0.0,0.2,0.0,0.1111111111111111,0.0,1.0,1.0,1.0,1.0,0.0,0.0516496780500342,0.232142857143117,0.2513888888888889,0.4172901080631753,0.4440433212996389,0.248,0.1887873917303014,0.3545454545454545,0.5,0.0,0.0,0.0,0.0,0.0,0.0,0.0,0.0,0.0,0.0,0.0,0.0,0.0,1.0,0.0,0.5833333333333334,0.634707728043787,446.21
2 BHK,654.23,713.43,6,14,5,1,Semi-Furnished,1,3,2,1,4,Ceramic,1,1,1,0,0,Stilt,0,Municipal,3125.48,Kharadi,411014,Society,5.39,1.5,2.27,1.85,26235.05,5292433.95,8089.561698485242,Owner,70,2,1,2,2,0,0,0,0,0,1,0,0,0,0,0,0,0,0,0,0.1886701251962173,0.1617432474386836,0.2857142857142857,0.5263157894736842,0.25,1.0,1.0,0.4000000000000001,0.4,0.2,0.3333333333333333,1.0,1.0,1.0,0.0,0.0,0.0,0.266816894685875,0.232142857143117,0.7208333333333333,0.1080631753948462,0.7472924187725632,0.4920000000000001,0.1025447317085826,0.6272727272727273,0.5,0.0,0.0,0.0,0.0,0.0,1.0,0.0,0.0,0.0,0.0,0.0,0.0,0.0,0.0,0.0,0.42857142857142855,0.5186745601504392,327.115
3 BHK,913.66,1091.88,8,18,15,1,Fully Furnished,1,3,3,1,5,Marble,1,1,1,0,0,Open,0,Corporation + Borewell,2568.89,Wakad,411057,Society,5.33,2.77,2.26,1.73,18169.29,7715879.32,8445.022568570366,Broker,40,3,2,3,3,0,0,0,0,0,0,0,0,0,0,0,0,0,0,1,0.3128278264864658,0.3086114560695437,0.3809523809523809,0.7368421052631579,0.75,1.0,1.0,0.4000000000000001,0.6000000000000001,0.2,0.4444444444444445,1.0,1.0,1.0,0.0,0.0,0.0,0.2029558357160231,1.0,0.7125,0.2136325852036575,0.743682310469314,0.444,0.113525821033632,0.3545454545454545,1.0,0.0,0.0,0.0,0.0,0.0,0.0,0.0,0.0,0.0,0.0,0.0,0.0,0.0,0.0,1.0,0.4444444444444444,0.49958343934222926,304.55333333333334
3 BHK,724.17,823.68,11,11,2,1,Unfurnished,1,4,4,2,5,Ceramic,1,1,0,0,0,Stilt,1,Municipal,2578.4,Shivajinagar,411005,Society,0.48,6.74,1.28,1.67,36610.81,7562708.47,10443.277780079263,Owner,74,2,0,3,3,0,0,0,0,0,0,0,0,0,0,0,0,1,0,0,0.2221419273325931,0.204528873020801,0.5238095238095237,0.368421052631579,0.1,1.0,1.0,0.6000000000000001,0.8,0.4,0.4444444444444445,1.0,1.0,0.0,0.0,0.0,1.0,0.204046977617249,0.071428571429351,0.0388888888888888,0.543640897755611,0.3898916967509025,0.42,0.1752434099256643,0.6636363636363637,0.5,0.0,0.0,0.0,0.0,0.0,0.0,0.0,0.0,0.0,0.0,0.0,0.0,1.0,0.0,0.0,1.0,0.6162582939565768,241.39
2 BHK,403.63,468.48,7,12,2,1,Semi-Furnished,1,3,2,1,3,Vitrified,0,1,0,1,0,Stilt,1,Municipal,1441.3,Aundh,411007,Standalone,3.64,4.67,1.17,1.6,11687.04,6737396.13,16692.01033124396,Broker,12,2,1,2,2,1,0,0,0,0,0,0,0,0,0,0,0,0,0,0,0.0687382748190972,0.0666834833902515,0.3333333333333333,0.4210526315789473,0.1,1.0,1.0,0.4000000000000001,0.4,0.2,0.2222222222222222,0.0,1.0,0.0,1.0,0.0,1.0,0.0735803681657342,0.107142857143117,0.4777777777777778,0.3715710723192019,0.3501805054151624,0.3920000000000001,0.3682417532185952,0.0999999999999999,0.5,1.0,0.0,0.0,0.0,0.0,0.0,0.0,0.0,0.0,0.0,0.0,0.0,0.0,0.0,0.0,0.5833333333333334,0.5378132267747968,201.815
2 BHK,532.79,752.61,7,12,12,1,Semi-Furnished,1,2,2,1,3,Vitrified,1,1,1,1,1,Stilt,1,Borewell,2191.51,Kothrud,411038,Society,1.66,6.19,1.16,1.28,22426.27,9017060.59,16924.23016573134,Owner,55,2,1,2,2,0,0,0,0,0,0,0,1,0,0,0,0,0,0,0,0.1305515142233622,0.1769481527475939,0.3333333333333333,0.4210526315789473,0.6000000000000001,1.0,1.0,0.2,0.4,0.2,0.2222222222222222,1.0,1.0,1.0,1.0,1.0,1.0,0.1596566631939823,0.6607142857146755,0.2027777777777777,0.4979218620116376,0.3465703971119133,0.264,0.3754081540626386,0.4909090909090909,0.5,0.0,0.0,0.0,0.0,0.0,0.0,0.0,1.0,0.0,0.0,0.0,0.0,0.0,0.0,0.0,0.5833333333333334,0.6197622680860622,266.395
1 BHK,378.64,417.46,11,18,7,1,Semi-Furnished,1,1,1,0,1,Vitrified,1,1,0,0,0,Open,1,Tanker,1434.04,Wakad,411057,Society,4.45,2.07,2.23,2.09,12957.63,2902089.65,7664.508900274667,Owner,12,3,1,1,1,0,0,0,0,0,0,0,0,0,0,0,0,0,0,1,0.0567785902982503,0.0468837317603229,0.5238095238095237,0.7368421052631579,0.35,1.0,1.0,0.0,0.2,0.0,0.0,1.0,1.0,0.0,0.0,0.0,1.0,0.0727473828657448,1.0,0.5902777777777778,0.1554447215295095,0.7328519855595668,0.588,0.0894186329510512,0.0999999999999999,1.0,0.0,0.0,0.0,0.0,0.0,0.0,0.0,0.0,0.0,0.0,0.0,0.0,0.0,0.0,1.0,0.6111111111111112,0.5198403085770216,378.64
1 BHK,383.6,470.17,3,14,6,1,Fully Furnished,1,2,2,0,1,Ceramic,1,1,0,0,0,Open,0,Borewell,1132.58,Hadapsar,411028,Society,5.39,3.14,2.14,1.92,17649.26,2817597.5,7345.144681960375,Owner,8,3,2,1,1,0,0,1,0,0,0,0,0,0,0,0,0,0,0,0,0.05915234120755,0.067339335610059,0.1428571428571428,0.5263157894736842,0.3,1.0,1.0,0.2,0.4,0.0,0.0,1.0,1.0,0.0,0.0,0.0,0.0,0.0381589877507561,0.482142857143117,0.7208333333333333,0.2443890274314214,0.700361010830325,0.52,0.0795531338448823,0.0636363636363636,1.0,0.0,0.0,1.0,0.0,0.0,0.0,0.0,0.0,0.0,0.0,0.0,0.0,0.0,0.0,0.0,0.21428571428571427,0.466497099653273,383.6
3 BHK,989.19,1176.02,0,11,13,1,Semi-Furnished,1,3,3,1,6,Vitrified,0,1,0,1,0,Covered,1,Corporation + Borewell,3433.88,Viman Nagar,411014,Standalone,2.5,4.75,1.7,1.58,43579.28,15513057.18,15682.585933945955,Owner,10,2,1,3,3,0,0,0,0,0,0,0,0,0,0,0,0,0,1,0,0.3489748841839274,0.3412643588947532,0.0,0.368421052631579,0.65,1.0,1.0,0.4000000000000001,0.6000000000000001,0.2,0.5555555555555556,0.0,1.0,0.0,1.0,0.0,1.0,0.302201559495344,0.232142857143117,0.3194444444444444,0.3782211138819617,0.5415162454873647,0.3840000000000001,0.3370620567134935,0.0818181818181818,0.5,0.0,0.0,0.0,0.0,0.0,0.0,0.0,0.0,0.0,0.0,0.0,0.0,0.0,1.0,0.0,0.0,0.5891208996278499,329.73
1 BHK,405.5,512.4,7,13,2,1,Semi-Furnished,1,1,1,1,1,Ceramic,1,1,0,1,1,Covered,1,Municipal,2058.41,Kalyani Nagar,411006,Society,1.43,3.93,0.95,1.13,24460.32,12153798.67,29972.376498150432,Owner,25,1,1,1,1,0,0,0,0,1,0,0,0,0,0,0,0,0,0,0,0.0696332171982082,0.0837278795405153,0.3333333333333333,0.4736842105263157,0.1,1.0,1.0,0.0,0.2,0.2,0.0,1.0,1.0,0.0,1.0,1.0,1.0,0.1443852660275091,0.089285714286234,0.1708333333333333,0.3100581878636741,0.2707581227436823,0.2039999999999999,0.7784058549337379,0.2181818181818181,0.0,0.0,0.0,0.0,0.0,1.0,0.0,0.0,0.0,0.0,0.0,0.0,0.0,0.0,0.0,0.0,0.5384615384615384,0.7077454349122378,405.5
2 BHK,871.25,1045.58,5,11,7,1,Semi-Furnished,1,2,1,2,2,Marble,0,0,0,1,0,Open,1,Tanker,5046.23,Baner,411045,Standalone,3.89,2.7,1.59,1.75,48077.01,20831551.12,23909.95824390244,Broker,9,1,1,2,2,0,1,0,0,0,0,0,0,0,0,0,0,0,0,0,0.2925312990543283,0.2906434337162372,0.238095238095238,0.368421052631579,0.35,1.0,1.0,0.2,0.2,0.4,0.1111111111111111,0.0,0.0,0.0,1.0,0.0,1.0,0.4871965799413467,0.7857142857146755,0.5125000000000001,0.2078137988362427,0.5018050541516246,0.452,0.5911701590117576,0.0727272727272727,0.0,0.0,1.0,0.0,0.0,0.0,0.0,0.0,0.0,0.0,0.0,0.0,0.0,0.0,0.0,0.0,0.45454545454545453,0.564219428876011,435.625
1 BHK,311.64,367.09,10,12,11,1,Unfurnished,1,2,2,1,1,Vitrified,1,1,1,0,1,Covered,1,Borewell,1142.55,Baner,411045,Society,2.67,3.86,1.06,2.23,22159.1,6949951.36,22301.21730201515,Builder,33,1,0,1,1,0,1,0,0,0,0,0,0,0,0,0,0,0,0,0,0.0247138098702094,0.0273362309841664,0.4761904761904761,0.4210526315789473,0.55,1.0,1.0,0.2,0.4,0.2,0.0,1.0,1.0,1.0,0.0,1.0,1.0,0.0393029083349013,0.7857142857146755,0.3430555555555555,0.3042394014962593,0.3104693140794224,0.644,0.5414884049036554,0.2909090909090909,0.0,0.0,1.0,0.0,0.0,0.0,0.0,0.0,0.0,0.0,0.0,0.0,0.0,0.0,0.0,0.0,0.8333333333333334,0.5362760883406836,311.64
3 BHK,1009.71,1277.18,0,9,8,1,Unfurnished,0,3,3,3,5,Marble,1,1,0,1,1,Stilt,1,Corporation + Borewell,4703.19,Koregaon Park,411001,Society,3.11,5.18,1.51,1.22,65738.65,21577316.22,21369.81531330778,Builder,12,1,0,3,3,0,0,0,0,0,0,1,0,0,0,0,0,0,0,0,0.3587953214135304,0.3805223533064267,0.0,0.2631578947368421,0.4,1.0,0.0,0.4000000000000001,0.6000000000000001,0.6000000000000001,0.4444444444444445,1.0,1.0,0.0,1.0,1.0,1.0,0.4478374508355094,0.0,0.4041666666666667,0.4139650872817954,0.4729241877256318,0.24,0.5127143928434208,0.0999999999999999,0.0,0.0,0.0,0.0,0.0,0.0,0.0,1.0,0.0,0.0,0.0,0.0,0.0,0.0,0.0,0.0,0.0,0.5883851459485148,336.57
3 BHK,1028.48,1279.79,6,14,8,1,Unfurnished,0,3,1,2,5,Ceramic,1,1,0,1,0,Not Specified,0,Borewell,2689.23,Magarpatta,411013,Society,5.79,2.16,1.4,2.35,15705.2,5897459.71,5734.15108704107,Owner,14,3,0,3,3,0,0,0,0,0,0,0,0,1,0,0,0,0,0,0,0.3677782457215054,0.3815352375038808,0.2857142857142857,0.5263157894736842,0.4,1.0,0.0,0.4000000000000001,0.2,0.4,0.4444444444444445,1.0,1.0,0.0,1.0,0.0,0.0,0.2167631981128179,0.214285714286234,0.7763888888888889,0.1629260182876143,0.4332129963898916,0.6920000000000001,0.0297981807107903,0.1181818181818181,1.0,0.0,0.0,0.0,0.0,0.0,0.0,0.0,0.0,1.0,0.0,0.0,0.0,0.0,0.0,0.0,0.42857142857142855,0.4292491859744517,342.82666666666665
3 BHK,814.17,938.94,4,10,11,1,Semi-Furnished,1,3,2,1,3,Ceramic,0,0,1,0,0,Covered,0,Corporation + Borewell,2580.7,Hinjewadi,411057,Standalone,5.98,2.9,2.39,2.61,12981.94,5076917.13,6235.696635837725,Builder,13,3,1,3,3,0,0,0,1,0,0,0,0,0,0,0,0,0,0,0,0.2652140204448868,0.2492587705681466,0.1904761904761904,0.3157894736842105,0.55,1.0,1.0,0.4000000000000001,0.4,0.2,0.2222222222222222,0.0,0.0,1.0,0.0,0.0,0.0,0.2043108710318462,1.0,0.8027777777777778,0.2244389027431421,0.7906137184115524,0.796,0.0452882682654734,0.109090909090909,1.0,0.0,0.0,0.0,1.0,0.0,0.0,0.0,0.0,0.0,0.0,0.0,0.0,0.0,0.0,0.0,0.4,0.372743866263899,271.39
2 BHK,672.1,840.11,4,7,11,1,Semi-Furnished,1,2,1,2,3,Not Specified,1,1,1,0,0,Covered,0,Municipal,3150.43,Kalyani Nagar,411006,Society,2.36,4.66,1.09,1.22,44633.62,7979109.41,11871.90806427615,Broker,13,1,1,2,2,0,0,0,0,1,0,0,0,0,0,0,0,0,0,0,0.1972223285730694,0.2109049984476871,0.1904761904761904,0.1578947368421052,0.55,1.0,1.0,0.2,0.2,0.4,0.2222222222222222,1.0,1.0,1.0,0.0,0.0,0.0,0.2696795645529186,0.089285714286234,0.3,0.370739817123857,0.3212996389891697,0.24,0.2193642000551,0.109090909090909,0.0,0.0,0.0,0.0,0.0,1.0,0.0,0.0,0.0,0.0,0.0,0.0,0.0,0.0,0.0,0.0,0.5714285714285714,0.6363417288601263,336.05
2 BHK,743.88,831.25,16,17,3,1,Semi-Furnished,1,2,1,1,2,Vitrified,1,1,0,1,1,Covered,0,Corporation + Borewell,2550.01,Wakad,411057,Society,4.19,2.41,1.88,2.3,16449.14,7196164.23,9673.824044200679,Owner,35,3,1,2,2,0,0,0,0,0,0,0,0,0,0,0,0,0,0,1,0.2315747157241854,0.2074666252716548,0.7619047619047619,0.6842105263157894,0.15,1.0,1.0,0.2,0.2,0.2,0.1111111111111111,1.0,1.0,0.0,1.0,1.0,0.0,0.2007896149909817,1.0,0.5541666666666667,0.1837073981712385,0.6064981949458483,0.6719999999999999,0.1514762730144533,0.3090909090909091,1.0,0.0,0.0,0.0,0.0,0.0,0.0,0.0,0.0,0.0,0.0,0.0,0.0,0.0,0.0,1.0,0.9411764705882353,0.49984929265387157,371.94
1 BHK,469.49,532.06,0,13,1,1,Semi-Furnished,1,2,1,0,1,Ceramic,0,1,1,1,0,Covered,1,Municipal,1890.09,Shivajinagar,411005,Standalone,0.73,6.61,0.89,1.75,20939.55,8629532.65,18380.652729557605,Owner,28,2,1,1,1,0,0,0,0,0,0,0,0,0,0,0,0,1,0,0,0.100257475401049,0.0913574976715305,0.0,0.4736842105263157,0.05,1.0,1.0,0.2,0.2,0.0,0.0,0.0,1.0,1.0,1.0,0.0,1.0,0.1250728575296822,0.071428571429351,0.0736111111111111,0.5328345802161263,0.2490974729241877,0.452,0.4203878745350163,0.2454545454545454,0.5,0.0,0.0,0.0,0.0,0.0,0.0,0.0,0.0,0.0,0.0,0.0,0.0,1.0,0.0,0.0,0.0,0.5999932239302639,469.49
2 BHK,717.58,784.62,9,14,8,1,Unfurnished,1,2,1,1,3,Ceramic,0,0,0,1,0,Covered,0,Corporation + Borewell,2059.74,Nigdi,411044,Standalone,3.58,11.32,1.55,2.53,24213.38,4052228.37,5647.075406226483,Owner,49,3,0,2,2,0,0,0,0,0,0,0,0,0,1,0,0,0,0,0,0.2189880929591485,0.1893705371002794,0.4285714285714285,0.5263157894736842,0.4,1.0,1.0,0.2,0.2,0.2,0.2222222222222222,0.0,0.0,0.0,1.0,0.0,0.0,0.1445378652629066,0.7678571428577925,0.4694444444444444,0.9243557772236076,0.4873646209386282,0.764,0.0271080392915075,0.4363636363636363,1.0,0.0,0.0,0.0,0.0,0.0,0.0,0.0,0.0,0.0,1.0,0.0,0.0,0.0,0.0,0.0,0.6428571428571429,0.2599086585799587,358.79
2 BHK,656.65,782.42,10,13,14,1,Semi-Furnished,1,3,2,1,3,Ceramic,1,1,0,1,0,Covered,1,Municipal,1524.17,Magarpatta,411013,Society,4.49,1.18,2.14,2.11,17992.03,4962049.82,7556.612837889287,Owner,13,3,1,2,2,0,0,0,0,0,0,0,0,1,0,0,0,0,0,0,0.1898282859221256,0.1885167649798199,0.4761904761904761,0.4736842105263157,0.7000000000000001,1.0,1.0,0.4000000000000001,0.4,0.2,0.2222222222222222,1.0,1.0,0.0,1.0,0.0,1.0,0.0830885626299388,0.214285714286234,0.5958333333333333,0.0814630091438071,0.700361010830325,0.596,0.0860842165603994,0.109090909090909,1.0,0.0,0.0,0.0,0.0,0.0,0.0,0.0,0.0,1.0,0.0,0.0,0.0,0.0,0.0,0.0,0.7692307692307693,0.5401590454534035,328.325
4 BHK,1192.4,1480.62,8,20,7,1,Unfurnished,1,5,3,3,5,Granite,1,1,0,0,0,Open,1,Not Specified,2830.85,Hadapsar,411028,Society,4.63,3.48,1.99,1.97,39737.86,8544951.32,7166.178564240187,Builder,18,3,0,4,4,0,0,1,0,0,0,0,0,0,0,0,0,0,0,0,0.4462268846433631,0.4594729897547345,0.3809523809523809,0.8421052631578947,0.35,1.0,1.0,0.8,0.6000000000000001,0.6000000000000001,0.4444444444444445,1.0,1.0,0.0,0.0,0.0,1.0,0.2330121482759728,0.482142857143117,0.6152777777777778,0.2726517040731504,0.6462093862815884,0.54,0.0740270706676369,0.1545454545454545,1.0,0.0,0.0,1.0,0.0,0.0,0.0,0.0,0.0,0.0,0.0,0.0,0.0,0.0,0.0,0.0,0.4,0.48612262334666256,298.1
2 BHK,754.3,838.29,8,11,12,1,Fully Furnished,1,2,2,1,2,Wooden,1,1,1,1,0,Covered,1,Borewell,3150.21,Shivajinagar,411005,Society,0.79,7.4,0.59,1.44,28163.33,8001289.32,10607.569030889568,Broker,2,2,2,2,2,0,0,0,0,0,0,0,0,0,0,0,0,1,0,0,0.2365615069489643,0.2101986960571251,0.3809523809523809,0.368421052631579,0.6000000000000001,1.0,1.0,0.2,0.4,0.2,0.1111111111111111,1.0,1.0,1.0,1.0,0.0,1.0,0.2696543225741311,0.071428571429351,0.0819444444444444,0.598503740648379,0.1407942238267148,0.3279999999999999,0.1803151449711343,0.009090909090909,0.5,0.0,0.0,0.0,0.0,0.0,0.0,0.0,0.0,0.0,0.0,0.0,0.0,1.0,0.0,0.0,0.7272727272727273,0.6088784268260965,377.15
1 BHK,545.6,616.71,13,14,0,1,Fully Furnished,1,1,0,0,2,Marble,1,1,1,0,0,Covered,1,Tanker,2363.11,Aundh,411007,Society,3.9,4.44,1.66,1.71,30867.19,8507769.3,15593.418804985338,Owner,19,2,2,1,1,1,0,0,0,0,0,0,0,0,0,0,0,0,0,0,0.1366821088096788,0.1242083203973921,0.6190476190476191,0.5263157894736842,0.0,1.0,1.0,0.0,0.0,0.0,0.1111111111111111,1.0,1.0,1.0,0.0,0.0,1.0,0.1793454066482783,0.107142857143117,0.5138888888888888,0.3524522028262676,0.5270758122743682,0.436,0.3343123059608098,0.1636363636363636,0.5,1.0,0.0,0.0,0.0,0.0,0.0,0.0,0.0,0.0,0.0,0.0,0.0,0.0,0.0,0.0,0.9285714285714286,0.5206181163867183,545.6
1 BHK,428.58,488.67,6,12,9,1,Semi-Furnished,1,1,0,0,1,Vitrified,0,1,1,0,0,Covered,1,Tanker,1367.06,Pune Camp,411001,Society,2.65,6.04,1.76,1.7,7500.0,2800000.0,6533.202669279948,Broker,25,3,1,1,1,0,0,0,0,0,0,0,0,0,0,0,1,0,0,0,0.0806788161874497,0.0745187829866501,0.2857142857142857,0.4210526315789473,0.45,1.0,1.0,0.0,0.0,0.0,0.0,0.0,1.0,1.0,0.0,0.0,1.0,0.0650623476876052,0.0,0.3402777777777778,0.4854530340814629,0.5631768953068592,0.432,0.0544776801653495,0.2181818181818181,1.0,0.0,0.0,0.0,0.0,0.0,0.0,0.0,0.0,0.0,0.0,0.0,1.0,0.0,0.0,0.0,0.5,0.5343841860603922,428.58
2 BHK,634.03,748.21,12,12,4,1,Semi-Furnished,1,2,2,1,3,Vitrified,1,0,0,1,0,Covered,1,Borewell,2944.18,Kharadi,411014,Society,3.89,2.39,2.58,2.06,25061.87,11867512.48,18717.58825292179,Broker,12,2,1,2,2,0,0,0,0,0,1,0,0,0,0,0,0,0,0,0,0.1790028331865691,0.175240608506675,0.5714285714285714,0.4210526315789473,0.2,1.0,1.0,0.2,0.4,0.2,0.2222222222222222,1.0,0.0,0.0,1.0,0.0,1.0,0.2460152094395821,0.232142857143117,0.5125000000000001,0.1820448877805486,0.8592057761732853,0.5760000000000001,0.4307985056279859,0.0999999999999999,0.5,0.0,0.0,0.0,0.0,0.0,1.0,0.0,0.0,0.0,0.0,0.0,0.0,0.0,0.0,0.0,1.0,0.5395489394671733,317.015
2 BHK,588.67,728.9,3,8,11,1,Semi-Furnished,1,2,2,2,4,Marble,1,0,1,1,1,Bike,1,Tanker,1615.97,Koregaon Park,411001,Society,3.2,5.07,1.59,0.93,36104.38,14799205.82,25140.071381249258,Broker,49,1,1,2,2,0,0,0,0,0,0,1,0,0,0,0,0,0,0,0,0.1572944982579731,0.1677468177584601,0.1428571428571428,0.2105263157894736,0.55,1.0,1.0,0.2,0.4,0.4,0.3333333333333333,1.0,0.0,1.0,1.0,1.0,1.0,0.0936213519603838,0.0,0.4166666666666667,0.4048212801330008,0.5018050541516246,0.124,0.6291641597801929,0.4363636363636363,0.0,0.0,0.0,0.0,0.0,0.0,0.0,1.0,0.0,0.0,0.0,0.0,0.0,0.0,0.0,0.0,0.375,0.618312090000561,294.335
1 BHK,378.44,444.14,7,9,6,1,Unfurnished,1,2,0,1,2,Vitrified,1,1,1,1,1,Open,1,Municipal,1644.04,Baner,411045,Standalone,3.9,2.79,1.43,1.87,24378.2,8101427.81,21407.43000211394,Owner,22,1,0,1,1,0,1,0,0,0,0,0,0,0,0,0,0,0,0,0,0.0566828745357785,0.057237659112077,0.3333333333333333,0.2631578947368421,0.3,1.0,1.0,0.2,0.0,0.2,0.1111111111111111,1.0,1.0,1.0,1.0,1.0,1.0,0.0968419989811419,0.7857142857146755,0.5138888888888888,0.2152950955943474,0.4440433212996389,0.5000000000000001,0.5138744584198648,0.1909090909090909,0.0,0.0,1.0,0.0,0.0,0.0,0.0,0.0,0.0,0.0,0.0,0.0,0.0,0.0,0.0,0.0,0.7777777777777778,0.548495481140616,378.44
3 BHK,795.14,929.93,11,11,6,1,Semi-Furnished,1,3,2,3,3,Wooden,0,0,1,1,1,Covered,1,Municipal,3539.48,Baner,411045,Society,3.26,2.55,1.84,2.33,45309.36,10559833.86,13280.471187463841,Builder,31,1,1,3,3,0,1,0,0,0,0,0,0,0,0,0,0,0,0,0,0.2561066656456985,0.2457621856566283,0.5238095238095237,0.368421052631579,0.3,1.0,1.0,0.4000000000000001,0.4,0.6000000000000001,0.2222222222222222,0.0,0.0,1.0,1.0,1.0,1.0,0.3143177093133723,0.7857142857146755,0.425,0.1953449709060681,0.5920577617328521,0.684,0.2628688211682936,0.2727272727272727,0.0,0.0,1.0,0.0,0.0,0.0,0.0,0.0,0.0,0.0,0.0,0.0,0.0,0.0,0.0,0.0,1.0,0.534720302729297,265.0466666666667
1 BHK,412.89,505.11,0,6,10,1,Semi-Furnished,1,2,0,1,2,Granite,0,0,1,1,1,Open,1,Borewell,1170.1,Baner,411045,Society,2.57,2.82,1.77,2.24,18493.9,11434306.47,27693.348034585484,Owner,8,1,1,1,1,0,1,0,0,0,0,0,0,0,0,0,0,0,0,0,0.0731699146215398,0.0808987891959019,0.0,0.1052631578947368,0.5,1.0,1.0,0.2,0.0,0.2,0.1111111111111111,0.0,0.0,1.0,1.0,1.0,1.0,0.042463892496707,0.7857142857146755,0.3291666666666666,0.2177888611803823,0.5667870036101084,0.6480000000000001,0.7080121738937064,0.0636363636363636,0.0,0.0,1.0,0.0,0.0,0.0,0.0,0.0,0.0,0.0,0.0,0.0,0.0,0.0,0.0,0.0,0.0,0.5680578150324676,412.89
3 BHK,678.19,839.21,9,13,11,1,Unfurnished,1,2,2,2,6,Vitrified,1,1,0,1,0,Covered,1,Corporation + Borewell,3108.86,Kharadi,411014,Society,3.73,0.57,2.0,1.78,21429.74,6084514.46,8971.695925920463,Broker,70,2,0,3,3,0,0,0,0,0,1,0,0,0,0,0,0,0,0,0,0.2001368735403346,0.2105557280347718,0.4285714285714285,0.4736842105263157,0.55,1.0,1.0,0.2,0.4,0.4,0.5555555555555556,1.0,1.0,0.0,1.0,0.0,1.0,0.2649099779247422,0.232142857143117,0.4902777777777778,0.0307564422277639,0.6498194945848376,0.4640000000000001,0.1297895944959274,0.6272727272727273,0.5,0.0,0.0,0.0,0.0,0.0,1.0,0.0,0.0,0.0,0.0,0.0,0.0,0.0,0.0,0.0,0.6923076923076923,0.6262754735363076,226.06333333333336
3 BHK,1218.76,827.62,7,12,14,1,Fully Furnished,1,4,3,1,3,Vitrified,1,1,0,0,0,Not Specified,0,Borewell,3389.04,Nigdi,411044,Society,3.14,11.75,1.07,2.62,39046.68,9372020.77,7689.800100101743,Broker,27,3,2,3,3,0,0,0,0,0,0,0,0,0,1,0,0,0,0,0,0.4588422221371416,0.2060579012728966,0.3333333333333333,0.4210526315789473,0.7000000000000001,1.0,1.0,0.6000000000000001,0.6000000000000001,0.2,0.2222222222222222,1.0,1.0,0.0,0.0,0.0,0.0,0.2970567852733706,0.7678571428577925,0.4083333333333334,0.9600997506234412,0.3140794223826715,0.8,0.0901991137049579,0.2363636363636363,1.0,0.0,0.0,0.0,0.0,0.0,0.0,0.0,0.0,0.0,1.0,0.0,0.0,0.0,0.0,0.0,0.5833333333333334,0.25839327912099785,406.25333333333333
5 BHK,1785.86,1987.84,14,18,8,1,Unfurnished,1,4,5,3,5,Ceramic,1,1,0,1,0,Bike,0,Borewell,3414.89,Magarpatta,411013,Society,5.17,1.65,1.82,2.62,42588.03,10855312.9,6078.479220095641,Owner,20,3,0,5,5,0,0,0,0,0,0,0,0,1,0,0,0,0,0,0,0.730244266625828,0.6563140329090345,0.6666666666666666,0.7368421052631579,0.4,1.0,1.0,0.6000000000000001,1.0,0.6000000000000001,0.4444444444444445,1.0,1.0,0.0,1.0,0.0,0.0,0.3000227177809088,0.214285714286234,0.6902777777777778,0.1205320033250207,0.5848375451263538,0.8,0.0404324240181756,0.1727272727272727,1.0,0.0,0.0,0.0,0.0,0.0,0.0,0.0,0.0,1.0,0.0,0.0,0.0,0.0,0.0,0.0,0.7777777777777778,0.4422312053546723,357.17199999999997
1 BHK,431.28,474.27,12,12,13,1,Fully Furnished,1,1,0,0,1,Vitrified,1,1,1,0,0,Bike,1,Tanker,841.71,Pimple Saudagar,411027,Society,5.17,4.94,1.43,2.02,12392.09,3257456.24,7552.996290113152,Owner,19,3,2,1,1,0,0,0,0,0,0,0,0,0,0,1,0,0,0,0,0.0819709789808185,0.0689304563800062,0.5714285714285714,0.4210526315789473,0.65,1.0,1.0,0.0,0.0,0.0,0.0,1.0,1.0,1.0,0.0,0.0,1.0,0.0047856497055867,0.464285714286234,0.6902777777777778,0.3940149625935162,0.4440433212996389,0.56,0.085975499019689,0.1636363636363636,1.0,0.0,0.0,0.0,0.0,0.0,0.0,0.0,0.0,0.0,0.0,1.0,0.0,0.0,0.0,0.0,1.0,0.4166635595907877,431.28
4 BHK,1240.68,1486.96,8,9,11,1,Semi-Furnished,1,4,5,3,4,Marble,1,1,0,1,1,Covered,1,Corporation + Borewell,4327.94,Shivajinagar,411005,Society,1.56,6.22,0.64,1.77,54047.24,11094444.97,8942.229237192507,Broker,11,2,1,4,4,0,0,0,0,0,0,0,0,0,0,0,0,1,0,0,0.4693326697040469,0.4619334057746042,0.3809523809523809,0.2631578947368421,0.55,1.0,1.0,0.6000000000000001,1.0,0.6000000000000001,0.3333333333333333,1.0,1.0,0.0,1.0,1.0,1.0,0.4047826665626391,0.071428571429351,0.1888888888888888,0.5004156275976724,0.1588447653429602,0.4600000000000001,0.128881247089026,0.0909090909090909,0.5,0.0,0.0,0.0,0.0,0.0,0.0,0.0,0.0,0.0,0.0,0.0,0.0,1.0,0.0,0.0,0.8888888888888888,0.5710986837519954,310.17
3 BHK,1129.98,1380.71,17,18,8,1,Semi-Furnished,1,3,2,2,5,Ceramic,1,1,0,0,0,Open,1,Municipal,2634.5,Wakad,411057,Society,4.43,3.71,2.21,2.47,37320.74,7780672.62,6885.672861466574,Owner,29,3,1,3,3,0,0,0,0,0,0,0,0,0,0,0,0,0,0,1,0.4163539951759256,0.4207000931387768,0.8095238095238095,0.7368421052631579,0.4,1.0,1.0,0.4000000000000001,0.4,0.4,0.4444444444444445,1.0,1.0,0.0,0.0,0.0,1.0,0.2104836822080765,1.0,0.5875,0.2917705735660847,0.7256317689530686,0.7400000000000001,0.065362715072328,0.2545454545454545,1.0,0.0,0.0,0.0,0.0,0.0,0.0,0.0,0.0,0.0,0.0,0.0,0.0,0.0,0.0,1.0,0.9444444444444444,0.43544409086109825,376.66
4 BHK,1445.69,1670.19,0,15,5,1,Unfurnished,0,5,4,3,5,Granite,1,0,1,0,0,Covered,1,Municipal,5498.64,Kharadi,411014,Society,5.37,2.44,2.1,2.39,41980.2,20346045.82,14073.58826581079,Broker,46,2,0,4,4,0,0,0,0,0,1,0,0,0,0,0,0,0,0,0,0.5674461120257285,0.5330409810617822,0.0,0.5789473684210527,0.25,1.0,0.0,0.8,0.8,0.6000000000000001,0.4444444444444445,1.0,0.0,1.0,0.0,0.0,1.0,0.5391044145926174,0.232142857143117,0.7180555555555556,0.1862011637572734,0.6859205776173286,0.7080000000000001,0.2873679483394014,0.409090909090909,0.5,0.0,0.0,0.0,0.0,0.0,1.0,0.0,0.0,0.0,0.0,0.0,0.0,0.0,0.0,0.0,0.0,0.4362630933971898,361.4225
1 BHK,446.67,536.01,4,12,6,1,Unfurnished,1,2,2,0,1,Marble,0,1,1,1,0,Covered,1,Municipal,2251.44,Viman Nagar,411014,Standalone,3.03,4.95,1.42,1.52,18173.93,4220646.17,9449.137327333377,Not Specified,31,2,0,1,1,0,0,0,0,0,0,0,0,0,0,0,0,0,1,0,0.0893363069030207,0.0928904067059919,0.1904761904761904,0.4210526315789473,0.3,1.0,1.0,0.2,0.4,0.0,0.0,0.0,1.0,1.0,1.0,0.0,1.0,0.1665328076882478,0.232142857143117,0.3930555555555555,0.3948462177888611,0.4404332129963898,0.3600000000000001,0.1445378083779219,0.2727272727272727,0.5,0.0,0.0,0.0,0.0,0.0,0.0,0.0,0.0,0.0,0.0,0.0,0.0,0.0,1.0,0.0,0.3333333333333333,0.5662062055766062,446.67
4 BHK,1417.8,1630.53,14,17,17,1,Semi-Furnished,1,4,3,2,6,Wooden,1,1,0,1,0,Covered,0,Borewell,3288.94,Wakad,411057,Society,4.43,2.59,2.27,2.58,47232.5,16922538.39,11935.772598391875,Broker,53,3,1,4,4,0,0,0,0,0,0,0,0,0,0,0,0,0,0,1,0.554098548949041,0.5176497981993171,0.6666666666666666,0.6842105263157894,0.8500000000000001,1.0,1.0,0.6000000000000001,0.6000000000000001,0.4,0.5555555555555556,1.0,1.0,0.0,1.0,0.0,0.0,0.2855716849250313,1.0,0.5875,0.198669991687448,0.7472924187725632,0.784,0.2213381029036231,0.4727272727272727,1.0,0.0,0.0,0.0,0.0,0.0,0.0,0.0,0.0,0.0,0.0,0.0,0.0,0.0,0.0,1.0,0.8235294117647058,0.4542179829996674,354.45
3 BHK,779.31,972.21,10,12,4,1,Fully Furnished,1,3,2,3,6,Ceramic,1,1,0,1,1,Stilt,0,Municipal,3674.68,Kalyani Nagar,411006,Society,2.18,5.35,1.11,1.67,57220.12,12305992.54,15790.882370301933,Owner,30,1,2,3,3,0,0,0,0,1,0,0,0,0,0,0,0,0,0,0,0.2485307630460584,0.2621701334989134,0.4761904761904761,0.4210526315789473,0.2,1.0,1.0,0.4000000000000001,0.4,0.6000000000000001,0.5555555555555556,1.0,1.0,0.0,1.0,1.0,0.0,0.3298300526409994,0.089285714286234,0.275,0.4280964256026599,0.3285198555956679,0.42,0.3404051210903381,0.2636363636363636,0.0,0.0,0.0,0.0,0.0,1.0,0.0,0.0,0.0,0.0,0.0,0.0,0.0,0.0,0.0,0.0,0.8333333333333334,0.5775666996640014,259.77
3 BHK,1062.22,1181.6,5,17,11,1,Semi-Furnished,1,3,3,2,6,Granite,1,1,1,0,0,Covered,1,Corporation + Borewell,3263.36,Nigdi,411044,Society,2.88,10.96,1.56,2.48,19128.79,7995989.62,7527.621038956148,Builder,78,3,1,3,3,0,0,0,0,0,0,0,0,0,1,0,0,0,0,0,0.383925494850492,0.3434298354548277,0.238095238095238,0.6842105263157894,0.55,1.0,1.0,0.4000000000000001,0.6000000000000001,0.4,0.5555555555555556,1.0,1.0,1.0,0.0,0.0,1.0,0.2826367312096415,0.7678571428577925,0.3722222222222222,0.8944305901911886,0.4909747292418772,0.744,0.0851910031293356,0.7000000000000001,1.0,0.0,0.0,0.0,0.0,0.0,0.0,0.0,0.0,0.0,1.0,0.0,0.0,0.0,0.0,0.0,0.29411764705882354,0.3065940083110975,354.0733333333333
4 BHK,1435.16,1788.82,1,13,11,1,Fully Furnished,1,5,4,3,7,Wooden,1,1,0,0,0,Open,0,Municipal,4977.24,Aundh,411007,Society,3.27,4.32,1.44,1.16,52498.59,14280291.1,9950.312926781682,Owner,47,2,2,4,4,1,0,0,0,0,0,0,0,0,0,0,0,0,0,0,0.5624066771315901,0.579078702266377,0.0476190476190476,0.4736842105263157,0.55,1.0,1.0,0.8,0.8,0.6000000000000001,0.6666666666666665,1.0,1.0,0.0,0.0,0.0,0.0,0.4792809248661028,0.107142857143117,0.4263888888888889,0.342477140482128,0.4476534296028881,0.2159999999999999,0.1600164682365644,0.4181818181818181,0.5,1.0,0.0,0.0,0.0,0.0,0.0,0.0,0.0,0.0,0.0,0.0,0.0,0.0,0.0,0.0,0.07692307692307693,0.611027824478356,358.79
2 BHK,612.88,777.19,4,11,7,1,Semi-Furnished,1,2,2,1,2,Granite,1,1,0,1,0,Not Specified,1,Tanker,2049.04,Kothrud,411038,Society,2.43,7.24,0.96,1.47,29380.38,5884929.75,9602.091355567158,Owner,25,2,1,2,2,0,0,0,0,0,0,0,1,0,0,0,0,0,0,0,0.1688808913051801,0.1864871158025458,0.1904761904761904,0.368421052631579,0.35,1.0,1.0,0.2,0.4,0.2,0.1111111111111111,1.0,1.0,0.0,1.0,0.0,1.0,0.1433101872036936,0.6607142857146755,0.3097222222222222,0.5852036575228594,0.2743682310469313,0.3399999999999999,0.1492611531224789,0.2181818181818181,0.5,0.0,0.0,0.0,0.0,0.0,0.0,0.0,1.0,0.0,0.0,0.0,0.0,0.0,0.0,0.0,0.36363636363636365,0.5361602860171952,306.44
2 BHK,644.39,799.36,12,14,8,1,Unfurnished,0,3,2,0,2,Wooden,1,1,0,1,0,Covered,1,Municipal,3109.1,Kothrud,411038,Standalone,1.18,8.62,0.84,1.33,25319.95,6224934.65,9660.197473579665,Broker,37,2,0,2,2,0,0,0,0,0,0,0,1,0,0,0,0,0,0,0,0.1839609096826065,0.195090810307358,0.5714285714285714,0.5263157894736842,0.4,1.0,0.0,0.4000000000000001,0.4,0.0,0.1111111111111111,1.0,1.0,0.0,1.0,0.0,1.0,0.264937514628874,0.6607142857146755,0.1361111111111111,0.6999168744804654,0.2310469314079422,0.284,0.1510562279707995,0.3272727272727272,0.5,0.0,0.0,0.0,0.0,0.0,0.0,0.0,1.0,0.0,0.0,0.0,0.0,0.0,0.0,0.0,0.8571428571428571,0.5698114288261467,322.195
1 BHK,395.65,460.36,1,10,7,1,Unfurnished,0,2,1,0,1,Ceramic,0,0,1,0,0,Covered,0,Corporation + Borewell,800.0,Magarpatta,411013,Society,4.92,2.78,1.45,2.11,10064.77,2831762.44,7157.241096929104,Builder,8,3,0,1,1,0,0,0,0,0,0,0,0,1,0,0,0,0,0,0,0.0649192158964738,0.0635322881092828,0.0476190476190476,0.3157894736842105,0.35,1.0,0.0,0.2,0.2,0.0,0.0,0.0,0.0,1.0,0.0,0.0,0.0,0.0,0.214285714286234,0.6555555555555556,0.2144638403990024,0.4512635379061371,0.596,0.0737524971060132,0.0636363636363636,1.0,0.0,0.0,0.0,0.0,0.0,0.0,0.0,0.0,1.0,0.0,0.0,0.0,0.0,0.0,0.0,0.1,0.4771810633830258,395.65
1 BHK,393.29,458.33,8,12,17,1,Unfurnished,0,1,0,0,2,Vitrified,1,1,0,1,0,Covered,0,Corporation + Borewell,1563.14,Kothrud,411038,Standalone,2.23,7.81,0.97,1.75,13230.06,4710934.12,11978.270792544941,Broker,43,2,0,1,1,0,0,0,0,0,0,0,1,0,0,0,0,0,0,0,0.063789769899307,0.0627444892890407,0.3809523809523809,0.4210526315789473,0.8500000000000001,1.0,0.0,0.0,0.0,0.0,0.1111111111111111,1.0,1.0,0.0,1.0,0.0,0.0,0.0875598349633532,0.6607142857146755,0.2819444444444444,0.6325852036575228,0.2779783393501805,0.452,0.222649817095092,0.3818181818181818,0.5,0.0,0.0,0.0,0.0,0.0,0.0,0.0,1.0,0.0,0.0,0.0,0.0,0.0,0.0,0.0,0.6666666666666666,0.4997191968369401,393.29
2 BHK,622.44,783.34,2,4,6,1,Semi-Furnished,1,2,3,1,2,Not Specified,0,0,0,0,0,Covered,1,Municipal,2576.29,Kothrud,411038,Standalone,1.95,6.38,1.3,1.48,26572.81,6191995.58,9947.939688966004,Broker,33,2,1,2,2,0,0,0,0,0,0,0,1,0,0,0,0,0,0,0,0.1734561047513305,0.1888737969574667,0.0952380952380952,0.0,0.3,1.0,1.0,0.2,0.6000000000000001,0.2,0.1111111111111111,0.0,0.0,0.0,0.0,0.0,1.0,0.2038048840934228,0.6607142857146755,0.2430555555555555,0.513715710723192,0.3971119133574007,0.344,0.1599441957805239,0.2909090909090909,0.5,0.0,0.0,0.0,0.0,0.0,0.0,0.0,1.0,0.0,0.0,0.0,0.0,0.0,0.0,0.0,0.5,0.5801531608972328,311.22
2 BHK,776.6,927.23,1,17,13,1,Fully Furnished,1,2,2,1,2,Vitrified,1,0,1,0,0,Covered,0,Municipal,1494.77,Wakad,411057,Society,4.79,1.62,1.69,1.94,22250.3,6235095.83,8028.709541591553,Owner,7,3,2,2,2,0,0,0,0,0,0,0,0,0,0,0,0,0,0,1,0.247233814464566,0.2447143744178826,0.0476190476190476,0.6842105263157894,0.65,1.0,1.0,0.2,0.4,0.2,0.1111111111111111,1.0,0.0,1.0,0.0,0.0,0.0,0.0797153163737832,1.0,0.6375000000000001,0.1180382377389858,0.5379061371841155,0.528,0.1006659567081811,0.0545454545454545,1.0,0.0,0.0,0.0,0.0,0.0,0.0,0.0,0.0,0.0,0.0,0.0,0.0,0.0,0.0,1.0,0.058823529411764705,0.5328155566095059,388.3
1 BHK,489.75,610.78,4,8,12,1,Unfurnished,1,1,1,0,1,Vitrified,1,1,1,0,1,Covered,1,Municipal,2005.13,Shivajinagar,411005,Society,0.81,7.38,1.15,1.02,23611.63,4338412.32,8858.422297090352,Broker,16,2,0,1,1,0,0,0,0,0,0,0,0,0,0,0,0,1,0,0,0.1099534821394387,0.1219070164545172,0.1904761904761904,0.2105263157894736,0.6000000000000001,1.0,1.0,0.0,0.2,0.0,0.0,1.0,1.0,1.0,0.0,1.0,1.0,0.1382721177102313,0.071428571429351,0.0847222222222222,0.596841230257689,0.3429602888086642,0.16,0.1262939549341085,0.1363636363636363,0.5,0.0,0.0,0.0,0.0,0.0,0.0,0.0,0.0,0.0,0.0,0.0,0.0,1.0,0.0,0.0,0.5,0.6533944284557531,489.75
4 BHK,1187.1,1367.53,15,16,13,1,Semi-Furnished,1,4,3,3,6,Ceramic,1,1,1,1,0,Covered,1,Municipal,4608.31,Kharadi,411014,Society,4.4,1.78,1.95,2.41,66505.39,18302699.55,15417.993050290626,Owner,30,2,1,4,4,0,0,0,0,0,1,0,0,0,0,0,0,0,0,0,0.4436904169378613,0.4155852219807514,0.7142857142857142,0.631578947368421,0.65,1.0,1.0,0.6000000000000001,0.6000000000000001,0.6000000000000001,0.5555555555555556,1.0,1.0,1.0,1.0,0.0,1.0,0.4369512738020387,0.232142857143117,0.5833333333333334,0.1313383208645054,0.631768953068592,0.7160000000000001,0.3288878566213307,0.2636363636363636,0.5,0.0,0.0,0.0,0.0,0.0,1.0,0.0,0.0,0.0,0.0,0.0,0.0,0.0,0.0,0.0,0.9375,0.4958085876932974,296.775
2 BHK,451.1,513.56,4,12,11,1,Semi-Furnished,1,3,1,2,2,Vitrified,1,1,1,1,1,Covered,1,Municipal,1421.93,Kalyani Nagar,411006,Society,1.58,5.31,0.63,1.4,22872.98,4963519.53,11003.146818887164,Broker,19,1,1,2,2,0,0,0,0,1,0,0,0,0,0,0,0,0,0,0,0.0914564110417703,0.0841780502949394,0.1904761904761904,0.4210526315789473,0.55,1.0,1.0,0.4000000000000001,0.2,0.4,0.1111111111111111,1.0,1.0,1.0,1.0,1.0,1.0,0.0713579266697569,0.089285714286234,0.1916666666666666,0.42477140482128,0.1552346570397111,0.3119999999999999,0.192536911458211,0.1636363636363636,0.0,0.0,0.0,0.0,0.0,1.0,0.0,0.0,0.0,0.0,0.0,0.0,0.0,0.0,0.0,0.0,0.3333333333333333,0.6345300958547075,225.55
1 BHK,400.11,478.57,3,17,7,1,Semi-Furnished,1,1,1,0,2,Vitrified,1,1,0,1,1,Stilt,1,Borewell,1166.5,Aundh,411007,Society,3.82,3.63,1.33,1.42,19502.25,3268718.02,8169.548424183349,Broker,28,2,1,1,1,1,0,0,0,0,0,0,0,0,0,0,0,0,0,0,0.0670536773995941,0.0705991927972679,0.1428571428571428,0.6842105263157894,0.35,1.0,1.0,0.0,0.2,0.0,0.1111111111111111,1.0,1.0,0.0,1.0,1.0,1.0,0.0420508419347288,0.107142857143117,0.5027777777777778,0.285120532003325,0.407942238267148,0.3199999999999999,0.1050162026198456,0.2454545454545454,0.5,1.0,0.0,0.0,0.0,0.0,0.0,0.0,0.0,0.0,0.0,0.0,0.0,0.0,0.0,0.0,0.17647058823529413,0.5772814861531133,400.11
1 BHK,515.22,565.15,3,6,4,1,Unfurnished,1,1,0,0,2,Granite,1,1,0,1,0,Not Specified,1,Borewell,1379.08,Shivajinagar,411005,Society,0.86,7.67,1.14,1.53,17845.4,5207743.54,10107.805481153682,Broker,25,2,0,1,1,0,0,0,0,0,0,0,0,0,0,0,0,1,0,0,0.1221428844902178,0.1041990065197144,0.1428571428571428,0.1052631578947368,0.2,1.0,1.0,0.0,0.0,0.0,0.1111111111111111,1.0,1.0,0.0,1.0,0.0,1.0,0.0664414776195437,0.071428571429351,0.0916666666666666,0.6209476309226932,0.3393501805054151,0.3640000000000001,0.1648818870400043,0.2181818181818181,0.5,0.0,0.0,0.0,0.0,0.0,0.0,0.0,0.0,0.0,0.0,0.0,0.0,1.0,0.0,0.0,0.5,0.5887509356642635,515.22
3 BHK,816.26,966.37,2,16,11,1,Semi-Furnished,1,4,4,2,3,Granite,1,1,1,1,1,Covered,1,Municipal,2535.54,Kothrud,411038,Society,1.36,7.53,1.5,1.53,41153.63,8010259.2,9813.36730943572,Owner,11,2,1,3,3,0,0,0,0,0,0,0,1,0,0,0,0,0,0,0,0.2662142501627167,0.25990375659733,0.0952380952380952,0.631578947368421,0.55,1.0,1.0,0.6000000000000001,0.8,0.4,0.2222222222222222,1.0,1.0,1.0,1.0,1.0,1.0,0.1991293812043636,0.6607142857146755,0.1611111111111111,0.6093100581878637,0.4693140794223827,0.3640000000000001,0.1557876029882498,0.0909090909090909,0.5,0.0,0.0,0.0,0.0,0.0,0.0,0.0,1.0,0.0,0.0,0.0,0.0,0.0,0.0,0.0,0.125,0.5700441667530793,272.08666666666664
1 RK,435.7,486.16,10,15,5,1,Unfurnished,0,1,1,0,1,Granite,0,0,0,0,0,Covered,1,Borewell,830.63,Magarpatta,411013,Standalone,4.13,1.65,2.09,1.99,17527.28,3270130.99,7505.464746385128,Broker,54,3,0,1,1,0,0,0,0,0,0,0,0,1,0,0,0,0,0,0,0.0840862973314445,0.0735447066128531,0.4761904761904761,0.5789473684210527,0.25,1.0,0.0,0.0,0.2,0.0,0.0,0.0,0.0,0.0,0.0,0.0,1.0,0.0035143718648315,0.214285714286234,0.5458333333333333,0.1205320033250207,0.6823104693140793,0.548,0.0845034882270022,0.4818181818181818,1.0,0.0,0.0,0.0,0.0,0.0,0.0,0.0,0.0,1.0,0.0,0.0,0.0,0.0,0.0,0.0,0.6666666666666666,0.5563857445092115,435.7
3 BHK,996.13,1112.29,1,10,0,1,Unfurnished,0,2,3,2,4,Ceramic,0,0,0,0,0,Covered,1,Municipal,2169.51,Hadapsar,411028,Standalone,4.95,3.26,2.18,1.53,28053.3,6436996.84,6462.004798570468,Owner,28,3,0,3,3,0,0,1,0,0,0,0,0,0,0,0,0,0,0,0,0.3522962211416976,0.3165321328779882,0.0476190476190476,0.3157894736842105,0.0,1.0,0.0,0.2,0.6000000000000001,0.4,0.3333333333333333,0.0,0.0,0.0,0.0,0.0,1.0,0.1571324653152264,0.482142857143117,0.6597222222222222,0.254364089775561,0.7148014440433214,0.3640000000000001,0.0522773853925629,0.2454545454545454,1.0,0.0,0.0,1.0,0.0,0.0,0.0,0.0,0.0,0.0,0.0,0.0,0.0,0.0,0.0,0.0,0.1,0.524712940187184,332.04333333333335
4 BHK,1461.3,1666.54,0,11,13,1,Unfurnished,1,5,3,4,6,Not Specified,0,0,0,0,0,Covered,0,Corporation + Borewell,4290.44,Wakad,411057,Standalone,5.57,2.2,1.94,2.2,22881.51,8503861.53,5819.381051118867,Owner,11,3,0,4,4,0,0,0,0,0,0,0,0,0,0,0,0,0,0,1,0.5749167272866497,0.5316244954982925,0.0,0.368421052631579,0.65,1.0,1.0,0.8,0.6000000000000001,0.8,0.5555555555555556,0.0,0.0,0.0,0.0,0.0,0.0,0.4004800565420324,1.0,0.7458333333333333,0.1662510390689941,0.628158844765343,0.6320000000000001,0.0324296393666214,0.0909090909090909,1.0,0.0,0.0,0.0,0.0,0.0,0.0,0.0,0.0,0.0,0.0,0.0,0.0,0.0,0.0,1.0,0.0,0.45409452159247743,365.325
3 BHK,1006.98,1277.75,9,12,7,1,Unfurnished,0,4,4,1,5,Granite,1,1,0,0,0,Bike,0,Borewell,2194.38,Wakad,411057,Society,5.28,2.05,2.07,2.46,29589.46,6644601.97,6598.544131958926,Owner,34,3,0,3,3,0,0,0,0,0,0,0,0,0,0,0,0,0,0,1,0.3574888012557908,0.3807435579012729,0.4285714285714285,0.4210526315789473,0.35,1.0,0.0,0.6000000000000001,0.8,0.2,0.4444444444444445,1.0,1.0,0.0,0.0,0.0,0.0,0.1599859562808927,1.0,0.7055555555555556,0.1537822111388195,0.6750902527075812,0.736,0.0564942052315375,0.3,1.0,0.0,0.0,0.0,0.0,0.0,0.0,0.0,0.0,0.0,0.0,0.0,0.0,0.0,0.0,1.0,0.75,0.4434681143184823,335.66
2 BHK,679.52,793.54,7,8,11,1,Unfurnished,0,3,0,0,4,Granite,0,0,1,0,1,Open,0,Municipal,1714.83,Kharadi,411014,Standalone,3.76,1.28,1.64,1.78,19098.28,4929588.74,7254.516040734637,Broker,46,2,0,2,2,0,0,0,0,0,1,0,0,0,0,0,0,0,0,0,0.2007733833607718,0.192832194970506,0.3333333333333333,0.2105263157894736,0.55,1.0,0.0,0.4000000000000001,0.0,0.0,0.3333333333333333,0.0,0.0,1.0,0.0,1.0,0.0,0.1049641793373751,0.232142857143117,0.4944444444444444,0.0897755610972568,0.51985559566787,0.4640000000000001,0.0767570545947368,0.409090909090909,0.5,0.0,0.0,0.0,0.0,0.0,1.0,0.0,0.0,0.0,0.0,0.0,0.0,0.0,0.0,0.0,0.875,0.6055728002988838,339.76
3 BHK,1023.79,1276.37,2,14,7,1,Semi-Furnished,1,3,3,2,6,Wooden,1,1,1,0,0,Stilt,1,Tanker,2000.62,Pune Camp,411001,Standalone,1.3,6.83,1.52,1.61,32411.44,12023924.4,11744.522216470175,Owner,7,3,1,3,3,0,0,0,0,0,0,0,0,0,0,0,1,0,0,0,0.3655337110915425,0.3802080099348028,0.0952380952380952,0.5263157894736842,0.35,1.0,1.0,0.4000000000000001,0.6000000000000001,0.4,0.5555555555555556,1.0,1.0,1.0,0.0,0.0,1.0,0.1377546571450863,0.0,0.1527777777777778,0.5511221945137157,0.4765342960288808,0.3960000000000001,0.2154336903304395,0.0545454545454545,1.0,0.0,0.0,0.0,0.0,0.0,0.0,0.0,0.0,0.0,0.0,0.0,1.0,0.0,0.0,0.0,0.14285714285714285,0.5832786289654646,341.2633333333333
1 BHK,325.8,367.59,9,10,10,1,Unfurnished,0,1,0,0,2,Vitrified,1,1,0,0,0,Open,0,Corporation + Borewell,1254.15,Shivajinagar,411005,Society,1.13,8.54,0.9,1.48,10897.82,2800000.0,8594.229588704726,Broker,21,2,0,1,1,0,0,0,0,0,0,0,0,0,0,0,0,1,0,0,0.0314904858532103,0.0275302701024526,0.4285714285714285,0.3157894736842105,0.5,1.0,0.0,0.0,0.0,0.0,0.1111111111111111,1.0,1.0,0.0,0.0,0.0,0.0,0.0521074757562267,0.071428571429351,0.1291666666666666,0.6932668329177055,0.2527075812274368,0.344,0.1181367419576817,0.1818181818181818,0.5,0.0,0.0,0.0,0.0,0.0,0.0,0.0,0.0,0.0,0.0,0.0,0.0,1.0,0.0,0.0,0.9,0.5582184706878084,325.8
3 BHK,1413.29,1645.42,3,20,10,1,Semi-Furnished,0,3,3,2,3,Vitrified,1,1,1,0,0,Covered,0,Municipal,4841.86,Kharadi,411014,Society,3.73,2.05,2.37,2.11,43767.03,11508235.22,8142.868922867919,Broker,16,2,1,3,3,0,0,0,0,0,1,0,0,0,0,0,0,0,0,0,0.5519401585053028,0.5234282831418815,0.1428571428571428,0.8421052631578947,0.5,1.0,0.0,0.4000000000000001,0.6000000000000001,0.4,0.2222222222222222,1.0,1.0,1.0,0.0,0.0,0.0,0.4637479290103767,0.232142857143117,0.4902777777777778,0.1537822111388195,0.7833935018050542,0.596,0.1041934085049238,0.1363636363636363,0.5,0.0,0.0,0.0,0.0,0.0,1.0,0.0,0.0,0.0,0.0,0.0,0.0,0.0,0.0,0.0,0.15,0.5506810965314646,471.09666666666664
4 BHK,1643.45,1986.55,10,12,12,1,Semi-Furnished,1,4,4,2,6,Granite,1,0,0,1,0,Bike,0,Municipal,4613.3,Viman Nagar,411014,Society,2.48,5.53,1.41,1.55,56960.16,14764986.5,8984.140983905807,Not Specified,8,2,1,4,4,0,0,0,0,0,0,0,0,0,0,0,0,0,1,0,0.6620898579578086,0.6558134119838561,0.4761904761904761,0.4210526315789473,0.6000000000000001,1.0,1.0,0.6000000000000001,0.8,0.4,0.5555555555555556,1.0,0.0,0.0,1.0,0.0,0.0,0.4375238077754473,0.232142857143117,0.3166666666666666,0.4430590191188694,0.4368231046931408,0.3720000000000001,0.1301762830214087,0.0636363636363636,0.5,0.0,0.0,0.0,0.0,0.0,0.0,0.0,0.0,0.0,0.0,0.0,0.0,0.0,1.0,0.0,0.8333333333333334,0.5719677300421373,410.8625
2 BHK,432.9,508.21,6,16,11,1,Unfurnished,1,3,3,1,3,Marble,1,0,0,1,0,Open,0,Municipal,800.0,Kharadi,411014,Society,4.45,2.02,2.15,2.29,19043.13,3883988.23,8972.021783321783,Owner,28,2,0,2,2,0,0,0,0,0,1,0,0,0,0,0,0,0,0,0,0.0827462766568398,0.0821018317292766,0.2857142857142857,0.631578947368421,0.55,1.0,1.0,0.4000000000000001,0.6000000000000001,0.2,0.2222222222222222,1.0,0.0,0.0,1.0,0.0,0.0,0.0,0.232142857143117,0.5902777777777778,0.1512884455527846,0.703971119133574,0.668,0.1298016399052675,0.2454545454545454,0.5,0.0,0.0,0.0,0.0,0.0,1.0,0.0,0.0,0.0,0.0,0.0,0.0,0.0,0.0,0.0,0.375,0.49983555635640675,216.45
3 BHK,835.23,1013.7,2,11,7,1,Semi-Furnished,1,3,3,3,3,Vitrified,1,1,1,0,1,Covered,1,Corporation + Borewell,4564.67,Baner,411045,Society,3.14,2.75,2.46,2.0,44903.16,19425527.38,23257.69833459047,Broker,30,1,1,3,3,0,1,0,0,0,0,0,0,0,0,0,0,0,0,0,0.2752928902331636,0.2782714995343062,0.0952380952380952,0.368421052631579,0.35,1.0,1.0,0.4000000000000001,0.6000000000000001,0.6000000000000001,0.2222222222222222,1.0,1.0,1.0,0.0,1.0,1.0,0.4319441831007247,0.7857142857146755,0.4083333333333334,0.2119700748129675,0.8158844765342961,0.552,0.5710265283153599,0.2636363636363636,0.0,0.0,1.0,0.0,0.0,0.0,0.0,0.0,0.0,0.0,0.0,0.0,0.0,0.0,0.0,0.0,0.18181818181818182,0.5699310418034866,278.41
3 BHK,1001.81,1122.05,8,10,8,1,Semi-Furnished,0,3,3,2,5,Marble,1,1,0,1,1,Not Specified,0,Borewell,2277.3,Kharadi,411014,Society,4.15,2.36,2.26,2.49,34992.77,18093646.68,18060.956349008295,Owner,20,2,1,3,3,0,0,0,0,0,1,0,0,0,0,0,0,0,0,0,0.3550145487958956,0.3203197764669357,0.3809523809523809,0.3157894736842105,0.4,1.0,0.0,0.4000000000000001,0.6000000000000001,0.4,0.4444444444444445,1.0,1.0,0.0,1.0,1.0,0.0,0.1694998875584581,0.232142857143117,0.5486111111111112,0.1795511221945137,0.743682310469314,0.7480000000000001,0.4105189780057002,0.1727272727272727,0.5,0.0,0.0,0.0,0.0,0.0,1.0,0.0,0.0,0.0,0.0,0.0,0.0,0.0,0.0,0.0,0.8,0.4827147183034346,333.93666666666667
2 BHK,453.92,525.61,6,7,6,1,Fully Furnished,1,3,2,2,4,Granite,1,1,1,1,1,Open,1,Municipal,2576.62,Kalyani Nagar,411006,Society,2.34,4.41,1.53,1.04,34994.37,14998678.86,33042.56005463518,Owner,20,1,2,2,2,0,0,0,0,1,0,0,0,0,0,0,0,0,0,0,0.0928060032926222,0.088854393045638,0.2857142857142857,0.1578947368421052,0.3,1.0,1.0,0.4000000000000001,0.4,0.4,0.3333333333333333,1.0,1.0,1.0,1.0,1.0,1.0,0.2038427470616042,0.089285714286234,0.2972222222222222,0.3499584372402327,0.48014440433213,0.168,0.8732368918149281,0.1727272727272727,0.0,0.0,0.0,0.0,0.0,1.0,0.0,0.0,0.0,0.0,0.0,0.0,0.0,0.0,0.0,0.0,0.8571428571428571,0.6632872447263289,226.96
1 BHK,384.97,427.11,4,4,10,1,Fully Furnished,1,2,2,1,1,Vitrified,0,1,1,1,1,Covered,1,Municipal,2116.8,Baner,411045,Society,2.3,3.49,2.1,2.25,24748.56,12307398.45,31969.759851416988,Owner,14,1,2,1,1,0,1,0,0,0,0,0,0,0,0,0,0,0,0,0,0.0598079941804816,0.0506286867432474,0.1904761904761904,0.0,0.5,1.0,1.0,0.2,0.4,0.2,0.0,0.0,1.0,1.0,1.0,1.0,1.0,0.1510847166702617,0.7857142857146755,0.2916666666666666,0.2734829592684954,0.6859205776173286,0.652,0.8401135604129785,0.1181818181818181,0.0,0.0,1.0,0.0,0.0,0.0,0.0,0.0,0.0,0.0,0.0,0.0,0.0,0.0,0.0,0.0,1.0,0.5608904945577062,384.97
3 BHK,1015.58,1212.09,18,18,11,1,Unfurnished,0,3,3,1,5,Marble,0,1,0,0,0,Covered,1,Corporation + Borewell,2436.94,Magarpatta,411013,Society,5.03,1.81,1.94,2.14,22954.9,8034443.44,7911.187144291932,Broker,34,3,0,3,3,0,0,0,0,0,0,0,0,1,0,0,0,0,0,0,0.3616045790420766,0.355262340887923,0.8571428571428571,0.7368421052631579,0.55,1.0,0.0,0.4000000000000001,0.6000000000000001,0.2,0.4444444444444445,0.0,1.0,0.0,0.0,0.0,1.0,0.1878163852568486,0.214285714286234,0.6708333333333334,0.1338320864505403,0.628158844765343,0.6080000000000001,0.0970378176436214,0.3,1.0,0.0,0.0,0.0,0.0,0.0,0.0,0.0,0.0,1.0,0.0,0.0,0.0,0.0,0.0,0.0,1.0,0.49545870167292894,338.5266666666667
1 BHK,392.73,425.05,8,11,3,1,Fully Furnished,1,2,1,1,1,Marble,1,1,0,1,1,Covered,1,Corporation + Borewell,1902.59,Baner,411045,Society,2.99,3.73,1.61,2.5,27816.23,11082599.24,28219.38543019377,Owner,30,1,2,1,1,0,1,0,0,0,0,0,0,0,0,0,0,0,0,0,0.0635217657643861,0.0498292455759081,0.3809523809523809,0.368421052631579,0.15,1.0,1.0,0.2,0.2,0.2,0.0,1.0,1.0,0.0,1.0,1.0,1.0,0.1265070608698844,0.7857142857146755,0.3875,0.2934330839567747,0.5090252707581228,0.752,0.7242632842333622,0.2636363636363636,0.0,0.0,1.0,0.0,0.0,0.0,0.0,0.0,0.0,0.0,0.0,0.0,0.0,0.0,0.0,0.0,0.7272727272727273,0.49655871986207234,392.73
1 BHK,498.41,594.72,1,10,3,1,Semi-Furnished,1,2,0,0,2,Granite,0,0,0,1,1,Open,0,Corporation + Borewell,2403.04,Kothrud,411038,Standalone,1.65,6.58,1.12,1.32,15571.91,4613151.03,9255.73529824843,Owner,22,2,1,1,1,0,0,0,0,0,0,0,1,0,0,0,0,0,0,0,0.1140979746544661,0.115674479975163,0.0476190476190476,0.3157894736842105,0.15,1.0,1.0,0.2,0.0,0.0,0.1111111111111111,0.0,0.0,0.0,1.0,1.0,0.0,0.1839268257982202,0.6607142857146755,0.2013888888888888,0.5303408146300914,0.332129963898917,0.28,0.1385629764885964,0.1909090909090909,0.5,0.0,0.0,0.0,0.0,0.0,0.0,0.0,1.0,0.0,0.0,0.0,0.0,0.0,0.0,0.0,0.1,0.6053096149171375,498.41
1 BHK,476.65,607.44,9,11,12,1,Fully Furnished,1,1,2,1,1,Marble,0,0,1,1,1,Open,1,Corporation + Borewell,2295.76,Kalyani Nagar,411006,Society,2.37,4.95,1.77,1.18,28599.52,15136528.67,31756.065603692437,Builder,22,1,2,1,1,0,0,0,0,1,0,0,0,0,0,0,0,0,0,0,0.1036840996975381,0.1206108351443651,0.4285714285714285,0.368421052631579,0.6000000000000001,1.0,1.0,0.0,0.4,0.2,0.0,0.0,0.0,1.0,1.0,1.0,1.0,0.1716179190512687,0.089285714286234,0.3013888888888889,0.3948462177888611,0.5667870036101084,0.2239999999999999,0.8335114406680199,0.1909090909090909,0.0,0.0,0.0,0.0,0.0,1.0,0.0,0.0,0.0,0.0,0.0,0.0,0.0,0.0,0.0,0.0,0.8181818181818182,0.6322607216311222,476.65
3 BHK,1146.08,1389.31,10,13,18,1,Fully Furnished,1,3,2,2,4,Vitrified,1,1,0,0,0,Covered,0,Tanker,3696.5,Pimple Saudagar,411027,Society,3.92,5.01,1.51,1.98,40577.37,9251306.46,8072.129746614548,Builder,55,3,2,3,3,0,0,0,0,0,0,0,0,0,0,1,0,0,0,0,0.4240591140549025,0.4240375659733003,0.4761904761904761,0.4736842105263157,0.9,1.0,1.0,0.4000000000000001,0.4,0.4,0.3333333333333333,1.0,1.0,0.0,0.0,0.0,0.0,0.3323335979916564,0.464285714286234,0.5166666666666667,0.3998337489609309,0.4729241877256318,0.544,0.1020085565646245,0.4909090909090909,1.0,0.0,0.0,0.0,0.0,0.0,0.0,0.0,0.0,0.0,0.0,1.0,0.0,0.0,0.0,0.0,0.7692307692307693,0.4753354933649292,382.02666666666664
1 RK,531.21,623.68,3,15,10,1,Fully Furnished,1,2,1,0,1,Wooden,1,1,1,1,0,Covered,0,Corporation + Borewell,1335.17,Shivajinagar,411005,Society,1.67,4.49,1.08,1.59,19988.98,6156515.61,11589.607895182697,Owner,23,2,2,1,1,0,0,0,0,0,0,0,0,0,0,0,0,1,0,0,0.1297953596998353,0.1269132257063024,0.1428571428571428,0.5789473684210527,0.5,1.0,1.0,0.2,0.2,0.0,0.0,1.0,1.0,1.0,1.0,0.0,0.0,0.0614034081260813,0.071428571429351,0.2041666666666666,0.3566084788029925,0.3176895306859206,0.3880000000000001,0.2106501185391822,0.1999999999999999,0.5,0.0,0.0,0.0,0.0,0.0,0.0,0.0,0.0,0.0,0.0,0.0,0.0,1.0,0.0,0.0,0.2,0.632526310510775,531.21
2 BHK,567.09,708.35,2,9,13,1,Fully Furnished,1,3,2,1,3,Wooden,0,0,1,1,0,Covered,1,Borewell,1294.38,Shivajinagar,411005,Standalone,1.31,7.82,0.64,1.54,28795.21,4548237.97,8020.31065615687,Owner,23,2,2,2,2,0,0,0,0,0,0,0,0,0,0,0,0,1,0,0,0.1469667674872698,0.1597718099968954,0.0952380952380952,0.2631578947368421,0.65,1.0,1.0,0.4000000000000001,0.4,0.2,0.2222222222222222,0.0,0.0,1.0,1.0,0.0,1.0,0.0567233157863335,0.071428571429351,0.1541666666666666,0.6334164588528678,0.1588447653429602,0.3680000000000001,0.1004089879755929,0.1999999999999999,0.5,0.0,0.0,0.0,0.0,0.0,0.0,0.0,0.0,0.0,0.0,0.0,0.0,1.0,0.0,0.0,0.2222222222222222,0.5633239818848976,283.545
1 RK,514.11,574.84,2,15,11,1,Unfurnished,0,2,1,0,1,Vitrified,1,1,1,0,1,Not Specified,1,Corporation + Borewell,800.0,Hinjewadi,411057,Society,5.68,0.77,2.67,2.37,17851.96,2824478.68,5493.918966758087,Owner,36,3,0,1,1,0,0,0,1,0,0,0,0,0,0,0,0,0,0,0,0.1216116620084995,0.1079594846321018,0.0952380952380952,0.5789473684210527,0.55,1.0,0.0,0.2,0.2,0.0,0.0,1.0,1.0,1.0,0.0,1.0,1.0,0.0,1.0,0.7611111111111111,0.0473815461346633,0.8916967509025271,0.7000000000000001,0.0223769731307069,0.3181818181818182,1.0,0.0,0.0,0.0,1.0,0.0,0.0,0.0,0.0,0.0,0.0,0.0,0.0,0.0,0.0,0.0,0.13333333333333333,0.46995237107665566,514.11
4 BHK,1404.61,1585.38,2,16,13,1,Fully Furnished,1,4,4,2,4,Marble,1,1,0,0,0,Not Specified,1,Borewell,4449.78,Hadapsar,411028,Society,5.3,1.99,2.97,2.12,52053.61,11412490.95,8125.024704366337,Owner,15,3,2,4,4,0,0,1,0,0,0,0,0,0,0,0,0,0,0,0,0.5477860944140281,0.5001280658180691,0.0952380952380952,0.631578947368421,0.65,1.0,1.0,0.6000000000000001,0.8,0.4,0.3333333333333333,1.0,1.0,0.0,0.0,0.0,1.0,0.4187621333602581,0.482142857143117,0.7083333333333334,0.1487946799667497,1.0000000000000002,0.6000000000000001,0.1036424082417779,0.1272727272727272,1.0,0.0,0.0,1.0,0.0,0.0,0.0,0.0,0.0,0.0,0.0,0.0,0.0,0.0,0.0,0.0,0.125,0.4805273227186556,351.1525
1 RK,385.31,454.71,0,17,0,1,Semi-Furnished,1,1,1,0,2,Vitrified,0,0,0,1,1,Covered,0,Corporation + Borewell,2194.49,Kharadi,411014,Standalone,4.38,1.57,1.84,1.98,16751.69,7104159.32,18437.5160779632,Broker,8,2,1,1,1,0,0,0,0,0,1,0,0,0,0,0,0,0,0,0,0.0599707109766836,0.0613396460726482,0.0,0.6842105263157894,0.0,1.0,1.0,0.0,0.2,0.0,0.1111111111111111,0.0,0.0,0.0,1.0,1.0,0.0,0.1599985772702865,0.232142857143117,0.5805555555555556,0.113881961762261,0.5920577617328521,0.544,0.4221542257149104,0.0636363636363636,0.5,0.0,0.0,0.0,0.0,0.0,1.0,0.0,0.0,0.0,0.0,0.0,0.0,0.0,0.0,0.0,0.0,0.5483732899513767,385.31
2 BHK,706.82,804.04,3,13,9,1,Fully Furnished,1,3,3,1,4,Ceramic,1,1,0,1,0,Covered,1,Borewell,2378.43,Viman Nagar,411014,Society,2.23,5.62,2.14,1.69,38159.21,12639662.81,17882.435146147534,Broker,11,2,2,2,2,0,0,0,0,0,0,0,0,0,0,0,0,0,1,0,0.2138385849381676,0.1969070164545172,0.1428571428571428,0.4736842105263157,0.45,1.0,1.0,0.4000000000000001,0.6000000000000001,0.2,0.3333333333333333,1.0,1.0,0.0,1.0,0.0,1.0,0.1811031662620301,0.232142857143117,0.2819444444444444,0.4505403158769742,0.700361010830325,0.428,0.4050092842308913,0.0909090909090909,0.5,0.0,0.0,0.0,0.0,0.0,0.0,0.0,0.0,0.0,0.0,0.0,0.0,0.0,1.0,0.0,0.23076923076923078,0.5658187418817018,353.41
2 BHK,441.82,507.7,12,14,7,1,Semi-Furnished,1,2,2,1,3,Marble,0,0,1,1,1,Open,1,Corporation + Borewell,1260.87,Viman Nagar,411014,Standalone,2.47,4.57,2.1,1.42,24182.15,7191484.13,16276.954710062922,Owner,16,2,1,2,2,0,0,0,0,0,0,0,0,0,0,0,0,0,1,0,0.0870151996630805,0.0819039118286246,0.5714285714285714,0.5263157894736842,0.35,1.0,1.0,0.2,0.4,0.2,0.2222222222222222,0.0,0.0,1.0,1.0,1.0,1.0,0.0528785034719194,0.232142857143117,0.3152777777777778,0.3632585203657522,0.6859205776173286,0.3199999999999999,0.3554223491142608,0.1363636363636363,0.5,0.0,0.0,0.0,0.0,0.0,0.0,0.0,0.0,0.0,0.0,0.0,0.0,0.0,1.0,0.0,0.8571428571428571,0.6124722370020816,220.91
2 BHK,528.41,632.81,8,12,8,1,Semi-Furnished,1,2,2,1,3,Marble,1,1,0,0,0,Bike,0,Municipal,1836.4,Viman Nagar,411014,Society,1.69,5.04,1.56,1.11,21694.36,8531232.01,16145.099468215969,Broker,30,2,1,2,2,0,0,0,0,0,0,0,0,0,0,0,0,0,1,0,0.1284553390252306,0.1304563800062092,0.3809523809523809,0.4210526315789473,0.4,1.0,1.0,0.2,0.4,0.2,0.2222222222222222,1.0,1.0,0.0,0.0,0.0,0.0,0.1189126673428457,0.232142857143117,0.2069444444444444,0.4023275145469658,0.4909747292418772,0.196,0.3513466767642201,0.2636363636363636,0.5,0.0,0.0,0.0,0.0,0.0,0.0,0.0,0.0,0.0,0.0,0.0,0.0,0.0,1.0,0.0,0.6666666666666666,0.6679170002759536,264.205
2 BHK,663.6,738.79,10,13,7,1,Unfurnished,0,2,3,1,3,Vitrified,0,1,0,1,0,Covered,1,Municipal,2825.87,Kothrud,411038,Society,2.2,9.07,1.02,1.88,29000.03,5909733.49,8905.565837854128,Owner,9,2,0,2,2,0,0,0,0,0,0,0,1,0,0,0,0,0,0,0,0.1931544086680194,0.171584911518162,0.4761904761904761,0.4736842105263157,0.35,1.0,0.0,0.2,0.6000000000000001,0.2,0.2222222222222222,0.0,1.0,0.0,1.0,0.0,1.0,0.2324407616652363,0.6607142857146755,0.2777777777777778,0.7373233582709892,0.296028880866426,0.504,0.1277477431844603,0.0727272727272727,0.5,0.0,0.0,0.0,0.0,0.0,0.0,0.0,1.0,0.0,0.0,0.0,0.0,0.0,0.0,0.0,0.7692307692307693,0.4528398767973584,331.8
1 RK,416.03,463.38,1,17,15,1,Semi-Furnished,1,1,2,0,2,Ceramic,0,0,0,0,0,Bike,1,Municipal,1942.98,Hadapsar,411028,Society,5.61,2.1,2.09,2.18,7500.0,3087343.8,7420.9643535321975,Broker,41,3,1,1,1,0,0,1,0,0,0,0,0,0,0,0,0,0,0,0,0.0746726520923465,0.0647042843837317,0.0476190476190476,0.6842105263157894,0.75,1.0,1.0,0.0,0.4,0.0,0.1111111111111111,0.0,0.0,0.0,0.0,0.0,1.0,0.1311412587027458,0.482142857143117,0.751388888888889,0.1579384871155444,0.6823104693140793,0.6240000000000001,0.0818982823863994,0.3636363636363636,1.0,0.0,0.0,1.0,0.0,0.0,0.0,0.0,0.0,0.0,0.0,0.0,0.0,0.0,0.0,0.0,0.058823529411764705,0.45715501022124083,416.03
1 BHK,422.12,757.6,9,14,7,1,Fully Furnished,1,1,1,1,1,Marble,1,0,1,1,0,Covered,1,Corporation + Borewell,1736.62,Kalyani Nagar,411006,Society,2.25,4.62,1.45,1.44,32849.08,10858737.77,25724.291125746233,Owner,28,1,2,1,1,0,0,0,0,1,0,0,0,0,0,0,0,0,0,0,0.0775871970596117,0.1788846631480907,0.4285714285714285,0.5263157894736842,0.35,1.0,1.0,0.0,0.2,0.2,0.0,1.0,0.0,1.0,1.0,0.0,1.0,0.1074642826000155,0.089285714286234,0.2847222222222222,0.3674147963424771,0.4512635379061371,0.3279999999999999,0.6472128158213672,0.2454545454545454,0.0,0.0,0.0,0.0,0.0,1.0,0.0,0.0,0.0,0.0,0.0,0.0,0.0,0.0,0.0,0.0,0.6428571428571429,0.6188826256283328,422.12
1 BHK,393.18,456.84,10,13,8,1,Semi-Furnished,1,1,1,0,2,Granite,1,1,0,0,1,Covered,1,Corporation + Borewell,800.0,Viman Nagar,411014,Society,3.52,5.36,1.29,1.23,18021.63,4162836.92,10587.611068721704,Owner,18,2,1,1,1,0,0,0,0,0,0,0,0,0,0,0,0,0,1,0,0.0637371262299475,0.0621662527165476,0.4761904761904761,0.4736842105263157,0.4,1.0,1.0,0.0,0.2,0.0,0.1111111111111111,1.0,1.0,0.0,0.0,1.0,1.0,0.0,0.232142857143117,0.4611111111111111,0.428927680798005,0.3935018050541516,0.244,0.1797020645213895,0.1545454545454545,0.5,0.0,0.0,0.0,0.0,0.0,0.0,0.0,0.0,0.0,0.0,0.0,0.0,0.0,1.0,0.0,0.7692307692307693,0.5639423324828068,393.18
1 BHK,374.94,449.93,2,14,8,1,Fully Furnished,1,2,0,0,1,Ceramic,1,1,0,0,0,Open,1,Corporation + Borewell,800.0,Nigdi,411044,Society,3.92,10.11,1.48,2.51,11389.7,2942285.87,7847.351229530059,Owner,17,3,2,1,1,0,0,0,0,0,0,0,0,0,1,0,0,0,0,0,0.0550078486925226,0.0594846321018317,0.0952380952380952,0.5263157894736842,0.4,1.0,1.0,0.2,0.0,0.0,0.0,1.0,1.0,0.0,0.0,0.0,1.0,0.0,0.7678571428577925,0.5166666666666667,0.823773898586866,0.4620938628158845,0.756,0.0950660767916465,0.1454545454545454,1.0,0.0,0.0,0.0,0.0,0.0,0.0,0.0,0.0,0.0,1.0,0.0,0.0,0.0,0.0,0.0,0.14285714285714285,0.2797091087565332,374.94
3 BHK,736.48,815.5,8,14,5,1,Unfurnished,0,4,4,3,4,Marble,0,0,0,0,1,Covered,1,Municipal,4135.48,Koregaon Park,411001,Society,2.73,4.91,1.39,1.14,52149.58,14120946.52,19173.56414295025,Builder,68,1,0,3,3,0,0,0,0,0,0,1,0,0,0,0,0,0,0,0,0.2280332325127302,0.201354393045638,0.3809523809523809,0.5263157894736842,0.25,1.0,0.0,0.6000000000000001,0.8,0.6000000000000001,0.3333333333333333,0.0,0.0,0.0,0.0,1.0,1.0,0.3827005245742136,0.0,0.3513888888888889,0.3915211970074813,0.4296028880866426,0.2079999999999999,0.4448842219962764,0.6090909090909091,0.0,0.0,0.0,0.0,0.0,0.0,0.0,1.0,0.0,0.0,0.0,0.0,0.0,0.0,0.0,0.0,0.5714285714285714,0.6214082250059356,245.49333333333334
2 BHK,703.68,899.29,0,8,10,1,Semi-Furnished,1,2,1,2,2,Marble,1,1,1,1,1,Covered,1,Municipal,4166.2,Baner,411045,Standalone,2.91,3.49,2.01,2.13,33810.16,15370376.45,21842.84966177808,Broker,8,1,1,2,2,0,1,0,0,0,0,0,0,0,0,0,0,0,0,0,0.2123358474673609,0.2338714684880472,0.0,0.2105263157894736,0.5,1.0,1.0,0.2,0.2,0.4,0.1111111111111111,1.0,1.0,1.0,1.0,1.0,1.0,0.3862252227030947,0.7857142857146755,0.3763888888888889,0.2734829592684954,0.6534296028880866,0.604,0.5273242389463294,0.0636363636363636,0.0,0.0,1.0,0.0,0.0,0.0,0.0,0.0,0.0,0.0,0.0,0.0,0.0,0.0,0.0,0.0,0.0,0.5462335299007417,351.84
1 BHK,450.11,731.795,9,10,7,1,Fully Furnished,1,1,0,0,2,Vitrified,1,1,0,1,1,Covered,1,Municipal,1841.26,Aundh,411007,Society,3.8,3.37,1.27,1.72,22288.43,4425375.9,9831.765346248696,Broker,13,2,2,1,1,1,0,0,0,0,0,0,0,0,0,0,0,0,0,0,0.0909826180175351,0.1688703042533375,0.4285714285714285,0.3157894736842105,0.35,1.0,1.0,0.0,0.0,0.0,0.1111111111111111,1.0,1.0,0.0,1.0,1.0,1.0,0.1194702856015163,0.107142857143117,0.5,0.2635078969243558,0.3862815884476534,0.44,0.1563565169370809,0.109090909090909,0.5,1.0,0.0,0.0,0.0,0.0,0.0,0.0,0.0,0.0,0.0,0.0,0.0,0.0,0.0,0.0,0.9,0.5532175045666461,450.11
3 BHK,1098.89,1251.47,9,14,12,1,Semi-Furnished,1,3,3,1,5,Wooden,0,0,0,0,0,Covered,0,Borewell,4413.78,Kothrud,411038,Society,3.07,7.2,0.91,2.0,34227.21,11283236.8,10267.849193276852,Broker,8,2,1,3,3,0,0,0,0,0,0,0,1,0,0,0,0,0,0,0,0.4014749798996899,0.3705448618441478,0.4285714285714285,0.5263157894736842,0.6000000000000001,1.0,1.0,0.4000000000000001,0.6000000000000001,0.2,0.4444444444444445,0.0,0.0,0.0,0.0,0.0,0.0,0.4146316277404757,0.6607142857146755,0.3986111111111111,0.5818786367414795,0.2563176895306859,0.552,0.1698248288625304,0.0636363636363636,0.5,0.0,0.0,0.0,0.0,0.0,0.0,0.0,1.0,0.0,0.0,0.0,0.0,0.0,0.0,0.0,0.6428571428571429,0.4517977408819601,366.2966666666667
4 BHK,1278.11,1586.17,7,9,9,1,Semi-Furnished,1,5,5,2,7,Vitrified,1,1,1,1,0,Covered,0,Municipal,5521.84,Aundh,411007,Society,2.65,4.99,1.66,1.54,64471.54,13270727.06,10383.086792216634,Broker,6,2,1,4,4,1,0,0,0,0,0,0,0,0,0,0,0,0,0,0,0.4872458746506374,0.5004346476249613,0.3333333333333333,0.2631578947368421,0.45,1.0,1.0,0.8,1.0,0.4,0.6666666666666665,1.0,1.0,1.0,1.0,0.0,0.0,0.5417662959920329,0.107142857143117,0.3402777777777778,0.398171238570241,0.5270758122743682,0.3680000000000001,0.1733837840375471,0.0454545454545454,0.5,1.0,0.0,0.0,0.0,0.0,0.0,0.0,0.0,0.0,0.0,0.0,0.0,0.0,0.0,0.0,0.7777777777777778,0.580096355239446,319.5275
1 BHK,465.05,537.34,2,14,3,1,Semi-Furnished,1,1,1,0,2,Ceramic,1,1,0,0,0,Covered,1,Corporation + Borewell,800.0,Pune Camp,411001,Society,2.39,6.51,2.02,1.78,11315.69,4038879.87,8684.829308676486,Builder,75,3,1,1,1,0,0,0,0,0,0,0,0,0,0,0,1,0,0,0,0.0981325854741759,0.0934065507606334,0.0952380952380952,0.5263157894736842,0.15,1.0,1.0,0.0,0.2,0.0,0.1111111111111111,1.0,1.0,0.0,0.0,0.0,1.0,0.0,0.0,0.3041666666666667,0.5245220282626766,0.6570397111913358,0.4640000000000001,0.1209343654910759,0.6727272727272727,1.0,0.0,0.0,0.0,0.0,0.0,0.0,0.0,0.0,0.0,0.0,0.0,1.0,0.0,0.0,0.0,0.14285714285714285,0.5247388592441742,465.05
1 BHK,508.61,596.94,17,18,2,1,Semi-Furnished,1,1,1,0,1,Vitrified,1,1,0,0,0,Covered,1,Corporation + Borewell,800.0,Hinjewadi,411057,Society,5.84,1.76,1.8,2.74,16133.64,6067324.87,11929.228426495743,Broker,14,3,1,1,1,0,0,0,1,0,0,0,0,0,0,0,0,0,0,0,0.118979478540526,0.1165360136603539,0.8095238095238095,0.7368421052631579,0.1,1.0,1.0,0.0,0.2,0.0,0.0,1.0,1.0,0.0,0.0,0.0,1.0,0.0,1.0,0.7833333333333333,0.1296758104738154,0.5776173285198556,0.8480000000000001,0.2211339486581414,0.1181818181818181,1.0,0.0,0.0,0.0,1.0,0.0,0.0,0.0,0.0,0.0,0.0,0.0,0.0,0.0,0.0,0.0,0.9444444444444444,0.39623242023078487,508.61
1 BHK,402.44,500.79,0,11,5,1,Semi-Furnished,1,1,1,0,2,Wooden,1,1,0,0,0,Covered,1,Borewell,800.0,Viman Nagar,411014,Society,2.28,6.94,2.25,1.72,11337.07,7660257.89,19034.53406719014,Broker,49,2,1,1,1,0,0,0,0,0,0,0,0,0,0,0,0,0,1,0,0.0681687660323902,0.0792222912139087,0.0,0.368421052631579,0.25,1.0,1.0,0.0,0.2,0.0,0.1111111111111111,1.0,1.0,0.0,0.0,0.0,1.0,0.0,0.232142857143117,0.2888888888888888,0.5602660016625104,0.740072202166065,0.44,0.4405901879948656,0.4363636363636363,0.5,0.0,0.0,0.0,0.0,0.0,0.0,0.0,0.0,0.0,0.0,0.0,0.0,0.0,1.0,0.0,0.0,0.5243842559459895,402.44
2 BHK,793.4,903.76,0,6,3,1,Fully Furnished,1,2,2,2,3,Vitrified,0,1,1,1,1,Open,1,Municipal,3336.78,Baner,411045,Standalone,2.87,3.03,1.71,2.09,41611.36,20938560.1,26390.925258381652,Broker,2,1,2,2,2,0,1,0,0,0,0,0,0,0,0,0,0,0,0,0,0.2552739385121941,0.2356061782055262,0.0,0.1052631578947368,0.15,1.0,1.0,0.2,0.4,0.4,0.2222222222222222,0.0,1.0,1.0,1.0,1.0,1.0,0.2910606679486532,0.7857142857146755,0.3708333333333333,0.2352452202826267,0.5451263537906137,0.588,0.6677996558101496,0.009090909090909,0.0,0.0,1.0,0.0,0.0,0.0,0.0,0.0,0.0,0.0,0.0,0.0,0.0,0.0,0.0,0.0,0.0,0.5648463121275877,396.7
2 BHK,639.57,715.03,10,15,3,1,Semi-Furnished,1,3,2,2,3,Vitrified,1,1,1,1,0,Open,1,Corporation + Borewell,3485.8,Koregaon Park,411001,Society,3.04,5.26,1.19,1.36,30779.05,13919916.99,21764.493315821564,Owner,23,1,1,2,2,0,0,0,0,0,0,1,0,0,0,0,0,0,0,0,0.181654159807037,0.1623641726171996,0.4761904761904761,0.5789473684210527,0.15,1.0,1.0,0.4000000000000001,0.4,0.4,0.2222222222222222,1.0,1.0,1.0,1.0,0.0,1.0,0.3081586664892079,0.0,0.3944444444444444,0.4206151288445552,0.3574007220216606,0.296,0.5249068179487718,0.1999999999999999,0.0,0.0,0.0,0.0,0.0,0.0,0.0,1.0,0.0,0.0,0.0,0.0,0.0,0.0,0.0,0.0,0.6666666666666666,0.5744006035093525,319.785
2 BHK,710.06,886.54,9,10,4,1,Semi-Furnished,1,3,1,1,3,Granite,1,1,0,1,0,Covered,1,Borewell,2363.11,Aundh,411007,Society,2.91,4.69,1.2,1.19,20437.08,13832803.47,19481.17549221193,Owner,23,2,1,2,2,1,0,0,0,0,0,0,0,0,0,0,0,0,0,0,0.2153891802902101,0.2289234709717479,0.4285714285714285,0.3157894736842105,0.2,1.0,1.0,0.4000000000000001,0.2,0.2,0.2222222222222222,1.0,1.0,0.0,1.0,0.0,1.0,0.1793454066482783,0.107142857143117,0.3763888888888889,0.3732335827098919,0.3610108303249097,0.2279999999999999,0.4543806374059994,0.1999999999999999,0.5,1.0,0.0,0.0,0.0,0.0,0.0,0.0,0.0,0.0,0.0,0.0,0.0,0.0,0.0,0.0,0.9,0.6139544208023358,355.03
2 BHK,583.17,645.77,8,12,14,1,Fully Furnished,1,2,3,2,3,Wooden,1,1,1,1,1,Covered,1,Corporation + Borewell,2502.53,Baner,411045,Society,2.97,3.07,1.72,2.48,46793.04,9230202.51,15827.63604094861,Not Specified,10,1,2,2,2,0,1,0,0,0,0,0,0,0,0,0,0,0,0,0,0.1546623147899996,0.1354858739521888,0.3809523809523809,0.4210526315789473,0.7000000000000001,1.0,1.0,0.2,0.6000000000000001,0.4,0.2222222222222222,1.0,1.0,1.0,1.0,1.0,1.0,0.1953419370235576,0.7857142857146755,0.3847222222222222,0.2385702410640066,0.5487364620938628,0.744,0.3415386249949039,0.0818181818181818,0.0,0.0,1.0,0.0,0.0,0.0,0.0,0.0,0.0,0.0,0.0,0.0,0.0,0.0,0.0,0.0,0.6666666666666666,0.5175849256388914,291.585
1 RK,313.58,389.88,4,8,5,1,Fully Furnished,1,2,2,1,2,Vitrified,0,1,1,0,1,Stilt,1,Borewell,1316.55,Kalyani Nagar,411006,Society,2.15,4.48,1.6,1.4,26026.44,4348406.5,13866.976529115378,Broker,22,1,2,1,1,0,0,0,0,1,0,0,0,0,0,0,0,0,0,0,0.0256422527661855,0.0361805339956535,0.1904761904761904,0.2105263157894736,0.25,1.0,1.0,0.2,0.4,0.2,0.1111111111111111,0.0,1.0,1.0,0.0,1.0,1.0,0.0592670188305161,0.089285714286234,0.2708333333333333,0.3557772236076475,0.5054151624548737,0.3119999999999999,0.28098758766896,0.1909090909090909,0.0,0.0,0.0,0.0,0.0,1.0,0.0,0.0,0.0,0.0,0.0,0.0,0.0,0.0,0.0,0.0,0.5,0.6314763880176799,313.58
3 BHK,1181.74,1386.12,5,12,18,1,Semi-Furnished,1,3,1,1,4,Wooden,1,1,0,0,0,Bike,1,Municipal,2830.52,Nigdi,411044,Society,4.14,10.11,1.95,2.3,21333.02,8166122.18,6910.252830571868,Owner,37,3,1,3,3,0,0,0,0,0,0,0,0,0,1,0,0,0,0,0,0.4411252345036181,0.422799596398634,0.238095238095238,0.4210526315789473,0.9,1.0,1.0,0.4000000000000001,0.2,0.2,0.3333333333333333,1.0,1.0,0.0,0.0,0.0,1.0,0.2329742853077915,0.7678571428577925,0.5472222222222222,0.823773898586866,0.631768953068592,0.6719999999999999,0.0661228112873515,0.3272727272727272,1.0,0.0,0.0,0.0,0.0,0.0,0.0,0.0,0.0,0.0,1.0,0.0,0.0,0.0,0.0,0.0,0.4166666666666667,0.29223509628252076,393.91333333333336
3 BHK,1334.45,1666.51,14,14,11,1,Semi-Furnished,1,2,3,1,5,Wooden,1,0,0,0,0,Covered,0,Tanker,4321.64,Nigdi,411044,Society,4.02,9.42,1.27,2.55,39094.81,12901807.3,9668.258308666493,Owner,15,3,1,3,3,0,0,0,0,0,0,0,0,0,1,0,0,0,0,0,0.5142090049389334,0.5316128531511954,0.6666666666666666,0.5263157894736842,0.55,1.0,1.0,0.2,0.6000000000000001,0.2,0.4444444444444445,1.0,0.0,0.0,0.0,0.0,0.0,0.4040598280791773,0.7678571428577925,0.5305555555555556,0.766417290108063,0.3862815884476534,0.772,0.1513051664304943,0.1272727272727272,1.0,0.0,0.0,0.0,0.0,0.0,0.0,0.0,0.0,0.0,1.0,0.0,0.0,0.0,0.0,0.0,1.0,0.2897373142058344,444.81666666666666
3 BHK,765.05,878.94,1,4,5,1,Fully Furnished,1,3,3,2,6,Marble,0,1,0,1,1,Covered,1,Municipal,3038.4,Baner,411045,Standalone,3.37,3.56,1.77,2.13,66508.12,17594233.14,22997.494464414092,Owner,52,1,2,3,3,0,1,0,0,0,0,0,0,0,0,0,0,0,0,0,0.2417062291818216,0.225974076373797,0.0476190476190476,0.0,0.25,1.0,1.0,0.4000000000000001,0.6000000000000001,0.4,0.5555555555555556,0.0,1.0,0.0,1.0,1.0,1.0,0.2568256605366903,0.7857142857146755,0.4402777777777778,0.2793017456359102,0.5667870036101084,0.604,0.5629845188692881,0.4636363636363636,0.0,0.0,1.0,0.0,0.0,0.0,0.0,0.0,0.0,0.0,0.0,0.0,0.0,0.0,0.0,0.0,0.25,0.5236049323743519,255.01666666666665
2 BHK,582.89,733.02,8,12,6,1,Unfurnished,1,2,3,1,2,Wooden,1,1,0,1,0,Stilt,0,Municipal,1771.57,Kothrud,411038,Society,1.4,8.74,1.17,1.12,20391.02,4639828.19,7960.040813875689,Broker,44,2,0,2,2,0,0,0,0,0,0,0,1,0,0,0,0,0,0,0,0.1545283127225391,0.1693457000931388,0.3809523809523809,0.4210526315789473,0.3,1.0,1.0,0.2,0.6000000000000001,0.2,0.1111111111111111,1.0,1.0,0.0,1.0,0.0,0.0,0.1114743151392209,0.6607142857146755,0.1666666666666666,0.709891936824605,0.3501805054151624,0.2,0.0985441115244299,0.3909090909090909,0.5,0.0,0.0,0.0,0.0,0.0,0.0,0.0,1.0,0.0,0.0,0.0,0.0,0.0,0.0,0.0,0.6666666666666666,0.5790667703995587,291.445
3 BHK,1033.79,1252.84,2,14,12,1,Fully Furnished,0,3,3,2,3,Marble,1,1,0,0,0,Open,0,Municipal,3264.31,Hinjewadi,411057,Society,7.15,0.2,2.69,2.16,21238.61,8679516.84,8395.822014142137,Broker,24,3,2,3,3,0,0,0,1,0,0,0,0,0,0,0,0,0,0,0,0.3703194992151307,0.3710765290282521,0.0952380952380952,0.5263157894736842,0.6000000000000001,1.0,0.0,0.4000000000000001,0.6000000000000001,0.4,0.2222222222222222,1.0,1.0,0.0,0.0,0.0,0.0,0.2827457306634969,1.0,0.965277777777778,0.0,0.8989169675090253,0.6160000000000001,0.112004393176986,0.209090909090909,1.0,0.0,0.0,0.0,1.0,0.0,0.0,0.0,0.0,0.0,0.0,0.0,0.0,0.0,0.0,0.0,0.14285714285714285,0.44170762057107116,344.59666666666664
4 BHK,727.37,894.95,7,12,8,1,Unfurnished,1,4,3,2,7,Vitrified,1,1,0,0,0,Covered,1,Corporation + Borewell,1320.23,Magarpatta,411013,Society,5.01,1.44,2.29,2.13,16737.58,5400673.58,7424.93308769952,Owner,24,3,0,4,4,0,0,0,0,0,0,0,0,1,0,0,0,0,0,0,0.2236733795321413,0.2321872089413226,0.3333333333333333,0.4210526315789473,0.4,1.0,1.0,0.6000000000000001,0.6000000000000001,0.4,0.6666666666666665,1.0,1.0,0.0,0.0,0.0,1.0,0.0596892482938717,0.214285714286234,0.6680555555555555,0.1030756442227763,0.7545126353790614,0.604,0.0820184276231504,0.209090909090909,1.0,0.0,0.0,0.0,0.0,0.0,0.0,0.0,0.0,1.0,0.0,0.0,0.0,0.0,0.0,0.0,0.5833333333333334,0.5075124703293141,181.8425
1 BHK,492.1,542.31,1,11,2,1,Semi-Furnished,1,1,1,0,2,Ceramic,1,1,0,0,0,Covered,0,Borewell,1896.19,Nigdi,411044,Society,4.12,10.47,1.24,2.16,10630.92,4317531.47,8773.687197724039,Owner,26,3,1,1,1,0,0,0,0,0,0,0,0,0,1,0,0,0,0,0,0.1110781423484819,0.0953352995963986,0.0476190476190476,0.368421052631579,0.1,1.0,1.0,0.0,0.2,0.0,0.1111111111111111,1.0,1.0,0.0,0.0,0.0,0.0,0.1257727487597009,0.7678571428577925,0.5444444444444445,0.8536990856192851,0.3754512635379061,0.6160000000000001,0.1236754682575667,0.2272727272727272,1.0,0.0,0.0,0.0,0.0,0.0,0.0,0.0,0.0,0.0,1.0,0.0,0.0,0.0,0.0,0.0,0.09090909090909091,0.2982813242829595,492.1
3 BHK,1238.65,1540.09,5,17,8,1,Semi-Furnished,1,4,2,1,4,Vitrified,1,1,0,0,0,Covered,1,Tanker,3520.13,Hinjewadi,411057,Society,5.84,1.26,2.13,2.58,29932.11,9950720.4,8033.520687845638,Broker,94,3,1,3,3,0,0,0,1,0,0,0,0,0,0,0,0,0,0,0,0.4683611547149585,0.4825520024837007,0.238095238095238,0.6842105263157894,0.4,1.0,1.0,0.6000000000000001,0.4,0.2,0.3333333333333333,1.0,1.0,0.0,0.0,0.0,1.0,0.3120975625427393,1.0,0.7833333333333333,0.0881130507065669,0.6967509025270758,0.784,0.1008160610399574,0.8454545454545455,1.0,0.0,0.0,0.0,1.0,0.0,0.0,0.0,0.0,0.0,0.0,0.0,0.0,0.0,0.0,0.0,0.29411764705882354,0.4269541287938672,412.8833333333334
2 BHK,805.34,884.16,12,12,11,1,Semi-Furnished,0,2,2,1,2,Wooden,1,1,1,0,0,Open,0,Tanker,2310.98,Hadapsar,411028,Society,5.64,2.27,2.47,2.19,20223.83,5713740.83,7094.8181265055755,Broker,20,3,1,2,2,0,0,1,0,0,0,0,0,0,0,0,0,0,0,0,0.2609881695317585,0.2279998447687053,0.5714285714285714,0.4210526315789473,0.55,1.0,0.0,0.2,0.4,0.2,0.1111111111111111,1.0,1.0,1.0,0.0,0.0,0.0,0.1733642050382989,0.482142857143117,0.7555555555555555,0.1720698254364089,0.8194945848375452,0.628,0.0718239961850026,0.1727272727272727,1.0,0.0,0.0,1.0,0.0,0.0,0.0,0.0,0.0,0.0,0.0,0.0,0.0,0.0,0.0,0.0,1.0,0.4501018677020313,402.67
2 BHK,395.57,488.33,3,9,6,1,Fully Furnished,1,1,1,0,2,Granite,1,1,0,0,0,Not Specified,1,Borewell,800.0,Aundh,411007,Society,3.62,4.17,1.47,1.43,13949.25,6304502.68,15937.767474783224,Broker,36,2,2,2,2,1,0,0,0,0,0,0,0,0,0,0,0,0,0,0,0.0648809295914851,0.0743868363862154,0.1428571428571428,0.2631578947368421,0.3,1.0,1.0,0.0,0.2,0.0,0.1111111111111111,1.0,1.0,0.0,0.0,0.0,1.0,0.0,0.107142857143117,0.475,0.3300083125519534,0.4584837545126353,0.3239999999999999,0.3449400632785504,0.3181818181818182,0.5,1.0,0.0,0.0,0.0,0.0,0.0,0.0,0.0,0.0,0.0,0.0,0.0,0.0,0.0,0.0,0.3333333333333333,0.570504212307156,197.785
3 BHK,821.52,908.04,1,6,11,1,Fully Furnished,1,3,2,2,4,Marble,1,1,1,1,1,Stilt,1,Municipal,3464.08,Aundh,411007,Standalone,4.49,3.89,0.89,1.56,27635.6,14403087.94,17532.242599084624,Broker,19,2,2,3,3,1,0,0,0,0,0,0,0,0,0,0,0,0,0,0,0.2687315747157242,0.2372671530580565,0.0476190476190476,0.1052631578947368,0.55,1.0,1.0,0.4000000000000001,0.4,0.4,0.3333333333333333,1.0,1.0,1.0,1.0,1.0,1.0,0.3056665947652725,0.107142857143117,0.5958333333333333,0.3067331670822942,0.2490974729241877,0.3760000000000001,0.394189418077009,0.1636363636363636,0.5,1.0,0.0,0.0,0.0,0.0,0.0,0.0,0.0,0.0,0.0,0.0,0.0,0.0,0.0,0.0,0.16666666666666666,0.5250576414517543,273.84
2 BHK,531.37,619.06,14,16,9,1,Semi-Furnished,0,2,2,1,2,Vitrified,0,1,1,0,0,Open,0,Municipal,1548.27,Shivajinagar,411005,Standalone,1.02,7.22,0.79,1.66,31207.73,5122659.44,9640.475450251239,Broker,13,2,1,2,2,0,0,0,0,0,0,0,0,0,0,0,0,1,0,0,0.1298719323098127,0.1251203042533374,0.6666666666666666,0.631578947368421,0.45,1.0,0.0,0.2,0.4,0.2,0.1111111111111111,0.0,1.0,1.0,0.0,0.0,0.0,0.0858537066698486,0.071428571429351,0.1138888888888888,0.5835411471321695,0.2129963898916967,0.416,0.1504450006609532,0.109090909090909,0.5,0.0,0.0,0.0,0.0,0.0,0.0,0.0,0.0,0.0,0.0,0.0,0.0,1.0,0.0,0.0,0.875,0.579919761890326,265.685
3 BHK,1355.12,1572.19,5,15,16,1,Semi-Furnished,1,3,2,1,4,Marble,1,1,0,0,0,Covered,1,Municipal,2050.245,Magarpatta,411013,Society,5.37,0.84,1.8,2.09,27294.66,8830007.36,6516.033532085719,Broker,46,3,1,3,3,0,0,0,0,0,0,0,0,1,0,0,0,0,0,0,0.5241012289903901,0.4950093138776778,0.238095238095238,0.5789473684210527,0.8,1.0,1.0,0.4000000000000001,0.4,0.2,0.3333333333333333,1.0,1.0,0.0,0.0,0.0,1.0,0.143448444405689,0.214285714286234,0.7180555555555556,0.0532003325020781,0.5776173285198556,0.588,0.0539476821543863,0.409090909090909,1.0,0.0,0.0,0.0,0.0,0.0,0.0,0.0,0.0,1.0,0.0,0.0,0.0,0.0,0.0,0.0,0.3333333333333333,0.5119229881494805,451.70666666666665
4 BHK,1503.64,1801.79,4,16,11,1,Semi-Furnished,1,5,5,2,6,Wooden,1,1,0,0,1,Not Specified,0,Municipal,4783.98,Wakad,411057,Standalone,5.07,2.07,2.27,1.98,38590.76,9830723.6,6537.950307254396,Owner,31,3,1,4,4,0,0,0,0,0,0,0,0,0,0,0,0,0,0,1,0.595179754201922,0.5841120769947221,0.1904761904761904,0.631578947368421,0.55,1.0,1.0,0.8,1.0,0.4,0.5555555555555556,1.0,1.0,0.0,0.0,1.0,0.0,0.4571069938639043,1.0,0.6763888888888889,0.1554447215295095,0.7472924187725632,0.544,0.054623769360679,0.2727272727272727,1.0,0.0,0.0,0.0,0.0,0.0,0.0,0.0,0.0,0.0,0.0,0.0,0.0,0.0,0.0,1.0,0.25,0.5036645174012304,375.91
1 BHK,379.74,426.41,8,11,11,1,Semi-Furnished,1,1,1,0,1,Vitrified,0,1,0,0,0,Not Specified,1,Corporation + Borewell,1008.9,Wakad,411057,Standalone,4.8,2.44,2.2,2.29,7500.0,2800000.0,7373.466055722336,Owner,4,3,1,1,1,0,0,0,0,0,0,0,0,0,0,0,0,0,0,1,0.057305026991845,0.0503570319776467,0.3809523809523809,0.368421052631579,0.55,1.0,1.0,0.0,0.2,0.0,0.0,0.0,1.0,0.0,0.0,0.0,1.0,0.0239684062214593,1.0,0.6388888888888888,0.1862011637572734,0.7220216606498195,0.668,0.0804296690168598,0.0272727272727272,1.0,0.0,0.0,0.0,0.0,0.0,0.0,0.0,0.0,0.0,0.0,0.0,0.0,0.0,0.0,1.0,0.7272727272727273,0.47262252975662633,379.74
1 BHK,458.57,536.53,5,7,5,1,Fully Furnished,1,1,0,1,1,Vitrified,1,1,0,1,0,Covered,1,Municipal,3948.34,Baner,411045,Society,2.39,4.24,1.9,2.23,33159.6,14648238.01,31943.297664478705,Broker,13,1,2,1,1,0,1,0,0,0,0,0,0,0,0,0,0,0,0,0,0.0950313947700907,0.0930922073890096,0.238095238095238,0.1578947368421052,0.25,1.0,1.0,0.0,0.0,0.2,0.0,1.0,1.0,0.0,1.0,0.0,1.0,0.3612287795273784,0.7857142857146755,0.3041666666666667,0.3358270989193682,0.6137184115523465,0.644,0.839283044881813,0.109090909090909,0.0,0.0,1.0,0.0,0.0,0.0,0.0,0.0,0.0,0.0,0.0,0.0,0.0,0.0,0.0,0.0,0.7142857142857143,0.5385316554368067,458.57
2 BHK,513.55,649.24,3,11,13,1,Semi-Furnished,1,2,1,1,3,Vitrified,1,1,1,0,0,Open,0,Municipal,1841.75,Wakad,411057,Society,5.16,2.28,2.5,2.31,7616.08,2822953.2,5496.939343783469,Owner,29,3,1,2,2,0,0,0,0,0,0,0,0,0,0,0,0,0,0,1,0.1213436578735786,0.1368325054330953,0.1428571428571428,0.368421052631579,0.65,1.0,1.0,0.2,0.2,0.2,0.2222222222222222,1.0,1.0,1.0,0.0,0.0,0.0,0.1195265063724523,1.0,0.6888888888888889,0.1729010806317539,0.8303249097472925,0.676,0.0224721009788285,0.2545454545454545,1.0,0.0,0.0,0.0,0.0,0.0,0.0,0.0,0.0,0.0,0.0,0.0,0.0,0.0,0.0,1.0,0.2727272727272727,0.45863042267375875,256.775
2 BHK,622.51,719.44,9,10,11,1,Fully Furnished,0,2,2,2,3,Vitrified,0,0,1,1,0,Stilt,1,Borewell,2857.78,Baner,411045,Society,3.78,2.8,1.63,2.18,37686.4,7370820.84,11840.485839584906,Owner,24,1,2,2,2,0,1,0,0,0,0,0,0,0,0,0,0,0,0,0,0.1734896052681955,0.1640755976404844,0.4285714285714285,0.3157894736842105,0.55,1.0,0.0,0.2,0.4,0.4,0.2222222222222222,0.0,0.0,1.0,1.0,0.0,1.0,0.2361019959521045,0.7857142857146755,0.4972222222222222,0.2161263507896924,0.516245487364621,0.6240000000000001,0.2183950078881989,0.209090909090909,0.0,0.0,1.0,0.0,0.0,0.0,0.0,0.0,0.0,0.0,0.0,0.0,0.0,0.0,0.0,0.0,0.9,0.520508674596982,311.255
3 BHK,868.61,1089.53,5,15,13,1,Fully Furnished,1,4,3,2,5,Marble,1,1,1,1,1,Covered,1,Not Specified,3750.73,Koregaon Park,411001,Society,2.35,5.4,1.01,0.93,50699.44,22150475.68,25501.059946351066,Builder,32,1,2,3,3,0,0,0,0,0,0,1,0,0,0,0,0,0,0,0,0.291267850989701,0.3076994722135983,0.238095238095238,0.5789473684210527,0.65,1.0,1.0,0.6000000000000001,0.6000000000000001,0.4,0.4444444444444445,1.0,1.0,1.0,1.0,1.0,1.0,0.3385557457627897,0.0,0.2986111111111111,0.4322527015793848,0.2924187725631769,0.124,0.6403148114059526,0.2818181818181818,0.0,0.0,0.0,0.0,0.0,0.0,0.0,1.0,0.0,0.0,0.0,0.0,0.0,0.0,0.0,0.0,0.3333333333333333,0.6476061019192663,289.5366666666667
2 BHK,529.71,610.98,13,13,5,1,Semi-Furnished,1,3,1,1,3,Wooden,0,1,0,1,0,Not Specified,1,Borewell,2333.94,Kothrud,411038,Society,2.49,6.85,1.32,2.09,21791.29,6093916.1,11504.249683789241,Broker,4,2,1,2,2,0,0,0,0,0,0,0,1,0,0,0,0,0,0,0,0.1290774914812971,0.1219846321018317,0.6190476190476191,0.4736842105263157,0.25,1.0,1.0,0.4000000000000001,0.2,0.2,0.2222222222222222,0.0,1.0,0.0,1.0,0.0,1.0,0.1759985497335824,0.6607142857146755,0.3180555555555556,0.5527847049044056,0.4043321299638989,0.588,0.2080115561804069,0.0272727272727272,0.5,0.0,0.0,0.0,0.0,0.0,0.0,0.0,1.0,0.0,0.0,0.0,0.0,0.0,0.0,0.0,1.0,0.47784786642104715,264.855
2 BHK,643.32,779.72,0,18,9,1,Fully Furnished,1,3,1,1,2,Granite,1,1,0,0,0,Bike,0,Borewell,1491.62,Viman Nagar,411014,Society,1.98,5.65,1.62,1.19,21221.74,11533381.65,17927.907806379408,Owner,68,2,2,2,2,0,0,0,0,0,0,0,0,0,0,0,0,0,1,0,0.1834488303533826,0.1874689537410742,0.0,0.7368421052631579,0.45,1.0,1.0,0.4000000000000001,0.2,0.2,0.1111111111111111,1.0,1.0,0.0,0.0,0.0,0.0,0.0793538971320522,0.232142857143117,0.2472222222222222,0.4530340814630091,0.5126353790613719,0.2279999999999999,0.4064093314241874,0.6090909090909091,0.5,0.0,0.0,0.0,0.0,0.0,0.0,0.0,0.0,0.0,0.0,0.0,0.0,0.0,1.0,0.0,0.0,0.6296811450736226,321.66
2 BHK,602.84,679.52,0,7,14,1,Semi-Furnished,1,2,3,1,3,Wooden,0,0,1,0,0,Covered,1,Municipal,971.35,Kharadi,411014,Standalone,3.85,1.61,2.46,2.21,19652.84,8588643.15,14246.969593922102,Owner,16,2,1,2,2,0,0,0,0,0,1,0,0,0,0,0,0,0,0,0,0.1640759600290975,0.1485835144365104,0.0,0.1578947368421052,0.7000000000000001,1.0,1.0,0.2,0.6000000000000001,0.2,0.2222222222222222,0.0,0.0,1.0,0.0,0.0,1.0,0.0196600593874919,0.232142857143117,0.5069444444444444,0.1172069825436409,0.8158844765342961,0.636,0.2927213606494391,0.1363636363636363,0.5,0.0,0.0,0.0,0.0,0.0,1.0,0.0,0.0,0.0,0.0,0.0,0.0,0.0,0.0,0.0,0.0,0.5465842989350758,301.42
3 BHK,981.31,1190.7,5,11,5,1,Semi-Furnished,1,3,2,2,6,Granite,1,1,0,1,0,Covered,1,Corporation + Borewell,4505.99,Kothrud,411038,Society,1.46,6.12,1.16,1.54,44563.42,8967728.08,9138.527152479848,Owner,3,2,1,3,3,0,0,0,0,0,0,0,1,0,0,0,0,0,0,0,0.3452036831425399,0.3469613474076374,0.238095238095238,0.368421052631579,0.25,1.0,1.0,0.4000000000000001,0.4,0.4,0.5555555555555556,1.0,1.0,0.0,1.0,0.0,1.0,0.4252114589404794,0.6607142857146755,0.175,0.4921030756442227,0.3465703971119133,0.3680000000000001,0.1349428676969301,0.0181818181818181,0.5,0.0,0.0,0.0,0.0,0.0,0.0,0.0,1.0,0.0,0.0,0.0,0.0,0.0,0.0,0.0,0.45454545454545453,0.6029013761229625,327.1033333333333
3 BHK,752.31,897.21,0,7,16,1,Unfurnished,1,4,4,2,3,Vitrified,1,1,0,0,0,Not Specified,0,Not Specified,1576.18,Kothrud,411038,Society,1.78,7.97,1.29,1.2,32315.14,7992785.19,10624.324002073614,Broker,42,2,0,3,3,0,0,0,0,0,0,0,1,0,0,0,0,0,0,0,0.2356091351123703,0.2330642657559764,0.0,0.1578947368421052,0.8,1.0,1.0,0.6000000000000001,0.8,0.4,0.2222222222222222,1.0,1.0,0.0,0.0,0.0,0.0,0.0890559958878522,0.6607142857146755,0.2194444444444444,0.6458852867830422,0.3935018050541516,0.2319999999999999,0.1808352595693056,0.3727272727272727,0.5,0.0,0.0,0.0,0.0,0.0,0.0,0.0,1.0,0.0,0.0,0.0,0.0,0.0,0.0,0.0,0.0,0.5743892895977933,250.76999999999998
2 BHK,656.17,762.34,3,7,2,1,Semi-Furnished,1,2,2,2,3,Wooden,1,1,1,1,0,Not Specified,1,Municipal,3073.34,Baner,411045,Society,2.56,3.5,1.85,2.08,45842.65,20781890.6,31671.50372616853,Owner,19,1,1,2,2,0,1,0,0,0,0,0,0,0,0,0,0,0,0,0,0.1895985680921934,0.1807241539894443,0.1428571428571428,0.1578947368421052,0.1,1.0,1.0,0.2,0.4,0.4,0.2222222222222222,1.0,1.0,1.0,1.0,0.0,1.0,0.2608345457132236,0.7857142857146755,0.3277777777777778,0.2743142144638403,0.5956678700361011,0.5840000000000001,0.8308917185648791,0.1636363636363636,0.0,0.0,1.0,0.0,0.0,0.0,0.0,0.0,0.0,0.0,0.0,0.0,0.0,0.0,0.0,0.0,0.42857142857142855,0.5670686221790064,328.085
1 RK,357.26,456.47,2,5,13,1,Semi-Furnished,1,1,1,0,2,Ceramic,1,1,0,1,0,Open,1,Borewell,800.0,Shivajinagar,411005,Society,1.48,7.84,0.74,1.58,12323.74,5249010.64,14692.410681296535,Owner,8,2,1,1,1,0,0,0,0,0,0,0,0,0,0,0,0,1,0,0,0.0465465752900187,0.0620226637690158,0.0952380952380952,0.0526315789473684,0.65,1.0,1.0,0.0,0.2,0.0,0.1111111111111111,1.0,1.0,0.0,1.0,0.0,1.0,0.0,0.071428571429351,0.1777777777777777,0.6350789692435577,0.1949458483754512,0.3840000000000001,0.3064769092591517,0.0636363636363636,0.5,0.0,0.0,0.0,0.0,0.0,0.0,0.0,0.0,0.0,0.0,0.0,0.0,1.0,0.0,0.0,0.4,0.5508477122949731,357.26
2 BHK,735.79,837.41,11,13,18,1,Fully Furnished,1,2,1,1,3,Ceramic,1,1,1,0,0,Covered,0,Corporation + Borewell,3141.66,Pune Camp,411001,Society,1.87,6.97,1.13,2.06,23343.66,5007908.66,6806.16569945229,Builder,40,3,2,2,2,0,0,0,0,0,0,0,0,0,0,0,1,0,0,0,0.2277030131322026,0.2098571872089413,0.5238095238095237,0.4736842105263157,0.9,1.0,1.0,0.2,0.2,0.2,0.2222222222222222,1.0,1.0,1.0,0.0,0.0,0.0,0.2686733274894328,0.0,0.2319444444444444,0.5627597672485453,0.335740072202166,0.5760000000000001,0.0629079224201513,0.3545454545454545,1.0,0.0,0.0,0.0,0.0,0.0,0.0,0.0,0.0,0.0,0.0,0.0,1.0,0.0,0.0,0.0,0.8461538461538461,0.5057102766015276,367.895
3 BHK,996.45,1196.2,1,14,11,1,Semi-Furnished,1,4,3,2,4,Not Specified,1,0,0,0,0,Open,0,Municipal,2348.07,Magarpatta,411013,Society,5.23,0.99,2.16,2.15,26761.0,6423536.07,6446.42086406744,Broker,23,3,1,3,3,0,0,0,0,0,0,0,0,1,0,0,0,0,0,0,0.3524493663616524,0.3490957777087862,0.0476190476190476,0.5263157894736842,0.55,1.0,1.0,0.6000000000000001,0.6000000000000001,0.4,0.3333333333333333,1.0,0.0,0.0,0.0,0.0,0.0,0.177619773189347,0.214285714286234,0.6986111111111112,0.0656691604322527,0.7075812274368232,0.612,0.0517961867322595,0.1999999999999999,1.0,0.0,0.0,0.0,0.0,0.0,0.0,0.0,0.0,1.0,0.0,0.0,0.0,0.0,0.0,0.0,0.07142857142857142,0.5077307306048107,332.15000000000003
1 BHK,516.93,637.13,4,14,11,1,Fully Furnished,1,1,1,1,2,Vitrified,1,1,1,1,0,Open,1,Municipal,2462.15,Kalyani Nagar,411006,Society,2.18,6.06,1.45,1.47,27682.41,14793951.7,28618.868512177665,Broker,46,1,2,1,1,0,0,0,0,1,0,0,0,0,0,0,0,0,0,0,0.1229612542593514,0.1321328779882024,0.1904761904761904,0.5263157894736842,0.55,1.0,1.0,0.0,0.2,0.2,0.1111111111111111,1.0,1.0,1.0,1.0,0.0,1.0,0.1907088865533684,0.089285714286234,0.275,0.4871155444721529,0.4512635379061371,0.3399999999999999,0.7366119908034844,0.409090909090909,0.0,0.0,0.0,0.0,0.0,1.0,0.0,0.0,0.0,0.0,0.0,0.0,0.0,0.0,0.0,0.0,0.2857142857142857,0.5795828991454501,516.93
1 BHK,367.28,402.54,12,12,5,1,Unfurnished,0,1,3,0,2,Wooden,1,1,1,1,0,Stilt,0,Tanker,2150.79,Kharadi,411014,Society,3.18,1.34,2.85,2.27,10658.98,6687522.07,18208.23913635374,Owner,6,2,0,1,1,0,0,0,0,0,1,0,0,0,0,0,0,0,0,0,0.0513419349898541,0.0410936044706613,0.5714285714285714,0.4210526315789473,0.25,1.0,0.0,0.0,0.6000000000000001,0.0,0.1111111111111111,1.0,1.0,1.0,1.0,0.0,0.0,0.1549846023929396,0.232142857143117,0.4138888888888889,0.0947630922693266,0.956678700361011,0.66,0.415070289596349,0.0454545454545454,0.5,0.0,0.0,0.0,0.0,0.0,1.0,0.0,0.0,0.0,0.0,0.0,0.0,0.0,0.0,0.0,1.0,0.5777131760982948,367.28
4 BHK,1422.17,1595.15,5,9,7,1,Semi-Furnished,1,4,3,3,8,Vitrified,1,1,0,0,0,Stilt,0,Municipal,3635.78,Wakad,411057,Society,5.02,2.37,1.26,2.01,44620.93,11298009.99,7944.204975495194,Broker,29,3,1,4,4,0,0,0,0,0,0,0,0,0,0,0,0,0,0,1,0.5561899383590491,0.5039195901893823,0.238095238095238,0.2631578947368421,0.35,1.0,1.0,0.6000000000000001,0.6000000000000001,0.6000000000000001,0.7777777777777777,1.0,1.0,0.0,0.0,0.0,0.0,0.3253668118462901,1.0,0.6694444444444444,0.1803823773898586,0.3826714801444043,0.5559999999999999,0.0980576623010808,0.2545454545454545,1.0,0.0,0.0,0.0,0.0,0.0,0.0,0.0,0.0,0.0,0.0,0.0,0.0,0.0,0.0,1.0,0.5555555555555556,0.4945350265669154,355.5425
1 BHK,335.66,401.65,16,18,11,1,Fully Furnished,1,1,1,0,1,Vitrified,1,1,0,0,0,Bike,0,Tanker,800.0,Hadapsar,411028,Society,5.19,2.14,2.44,2.23,7500.0,3852876.61,11478.509831376987,Owner,26,3,2,1,1,0,0,1,0,0,0,0,0,0,0,0,0,0,0,0,0.0362092729430682,0.0407482148401117,0.7619047619047619,0.7368421052631579,0.55,1.0,1.0,0.0,0.2,0.0,0.0,1.0,1.0,0.0,0.0,0.0,0.0,0.0,0.482142857143117,0.6930555555555556,0.1612635078969243,0.8086642599277979,0.644,0.2072113086009165,0.2272727272727272,1.0,0.0,0.0,1.0,0.0,0.0,0.0,0.0,0.0,0.0,0.0,0.0,0.0,0.0,0.0,0.0,0.8888888888888888,0.46964183348075406,335.66
2 BHK,606.34,705.42,4,11,10,1,Fully Furnished,1,2,1,2,3,Vitrified,1,1,1,1,1,Covered,0,Municipal,3145.79,Baner,411045,Society,3.77,3.45,1.47,1.66,49093.45,17505047.0,28870.018471484644,Broker,6,1,2,2,2,0,1,0,0,0,0,0,0,0,0,0,0,0,0,0,0.1657509858723534,0.158634740763738,0.1904761904761904,0.368421052631579,0.5,1.0,1.0,0.2,0.2,0.4,0.2222222222222222,1.0,1.0,1.0,1.0,1.0,0.0,0.2691471882730356,0.7857142857146755,0.4958333333333333,0.2701579384871155,0.4584837545126353,0.416,0.7443704698450898,0.0454545454545454,0.0,0.0,1.0,0.0,0.0,0.0,0.0,0.0,0.0,0.0,0.0,0.0,0.0,0.0,0.0,0.0,0.36363636363636365,0.5587986816932033,303.17
3 BHK,1033.14,1176.6,3,18,11,1,Unfurnished,0,4,4,2,5,Ceramic,1,1,1,1,0,Stilt,0,Municipal,2811.88,Hadapsar,411028,Standalone,5.18,2.45,2.36,2.0,19509.84,6888660.33,6667.692984493872,Broker,30,3,0,3,3,0,0,1,0,0,0,0,0,0,0,0,0,0,0,0,0.3700084229870976,0.3414894442719652,0.1428571428571428,0.7368421052631579,0.55,1.0,0.0,0.6000000000000001,0.8,0.4,0.4444444444444445,1.0,1.0,1.0,1.0,0.0,0.0,0.230835601286882,0.482142857143117,0.6916666666666667,0.1870324189526184,0.779783393501805,0.552,0.0586302578211769,0.2636363636363636,1.0,0.0,0.0,1.0,0.0,0.0,0.0,0.0,0.0,0.0,0.0,0.0,0.0,0.0,0.0,0.0,0.16666666666666666,0.48621576479303386,344.38000000000005
1 BHK,279.39,345.68,2,14,15,1,Fully Furnished,1,1,0,0,2,Ceramic,1,1,1,1,0,Stilt,0,Municipal,1092.3,Aundh,411007,Society,3.52,4.83,1.08,1.68,10594.3,2800000.0,10021.833279644941,Builder,12,2,2,1,1,1,0,0,0,0,0,0,0,0,0,0,0,0,0,0,0.0092796431716375,0.0190274759391493,0.0952380952380952,0.5263157894736842,0.75,1.0,1.0,0.0,0.0,0.0,0.1111111111111111,1.0,1.0,1.0,1.0,0.0,0.0,0.0335374109072885,0.107142857143117,0.4611111111111111,0.3848711554447215,0.3176895306859206,0.424,0.1622260287088433,0.0999999999999999,0.5,1.0,0.0,0.0,0.0,0.0,0.0,0.0,0.0,0.0,0.0,0.0,0.0,0.0,0.0,0.0,0.14285714285714285,0.5303107623630927,279.39
2 BHK,730.18,863.1,1,20,11,1,Unfurnished,1,2,3,1,3,Vitrified,1,1,0,0,0,Stilt,1,Municipal,2430.985,Hadapsar,411028,Society,5.77,1.86,2.59,1.56,9879.52,4282003.99,5864.312895450437,Owner,7,3,0,2,2,0,0,1,0,0,0,0,0,0,0,0,0,0,0,0,0.2250181859948696,0.2198269171064887,0.0476190476190476,0.8421052631578947,0.55,1.0,1.0,0.2,0.6000000000000001,0.2,0.2222222222222222,1.0,1.0,0.0,0.0,0.0,1.0,0.1871331307855763,0.482142857143117,0.773611111111111,0.1379883624272651,0.8628158844765342,0.3760000000000001,0.0338179500072272,0.0545454545454545,1.0,0.0,0.0,1.0,0.0,0.0,0.0,0.0,0.0,0.0,0.0,0.0,0.0,0.0,0.0,0.0,0.05,0.5227284111585011,365.09
3 BHK,910.24,1083.35,6,14,14,1,Semi-Furnished,1,4,2,2,5,Ceramic,1,1,1,1,0,Open,0,Tanker,4172.67,Kothrud,411038,Society,1.94,7.86,1.38,1.27,25600.55,7758747.64,8523.848259799614,Owner,24,2,1,3,3,0,0,0,0,0,0,0,1,0,0,0,0,0,0,0,0.3111910869481986,0.3053011487115802,0.2857142857142857,0.5263157894736842,0.7000000000000001,1.0,1.0,0.6000000000000001,0.4,0.4,0.4444444444444445,1.0,1.0,1.0,1.0,0.0,0.0,0.3869675663519833,0.6607142857146755,0.2416666666666666,0.6367414796342477,0.4259927797833934,0.26,0.1159589937203266,0.209090909090909,0.5,0.0,0.0,0.0,0.0,0.0,0.0,0.0,1.0,0.0,0.0,0.0,0.0,0.0,0.0,0.0,0.42857142857142855,0.562701542035148,303.41333333333336
3 BHK,726.76,902.86,12,13,7,1,Semi-Furnished,1,4,3,2,5,Vitrified,0,0,0,1,0,Covered,1,Municipal,901.39,Wakad,411057,Society,4.9,3.09,1.95,2.22,16479.0,5579100.01,7676.674569321372,Broker,3,3,1,3,3,0,0,0,0,0,0,0,0,0,0,0,0,0,0,1,0.2233814464566024,0.235256907792611,0.5714285714285714,0.4736842105263157,0.35,1.0,1.0,0.6000000000000001,0.6000000000000001,0.4,0.4444444444444445,0.0,0.0,0.0,1.0,0.0,1.0,0.0116331101330481,1.0,0.6527777777777778,0.2402327514546965,0.631768953068592,0.6400000000000001,0.0897938937804919,0.0181818181818181,1.0,0.0,0.0,0.0,0.0,0.0,0.0,0.0,0.0,0.0,0.0,0.0,0.0,0.0,0.0,1.0,0.9230769230769231,0.4578806588209695,242.25333333333333
2 BHK,678.56,838.54,4,8,17,1,Semi-Furnished,1,2,1,0,2,Granite,0,0,0,0,0,Covered,1,Borewell,2452.04,Shivajinagar,411005,Standalone,0.41,7.39,1.0,1.05,26290.33,6222663.26,9170.39504244282,Broker,5,2,1,2,2,0,0,0,0,0,0,0,0,0,0,0,0,1,0,0,0.2003139477009073,0.2102957156162682,0.1904761904761904,0.2105263157894736,0.8500000000000001,1.0,1.0,0.2,0.2,0.0,0.1111111111111111,0.0,0.0,0.0,0.0,0.0,1.0,0.1895489028918128,0.071428571429351,0.0291666666666666,0.597672485453034,0.2888086642599278,0.172,0.1359265761263693,0.0363636363636363,0.5,0.0,0.0,0.0,0.0,0.0,0.0,0.0,0.0,0.0,0.0,0.0,0.0,1.0,0.0,0.0,0.5,0.6679347644392616,339.28
3 BHK,795.04,979.58,3,13,6,1,Fully Furnished,1,3,3,2,3,Marble,1,1,1,0,0,Covered,0,Municipal,2383.6,Wakad,411057,Society,5.27,2.49,2.54,1.99,29751.64,6212217.09,7813.716404206078,Owner,20,3,2,3,3,0,0,0,0,0,0,0,0,0,0,0,0,0,0,1,0.2560588077644626,0.2650302701024527,0.1428571428571428,0.4736842105263157,0.3,1.0,1.0,0.4000000000000001,0.6000000000000001,0.4,0.2222222222222222,1.0,1.0,1.0,0.0,0.0,0.0,0.1816963527635377,1.0,0.7041666666666666,0.1903574397339983,0.8447653429602888,0.548,0.0940255387386541,0.1727272727272727,1.0,0.0,0.0,0.0,0.0,0.0,0.0,0.0,0.0,0.0,0.0,0.0,0.0,0.0,0.0,1.0,0.23076923076923078,0.4821398714898306,265.0133333333333
3 BHK,796.04,886.84,2,9,6,1,Semi-Furnished,1,3,2,2,4,Wooden,1,1,0,0,0,Covered,1,Borewell,4387.04,Kharadi,411014,Society,4.4,1.5,2.05,1.98,39927.15,7267404.09,9129.445869554294,Owner,39,2,1,3,3,0,0,0,0,0,1,0,0,0,0,0,0,0,0,0,0.2565373865768214,0.2290398944427197,0.0952380952380952,0.2631578947368421,0.3,1.0,1.0,0.4000000000000001,0.4,0.4,0.3333333333333333,1.0,1.0,0.0,0.0,0.0,1.0,0.4115635799551152,0.232142857143117,0.5833333333333334,0.1080631753948462,0.667870036101083,0.544,0.134662734715611,0.3454545454545454,0.5,0.0,0.0,0.0,0.0,0.0,1.0,0.0,0.0,0.0,0.0,0.0,0.0,0.0,0.0,0.0,0.2222222222222222,0.5493802658561449,265.34666666666664
3 BHK,907.96,1018.11,12,13,9,1,Fully Furnished,1,3,3,1,3,Not Specified,1,1,1,1,0,Open,1,Municipal,3689.34,Kharadi,411014,Society,3.68,2.34,2.31,2.06,45387.79,15122943.49,16655.957850566105,Broker,3,2,2,3,3,0,0,0,0,0,1,0,0,0,0,0,0,0,0,0,0.3100999272560205,0.2799829245575909,0.5714285714285714,0.4736842105263157,0.45,1.0,1.0,0.4000000000000001,0.6000000000000001,0.2,0.2222222222222222,1.0,1.0,1.0,1.0,0.0,1.0,0.3315120863183886,0.232142857143117,0.4833333333333334,0.1778886118038237,0.7617328519855596,0.5760000000000001,0.3671230744332171,0.0181818181818181,0.5,0.0,0.0,0.0,0.0,0.0,1.0,0.0,0.0,0.0,0.0,0.0,0.0,0.0,0.0,0.0,0.9230769230769231,0.5503711680735393,302.65333333333336
3 BHK,1205.74,1382.19,0,16,17,1,Semi-Furnished,0,4,2,1,5,Wooden,0,0,1,1,0,Bike,0,Borewell,5313.66,Kothrud,411038,Society,1.35,6.05,1.16,1.44,42075.1,16890198.17,14008.159445651634,Owner,46,2,1,3,3,0,0,0,0,0,0,0,1,0,0,0,0,0,0,0,0.4526111260002297,0.4212744489289041,0.0,0.631578947368421,0.8500000000000001,1.0,0.0,0.6000000000000001,0.4,0.2,0.4444444444444445,0.0,0.0,1.0,1.0,0.0,0.0,0.5178804998829689,0.6607142857146755,0.1597222222222222,0.4862842892768079,0.3465703971119133,0.3279999999999999,0.2853443195702693,0.409090909090909,0.5,0.0,0.0,0.0,0.0,0.0,0.0,0.0,1.0,0.0,0.0,0.0,0.0,0.0,0.0,0.0,0.0,0.6204479685673472,401.91333333333336
1 BHK,413.88,482.74,3,11,6,1,Semi-Furnished,1,1,0,0,1,Granite,1,1,1,1,0,Covered,0,Borewell,2153.94,Kharadi,411014,Society,4.41,2.51,1.73,1.6,13110.34,4869952.01,11766.579709094423,Builder,11,2,1,1,1,0,0,0,0,0,1,0,0,0,0,0,0,0,0,0,0.0736437076457751,0.0722174790437752,0.1428571428571428,0.368421052631579,0.3,1.0,1.0,0.0,0.0,0.0,0.0,1.0,1.0,1.0,1.0,0.0,0.0,0.1553460216346705,0.232142857143117,0.5847222222222223,0.1920199501246882,0.5523465703971119,0.3920000000000001,0.216111321819981,0.0909090909090909,0.5,0.0,0.0,0.0,0.0,0.0,1.0,0.0,0.0,0.0,0.0,0.0,0.0,0.0,0.0,0.0,0.2727272727272727,0.5620001692364733,413.88
3 BHK,927.56,1158.33,2,11,12,1,Unfurnished,1,4,3,2,6,Ceramic,1,1,0,1,0,Bike,0,Corporation + Borewell,3436.05,Kharadi,411014,Society,4.22,0.93,2.24,2.05,37463.73,7510786.27,8097.358952520592,Owner,3,2,0,3,3,0,0,0,0,0,1,0,0,0,0,0,0,0,0,0,0.3194800719782533,0.3343992548897858,0.0952380952380952,0.368421052631579,0.6000000000000001,1.0,1.0,0.6000000000000001,0.6000000000000001,0.4,0.5555555555555556,1.0,1.0,0.0,1.0,0.0,0.0,0.3024505371952031,0.232142857143117,0.5583333333333333,0.0606816292601828,0.736462093862816,0.572,0.102788110748582,0.0181818181818181,0.5,0.0,0.0,0.0,0.0,0.0,1.0,0.0,0.0,0.0,0.0,0.0,0.0,0.0,0.0,0.0,0.18181818181818182,0.5655453097603547,309.18666666666667
2 BHK,599.49,721.0,2,11,16,1,Unfurnished,0,3,1,1,2,Wooden,1,1,1,0,0,Bike,0,Corporation + Borewell,800.0,Wakad,411057,Society,5.25,1.93,1.67,2.07,10567.46,3830857.61,6390.194348529583,Owner,28,3,0,2,2,0,0,0,0,0,0,0,0,0,0,0,0,0,0,1,0.1624727210076955,0.1646809996895374,0.0952380952380952,0.368421052631579,0.8,1.0,0.0,0.4000000000000001,0.2,0.2,0.1111111111111111,1.0,1.0,1.0,0.0,0.0,0.0,0.0,1.0,0.701388888888889,0.1438071487946799,0.5306859205776173,0.58,0.0500613389306394,0.2454545454545454,1.0,0.0,0.0,0.0,0.0,0.0,0.0,0.0,0.0,0.0,0.0,0.0,0.0,0.0,0.0,1.0,0.18181818181818182,0.48975677828907593,299.745
1 BHK,446.61,550.61,8,13,12,1,Semi-Furnished,0,1,0,1,2,Wooden,0,1,1,1,1,Bike,0,Municipal,1910.02,Koregaon Park,411001,Standalone,1.99,5.25,1.59,1.32,31800.77,11610364.39,25996.651194554535,Broker,9,1,1,1,1,0,0,0,0,0,0,1,0,0,0,0,0,0,0,0,0.0893075921742792,0.0985563489599503,0.3809523809523809,0.4736842105263157,0.6000000000000001,1.0,0.0,0.0,0.0,0.2,0.1111111111111111,0.0,1.0,1.0,1.0,1.0,0.0,0.1273595513353007,0.0,0.2486111111111111,0.4197838736492102,0.5018050541516246,0.28,0.6556257621037833,0.0727272727272727,0.0,0.0,0.0,0.0,0.0,0.0,0.0,1.0,0.0,0.0,0.0,0.0,0.0,0.0,0.0,0.0,0.6153846153846154,0.6262439589095354,446.61
5 BHK,2349.52,2873.45,9,12,17,1,Unfurnished,0,6,3,2,8,Granite,1,1,0,1,1,Open,0,Corporation + Borewell,9515.64,Kothrud,411038,Society,2.75,7.78,1.09,1.41,63203.07,18126713.24,7715.070840001361,Owner,31,2,0,5,5,0,0,0,0,0,0,0,1,0,0,0,0,0,0,0,1.0,1.0,0.4285714285714285,0.4210526315789473,0.8500000000000001,1.0,0.0,1.0000000000000002,0.6000000000000001,0.4,0.7777777777777777,1.0,1.0,0.0,1.0,1.0,0.0,1.0,0.6607142857146755,0.3541666666666667,0.6300914380714879,0.3212996389891697,0.3159999999999999,0.0909795944588646,0.2727272727272727,0.5,0.0,0.0,0.0,0.0,0.0,0.0,0.0,1.0,0.0,0.0,0.0,0.0,0.0,0.0,0.0,0.75,0.513438221226447,469.904
3 BHK,1064.15,1222.6,10,14,9,1,Unfurnished,1,3,2,2,5,Wooden,0,0,0,1,0,Not Specified,0,Municipal,3785.2,Wakad,411057,Standalone,5.09,2.64,2.09,2.44,16732.68,7301490.95,6861.336230794531,Broker,24,3,0,3,3,0,0,0,0,0,0,0,0,0,0,0,0,0,0,1,0.3848491519583445,0.3593410431542999,0.4761904761904761,0.5263157894736842,0.45,1.0,1.0,0.4000000000000001,0.4,0.4,0.4444444444444445,0.0,0.0,0.0,1.0,0.0,0.0,0.3425107048937312,1.0,0.6791666666666667,0.2028262676641729,0.6823104693140793,0.728,0.0646109579868476,0.209090909090909,1.0,0.0,0.0,0.0,0.0,0.0,0.0,0.0,0.0,0.0,0.0,0.0,0.0,0.0,0.0,1.0,0.7142857142857143,0.4380827490802961,354.7166666666667
3 BHK,1121.18,1377.24,2,10,13,1,Semi-Furnished,1,3,3,2,5,Vitrified,0,1,0,1,0,Covered,0,Municipal,4067.76,Pune Camp,411001,Society,2.64,6.2,1.27,1.86,30077.26,8821605.1,7868.14347384006,Broker,7,3,1,3,3,0,0,0,0,0,0,0,0,0,0,0,1,0,0,0,0.412142501627168,0.4193534616578703,0.0952380952380952,0.3157894736842105,0.65,1.0,1.0,0.4000000000000001,0.6000000000000001,0.4,0.4444444444444445,0.0,1.0,0.0,1.0,0.0,0.0,0.3749305845583343,0.0,0.3388888888888889,0.4987531172069824,0.3862815884476534,0.4960000000000001,0.0957069543398683,0.0545454545454545,1.0,0.0,0.0,0.0,0.0,0.0,0.0,0.0,0.0,0.0,0.0,0.0,1.0,0.0,0.0,0.0,0.2,0.5133797581467245,373.7266666666667
3 BHK,1087.02,1233.75,6,13,12,1,Unfurnished,0,3,4,1,4,Ceramic,0,0,0,1,1,Covered,0,Municipal,2884.09,Hinjewadi,411057,Standalone,5.86,0.75,2.35,2.66,24873.85,6555707.03,6030.898263141433,Owner,28,3,0,3,3,0,0,0,1,0,0,0,0,0,0,0,0,0,0,0,0.3957942493969906,0.3636681154920833,0.2857142857142857,0.4736842105263157,0.6000000000000001,1.0,0.0,0.4000000000000001,0.8,0.2,0.3333333333333333,0.0,0.0,0.0,1.0,1.0,0.0,0.2391207071425621,1.0,0.7861111111111112,0.0457190357439733,0.776173285198556,0.8160000000000001,0.0389628840786868,0.2454545454545454,1.0,0.0,0.0,0.0,1.0,0.0,0.0,0.0,0.0,0.0,0.0,0.0,0.0,0.0,0.0,0.0,0.46153846153846156,0.43140646464440413,362.34
1 RK,366.17,438.89,8,10,9,1,Semi-Furnished,1,2,1,0,2,Ceramic,1,1,0,0,0,Not Specified,0,Municipal,800.0,Viman Nagar,411014,Society,1.73,5.78,1.88,1.6,16362.31,3052907.97,8337.40604090996,Owner,32,2,1,1,1,0,0,0,0,0,0,0,0,0,0,0,0,0,1,0,0.0508107125081358,0.0552002483700714,0.3809523809523809,0.3157894736842105,0.45,1.0,1.0,0.2,0.2,0.0,0.1111111111111111,1.0,1.0,0.0,0.0,0.0,0.0,0.0,0.232142857143117,0.2125,0.4638403990024937,0.6064981949458483,0.3920000000000001,0.1101981994892746,0.2818181818181818,0.5,0.0,0.0,0.0,0.0,0.0,0.0,0.0,0.0,0.0,0.0,0.0,0.0,0.0,1.0,0.0,0.8,0.5935957877495082,366.17
1 BHK,415.42,529.85,9,11,4,1,Semi-Furnished,1,1,0,1,1,Ceramic,0,0,1,1,0,Covered,1,Municipal,1806.79,Baner,411045,Standalone,2.59,3.14,1.85,2.14,14653.91,4221903.31,10162.975566896152,Builder,38,1,1,1,1,0,1,0,0,0,0,0,0,0,0,0,0,0,0,0,0.0743807190168076,0.0904998447687054,0.4285714285714285,0.368421052631579,0.2,1.0,1.0,0.0,0.0,0.2,0.0,0.0,0.0,1.0,1.0,0.0,1.0,0.1155153264705747,0.7857142857146755,0.3319444444444444,0.2443890274314214,0.5956678700361011,0.6080000000000001,0.1665855403200002,0.3363636363636363,0.0,0.0,1.0,0.0,0.0,0.0,0.0,0.0,0.0,0.0,0.0,0.0,0.0,0.0,0.0,0.0,0.8181818181818182,0.5691189522751257,415.42
4 BHK,1299.6,1573.38,0,11,11,1,Semi-Furnished,1,4,4,2,6,Marble,1,0,0,1,0,Bike,1,Municipal,4605.33,Hadapsar,411028,Society,5.39,1.62,2.95,2.01,38139.98,16735482.29,12877.410195444752,Owner,12,3,1,4,4,0,0,1,0,0,0,0,0,0,0,0,0,0,0,0,0.4975305333282284,0.4954711269791991,0.0,0.368421052631579,0.55,1.0,1.0,0.6000000000000001,0.8,0.4,0.5555555555555556,1.0,0.0,0.0,1.0,0.0,1.0,0.4366093597257344,0.482142857143117,0.7208333333333333,0.1180382377389858,0.9927797833935018,0.5559999999999999,0.250423442466801,0.0999999999999999,1.0,0.0,0.0,1.0,0.0,0.0,0.0,0.0,0.0,0.0,0.0,0.0,0.0,0.0,0.0,0.0,0.0,0.49830989710384654,324.9
2 BHK,589.92,682.02,6,13,9,1,Semi-Furnished,1,2,2,1,3,Marble,1,1,0,1,0,Covered,0,Municipal,2119.8,Nigdi,411044,Society,4.2,12.09,1.84,2.43,11820.5,5290059.43,8967.41834486032,Owner,42,3,1,2,2,0,0,0,0,0,0,0,0,0,1,0,0,0,0,0,0.1578927217734216,0.1495537100279416,0.2857142857142857,0.4736842105263157,0.45,1.0,1.0,0.2,0.4,0.2,0.2222222222222222,1.0,1.0,0.0,1.0,0.0,0.0,0.1514289254719103,0.7678571428577925,0.5555555555555556,0.9883624272651704,0.5920577617328521,0.7240000000000001,0.1296601835596841,0.3727272727272727,1.0,0.0,0.0,0.0,0.0,0.0,0.0,0.0,0.0,0.0,1.0,0.0,0.0,0.0,0.0,0.0,0.46153846153846156,0.22167784647343114,294.96
2 BHK,486.13,551.62,6,13,8,1,Semi-Furnished,1,2,2,2,2,Marble,1,1,1,1,0,Covered,1,Corporation + Borewell,2798.84,Baner,411045,Society,3.64,3.28,1.65,2.53,27287.67,11678577.5,24023.568798469547,Broker,19,1,1,2,2,0,1,0,0,0,0,0,0,0,0,0,0,0,0,0,0.1082210268386997,0.0989483079788885,0.2857142857142857,0.4736842105263157,0.4,1.0,1.0,0.2,0.4,0.4,0.1111111111111111,1.0,1.0,1.0,1.0,0.0,1.0,0.229339440362383,0.7857142857146755,0.4777777777777778,0.256026600166251,0.5234657039711191,0.764,0.5946741377031195,0.1636363636363636,0.0,0.0,1.0,0.0,0.0,0.0,0.0,0.0,0.0,0.0,0.0,0.0,0.0,0.0,0.0,0.0,0.46153846153846156,0.4763392346998234,243.065
3 BHK,1104.7,1293.49,7,14,10,1,Semi-Furnished,1,3,3,1,3,Vitrified,1,1,0,1,0,Covered,1,Municipal,3404.79,Hadapsar,411028,Society,5.48,2.23,2.24,1.84,38861.33,7850382.57,7106.347940617362,Broker,53,3,1,3,3,0,0,1,0,0,0,0,0,0,0,0,0,0,0,0,0.4042555227994946,0.386851909344924,0.3333333333333333,0.5263157894736842,0.5,1.0,1.0,0.4000000000000001,0.6000000000000001,0.2,0.2222222222222222,1.0,1.0,0.0,1.0,0.0,1.0,0.2988638814820254,0.482142857143117,0.7333333333333334,0.168744804655029,0.736462093862816,0.4880000000000001,0.0721782547622607,0.4727272727272727,1.0,0.0,0.0,1.0,0.0,0.0,0.0,0.0,0.0,0.0,0.0,0.0,0.0,0.0,0.0,0.0,0.5,0.4957924526199261,368.23333333333335
2 BHK,704.88,804.84,6,15,11,1,Fully Furnished,0,2,2,1,3,Marble,1,1,1,0,0,Covered,0,Municipal,1651.45,Hinjewadi,411057,Standalone,6.36,0.2,2.9,2.73,10124.2,5677769.12,8054.944274202701,Owner,46,3,2,2,2,0,0,0,1,0,0,0,0,0,0,0,0,0,0,0,0.2129101420421915,0.1972174790437753,0.2857142857142857,0.5789473684210527,0.55,1.0,0.0,0.2,0.4,0.2,0.2222222222222222,1.0,1.0,1.0,0.0,0.0,0.0,0.0976921947212138,1.0,0.8555555555555556,0.0,0.9747292418772564,0.8440000000000001,0.1014767054137629,0.409090909090909,1.0,0.0,0.0,0.0,1.0,0.0,0.0,0.0,0.0,0.0,0.0,0.0,0.0,0.0,0.0,0.0,0.4,0.4163957702592208,352.44
2 BHK,543.46,598.51,3,17,12,1,Unfurnished,1,3,2,2,3,Vitrified,1,1,1,1,1,Open,1,Tanker,912.76,Kalyani Nagar,411006,Society,2.09,6.32,1.4,2.14,26755.03,8273363.6,15223.500533617927,Owner,21,1,0,2,2,0,0,0,0,1,0,0,0,0,0,0,0,0,0,0,0.1356579501512309,0.1171452964917727,0.1428571428571428,0.6842105263157894,0.6000000000000001,1.0,1.0,0.4000000000000001,0.4,0.4,0.2222222222222222,1.0,1.0,1.0,1.0,1.0,1.0,0.0129376614912961,0.089285714286234,0.2624999999999999,0.5087281795511222,0.4332129963898916,0.6080000000000001,0.3228839922069291,0.1818181818181818,0.0,0.0,0.0,0.0,0.0,1.0,0.0,0.0,0.0,0.0,0.0,0.0,0.0,0.0,0.0,0.0,0.17647058823529413,0.5049693570543938,271.73
3 BHK,1102.09,1247.81,0,10,12,1,Unfurnished,1,3,2,2,5,Ceramic,1,1,1,0,0,Covered,1,Borewell,4639.97,Shivajinagar,411005,Standalone,1.03,8.47,1.15,1.74,44918.57,10303096.06,9348.68845557078,Builder,96,2,0,3,3,0,0,0,0,0,0,0,0,0,0,0,0,1,0,0,0.4030064320992381,0.3691244954982925,0.0,0.3157894736842105,0.6000000000000001,1.0,1.0,0.4000000000000001,0.4,0.4,0.4444444444444445,1.0,1.0,1.0,0.0,0.0,1.0,0.4405838240221029,0.071428571429351,0.1152777777777778,0.6874480465502909,0.3429602888086642,0.448,0.141435343331229,0.8636363636363636,0.5,0.0,0.0,0.0,0.0,0.0,0.0,0.0,0.0,0.0,0.0,0.0,0.0,1.0,0.0,0.0,0.0,0.5368530742202042,367.3633333333333
3 BHK,1006.18,1189.24,5,16,4,1,Semi-Furnished,1,4,3,2,6,Vitrified,1,1,1,0,0,Covered,1,Tanker,3495.26,Kothrud,411038,Society,1.89,8.31,0.87,1.29,38817.61,8440561.9,8388.71961279294,Owner,16,2,1,3,3,0,0,0,0,0,0,0,1,0,0,0,0,0,0,0,0.3571059382059037,0.3463947531822416,0.238095238095238,0.631578947368421,0.2,1.0,1.0,0.6000000000000001,0.6000000000000001,0.4,0.5555555555555556,1.0,1.0,1.0,0.0,0.0,1.0,0.3092440715770729,0.6607142857146755,0.2347222222222222,0.6741479634247713,0.2418772563176895,0.268,0.111784796099017,0.1363636363636363,0.5,0.0,0.0,0.0,0.0,0.0,0.0,0.0,1.0,0.0,0.0,0.0,0.0,0.0,0.0,0.0,0.3125,0.5505521198284893,335.3933333333333
3 BHK,960.31,1119.16,0,12,13,1,Semi-Furnished,1,4,3,2,6,Wooden,0,0,1,0,0,Covered,0,Corporation + Borewell,2719.08,Hadapsar,411028,Standalone,5.67,1.67,1.99,2.61,16472.15,5990978.56,6238.5881225854155,Owner,12,3,1,3,3,0,0,1,0,0,0,0,0,0,0,0,0,0,0,0,0.3351535280830047,0.3191982303632413,0.0,0.4210526315789473,0.65,1.0,1.0,0.6000000000000001,0.6000000000000001,0.4,0.5555555555555556,0.0,0.0,1.0,0.0,0.0,0.0,0.2201880756892207,0.482142857143117,0.7597222222222222,0.1221945137157106,0.6462093862815884,0.796,0.0453781455505493,0.0999999999999999,1.0,0.0,0.0,1.0,0.0,0.0,0.0,0.0,0.0,0.0,0.0,0.0,0.0,0.0,0.0,0.0,0.0,0.42023195124176327,320.1033333333333
1 BHK,582.28,669.44,1,12,16,1,Semi-Furnished,1,2,1,0,1,Vitrified,1,1,0,1,1,Covered,1,Corporation + Borewell,2581.56,Kharadi,411014,Society,3.84,0.95,2.24,2.09,18340.39,5515792.85,9472.749965652263,Owner,13,2,1,1,1,0,0,0,0,0,1,0,0,0,0,0,0,0,0,0,0.1542363796470002,0.1446716858118597,0.0476190476190476,0.4210526315789473,0.8,1.0,1.0,0.2,0.2,0.0,0.0,1.0,1.0,0.0,1.0,1.0,1.0,0.2044095442216521,0.232142857143117,0.5055555555555555,0.0623441396508728,0.736462093862816,0.588,0.1452657835013719,0.109090909090909,0.5,0.0,0.0,0.0,0.0,0.0,1.0,0.0,0.0,0.0,0.0,0.0,0.0,0.0,0.0,0.0,0.08333333333333333,0.577843814945205,582.28
2 BHK,786.0,919.49,0,13,7,1,Unfurnished,0,2,2,1,4,Vitrified,1,1,1,0,0,Covered,0,Borewell,2339.32,Kharadi,411014,Society,3.57,2.03,2.06,1.94,25475.92,8309462.67,10571.835458015266,Broker,13,2,0,2,2,0,0,0,0,0,1,0,0,0,0,0,0,0,0,0,0.2517324553007389,0.2417106488668116,0.0,0.4736842105263157,0.35,1.0,0.0,0.2,0.4,0.2,0.3333333333333333,1.0,1.0,1.0,0.0,0.0,0.0,0.1766158308512054,0.232142857143117,0.4680555555555555,0.1521197007481296,0.6714801444043321,0.528,0.179214997584741,0.109090909090909,0.5,0.0,0.0,0.0,0.0,0.0,1.0,0.0,0.0,0.0,0.0,0.0,0.0,0.0,0.0,0.0,0.0,0.5765958045598274,393.0
2 BHK,595.63,665.05,7,12,8,1,Semi-Furnished,1,3,2,1,2,Vitrified,1,1,0,1,0,Covered,1,Municipal,800.0,Aundh,411007,Society,4.37,2.93,1.38,1.22,25297.68,4952440.12,8314.625052465457,Broker,18,2,1,2,2,1,0,0,0,0,0,0,0,0,0,0,0,0,0,0,0.1606254067919905,0.1429680223533064,0.3333333333333333,0.4210526315789473,0.4,1.0,1.0,0.4000000000000001,0.4,0.2,0.1111111111111111,1.0,1.0,0.0,1.0,0.0,1.0,0.0,0.107142857143117,0.5791666666666667,0.226932668329177,0.4259927797833934,0.24,0.1094967860377027,0.1545454545454545,0.5,1.0,0.0,0.0,0.0,0.0,0.0,0.0,0.0,0.0,0.0,0.0,0.0,0.0,0.0,0.0,0.5833333333333334,0.5929530008025512,297.815
2 BHK,762.17,913.68,1,13,5,1,Semi-Furnished,1,1,2,1,3,Ceramic,0,0,0,0,0,Covered,0,Tanker,3156.12,Hadapsar,411028,Standalone,4.99,2.69,2.68,2.07,24551.2,5404776.37,7091.300326698769,Owner,24,3,1,2,2,0,0,1,0,0,0,0,0,0,0,0,0,0,0,0,0.2403279222022282,0.2394559143123253,0.0476190476190476,0.4736842105263157,0.25,1.0,1.0,0.0,0.4,0.2,0.2222222222222222,0.0,0.0,0.0,0.0,0.0,0.0,0.2703324139133787,0.482142857143117,0.6652777777777779,0.2069825436408977,0.8953068592057762,0.58,0.071713116647744,0.209090909090909,1.0,0.0,0.0,1.0,0.0,0.0,0.0,0.0,0.0,0.0,0.0,0.0,0.0,0.0,0.0,0.0,0.07692307692307693,0.4807543989678086,381.085
3 BHK,954.01,1174.52,8,13,11,1,Fully Furnished,1,3,3,1,5,Marble,0,0,0,0,0,Not Specified,0,Corporation + Borewell,2949.46,Hadapsar,411028,Society,5.15,2.72,1.99,2.66,20949.92,8508026.57,8918.173362962652,Broker,8,3,2,3,3,0,0,1,0,0,0,0,0,0,0,0,0,0,0,0,0.3321384815651441,0.3406822415398945,0.3809523809523809,0.4736842105263157,0.55,1.0,1.0,0.4000000000000001,0.6000000000000001,0.2,0.4444444444444445,0.0,0.0,0.0,0.0,0.0,0.0,0.2466210169304836,0.482142857143117,0.6875000000000001,0.2094763092269326,0.6462093862815884,0.8160000000000001,0.1281387557030381,0.0636363636363636,1.0,0.0,0.0,1.0,0.0,0.0,0.0,0.0,0.0,0.0,0.0,0.0,0.0,0.0,0.0,0.0,0.6153846153846154,0.4096953422382694,318.00333333333333
1 BHK,412.88,502.33,1,10,12,1,Semi-Furnished,1,2,1,0,1,Marble,1,1,0,0,0,Covered,0,Borewell,800.0,Hinjewadi,411057,Society,6.39,0.2,2.29,2.79,10547.6,2994727.86,7253.264532067428,Owner,10,3,1,1,1,0,0,0,1,0,0,0,0,0,0,0,0,0,0,0,0.0731651288334162,0.0798199316982303,0.0476190476190476,0.3157894736842105,0.6000000000000001,1.0,1.0,0.2,0.2,0.0,0.0,1.0,1.0,0.0,0.0,0.0,0.0,0.0,1.0,0.8597222222222222,0.0,0.7545126353790614,0.8680000000000001,0.0767172120869196,0.0818181818181818,1.0,0.0,0.0,0.0,1.0,0.0,0.0,0.0,0.0,0.0,0.0,0.0,0.0,0.0,0.0,0.0,0.1,0.4086341624976131,412.88
1 BHK,427.55,521.96,4,7,9,1,Unfurnished,0,2,1,1,1,Granite,1,1,0,1,1,Stilt,1,Municipal,2661.19,Koregaon Park,411001,Society,2.37,5.32,1.44,1.4,16274.74,9089006.01,21258.346415623902,Broker,22,1,0,1,1,0,0,0,0,0,0,1,0,0,0,0,0,0,0,0,0.0801858800107201,0.0874379074821484,0.1904761904761904,0.1578947368421052,0.45,1.0,0.0,0.2,0.2,0.2,0.0,1.0,1.0,0.0,1.0,1.0,1.0,0.2135459931800762,0.0,0.3013888888888889,0.425602660016625,0.4476534296028881,0.3119999999999999,0.5092656994923632,0.1909090909090909,0.0,0.0,0.0,0.0,0.0,0.0,0.0,1.0,0.0,0.0,0.0,0.0,0.0,0.0,0.0,0.0,0.5714285714285714,0.5986719564397405,427.55
2 BHK,518.73,865.89,0,13,4,1,Unfurnished,0,3,3,1,4,Vitrified,1,0,0,0,0,Stilt,0,Corporation + Borewell,1986.23,Wakad,411057,Society,4.19,2.51,1.73,2.52,9591.83,3666794.3,7068.791664256934,Broker,13,3,0,2,2,0,0,0,0,0,0,0,0,0,0,0,0,0,0,1,0.1238226961215973,0.2209096553865259,0.0,0.4736842105263157,0.2,1.0,0.0,0.4000000000000001,0.6000000000000001,0.2,0.3333333333333333,1.0,0.0,0.0,0.0,0.0,0.0,0.1361036022598455,1.0,0.5541666666666667,0.1920199501246882,0.5523465703971119,0.76,0.0710188068991163,0.109090909090909,1.0,0.0,0.0,0.0,0.0,0.0,0.0,0.0,0.0,0.0,0.0,0.0,0.0,0.0,0.0,1.0,0.0,0.4736194808557851,259.365
2 BHK,619.74,782.16,6,8,2,1,Semi-Furnished,1,3,2,2,4,Vitrified,0,0,0,1,1,Open,1,Municipal,2795.27,Baner,411045,Standalone,3.21,3.06,2.22,2.21,33694.42,16402943.76,26467.460160712555,Owner,12,1,1,2,2,0,1,0,0,0,0,0,0,0,0,0,0,0,0,0,0.1721639419579616,0.1884158646383111,0.2857142857142857,0.2105263157894736,0.1,1.0,1.0,0.4000000000000001,0.4,0.4,0.3333333333333333,0.0,0.0,0.0,1.0,1.0,1.0,0.2289298318884213,0.7857142857146755,0.4180555555555555,0.2377389858686616,0.7292418772563178,0.636,0.6701624091807021,0.0999999999999999,0.0,0.0,1.0,0.0,0.0,0.0,0.0,0.0,0.0,0.0,0.0,0.0,0.0,0.0,0.0,0.0,0.75,0.5358928225036157,309.87
1 RK,437.13,503.61,14,15,1,1,Fully Furnished,1,2,1,0,2,Vitrified,1,1,0,0,0,Not Specified,1,Municipal,1184.41,Viman Nagar,411014,Society,3.08,6.55,1.89,1.19,25745.81,8314669.14,19021.044403266762,Broker,15,2,2,1,1,0,0,0,0,0,0,0,0,0,0,0,0,0,1,0,0.0847706650331176,0.0803166718410431,0.6666666666666666,0.5789473684210527,0.05,1.0,1.0,0.2,0.2,0.0,0.1111111111111111,1.0,1.0,0.0,0.0,0.0,1.0,0.0441057684805705,0.232142857143117,0.4,0.5278470490440564,0.6101083032490975,0.2279999999999999,0.4401750846576077,0.1272727272727272,0.5,0.0,0.0,0.0,0.0,0.0,0.0,0.0,0.0,0.0,0.0,0.0,0.0,0.0,1.0,0.0,0.9333333333333333,0.5556017508797557,437.13
1 RK,397.84,435.05,14,15,7,1,Unfurnished,0,1,2,0,1,Vitrified,1,1,0,1,0,Not Specified,1,Municipal,800.0,Hinjewadi,411057,Society,6.1,0.7,2.29,2.75,9883.52,2800000.0,7038.005228232456,Owner,28,3,0,1,1,0,0,0,1,0,0,0,0,0,0,0,0,0,0,0,0.0659673034955396,0.053710027941633,0.6666666666666666,0.5789473684210527,0.35,1.0,0.0,0.0,0.4,0.0,0.0,1.0,1.0,0.0,1.0,0.0,1.0,0.0,1.0,0.8194444444444444,0.0415627597672485,0.7545126353790614,0.8520000000000001,0.0700656752780019,0.2454545454545454,1.0,0.0,0.0,0.0,1.0,0.0,0.0,0.0,0.0,0.0,0.0,0.0,0.0,0.0,0.0,0.0,0.9333333333333333,0.4123430383651153,397.84
2 BHK,606.59,747.64,10,12,6,1,Fully Furnished,1,3,1,2,4,Wooden,1,1,1,1,1,Covered,1,Borewell,2306.68,Kalyani Nagar,411006,Society,2.3,5.14,1.46,1.31,49976.83,16607548.66,27378.540134192783,Owner,23,1,2,2,2,0,0,0,0,1,0,0,0,0,0,0,0,0,0,0,0.1658706305754431,0.1750194039118286,0.4761904761904761,0.4210526315789473,0.3,1.0,1.0,0.4000000000000001,0.2,0.4,0.3333333333333333,1.0,1.0,1.0,1.0,1.0,1.0,0.1728708390892693,0.089285714286234,0.2916666666666666,0.4106400665004155,0.4548736462093863,0.276,0.6983048093922072,0.1999999999999999,0.0,0.0,0.0,0.0,0.0,1.0,0.0,0.0,0.0,0.0,0.0,0.0,0.0,0.0,0.0,0.0,0.8333333333333334,0.6163464631371418,303.295
1 RK,471.73,529.44,0,12,10,1,Unfurnished,1,2,1,0,1,Ceramic,1,0,0,1,0,Covered,0,Municipal,800.0,Nigdi,411044,Society,3.98,10.58,1.66,2.65,13096.26,3205712.56,6795.651241176096,Owner,62,3,0,1,1,0,0,0,0,0,0,0,0,0,1,0,0,0,0,0,0.1013294919407328,0.0903407326917107,0.0,0.4210526315789473,0.5,1.0,1.0,0.2,0.2,0.0,0.0,1.0,0.0,0.0,1.0,0.0,0.0,0.0,0.7678571428577925,0.525,0.8628428927680797,0.5270758122743682,0.812,0.0625820786546698,0.5545454545454546,1.0,0.0,0.0,0.0,0.0,0.0,0.0,0.0,0.0,0.0,1.0,0.0,0.0,0.0,0.0,0.0,0.0,0.24923911111564434,471.73
2 BHK,564.1,628.01,4,18,0,1,Semi-Furnished,1,2,2,1,3,Vitrified,1,0,0,0,0,Covered,1,Tanker,1364.95,Kothrud,411038,Society,1.41,7.23,1.38,1.7,26916.01,9495436.08,16832.89501861372,Broker,27,2,1,2,2,0,0,0,0,0,0,0,1,0,0,0,0,0,0,0,0.1455358168383169,0.1285936044706613,0.1904761904761904,0.7368421052631579,0.0,1.0,1.0,0.2,0.4,0.2,0.2222222222222222,1.0,0.0,0.0,0.0,0.0,1.0,0.0648202541637791,0.6607142857146755,0.1680555555555555,0.5843724023275145,0.4259927797833934,0.432,0.3725935434135083,0.2363636363636363,0.5,0.0,0.0,0.0,0.0,0.0,0.0,0.0,1.0,0.0,0.0,0.0,0.0,0.0,0.0,0.0,0.2222222222222222,0.557806136219873,282.05
1 BHK,413.4,464.18,3,13,8,1,Unfurnished,0,1,1,0,1,Vitrified,1,1,0,1,1,Not Specified,1,Municipal,2028.38,Kharadi,411014,Society,4.88,1.99,1.38,2.07,18497.84,3747479.78,9065.021238509918,Owner,55,2,0,1,1,0,0,0,0,0,1,0,0,0,0,0,0,0,0,0,0.0734139898158428,0.0650147469729897,0.1428571428571428,0.4736842105263157,0.4,1.0,0.0,0.0,0.2,0.0,0.0,1.0,1.0,0.0,1.0,1.0,1.0,0.1409397359230074,0.232142857143117,0.65,0.1487946799667497,0.4259927797833934,0.58,0.1326740067479001,0.4909090909090909,0.5,0.0,0.0,0.0,0.0,0.0,1.0,0.0,0.0,0.0,0.0,0.0,0.0,0.0,0.0,0.0,0.23076923076923078,0.5047881219794548,413.4
2 BHK,550.96,658.82,2,8,9,1,Unfurnished,0,2,3,0,3,Vitrified,1,1,0,1,0,Covered,0,Municipal,2639.07,Hinjewadi,411057,Society,6.58,0.88,2.54,3.07,14809.66,2800000.0,5082.038623493539,Not Specified,7,3,0,2,2,0,0,0,1,0,0,0,0,0,0,0,0,0,0,0,0.139247291243922,0.1405502949394598,0.0952380952380952,0.2105263157894736,0.45,1.0,0.0,0.2,0.6000000000000001,0.0,0.2222222222222222,1.0,1.0,0.0,1.0,0.0,0.0,0.2110080269492544,1.0,0.8861111111111112,0.056525353283458,0.8447653429602888,0.98,0.0096564031542912,0.0545454545454545,1.0,0.0,0.0,0.0,1.0,0.0,0.0,0.0,0.0,0.0,0.0,0.0,0.0,0.0,0.0,0.0,0.25,0.3516274136265959,275.48
2 BHK,541.31,623.75,12,13,5,1,Fully Furnished,1,3,3,1,4,Granite,1,1,0,0,0,Covered,1,Tanker,800.0,Wakad,411057,Society,4.38,3.01,1.97,2.2,11855.45,4658668.51,8606.285695812012,Broker,24,3,2,2,2,0,0,0,0,0,0,0,0,0,0,0,0,0,0,1,0.1346290057046594,0.1269403911828625,0.5714285714285714,0.4736842105263157,0.25,1.0,1.0,0.4000000000000001,0.6000000000000001,0.2,0.3333333333333333,1.0,1.0,0.0,0.0,0.0,1.0,0.0,1.0,0.5805555555555556,0.2335827098919368,0.6389891696750902,0.6320000000000001,0.1185058256541275,0.209090909090909,1.0,0.0,0.0,0.0,0.0,0.0,0.0,0.0,0.0,0.0,0.0,0.0,0.0,0.0,0.0,1.0,0.9230769230769231,0.4856212650161955,270.655
4 BHK,1410.5,1751.19,0,13,10,1,Semi-Furnished,1,4,4,3,6,Vitrified,1,1,0,1,0,Stilt,0,Corporation + Borewell,7206.88,Shivajinagar,411005,Society,1.25,7.64,1.08,1.46,59279.43,17163858.2,12168.633959588798,Broker,5,2,1,4,4,0,0,0,0,0,0,0,0,0,0,0,0,1,0,0,0.5506049236188216,0.5644753182241542,0.0,0.4736842105263157,0.5,1.0,1.0,0.6000000000000001,0.8,0.6000000000000001,0.5555555555555556,1.0,1.0,0.0,1.0,0.0,0.0,0.7351014957019795,0.071428571429351,0.1458333333333333,0.6184538653366582,0.3176895306859206,0.3359999999999999,0.2285304477062452,0.0363636363636363,0.5,0.0,0.0,0.0,0.0,0.0,0.0,0.0,0.0,0.0,0.0,0.0,0.0,1.0,0.0,0.0,0.0,0.5794796620634723,352.625
2 BHK,627.99,754.55,0,15,17,1,Fully Furnished,1,3,2,1,3,Granite,1,1,1,0,0,Not Specified,1,Borewell,1643.87,Hinjewadi,411057,Society,6.17,0.46,2.64,2.56,16200.48,4305598.65,6856.157980222615,Owner,32,3,2,2,2,0,0,0,1,0,0,0,0,0,0,0,0,0,0,0,0.1761122171599218,0.1777010245265445,0.0,0.5789473684210527,0.8500000000000001,1.0,1.0,0.4000000000000001,0.4,0.2,0.2222222222222222,1.0,1.0,1.0,0.0,0.0,1.0,0.0968224938157152,1.0,0.8291666666666667,0.0216126350789692,0.8808664259927799,0.776,0.0644534410954774,0.2818181818181818,1.0,0.0,0.0,0.0,1.0,0.0,0.0,0.0,0.0,0.0,0.0,0.0,0.0,0.0,0.0,0.0,0.0,0.4360303224162587,313.995
2 BHK,638.24,727.31,1,7,8,1,Fully Furnished,1,2,2,2,2,Granite,1,1,0,1,0,Open,1,Municipal,3268.76,Baner,411045,Society,2.97,3.3,2.17,2.57,49824.72,14986169.88,23480.461707194787,Owner,50,1,2,2,2,0,1,0,0,0,0,0,0,0,0,0,0,0,0,0,0.1810176499865998,0.1671297733623098,0.0476190476190476,0.1578947368421052,0.4,1.0,1.0,0.2,0.4,0.4,0.1111111111111111,1.0,1.0,0.0,1.0,0.0,1.0,0.2832563070526089,0.7857142857146755,0.3847222222222222,0.2576891105569409,0.7111913357400722,0.78,0.5779044570485411,0.4454545454545454,0.0,0.0,1.0,0.0,0.0,0.0,0.0,0.0,0.0,0.0,0.0,0.0,0.0,0.0,0.0,0.0,0.14285714285714285,0.5017008029477368,319.12
2 BHK,388.4,424.95,12,14,8,1,Unfurnished,1,3,2,1,3,Ceramic,1,0,0,1,0,Bike,0,Municipal,948.69,Hinjewadi,411057,Society,6.22,0.99,2.19,2.7,7500.0,4318716.8,11119.250257466529,Broker,19,3,0,2,2,0,0,0,1,0,0,0,0,0,0,0,0,0,0,0,0.0614495195068723,0.0497904377522508,0.5714285714285714,0.5263157894736842,0.4,1.0,1.0,0.4000000000000001,0.4,0.2,0.2222222222222222,1.0,0.0,0.0,1.0,0.0,0.0,0.0170601355723733,1.0,0.8361111111111111,0.0656691604322527,0.7184115523465704,0.8320000000000001,0.1961221194484561,0.1636363636363636,1.0,0.0,0.0,0.0,1.0,0.0,0.0,0.0,0.0,0.0,0.0,0.0,0.0,0.0,0.0,0.0,0.8571428571428571,0.4043754522495324,194.2
3 BHK,1058.55,1274.62,14,16,10,1,Semi-Furnished,1,3,3,2,5,Granite,1,1,0,0,0,Open,1,Municipal,4128.25,Shivajinagar,411005,Society,0.79,6.75,1.09,1.33,32256.61,10729597.98,10136.12770298994,Builder,17,2,1,3,3,0,0,0,0,0,0,0,0,0,0,0,0,1,0,0,0.3821691106091351,0.379528873020801,0.6666666666666666,0.631578947368421,0.5,1.0,1.0,0.4000000000000001,0.6000000000000001,0.4,0.4444444444444445,1.0,1.0,0.0,0.0,0.0,1.0,0.3818709813622408,0.071428571429351,0.0819444444444444,0.5444721529509559,0.3212996389891697,0.284,0.1657544070755352,0.1454545454545454,0.5,0.0,0.0,0.0,0.0,0.0,0.0,0.0,0.0,0.0,0.0,0.0,0.0,1.0,0.0,0.0,0.875,0.638346562488018,352.84999999999997
1 BHK,450.3,554.93,9,16,12,1,Fully Furnished,1,1,1,0,1,Granite,0,0,0,0,0,Open,0,Corporation + Borewell,1441.29,Hadapsar,411028,Standalone,6.28,0.38,2.2,2.34,13065.69,3713216.66,8246.09518099045,Not Specified,19,3,2,1,1,0,0,1,0,0,0,0,0,0,0,0,0,0,0,0,0.0910735479918833,0.1002328469419435,0.4285714285714285,0.631578947368421,0.6000000000000001,1.0,1.0,0.0,0.2,0.0,0.0,0.0,0.0,0.0,0.0,0.0,0.0,0.073579220803062,0.482142857143117,0.8444444444444446,0.0149625935162094,0.7220216606498195,0.688,0.1073789559903982,0.1636363636363636,1.0,0.0,0.0,1.0,0.0,0.0,0.0,0.0,0.0,0.0,0.0,0.0,0.0,0.0,0.0,0.0,0.5625,0.4567600716006277,450.3
2 BHK,516.83,655.93,12,15,16,1,Fully Furnished,1,3,1,2,3,Vitrified,0,1,0,1,1,Covered,1,Municipal,2600.51,Koregaon Park,411001,Standalone,1.14,5.6,1.05,1.23,28289.64,11636584.19,22515.303271868892,Broker,59,1,2,2,2,0,0,0,0,0,0,1,0,0,0,0,0,0,0,0,0.1229133963781155,0.1394287488357652,0.5714285714285714,0.5789473684210527,0.8,1.0,1.0,0.4000000000000001,0.2,0.4,0.2222222222222222,0.0,1.0,0.0,1.0,1.0,1.0,0.2065837964853987,0.0,0.1305555555555555,0.4488778054862842,0.3068592057761733,0.244,0.5480905246486139,0.5272727272727273,0.0,0.0,0.0,0.0,0.0,0.0,0.0,1.0,0.0,0.0,0.0,0.0,0.0,0.0,0.0,0.0,0.8,0.6646082477848627,258.415
4 BHK,1504.68,1725.54,7,16,18,1,Unfurnished,1,5,3,2,7,Granite,1,0,0,0,0,Open,1,Municipal,3768.87,Pimple Saudagar,411027,Society,4.31,4.78,1.78,1.88,23606.08,9223547.63,6129.906445224234,Broker,78,3,0,4,4,0,0,0,0,0,0,0,0,0,0,1,0,0,0,0,0.5956774761667752,0.5545211114560695,0.3333333333333333,0.631578947368421,0.9,1.0,1.0,0.8,0.6000000000000001,0.4,0.6666666666666665,1.0,0.0,0.0,0.0,0.0,1.0,0.3406370616500911,0.464285714286234,0.5708333333333333,0.3807148794679966,0.5703971119133574,0.504,0.0420218003377656,0.7000000000000001,1.0,0.0,0.0,0.0,0.0,0.0,0.0,0.0,0.0,0.0,0.0,1.0,0.0,0.0,0.0,0.0,0.4375,0.47472042455689234,376.17
2 BHK,630.71,706.88,2,12,8,1,Semi-Furnished,1,2,2,0,2,Vitrified,1,1,1,1,0,Stilt,1,Municipal,3351.97,Kothrud,411038,Society,1.72,6.42,0.99,1.95,26102.01,5443176.53,8630.236606364257,Owner,56,2,1,2,2,0,0,0,0,0,0,0,1,0,0,0,0,0,0,0,0.1774139515295378,0.1592013349891338,0.0952380952380952,0.4210526315789473,0.4,1.0,1.0,0.2,0.4,0.0,0.1111111111111111,1.0,1.0,1.0,1.0,0.0,1.0,0.2928035118476669,0.6607142857146755,0.2111111111111111,0.5170407315045719,0.2851985559566787,0.532,0.1192439930470191,0.4999999999999999,0.5,0.0,0.0,0.0,0.0,0.0,0.0,0.0,1.0,0.0,0.0,0.0,0.0,0.0,0.0,0.0,0.16666666666666666,0.5392096307263927,315.355
1 BHK,400.52,499.15,6,13,9,1,Semi-Furnished,1,1,1,1,1,Vitrified,1,1,0,1,1,Open,1,Corporation + Borewell,2260.01,Koregaon Park,411001,Society,2.9,6.13,1.36,1.13,26184.27,5316076.06,13272.935334065714,Builder,24,1,1,1,1,0,0,0,0,0,0,1,0,0,0,0,0,0,0,0,0.0672498947126612,0.0785858429059298,0.2857142857142857,0.4736842105263157,0.45,1.0,1.0,0.0,0.2,0.2,0.0,1.0,1.0,0.0,1.0,1.0,1.0,0.1675160974982904,0.0,0.375,0.4929343308395677,0.4187725631768954,0.2039999999999999,0.2626408849607814,0.209090909090909,0.0,0.0,0.0,0.0,0.0,0.0,0.0,1.0,0.0,0.0,0.0,0.0,0.0,0.0,0.0,0.0,0.46153846153846156,0.5815673762321352,400.52
3 BHK,928.89,1115.5,9,12,6,1,Semi-Furnished,1,3,4,1,4,Vitrified,1,1,0,1,1,Covered,1,Corporation + Borewell,3044.6,Kothrud,411038,Society,1.65,7.51,0.68,1.65,27940.85,10165808.42,10944.039035838474,Broker,29,2,1,3,3,0,0,0,0,0,0,0,1,0,0,0,0,0,0,0,0.3201165817986906,0.3177778640173859,0.4285714285714285,0.4210526315789473,0.3,1.0,1.0,0.4000000000000001,0.8,0.2,0.3333333333333333,1.0,1.0,0.0,1.0,1.0,1.0,0.2575370253934306,0.6607142857146755,0.2013888888888888,0.6076475477971737,0.1732851985559567,0.412,0.1907090978050175,0.2545454545454545,0.5,0.0,0.0,0.0,0.0,0.0,0.0,0.0,1.0,0.0,0.0,0.0,0.0,0.0,0.0,0.0,0.75,0.5447056985282661,309.63
1 RK,494.83,615.09,3,13,15,1,Unfurnished,1,2,1,0,2,Ceramic,1,1,1,0,0,Bike,0,Municipal,2695.83,Aundh,411007,Society,2.9,3.9,1.91,1.84,10242.08,3774944.77,7628.7710324758,Owner,19,2,0,1,1,1,0,0,0,0,0,0,0,0,0,0,0,0,0,0,0.1123846625062215,0.1235796336541447,0.1428571428571428,0.4736842105263157,0.75,1.0,1.0,0.2,0.2,0.0,0.1111111111111111,1.0,1.0,1.0,0.0,0.0,0.0,0.2175204574764446,0.107142857143117,0.375,0.3075644222776392,0.6173285198555957,0.4880000000000001,0.0883157058548102,0.1636363636363636,0.5,1.0,0.0,0.0,0.0,0.0,0.0,0.0,0.0,0.0,0.0,0.0,0.0,0.0,0.0,0.0,0.23076923076923078,0.5664921793294646,494.83
2 BHK,548.71,611.35,0,13,7,1,Semi-Furnished,1,3,3,1,3,Ceramic,1,1,0,0,0,Not Specified,0,Corporation + Borewell,2010.95,Hinjewadi,411057,Society,4.73,0.43,1.9,2.9,9136.12,4439698.44,8091.1564214247965,Broker,17,3,1,2,2,0,0,0,1,0,0,0,0,0,0,0,0,0,0,0,0.1381704889161147,0.1221282210493635,0.0,0.4736842105263157,0.35,1.0,1.0,0.4000000000000001,0.6000000000000001,0.2,0.2222222222222222,1.0,1.0,0.0,0.0,0.0,0.0,0.1389398827854294,1.0,0.6291666666666668,0.0191188694929343,0.6137184115523465,0.912,0.1025960019124404,0.1454545454545454,1.0,0.0,0.0,0.0,1.0,0.0,0.0,0.0,0.0,0.0,0.0,0.0,0.0,0.0,0.0,0.0,0.0,0.46538806244448105,274.355
1 BHK,395.88,504.68,18,18,14,1,Fully Furnished,0,2,0,0,1,Vitrified,0,0,1,0,0,Stilt,1,Corporation + Borewell,1327.58,Kothrud,411038,Standalone,2.24,6.59,1.13,1.86,19774.78,6359674.23,16064.651485298577,Owner,6,2,2,1,1,0,0,0,0,0,0,0,1,0,0,0,0,0,0,0,0.0650292890233163,0.0807319155541757,0.8571428571428571,0.7368421052631579,0.7000000000000001,1.0,0.0,0.2,0.0,0.0,0.0,0.0,0.0,1.0,0.0,0.0,1.0,0.0605325598579105,0.6607142857146755,0.2833333333333334,0.5311720698254363,0.335740072202166,0.4960000000000001,0.3488619250170179,0.0454545454545454,0.5,0.0,0.0,0.0,0.0,0.0,0.0,0.0,1.0,0.0,0.0,0.0,0.0,0.0,0.0,0.0,1.0,0.5207681768188719,395.88
1 BHK,306.31,381.01,7,12,11,1,Semi-Furnished,1,1,1,1,2,Marble,1,1,1,1,1,Covered,0,Tanker,1113.36,Baner,411045,Society,2.58,3.58,1.79,2.04,16978.26,3317092.21,10829.199862884007,Broker,19,1,1,1,1,0,1,0,0,0,0,0,0,0,0,0,0,0,0,0,0.0221629848003369,0.0327382800372555,0.3333333333333333,0.4210526315789473,0.55,1.0,1.0,0.0,0.2,0.2,0.1111111111111111,1.0,1.0,1.0,1.0,1.0,0.0,0.0359537566948611,0.7857142857146755,0.3305555555555555,0.2809642560266001,0.5740072202166066,0.5680000000000001,0.1871658943191379,0.1636363636363636,0.0,0.0,1.0,0.0,0.0,0.0,0.0,0.0,0.0,0.0,0.0,0.0,0.0,0.0,0.0,0.0,0.5833333333333334,0.5682607949165595,306.31
4 BHK,1171.45,1313.63,13,14,3,1,Unfurnished,0,4,5,2,7,Granite,1,1,1,1,0,Not Specified,0,Municipal,2763.82,Nigdi,411044,Society,3.93,10.5,2.13,2.35,32272.81,7378729.34,6298.8000682914335,Owner,75,3,0,4,4,0,0,0,0,0,0,0,0,0,1,0,0,0,0,0,0.4362006585244458,0.3946678050294941,0.6190476190476191,0.5263157894736842,0.15,1.0,0.0,0.6000000000000001,1.0,0.4,0.6666666666666665,1.0,1.0,1.0,1.0,0.0,0.0,0.2253213762844725,0.7678571428577925,0.5180555555555556,0.85619285120532,0.6967509025270758,0.6920000000000001,0.0472371537253671,0.6727272727272727,1.0,0.0,0.0,0.0,0.0,0.0,0.0,0.0,0.0,0.0,1.0,0.0,0.0,0.0,0.0,0.0,0.9285714285714286,0.285723076054229,292.8625
5 BHK,1610.81,1953.21,11,15,7,1,Unfurnished,1,5,5,4,9,Vitrified,1,1,0,0,0,Bike,0,Municipal,5779.01,Hadapsar,411028,Society,5.65,3.23,2.59,2.15,25818.66,13247293.61,8223.995139091512,Broker,8,3,0,5,5,0,0,1,0,0,0,0,0,0,0,0,0,0,0,0,0.6464690455224167,0.6428748835765292,0.5238095238095237,0.5789473684210527,0.35,1.0,1.0,0.8,1.0,0.8,0.8888888888888888,1.0,1.0,0.0,0.0,0.0,0.0,0.571273021832017,0.482142857143117,0.7569444444444445,0.2518703241895261,0.8628158844765342,0.612,0.1066988536476588,0.0636363636363636,1.0,0.0,0.0,1.0,0.0,0.0,0.0,0.0,0.0,0.0,0.0,0.0,0.0,0.0,0.0,0.0,0.7333333333333333,0.42775975390448007,322.162
2 BHK,834.59,1022.27,3,12,8,1,Semi-Furnished,1,2,3,1,3,Vitrified,0,0,0,1,1,Covered,1,Corporation + Borewell,2173.35,Viman Nagar,411014,Standalone,2.75,6.47,1.82,1.58,38552.78,10878539.7,13034.591476054109,Broker,60,2,1,2,2,0,0,0,0,0,0,0,0,0,0,0,0,0,1,0,0.2749865997932539,0.2815973300217324,0.1428571428571428,0.4210526315789473,0.4,1.0,1.0,0.2,0.6000000000000001,0.2,0.2222222222222222,0.0,0.0,0.0,1.0,1.0,1.0,0.1575730525813365,0.232142857143117,0.3541666666666667,0.5211970074812967,0.5848375451263538,0.3840000000000001,0.2552765070042511,0.5363636363636364,0.5,0.0,0.0,0.0,0.0,0.0,0.0,0.0,0.0,0.0,0.0,0.0,0.0,0.0,1.0,0.0,0.25,0.5309803797130044,417.295
4 BHK,1496.59,1790.66,0,17,8,1,Fully Furnished,1,4,4,3,6,Vitrified,1,1,0,0,0,Covered,1,Municipal,3912.37,Nigdi,411044,Society,3.64,10.68,1.73,2.41,57260.55,11773365.37,7866.794091902258,Owner,22,3,2,4,4,0,0,0,0,0,0,0,0,0,1,0,0,0,0,0,0.5918057735747924,0.5797927662216704,0.0,0.6842105263157894,0.4,1.0,1.0,0.6000000000000001,0.8,0.6000000000000001,0.5555555555555556,1.0,1.0,0.0,0.0,0.0,1.0,0.3571017159956124,0.7678571428577925,0.4777777777777778,0.8711554447215294,0.5523465703971119,0.7160000000000001,0.0956668029754014,0.1909090909090909,1.0,0.0,0.0,0.0,0.0,0.0,0.0,0.0,0.0,0.0,1.0,0.0,0.0,0.0,0.0,0.0,0.0,0.2874699137781721,374.1475
2 BHK,594.36,751.95,2,21,11,1,Semi-Furnished,1,2,2,1,2,Vitrified,1,1,0,0,1,Covered,1,Corporation + Borewell,1682.12,Wakad,411057,Society,4.64,1.37,1.49,2.9,11942.15,6581762.26,11073.696513897301,Owner,39,3,1,2,2,0,0,0,0,0,0,0,0,0,0,0,0,0,0,1,0.1600176117002948,0.1766920211114561,0.0952380952380952,0.894736842105263,0.55,1.0,1.0,0.2,0.4,0.2,0.1111111111111111,1.0,1.0,0.0,0.0,1.0,1.0,0.1012111560367339,1.0,0.6166666666666666,0.0972568578553615,0.4657039711191335,0.912,0.1947118799857184,0.3454545454545454,1.0,0.0,0.0,0.0,0.0,0.0,0.0,0.0,0.0,0.0,0.0,0.0,0.0,0.0,0.0,1.0,0.09523809523809523,0.4438220565366927,297.18
1 BHK,402.11,453.53,11,15,8,1,Semi-Furnished,1,2,0,0,2,Wooden,1,1,0,0,0,Open,1,Corporation + Borewell,2092.91,Hinjewadi,411057,Society,5.07,1.52,2.36,2.83,7500.0,5345480.78,13293.57832433911,Builder,19,3,1,1,1,0,0,0,1,0,0,0,0,0,0,0,0,0,0,0,0.0680108350243118,0.0608817137534927,0.5238095238095237,0.5789473684210527,0.4,1.0,1.0,0.2,0.0,0.0,0.1111111111111111,1.0,1.0,0.0,0.0,0.0,1.0,0.1483436672464672,1.0,0.6763888888888889,0.1097256857855361,0.779783393501805,0.8840000000000001,0.2632724968095108,0.1636363636363636,1.0,0.0,0.0,0.0,1.0,0.0,0.0,0.0,0.0,0.0,0.0,0.0,0.0,0.0,0.0,0.0,0.7333333333333333,0.42784301220523624,402.11
1 BHK,328.55,364.93,0,14,7,1,Semi-Furnished,1,1,0,0,2,Wooden,1,1,0,1,0,Not Specified,1,Borewell,800.0,Aundh,411007,Society,3.74,3.35,1.11,1.33,9710.12,4291154.38,13060.886866534773,Builder,31,2,1,1,1,1,0,0,0,0,0,0,0,0,0,0,0,0,0,0,0.032806577587197,0.0264979819931698,0.0,0.5263157894736842,0.35,1.0,1.0,0.0,0.0,0.0,0.1111111111111111,1.0,1.0,0.0,1.0,0.0,1.0,0.0,0.107142857143117,0.4916666666666667,0.2618453865336658,0.3285198555956679,0.284,0.2560909619896299,0.2727272727272727,0.5,1.0,0.0,0.0,0.0,0.0,0.0,0.0,0.0,0.0,0.0,0.0,0.0,0.0,0.0,0.0,0.0,0.5981319815947779,328.55
1 BHK,426.32,491.1,4,13,20,1,Semi-Furnished,0,1,1,0,1,Vitrified,1,1,1,0,0,Covered,1,Borewell,2198.64,Hadapsar,411028,Society,5.56,2.71,2.1,2.48,7500.0,2800000.0,6567.836367048227,Owner,32,3,1,1,1,0,0,1,0,0,0,0,0,0,0,0,0,0,0,0,0.0795972280715188,0.0754618131015213,0.1904761904761904,0.4736842105263157,1.0,1.0,0.0,0.0,0.2,0.0,0.0,1.0,1.0,1.0,0.0,0.0,1.0,0.1604747327792336,0.482142857143117,0.7444444444444445,0.2086450540315876,0.6859205776173286,0.744,0.0555487950266666,0.2818181818181818,1.0,0.0,0.0,1.0,0.0,0.0,0.0,0.0,0.0,0.0,0.0,0.0,0.0,0.0,0.0,0.0,0.3076923076923077,0.4107301968299516,426.32
4 BHK,1478.59,1838.34,3,14,10,1,Semi-Furnished,1,4,5,2,7,Marble,1,1,0,1,0,Covered,0,Municipal,4026.04,Wakad,411057,Society,5.18,2.17,1.72,2.33,36492.12,9433126.57,6379.812233276298,Broker,20,3,1,4,4,0,0,0,0,0,0,0,0,0,0,0,0,0,0,1,0.5831913549523335,0.5982963365414469,0.1428571428571428,0.5263157894736842,0.5,1.0,1.0,0.6000000000000001,1.0,0.4,0.6666666666666665,1.0,1.0,0.0,1.0,0.0,0.0,0.3701437874900753,1.0,0.6916666666666667,0.1637572734829592,0.5487364620938628,0.684,0.0497401280149042,0.1727272727272727,1.0,0.0,0.0,0.0,0.0,0.0,0.0,0.0,0.0,0.0,0.0,0.0,0.0,0.0,0.0,1.0,0.21428571428571427,0.4585908617593001,369.6475
2 BHK,595.73,673.25,7,14,7,1,Fully Furnished,1,2,1,1,4,Vitrified,0,1,0,0,0,Covered,1,Municipal,2772.81,Nigdi,411044,Society,3.56,9.92,1.74,2.06,21336.99,4835590.68,8117.084383865173,Broker,11,3,2,2,2,0,0,0,0,0,0,0,0,0,1,0,0,0,0,0,0.1606732646732264,0.1461502638932009,0.3333333333333333,0.5263157894736842,0.35,1.0,1.0,0.2,0.2,0.2,0.3333333333333333,0.0,1.0,0.0,0.0,0.0,1.0,0.2263528553267459,0.7678571428577925,0.4666666666666667,0.8079800498753116,0.555956678700361,0.5760000000000001,0.1033974849185298,0.0909090909090909,1.0,0.0,0.0,0.0,0.0,0.0,0.0,0.0,0.0,0.0,1.0,0.0,0.0,0.0,0.0,0.0,0.5,0.3491807708079172,297.865
4 BHK,1223.34,1363.58,5,9,13,1,Unfurnished,0,5,3,2,5,Marble,1,0,1,1,1,Covered,1,Municipal,4764.12,Kothrud,411038,Society,2.23,8.01,1.24,1.52,30008.08,10767974.35,8802.11090130299,Owner,41,2,0,4,4,0,0,0,0,0,0,0,1,0,0,0,0,0,0,0,0.4610341130977449,0.41405231294629,0.238095238095238,0.2631578947368421,0.65,1.0,0.0,0.8,0.6000000000000001,0.4,0.4444444444444445,1.0,0.0,1.0,1.0,1.0,1.0,0.4548283315969911,0.6607142857146755,0.2819444444444444,0.6492103075644222,0.3754512635379061,0.3600000000000001,0.1245532388561432,0.3636363636363636,0.5,0.0,0.0,0.0,0.0,0.0,0.0,0.0,1.0,0.0,0.0,0.0,0.0,0.0,0.0,0.0,0.5555555555555556,0.5188407698219637,305.835
1 BHK,421.39,508.53,5,9,5,1,Unfurnished,0,2,3,0,2,Ceramic,1,1,0,0,0,Stilt,1,Municipal,1458.77,Magarpatta,411013,Society,4.54,1.6,1.93,2.32,7500.0,3116909.78,7396.734094306937,Broker,16,3,0,1,1,0,0,0,0,0,0,0,0,1,0,0,0,0,0,0,0.0772378345265898,0.0822260167649798,0.238095238095238,0.2631578947368421,0.25,1.0,0.0,0.2,0.6000000000000001,0.0,0.1111111111111111,1.0,1.0,0.0,0.0,0.0,1.0,0.0755848107540008,0.214285714286234,0.6027777777777777,0.1163757273482959,0.6245487364620939,0.6799999999999999,0.0811459075876195,0.1363636363636363,1.0,0.0,0.0,0.0,0.0,0.0,0.0,0.0,0.0,1.0,0.0,0.0,0.0,0.0,0.0,0.0,0.5555555555555556,0.5040236349312393,421.39
2 BHK,547.88,696.5,7,14,7,1,Fully Furnished,1,3,2,1,2,Ceramic,1,1,1,0,0,Not Specified,1,Tanker,1403.06,Kharadi,411014,Society,3.96,0.97,2.08,2.16,23978.14,7739709.3,14126.650543914726,Owner,4,2,2,2,2,0,0,0,0,0,1,0,0,0,0,0,0,0,0,0,0.1377732685018569,0.1551730828935114,0.3333333333333333,0.5263157894736842,0.35,1.0,1.0,0.4000000000000001,0.4,0.2,0.1111111111111111,1.0,1.0,1.0,0.0,0.0,1.0,0.0691928533073876,0.232142857143117,0.5222222222222223,0.0640066500415627,0.6787003610108304,0.6160000000000001,0.2890058151530014,0.0272727272727272,0.5,0.0,0.0,0.0,0.0,0.0,1.0,0.0,0.0,0.0,0.0,0.0,0.0,0.0,0.0,0.0,0.5,0.5644146694024046,273.94
5 BHK,1617.83,1881.15,3,5,5,1,Semi-Furnished,1,5,5,4,6,Wooden,1,1,1,1,1,Covered,0,Corporation + Borewell,6736.79,Aundh,411007,Society,4.37,3.39,1.86,1.6,69987.72,14738086.65,9109.786967728378,Broker,30,2,1,5,5,1,0,0,0,0,0,0,0,0,0,0,0,0,0,0,0.6498286687851755,0.6149099658491153,0.1428571428571428,0.0526315789473684,0.25,1.0,1.0,0.8,1.0,0.8,0.5555555555555556,1.0,1.0,1.0,1.0,1.0,0.0,0.6811651238463268,0.107142857143117,0.5791666666666667,0.2651704073150457,0.5992779783393503,0.3920000000000001,0.1340558313988612,0.2636363636363636,0.5,1.0,0.0,0.0,0.0,0.0,0.0,0.0,0.0,0.0,0.0,0.0,0.0,0.0,0.0,0.0,0.6,0.5398172340527205,323.566
4 BHK,1354.94,1486.72,4,15,14,1,Unfurnished,1,4,4,2,5,Vitrified,1,1,0,1,1,Covered,0,Municipal,2452.04,Shivajinagar,411005,Society,0.95,7.49,1.16,1.73,49790.71,16064752.95,11856.431244187934,Owner,18,2,0,4,4,0,0,0,0,0,0,0,0,0,0,0,0,1,0,0,0.5240150848041657,0.4618402669978268,0.1904761904761904,0.5789473684210527,0.7000000000000001,1.0,1.0,0.6000000000000001,0.8,0.4,0.4444444444444445,1.0,1.0,0.0,1.0,1.0,0.0,0.1895489028918128,0.071428571429351,0.1041666666666666,0.6059850374064837,0.3465703971119133,0.444,0.2188891785277915,0.1545454545454545,0.5,0.0,0.0,0.0,0.0,0.0,0.0,0.0,0.0,0.0,0.0,0.0,0.0,1.0,0.0,0.0,0.26666666666666666,0.5682353291715516,338.735
2 BHK,653.29,819.92,10,15,0,1,Unfurnished,0,2,2,1,4,Vitrified,1,1,0,1,0,Open,1,Tanker,3429.2,Kharadi,411014,Society,4.65,0.8,1.99,2.11,30781.41,5234709.5,8012.841923188784,Broker,48,2,0,2,2,0,0,0,0,0,1,0,0,0,0,0,0,0,0,0,0.1882202611125999,0.2030696988512884,0.4761904761904761,0.5789473684210527,0.0,1.0,0.0,0.2,0.4,0.2,0.3333333333333333,1.0,1.0,0.0,1.0,0.0,1.0,0.3016645937647723,0.232142857143117,0.6180555555555556,0.0498753117206982,0.6462093862815884,0.596,0.1001782720582331,0.4272727272727272,0.5,0.0,0.0,0.0,0.0,0.0,1.0,0.0,0.0,0.0,0.0,0.0,0.0,0.0,0.0,0.0,0.6666666666666666,0.5433088837626858,326.645
2 BHK,548.85,678.39,15,17,9,1,Fully Furnished,1,2,1,1,3,Granite,1,1,0,1,0,Stilt,0,Tanker,2335.9,Wakad,411057,Society,4.98,2.64,1.95,2.3,23902.82,5071259.5,9239.791381980504,Owner,22,3,2,2,2,0,0,0,0,0,0,0,0,0,0,0,0,0,0,1,0.1382374899498449,0.1481449860291835,0.7142857142857142,0.6842105263157894,0.45,1.0,1.0,0.2,0.2,0.2,0.2222222222222222,1.0,1.0,0.0,1.0,0.0,0.0,0.1762234328173261,1.0,0.663888888888889,0.2028262676641729,0.631768953068592,0.6719999999999999,0.1380722032721509,0.1909090909090909,1.0,0.0,0.0,0.0,0.0,0.0,0.0,0.0,0.0,0.0,0.0,0.0,0.0,0.0,0.0,1.0,0.8823529411764706,0.457994968992516,274.425
3 BHK,1150.08,1395.79,4,11,12,1,Semi-Furnished,1,3,3,1,5,Vitrified,1,1,0,1,0,Covered,1,Corporation + Borewell,4703.19,Kharadi,411014,Society,4.12,2.36,1.59,2.02,34638.71,11969777.55,10407.778198038399,Broker,24,2,1,3,3,0,0,0,0,0,1,0,0,0,0,0,0,0,0,0,0.4259734293043378,0.42655231294629,0.1904761904761904,0.368421052631579,0.6000000000000001,1.0,1.0,0.4000000000000001,0.6000000000000001,0.2,0.4444444444444445,1.0,1.0,0.0,1.0,0.0,1.0,0.4478374508355094,0.232142857143117,0.5444444444444445,0.1795511221945137,0.5018050541516246,0.56,0.1741457333924691,0.209090909090909,0.5,0.0,0.0,0.0,0.0,0.0,1.0,0.0,0.0,0.0,0.0,0.0,0.0,0.0,0.0,0.0,0.36363636363636365,0.5342797448684611,383.35999999999996
1 BHK,451.04,505.04,2,16,6,1,Semi-Furnished,0,2,0,0,1,Vitrified,0,1,0,1,0,Covered,0,Municipal,1889.56,Kharadi,411014,Society,5.15,2.28,2.27,1.82,15131.93,3580062.96,7937.351365732528,Owner,48,2,1,1,1,0,0,0,0,0,1,0,0,0,0,0,0,0,0,0,0.0914276963130288,0.0808716237193418,0.0952380952380952,0.631578947368421,0.3,1.0,0.0,0.2,0.0,0.0,0.0,0.0,1.0,0.0,1.0,0.0,0.0,0.1250120473080577,0.232142857143117,0.6875000000000001,0.1729010806317539,0.7472924187725632,0.4800000000000001,0.0978479486359037,0.4272727272727272,0.5,0.0,0.0,0.0,0.0,0.0,1.0,0.0,0.0,0.0,0.0,0.0,0.0,0.0,0.0,0.0,0.125,0.5114313004746365,451.04
1 BHK,517.7,827.62,14,15,9,1,Semi-Furnished,1,1,1,0,1,Granite,1,1,0,0,0,Stilt,1,Municipal,800.0,Nigdi,411044,Society,2.78,10.04,1.65,2.72,12797.18,3633023.33,7017.622812439637,Owner,40,3,1,1,1,0,0,0,0,0,0,0,0,0,1,0,0,0,0,0,0.1233297599448677,0.2060579012728966,0.6666666666666666,0.5789473684210527,0.45,1.0,1.0,0.0,0.2,0.0,0.0,1.0,1.0,0.0,0.0,0.0,1.0,0.0,0.7678571428577925,0.3583333333333333,0.8179551122194512,0.5234657039711191,0.8400000000000001,0.0694396228489678,0.3545454545454545,1.0,0.0,0.0,0.0,0.0,0.0,0.0,0.0,0.0,0.0,1.0,0.0,0.0,0.0,0.0,0.0,0.9333333333333333,0.3105324394776563,517.7
2 BHK,741.7,802.24,2,10,6,1,Unfurnished,1,3,2,2,2,Vitrified,1,1,0,1,1,Covered,0,Borewell,4397.22,Baner,411045,Society,2.42,3.07,1.75,1.94,36142.06,18233902.84,24583.932641229607,Broker,14,1,0,2,2,0,1,0,0,0,0,0,0,0,0,0,0,0,0,0,0.2305314139132432,0.1962084756286867,0.0952380952380952,0.3157894736842105,0.3,1.0,1.0,0.4000000000000001,0.4,0.4,0.1111111111111111,1.0,1.0,0.0,1.0,1.0,0.0,0.4127315951553759,0.7857142857146755,0.3083333333333333,0.2385702410640066,0.5595667870036102,0.528,0.6119809200716053,0.1181818181818181,0.0,0.0,1.0,0.0,0.0,0.0,0.0,0.0,0.0,0.0,0.0,0.0,0.0,0.0,0.0,0.0,0.2,0.6000520081059737,370.85
2 BHK,724.81,834.61,0,9,1,1,Semi-Furnished,1,3,1,2,4,Wooden,0,1,1,1,1,Covered,1,Borewell,3001.54,Baner,411045,Standalone,3.17,2.58,1.5,2.43,57825.59,21881907.36,30189.853009754283,Broker,11,1,1,2,2,0,1,0,0,0,0,0,0,0,0,0,0,0,0,0,0.2224482177725027,0.2087705681465383,0.0,0.2631578947368421,0.05,1.0,1.0,0.4000000000000001,0.2,0.4,0.3333333333333333,0.0,1.0,1.0,1.0,1.0,1.0,0.2525964817271021,0.7857142857146755,0.4125,0.197838736492103,0.4693140794223827,0.7240000000000001,0.7851234870657012,0.0909090909090909,0.0,0.0,1.0,0.0,0.0,0.0,0.0,0.0,0.0,0.0,0.0,0.0,0.0,0.0,0.0,0.0,0.0,0.5272729346114464,362.405
1 BHK,388.74,429.14,0,6,9,1,Fully Furnished,1,1,1,1,2,Vitrified,1,0,1,1,0,Open,1,Municipal,1370.76,Kalyani Nagar,411006,Society,1.3,4.14,1.08,1.05,28369.4,9427653.17,24251.82170602459,Broker,43,1,2,1,1,0,0,0,0,1,0,0,0,0,0,0,0,0,0,0,0.0616122363030744,0.0514164855634896,0.0,0.1052631578947368,0.45,1.0,1.0,0.0,0.2,0.2,0.1111111111111111,1.0,0.0,1.0,1.0,0.0,1.0,0.0654868718763051,0.089285714286234,0.1527777777777778,0.3275145469659185,0.3176895306859206,0.172,0.6017287324399553,0.3818181818181818,0.0,0.0,0.0,0.0,0.0,1.0,0.0,0.0,0.0,0.0,0.0,0.0,0.0,0.0,0.0,0.0,0.0,0.7164246688980949,388.74
3 BHK,1009.03,1125.19,9,14,14,1,Unfurnished,1,4,2,1,5,Marble,0,1,0,0,0,Covered,0,Corporation + Borewell,3093.96,Hadapsar,411028,Society,5.77,1.27,2.39,2.34,20643.0,7322512.44,7256.98189350168,Owner,33,3,0,3,3,0,0,1,0,0,0,0,0,0,0,0,0,0,0,0,0.3584698878211264,0.3215383421297734,0.4285714285714285,0.5263157894736842,0.7000000000000001,1.0,1.0,0.6000000000000001,0.4,0.2,0.4444444444444445,0.0,1.0,0.0,0.0,0.0,0.0,0.2632004075432211,0.482142857143117,0.773611111111111,0.0889443059019118,0.7906137184115524,0.688,0.0768305624773762,0.2909090909090909,1.0,0.0,0.0,1.0,0.0,0.0,0.0,0.0,0.0,0.0,0.0,0.0,0.0,0.0,0.0,0.0,0.6428571428571429,0.45547575375866467,336.3433333333333
1 RK,424.36,480.94,3,9,4,1,Fully Furnished,1,2,1,1,2,Wooden,0,1,1,1,0,Not Specified,1,Municipal,2662.21,Baner,411045,Standalone,3.19,3.39,2.02,2.05,21226.06,14057753.96,33126.95343576209,Owner,7,1,2,1,1,0,1,0,0,0,0,0,0,0,0,0,0,0,0,0,0.0786592135992955,0.0715189382179447,0.1428571428571428,0.2631578947368421,0.2,1.0,1.0,0.2,0.2,0.2,0.1111111111111111,0.0,1.0,1.0,1.0,0.0,1.0,0.2136630241726367,0.7857142857146755,0.4152777777777778,0.2651704073150457,0.6570397111913358,0.572,0.8758495102151248,0.0545454545454545,0.0,0.0,1.0,0.0,0.0,0.0,0.0,0.0,0.0,0.0,0.0,0.0,0.0,0.0,0.0,0.0,0.3333333333333333,0.5448934641289507,424.36
4 BHK,1699.69,1882.93,4,13,9,1,Unfurnished,0,4,2,2,7,Wooden,1,0,1,0,0,Covered,1,Municipal,4327.11,Wakad,411057,Society,4.68,1.49,1.83,1.69,39940.14,12073627.2,7103.42897822544,Owner,7,3,0,4,4,0,0,0,0,0,0,0,0,0,0,0,0,0,0,1,0.6890051303648685,0.6156007451102143,0.1904761904761904,0.4736842105263157,0.45,1.0,0.0,0.6000000000000001,0.4,0.4,0.6666666666666665,1.0,0.0,1.0,0.0,0.0,1.0,0.4046874354608497,1.0,0.6222222222222222,0.1072319201995012,0.5884476534296029,0.428,0.072089304047134,0.0545454545454545,1.0,0.0,0.0,0.0,0.0,0.0,0.0,0.0,0.0,0.0,0.0,0.0,0.0,0.0,0.0,1.0,0.3076923076923077,0.5680231130558195,424.9225
1 BHK,350.16,416.68,2,10,7,1,Fully Furnished,1,1,1,0,1,Vitrified,1,1,0,1,0,Covered,0,Municipal,1570.08,Kharadi,411014,Society,4.08,0.65,2.39,1.69,23166.77,4893410.05,13974.78309915467,Builder,86,2,2,1,1,0,0,0,0,0,1,0,0,0,0,0,0,0,0,0,0.0431486657222711,0.0465810307357963,0.0952380952380952,0.3157894736842105,0.35,1.0,1.0,0.0,0.2,0.0,0.0,1.0,1.0,0.0,1.0,0.0,0.0,0.0883561046578335,0.232142857143117,0.5388888888888889,0.0374064837905236,0.7906137184115524,0.428,0.2843201509197134,0.7727272727272727,0.5,0.0,0.0,0.0,0.0,0.0,1.0,0.0,0.0,0.0,0.0,0.0,0.0,0.0,0.0,0.0,0.2,0.6179446617508759,350.16
2 BHK,712.0,900.74,10,12,17,1,Semi-Furnished,1,2,2,1,3,Ceramic,1,0,1,0,0,Covered,0,Municipal,1352.59,Pune Camp,411001,Society,1.07,6.1,1.55,1.84,23980.91,4324678.35,6073.986446629213,Broker,46,3,1,2,2,0,0,0,0,0,0,0,0,0,0,0,1,0,0,0,0.2163176231861863,0.2344341819310773,0.4761904761904761,0.4210526315789473,0.8500000000000001,1.0,1.0,0.2,0.4,0.2,0.2222222222222222,1.0,0.0,1.0,0.0,0.0,0.0,0.0634021139009871,0.0,0.1208333333333333,0.4904405652535327,0.4873646209386282,0.4880000000000001,0.0402934385257901,0.409090909090909,1.0,0.0,0.0,0.0,0.0,0.0,0.0,0.0,0.0,0.0,0.0,0.0,1.0,0.0,0.0,0.0,0.8333333333333334,0.5889627692980106,356.0
3 BHK,899.51,1028.54,3,11,7,1,Unfurnished,0,2,5,2,5,Vitrified,1,1,0,0,0,Stilt,1,Municipal,4309.62,Viman Nagar,411014,Society,1.85,5.73,1.08,1.51,25014.42,13059754.49,14518.742971173195,Broker,66,2,0,3,3,0,0,0,0,0,0,0,0,0,0,0,0,0,1,0,0.3060559362915885,0.2840305805650419,0.1428571428571428,0.368421052631579,0.35,1.0,0.0,0.2,1.0,0.4,0.4444444444444445,1.0,1.0,0.0,0.0,0.0,1.0,0.4026806981472388,0.232142857143117,0.2291666666666666,0.4596841230257689,0.3176895306859206,0.3560000000000001,0.3011170109594694,0.5909090909090909,0.5,0.0,0.0,0.0,0.0,0.0,0.0,0.0,0.0,0.0,0.0,0.0,0.0,0.0,1.0,0.0,0.2727272727272727,0.5991685361063939,299.83666666666664
2 BHK,536.46,605.18,4,14,10,1,Semi-Furnished,1,3,2,1,3,Marble,1,1,1,0,0,Covered,1,Corporation + Borewell,800.0,Wakad,411057,Society,4.44,3.63,2.35,1.92,17503.06,4124828.93,7688.9776124967375,Broker,21,3,1,2,2,0,0,0,0,0,0,0,0,0,0,0,0,0,0,1,0.1323078984647192,0.1197337783297112,0.1904761904761904,0.5263157894736842,0.5,1.0,1.0,0.4000000000000001,0.4,0.2,0.2222222222222222,1.0,1.0,1.0,0.0,0.0,1.0,0.0,1.0,0.5888888888888889,0.285120532003325,0.776173285198556,0.52,0.0901750228862777,0.1818181818181818,1.0,0.0,0.0,0.0,0.0,0.0,0.0,0.0,0.0,0.0,0.0,0.0,0.0,0.0,0.0,1.0,0.2857142857142857,0.49593475480638194,268.23
3 BHK,1084.49,1261.21,11,12,11,1,Semi-Furnished,1,2,1,2,4,Ceramic,1,1,0,0,0,Open,0,Tanker,3106.82,Pune Camp,411001,Society,2.22,6.39,1.12,1.79,34043.2,7741282.03,7138.177419801013,Broker,28,3,1,3,3,0,0,0,0,0,0,0,0,0,0,0,1,0,0,0,0.3945834450017229,0.3743247438683639,0.5238095238095237,0.4210526315789473,0.55,1.0,1.0,0.2,0.2,0.4,0.3333333333333333,1.0,1.0,0.0,0.0,0.0,0.0,0.2646759159396212,0.0,0.2805555555555555,0.5145469659185369,0.332129963898917,0.4680000000000001,0.0731616543350501,0.2454545454545454,1.0,0.0,0.0,0.0,0.0,0.0,0.0,0.0,0.0,0.0,0.0,0.0,1.0,0.0,0.0,0.0,0.9166666666666666,0.5345987867860313,361.49666666666667
1 BHK,505.47,568.13,10,18,7,1,Unfurnished,0,1,1,0,2,Wooden,1,1,0,0,0,Covered,0,Municipal,1845.69,Pune Camp,411001,Society,2.12,8.18,1.42,1.85,12662.45,3671780.29,7264.091419866659,Broker,63,3,0,1,1,0,0,0,0,0,0,0,0,0,0,0,1,0,0,0,0.1174767410697193,0.1053554796647004,0.4761904761904761,0.7368421052631579,0.35,1.0,0.0,0.0,0.2,0.0,0.1111111111111111,1.0,1.0,0.0,0.0,0.0,0.0,0.119978567265284,0.0,0.2666666666666666,0.6633416458852867,0.4404332129963898,0.4920000000000001,0.0770498506986955,0.5636363636363637,1.0,0.0,0.0,0.0,0.0,0.0,0.0,0.0,0.0,0.0,0.0,0.0,1.0,0.0,0.0,0.0,0.5555555555555556,0.48390589942102613,505.47
3 BHK,1133.48,1234.98,10,14,16,1,Fully Furnished,1,3,2,1,3,Marble,1,1,0,0,0,Covered,0,Borewell,2741.72,Pimple Saudagar,411027,Society,3.63,6.52,1.72,1.82,28252.51,8636260.98,7619.244256625613,Broker,56,3,2,3,3,0,0,0,0,0,0,0,0,0,0,1,0,0,0,0,0.4180290210191814,0.3641454517230674,0.4761904761904761,0.5263157894736842,0.8,1.0,1.0,0.4000000000000001,0.4,0.2,0.2222222222222222,1.0,1.0,0.0,0.0,0.0,0.0,0.222785704778995,0.464285714286234,0.4763888888888888,0.5253532834580215,0.5487364620938628,0.4800000000000001,0.0880204388976535,0.4999999999999999,1.0,0.0,0.0,0.0,0.0,0.0,0.0,0.0,0.0,0.0,0.0,1.0,0.0,0.0,0.0,0.0,0.7142857142857143,0.46433694528543257,377.82666666666665
2 BHK,674.66,814.39,3,8,9,1,Unfurnished,0,2,1,1,3,Marble,1,1,0,1,0,Bike,0,Municipal,1547.14,Kharadi,411014,Society,4.27,1.94,2.21,2.22,23186.63,9515816.25,14104.610099902173,Owner,36,2,0,2,2,0,0,0,0,0,1,0,0,0,0,0,0,0,0,0,0.1984474903327079,0.2009236262030425,0.1428571428571428,0.2105263157894736,0.45,1.0,0.0,0.2,0.2,0.2,0.2222222222222222,1.0,1.0,0.0,1.0,0.0,0.0,0.0857240546878944,0.232142857143117,0.5652777777777778,0.1446384039900249,0.7256317689530686,0.6400000000000001,0.2883223153871148,0.3181818181818182,0.5,0.0,0.0,0.0,0.0,0.0,1.0,0.0,0.0,0.0,0.0,0.0,0.0,0.0,0.0,0.0,0.375,0.5176027275781978,337.33
4 BHK,1475.67,1810.64,5,15,6,1,Unfurnished,0,4,3,2,6,Vitrified,1,1,0,0,0,Covered,1,Borewell,5478.32,Viman Nagar,411014,Society,2.64,6.66,1.71,1.25,56366.35,10710395.5,7257.988235852189,Owner,20,2,0,4,4,0,0,0,0,0,0,0,0,0,0,0,0,0,1,0,0.581793904820246,0.5875465693883888,0.238095238095238,0.5789473684210527,0.3,1.0,0.0,0.6000000000000001,0.6000000000000001,0.4,0.5555555555555556,1.0,1.0,0.0,0.0,0.0,1.0,0.5367729736427846,0.232142857143117,0.3388888888888889,0.5369908561928511,0.5451263537906137,0.252,0.0768629924255995,0.1727272727272727,0.5,0.0,0.0,0.0,0.0,0.0,0.0,0.0,0.0,0.0,0.0,0.0,0.0,0.0,1.0,0.0,0.3333333333333333,0.5660132221661249,368.9175
1 RK,515.17,582.85,6,17,7,1,Fully Furnished,1,1,1,1,2,Granite,0,1,1,0,1,Open,1,Corporation + Borewell,2757.55,Baner,411045,Society,3.85,2.46,1.77,2.09,29908.07,13047102.94,25325.82048644137,Owner,15,1,2,1,1,0,1,0,0,0,0,0,0,0,0,0,0,0,0,0,0.1221189555495998,0.1110679913070475,0.2857142857142857,0.6842105263157894,0.35,1.0,1.0,0.0,0.2,0.2,0.1111111111111111,0.0,1.0,1.0,0.0,1.0,1.0,0.2246019798890271,0.7857142857146755,0.5069444444444444,0.1878636741479634,0.5667870036101084,0.588,0.6349014809058643,0.1272727272727272,0.0,0.0,1.0,0.0,0.0,0.0,0.0,0.0,0.0,0.0,0.0,0.0,0.0,0.0,0.0,0.0,0.35294117647058826,0.5362377362581778,515.17
2 BHK,666.66,724.45,1,10,6,1,Semi-Furnished,1,3,1,2,3,Vitrified,0,0,1,1,1,Covered,1,Municipal,2430.36,Koregaon Park,411001,Standalone,2.62,4.25,1.67,1.41,53455.2,12849255.72,19274.076320763208,Broker,11,1,1,2,2,0,0,0,0,0,0,1,0,0,0,0,0,0,0,0,0.1946188598338374,0.1660198696057125,0.0476190476190476,0.3157894736842105,0.3,1.0,1.0,0.4000000000000001,0.2,0.4,0.2222222222222222,0.0,0.0,1.0,1.0,1.0,1.0,0.1870614206185661,0.0,0.3361111111111111,0.3366583541147132,0.5306859205776173,0.3159999999999999,0.4479854516163704,0.0909090909090909,0.0,0.0,0.0,0.0,0.0,0.0,0.0,1.0,0.0,0.0,0.0,0.0,0.0,0.0,0.0,0.0,0.1,0.6155055788539026,333.33
2 BHK,842.87,970.2,13,13,11,1,Semi-Furnished,0,3,0,1,3,Vitrified,1,1,0,0,0,Covered,1,Municipal,3510.81,Kharadi,411014,Society,3.73,1.49,2.42,2.23,23515.38,6935475.88,8228.40518703952,Broker,12,2,1,2,2,0,0,0,0,0,1,0,0,0,0,0,0,0,0,0,0.2789492323595849,0.2613900962434027,0.6190476190476191,0.4736842105263157,0.55,1.0,0.0,0.4000000000000001,0.0,0.2,0.2222222222222222,1.0,1.0,0.0,0.0,0.0,1.0,0.3110282205322845,0.232142857143117,0.4902777777777778,0.1072319201995012,0.8014440433212996,0.644,0.1068335151469478,0.0999999999999999,0.5,0.0,0.0,0.0,0.0,0.0,1.0,0.0,0.0,0.0,0.0,0.0,0.0,0.0,0.0,0.0,1.0,0.5531235981563045,421.435
2 BHK,618.41,754.73,1,13,13,1,Unfurnished,1,2,2,1,2,Granite,1,1,1,0,0,Covered,1,Borewell,2396.36,Nigdi,411044,Society,3.71,10.12,2.02,3.12,15001.02,7618097.9,12318.846558108698,Owner,6,3,0,2,2,0,0,0,0,0,0,0,0,0,1,0,0,0,0,0,0.1715274321375243,0.1777708786091276,0.0476190476190476,0.4736842105263157,0.65,1.0,1.0,0.2,0.4,0.2,0.1111111111111111,1.0,1.0,1.0,0.0,0.0,1.0,0.1831603875332161,0.7678571428577925,0.4875,0.824605153782211,0.6570397111913358,1.0000000000000002,0.2331731808652186,0.0454545454545454,1.0,0.0,0.0,0.0,0.0,0.0,0.0,0.0,0.0,0.0,1.0,0.0,0.0,0.0,0.0,0.0,0.07692307692307693,0.22372507421567123,309.205
2 BHK,659.15,725.39,4,11,6,1,Semi-Furnished,1,3,1,0,2,Wooden,0,1,0,0,0,Stilt,0,Tanker,1864.42,Pimple Saudagar,411027,Standalone,4.11,4.42,0.89,1.88,17326.81,4330540.87,6569.886778426762,Owner,43,3,1,2,2,0,0,0,0,0,0,0,0,0,0,1,0,0,0,0,0.1910247329530227,0.1663846631480907,0.1904761904761904,0.368421052631579,0.3,1.0,1.0,0.4000000000000001,0.2,0.0,0.1111111111111111,0.0,1.0,0.0,0.0,0.0,0.0,0.122127577550243,0.464285714286234,0.5430555555555556,0.3507896924355776,0.2490974729241877,0.504,0.0556087132167173,0.3818181818181818,1.0,0.0,0.0,0.0,0.0,0.0,0.0,0.0,0.0,0.0,0.0,1.0,0.0,0.0,0.0,0.0,0.36363636363636365,0.4935413714236282,329.575
1 BHK,361.28,425.45,1,17,6,1,Fully Furnished,1,1,1,0,2,Marble,1,1,1,0,0,Covered,0,Borewell,1089.99,Nigdi,411044,Society,2.9,11.18,2.17,2.6,14122.5,2800000.0,7750.221434898141,Broker,14,3,2,1,1,0,0,0,0,0,0,0,0,0,1,0,0,0,0,0,0.0484704621157012,0.0499844768705371,0.0476190476190476,0.6842105263157894,0.3,1.0,1.0,0.0,0.2,0.0,0.1111111111111111,1.0,1.0,1.0,0.0,0.0,0.0,0.0332723701300191,0.7678571428577925,0.375,0.912718204488778,0.7111913357400722,0.792,0.0920676964359178,0.1181818181818181,1.0,0.0,0.0,0.0,0.0,0.0,0.0,0.0,0.0,0.0,1.0,0.0,0.0,0.0,0.0,0.0,0.058823529411764705,0.28687641034329514,361.28
1 BHK,413.29,482.36,8,11,2,1,Fully Furnished,1,2,0,0,1,Vitrified,1,1,0,1,1,Bike,1,Corporation + Borewell,1290.24,Kothrud,411038,Society,2.16,6.6,1.21,2.06,16659.64,4428724.29,10715.778968762854,Broker,12,2,2,1,1,0,0,0,0,0,0,0,1,0,0,0,0,0,0,0,0.0733613461464834,0.0720700093138776,0.3809523809523809,0.368421052631579,0.1,1.0,1.0,0.2,0.0,0.0,0.0,1.0,1.0,0.0,1.0,1.0,1.0,0.0562483076400585,0.6607142857146755,0.2722222222222222,0.5320033250207813,0.3646209386281588,0.5760000000000001,0.1836622244844256,0.0999999999999999,0.5,0.0,0.0,0.0,0.0,0.0,0.0,0.0,1.0,0.0,0.0,0.0,0.0,0.0,0.0,0.0,0.7272727272727273,0.5027317052255729,413.29
3 BHK,1131.03,1435.44,3,7,11,1,Semi-Furnished,1,4,2,1,3,Not Specified,1,1,0,0,0,Bike,0,Corporation + Borewell,3554.63,Hadapsar,411028,Society,5.33,1.27,2.7,1.58,39415.85,8761465.15,7746.448060617314,Owner,26,3,1,3,3,0,0,1,0,0,0,0,0,0,0,0,0,0,0,0,0.4168565029289023,0.4419396150263894,0.1428571428571428,0.1578947368421052,0.55,1.0,1.0,0.6000000000000001,0.4,0.2,0.2222222222222222,1.0,1.0,0.0,0.0,0.0,0.0,0.3160559637616973,0.482142857143117,0.7125,0.0889443059019118,0.9025270758122744,0.3840000000000001,0.0919494043390653,0.2272727272727272,1.0,0.0,0.0,1.0,0.0,0.0,0.0,0.0,0.0,0.0,0.0,0.0,0.0,0.0,0.0,0.0,0.42857142857142855,0.5564921547750656,377.01
3 BHK,879.98,993.9,13,13,9,1,Unfurnished,1,4,3,2,4,Ceramic,1,0,1,0,1,Covered,1,Municipal,1730.5,Viman Nagar,411014,Standalone,1.78,5.74,2.15,1.44,34893.95,8031303.77,9126.688981567762,Owner,16,2,0,3,3,0,0,0,0,0,0,0,0,0,0,0,0,0,1,0,0.2967092920862207,0.2705875504501708,0.6190476190476191,0.4736842105263157,0.45,1.0,1.0,0.6000000000000001,0.6000000000000001,0.4,0.3333333333333333,1.0,0.0,1.0,0.0,1.0,1.0,0.1067620966446526,0.232142857143117,0.2194444444444444,0.4605153782211138,0.703971119133574,0.3279999999999999,0.1345793434201797,0.1363636363636363,0.5,0.0,0.0,0.0,0.0,0.0,0.0,0.0,0.0,0.0,0.0,0.0,0.0,0.0,1.0,0.0,1.0,0.6095277679087983,293.32666666666665
1 RK,352.55,448.3,1,8,6,1,Unfurnished,0,1,1,0,2,Ceramic,1,1,1,1,0,Bike,1,Municipal,1775.21,Kothrud,411038,Society,1.91,7.06,1.07,1.31,16689.94,5351180.84,15178.501886257267,Broker,16,2,0,1,1,0,0,0,0,0,0,0,1,0,0,0,0,0,0,0,0.0442924690838087,0.0588520645762185,0.0476190476190476,0.2105263157894736,0.3,1.0,0.0,0.0,0.2,0.0,0.1111111111111111,1.0,1.0,1.0,1.0,0.0,1.0,0.1118919551518878,0.6607142857146755,0.2375,0.57024106400665,0.3140794223826715,0.276,0.3214969169929222,0.1363636363636363,0.5,0.0,0.0,0.0,0.0,0.0,0.0,0.0,1.0,0.0,0.0,0.0,0.0,0.0,0.0,0.0,0.125,0.5815836954634992,352.55
3 BHK,822.48,799.71,0,13,12,1,Unfurnished,1,3,2,1,3,Vitrified,0,1,1,0,0,Covered,1,Borewell,2452.06,Hinjewadi,411057,Standalone,5.5,2.26,2.79,2.2,17548.2,5023531.92,6107.786110300554,Broker,35,3,0,3,3,0,0,0,1,0,0,0,0,0,0,0,0,0,0,0,0.2691910103755887,0.1952266376901584,0.0,0.4736842105263157,0.6000000000000001,1.0,1.0,0.4000000000000001,0.4,0.2,0.2222222222222222,0.0,1.0,1.0,0.0,0.0,1.0,0.1895511976171572,1.0,0.7361111111111112,0.1712385702410639,0.9350180505415164,0.6320000000000001,0.0413383005718789,0.3090909090909091,1.0,0.0,0.0,0.0,1.0,0.0,0.0,0.0,0.0,0.0,0.0,0.0,0.0,0.0,0.0,0.0,0.0,0.4556123517693428,274.16
2 BHK,581.95,757.6,12,13,0,1,Semi-Furnished,0,3,1,2,2,Granite,1,1,0,1,1,Covered,0,Municipal,3202.58,Kalyani Nagar,411006,Society,1.67,4.69,0.65,1.42,40516.4,13575361.57,23327.3675917175,Owner,85,1,1,2,2,0,0,0,0,1,0,0,0,0,0,0,0,0,0,0,0.1540784486389219,0.1788846631480907,0.5714285714285714,0.4736842105263157,0.0,1.0,0.0,0.4000000000000001,0.2,0.4,0.1111111111111111,1.0,1.0,0.0,1.0,1.0,0.0,0.2756630608882423,0.089285714286234,0.2041666666666666,0.3732335827098919,0.1624548736462094,0.3199999999999999,0.5731755528842887,0.7636363636363637,0.0,0.0,0.0,0.0,0.0,1.0,0.0,0.0,0.0,0.0,0.0,0.0,0.0,0.0,0.0,0.0,0.9230769230769231,0.645237627085542,290.975
1 BHK,514.82,602.8,0,10,9,1,Fully Furnished,1,2,2,1,2,Wooden,1,1,0,1,1,Covered,1,Municipal,2623.6,Baner,411045,Society,3.01,3.25,2.32,2.38,36568.14,6544113.16,12711.458684588788,Broker,12,1,2,1,1,0,1,0,0,0,0,0,0,0,0,0,0,0,0,0,0.1219514529652743,0.1188101521266687,0.0,0.3157894736842105,0.45,1.0,1.0,0.2,0.4,0.2,0.1111111111111111,1.0,1.0,0.0,1.0,1.0,1.0,0.2092330568954202,0.7857142857146755,0.3902777777777778,0.2535328345802161,0.7653429602888087,0.704,0.2452970397943261,0.0999999999999999,0.0,0.0,1.0,0.0,0.0,0.0,0.0,0.0,0.0,0.0,0.0,0.0,0.0,0.0,0.0,0.0,0.0,0.5215609155919867,514.82
1 BHK,532.25,634.44,2,10,6,1,Semi-Furnished,1,1,1,0,1,Vitrified,1,1,0,0,0,Covered,1,Municipal,2032.95,Aundh,411007,Society,3.17,4.14,1.93,1.73,19125.2,3955353.23,7431.382301550024,Owner,40,2,1,1,1,1,0,0,0,0,0,0,0,0,0,0,0,0,0,0,0.1302930816646885,0.1310889475318224,0.0952380952380952,0.3157894736842105,0.3,1.0,1.0,0.0,0.2,0.0,0.0,1.0,1.0,0.0,0.0,0.0,1.0,0.1414640806641853,0.107142857143117,0.4125,0.3275145469659185,0.6245487364620939,0.444,0.0822157870223377,0.3545454545454545,0.5,1.0,0.0,0.0,0.0,0.0,0.0,0.0,0.0,0.0,0.0,0.0,0.0,0.0,0.0,0.0,0.2,0.5595408620142881,532.25
1 BHK,377.59,474.37,9,12,9,1,Semi-Furnished,1,1,1,0,1,Granite,1,1,0,1,0,Open,0,Municipal,1096.36,Kothrud,411038,Society,1.54,9.57,1.49,1.7,16267.35,4108739.08,10881.482772319183,Broker,17,2,1,1,1,0,0,0,0,0,0,0,1,0,0,0,0,0,0,0,0.0562760825452735,0.0689692642036634,0.4285714285714285,0.4210526315789473,0.45,1.0,1.0,0.0,0.2,0.0,0.0,1.0,1.0,0.0,1.0,0.0,0.0,0.0340032401521861,0.6607142857146755,0.1861111111111111,0.7788861180382377,0.4657039711191335,0.432,0.1887778171741593,0.1454545454545454,0.5,0.0,0.0,0.0,0.0,0.0,0.0,0.0,1.0,0.0,0.0,0.0,0.0,0.0,0.0,0.0,0.75,0.48817268428879224,377.59
3 BHK,820.02,1042.55,5,7,11,1,Fully Furnished,1,3,3,2,6,Vitrified,1,1,0,1,0,Open,1,Municipal,4473.56,Baner,411045,Society,2.87,2.7,1.98,1.95,42905.54,20771525.89,25330.511316797154,Broker,29,1,2,3,3,0,1,0,0,0,0,0,0,0,0,0,0,0,0,0,0.2680137064971859,0.2894675566594226,0.238095238095238,0.1578947368421052,0.55,1.0,1.0,0.4000000000000001,0.6000000000000001,0.4,0.5555555555555556,1.0,1.0,0.0,1.0,0.0,1.0,0.4214905617946589,0.7857142857146755,0.3708333333333333,0.2078137988362427,0.6425992779783394,0.532,0.6350454081046456,0.2545454545454545,0.0,0.0,1.0,0.0,0.0,0.0,0.0,0.0,0.0,0.0,0.0,0.0,0.0,0.0,0.0,0.0,0.7142857142857143,0.5887978534544356,273.34
2 BHK,442.21,504.25,0,15,13,1,Fully Furnished,1,2,3,1,3,Vitrified,1,1,0,0,0,Covered,1,Corporation + Borewell,800.0,Hadapsar,411028,Society,4.72,2.55,2.47,1.8,8608.98,2951684.07,6674.846950543859,Broker,21,3,2,2,2,0,0,1,0,0,0,0,0,0,0,0,0,0,0,0,0.0872018453999004,0.0805650419124495,0.0,0.5789473684210527,0.65,1.0,1.0,0.2,0.6000000000000001,0.2,0.2222222222222222,1.0,1.0,0.0,0.0,0.0,1.0,0.0,0.482142857143117,0.6277777777777778,0.1953449709060681,0.8194945848375452,0.4720000000000001,0.0588510903257449,0.1818181818181818,1.0,0.0,0.0,1.0,0.0,0.0,0.0,0.0,0.0,0.0,0.0,0.0,0.0,0.0,0.0,0.0,0.0,0.5255784685874629,221.105
2 BHK,727.52,920.65,10,15,10,1,Unfurnished,0,3,2,1,3,Granite,1,1,1,0,0,Covered,0,Municipal,3041.65,Kharadi,411014,Society,3.64,2.34,1.78,1.76,32462.55,5189105.13,7132.594471629646,Broker,38,2,0,2,2,0,0,0,0,0,1,0,0,0,0,0,0,0,0,0,0.2237451663539951,0.2421608196212357,0.4761904761904761,0.5789473684210527,0.5,1.0,0.0,0.4000000000000001,0.4,0.2,0.2222222222222222,1.0,1.0,1.0,0.0,0.0,0.0,0.2571985534051429,0.232142857143117,0.4777777777777778,0.1778886118038237,0.5703971119133574,0.456,0.0729886946111927,0.3363636363636363,0.5,0.0,0.0,0.0,0.0,0.0,1.0,0.0,0.0,0.0,0.0,0.0,0.0,0.0,0.0,0.0,0.6666666666666666,0.5842242519266232,363.76
1 BHK,497.17,545.49,17,20,6,1,Fully Furnished,1,1,0,0,2,Ceramic,1,1,1,0,0,Open,1,Corporation + Borewell,1244.24,Hadapsar,411028,Society,5.93,2.31,2.53,2.2,16575.78,7798583.57,15685.949614819881,Builder,38,3,2,1,1,0,0,1,0,0,0,0,0,0,0,0,0,0,0,0,0.1135045369271411,0.0965693883886991,0.8095238095238095,0.8421052631578947,0.3,1.0,1.0,0.0,0.0,0.0,0.1111111111111111,1.0,1.0,1.0,0.0,0.0,1.0,0.0509704393481144,0.482142857143117,0.7958333333333333,0.1753948462177888,0.8411552346570397,0.6320000000000001,0.3371658325478079,0.3363636363636363,1.0,0.0,0.0,1.0,0.0,0.0,0.0,0.0,0.0,0.0,0.0,0.0,0.0,0.0,0.0,0.0,0.85,0.4348802132530669,497.17
1 RK,461.54,577.83,11,11,12,1,Semi-Furnished,1,2,0,0,2,Vitrified,1,1,1,0,0,Stilt,0,Municipal,2639.98,Kharadi,411014,Society,4.99,2.14,2.25,2.12,18477.55,4568083.38,9897.480998396672,Builder,29,2,1,1,1,0,0,0,0,0,1,0,0,0,0,0,0,0,0,0,0.0964527738427964,0.1091198385594536,0.5238095238095237,0.368421052631579,0.6000000000000001,1.0,1.0,0.2,0.0,0.0,0.1111111111111111,1.0,1.0,1.0,0.0,0.0,0.0,0.2111124369524211,0.232142857143117,0.6652777777777779,0.1612635078969243,0.740072202166065,0.6000000000000001,0.158386322839208,0.2545454545454545,0.5,0.0,0.0,0.0,0.0,0.0,1.0,0.0,0.0,0.0,0.0,0.0,0.0,0.0,0.0,0.0,1.0,0.4904029792418999,461.54
2 BHK,452.39,529.2,10,11,15,1,Fully Furnished,1,2,2,1,2,Ceramic,1,1,0,1,1,Covered,1,Tanker,2694.21,Kharadi,411014,Society,3.55,1.35,2.12,2.38,29963.16,6279352.92,13880.397267844117,Owner,39,2,2,2,2,0,0,0,0,0,1,0,0,0,0,0,0,0,0,0,0.0920737777097132,0.0902475939149332,0.4761904761904761,0.368421052631579,0.75,1.0,1.0,0.2,0.4,0.2,0.1111111111111111,1.0,1.0,0.0,1.0,1.0,1.0,0.2173345847235544,0.232142857143117,0.4652777777777778,0.0955943474646716,0.6931407942238268,0.704,0.2813958961599235,0.3454545454545454,0.5,0.0,0.0,0.0,0.0,0.0,1.0,0.0,0.0,0.0,0.0,0.0,0.0,0.0,0.0,0.0,0.9090909090909091,0.5490218188501099,226.195
3 BHK,977.5,1065.97,3,15,12,1,Semi-Furnished,1,4,2,1,5,Vitrified,1,1,0,0,1,Open,1,Municipal,2859.24,Shivajinagar,411005,Society,1.16,6.75,1.24,1.62,36416.4,7064172.13,7226.774557544757,Owner,5,2,1,3,3,0,0,0,0,0,0,0,0,0,0,0,0,1,0,0,0.3433802978674528,0.2985563489599503,0.1428571428571428,0.5789473684210527,0.6000000000000001,1.0,1.0,0.6000000000000001,0.4,0.2,0.4444444444444445,1.0,1.0,0.0,0.0,1.0,1.0,0.23626951090224,0.071428571429351,0.1333333333333333,0.5444721529509559,0.3754512635379061,0.4000000000000001,0.0758993596783937,0.0363636363636363,0.5,0.0,0.0,0.0,0.0,0.0,0.0,0.0,0.0,0.0,0.0,0.0,0.0,1.0,0.0,0.0,0.2,0.5906969898384453,325.8333333333333
1 RK,433.33,535.51,11,13,10,1,Fully Furnished,1,1,1,0,2,Wooden,0,1,0,0,0,Covered,1,Borewell,1230.58,Aundh,411007,Standalone,3.64,3.49,1.32,1.42,21461.07,3547578.34,8186.782221401703,Owner,22,2,2,1,1,1,0,0,0,0,0,0,0,0,0,0,0,0,0,0,0.0829520655461541,0.0926963675877056,0.5238095238095237,0.4736842105263157,0.5,1.0,1.0,0.0,0.2,0.0,0.1111111111111111,0.0,1.0,0.0,0.0,0.0,1.0,0.0494031419379414,0.107142857143117,0.4777777777777778,0.2734829592684954,0.4043321299638989,0.3199999999999999,0.1055474360574078,0.1909090909090909,0.5,1.0,0.0,0.0,0.0,0.0,0.0,0.0,0.0,0.0,0.0,0.0,0.0,0.0,0.0,0.0,0.8461538461538461,0.5892053478725596,433.33
3 BHK,855.97,996.89,4,14,10,1,Fully Furnished,1,4,3,3,5,Ceramic,0,1,0,0,1,Bike,1,Borewell,5048.44,Kalyani Nagar,411006,Society,2.07,4.9,1.16,1.11,61848.57,20467447.09,23911.407046975946,Broker,58,1,2,3,3,0,0,0,0,1,0,0,0,0,0,0,0,0,0,0,0.2852186148014855,0.2717479043775225,0.1904761904761904,0.5263157894736842,0.5,1.0,1.0,0.6000000000000001,0.6000000000000001,0.6000000000000001,0.4444444444444445,0.0,1.0,0.0,0.0,1.0,1.0,0.4874501470918945,0.089285714286234,0.2597222222222222,0.3906899418121363,0.3465703971119133,0.196,0.5912155609392701,0.5181818181818182,0.0,0.0,0.0,0.0,0.0,1.0,0.0,0.0,0.0,0.0,0.0,0.0,0.0,0.0,0.0,0.0,0.2857142857142857,0.6546156367701748,285.3233333333333
2 BHK,810.31,1006.27,11,15,8,1,Semi-Furnished,1,2,3,1,2,Ceramic,1,1,1,1,0,Covered,1,Corporation + Borewell,3989.74,Kothrud,411038,Society,1.32,8.15,1.26,1.19,43253.99,7452149.06,9196.664313657737,Builder,32,2,1,2,2,0,0,0,0,0,0,0,1,0,0,0,0,0,0,0,0.2633667062291818,0.2753880782365725,0.5238095238095237,0.5789473684210527,0.4,1.0,1.0,0.2,0.6000000000000001,0.2,0.1111111111111111,1.0,1.0,1.0,1.0,0.0,1.0,0.3659788609901281,0.6607142857146755,0.1555555555555555,0.6608478802992518,0.3826714801444043,0.2279999999999999,0.1367407222550983,0.2818181818181818,0.5,0.0,0.0,0.0,0.0,0.0,0.0,0.0,1.0,0.0,0.0,0.0,0.0,0.0,0.0,0.0,0.7333333333333333,0.5912724174580266,405.155
1 BHK,477.84,555.89,18,19,9,1,Unfurnished,0,2,1,0,2,Wooden,0,0,0,0,1,Covered,1,Municipal,2379.77,Aundh,411007,Society,3.7,4.35,2.0,1.2,18235.45,3896739.6,8154.904570567554,Owner,68,2,0,1,1,1,0,0,0,0,0,0,0,0,0,0,0,0,0,0,0.1042536084842451,0.1006054020490531,0.8571428571428571,0.7894736842105263,0.45,1.0,0.0,0.2,0.2,0.0,0.1111111111111111,0.0,0.0,0.0,0.0,1.0,1.0,0.1812569128600997,0.107142857143117,0.4861111111111111,0.3449709060681628,0.6498194945848376,0.2319999999999999,0.104566816194466,0.6090909090909091,0.5,1.0,0.0,0.0,0.0,0.0,0.0,0.0,0.0,0.0,0.0,0.0,0.0,0.0,0.0,0.0,0.9473684210526315,0.5865672893473384,477.84
2 BHK,734.24,911.97,17,17,12,1,Semi-Furnished,1,2,1,1,4,Wooden,0,0,0,1,1,Covered,0,Borewell,2417.45,Magarpatta,411013,Society,4.99,1.81,1.88,2.1,7500.0,6077844.92,8277.73605360645,Owner,16,3,1,2,2,0,0,0,0,0,0,0,0,1,0,0,0,0,0,0,0.2269612159730464,0.2387923005277864,0.8095238095238095,0.6842105263157894,0.6000000000000001,1.0,1.0,0.2,0.2,0.2,0.3333333333333333,0.0,0.0,0.0,1.0,1.0,0.0,0.1855801754088052,0.214285714286234,0.6652777777777779,0.1338320864505403,0.6064981949458483,0.5920000000000001,0.1083574138567917,0.1363636363636363,1.0,0.0,0.0,0.0,0.0,0.0,0.0,0.0,0.0,1.0,0.0,0.0,0.0,0.0,0.0,0.0,1.0,0.5015340077482351,367.12
3 BHK,1035.49,1146.88,6,15,3,1,Fully Furnished,1,4,4,2,4,Vitrified,1,1,1,0,0,Not Specified,0,Borewell,3738.69,Viman Nagar,411014,Society,2.8,5.73,1.75,2.03,40697.6,17421093.61,16824.009512404755,Owner,64,2,2,3,3,0,0,0,0,0,0,0,0,0,0,0,0,0,1,0,0.3711330831961407,0.3299557590810308,0.2857142857142857,0.5789473684210527,0.15,1.0,1.0,0.6000000000000001,0.8,0.4,0.3333333333333333,1.0,1.0,1.0,0.0,0.0,0.0,0.3371743211055069,0.232142857143117,0.3611111111111111,0.4596841230257689,0.5595667870036102,0.564,0.3723152635720878,0.5727272727272728,0.5,0.0,0.0,0.0,0.0,0.0,0.0,0.0,0.0,0.0,0.0,0.0,0.0,0.0,1.0,0.0,0.4,0.5008201877580456,345.16333333333336
1 BHK,355.27,417.83,2,10,10,1,Semi-Furnished,1,1,2,0,2,Wooden,1,1,0,1,0,Stilt,1,Tanker,800.0,Aundh,411007,Society,2.26,3.54,1.68,1.62,11204.25,3559186.56,10018.258113547443,Broker,10,2,1,1,1,1,0,0,0,0,0,0,0,0,0,0,0,0,0,0,0.0455942034534247,0.0470273207078547,0.0952380952380952,0.3157894736842105,0.5,1.0,1.0,0.0,0.4,0.0,0.1111111111111111,1.0,1.0,0.0,1.0,0.0,1.0,0.0,0.107142857143117,0.2861111111111111,0.2776392352452203,0.5342960288808665,0.4000000000000001,0.1621182377380821,0.0818181818181818,0.5,1.0,0.0,0.0,0.0,0.0,0.0,0.0,0.0,0.0,0.0,0.0,0.0,0.0,0.0,0.0,0.2,0.628637219520294,355.27
2 BHK,500.81,595.11,15,15,8,1,Semi-Furnished,1,2,2,1,3,Ceramic,1,1,1,1,0,Covered,1,Corporation + Borewell,2544.63,Kharadi,411014,Society,4.02,0.83,1.6,1.93,23071.36,8814658.77,17600.80423713584,Owner,12,2,1,2,2,0,0,0,0,0,1,0,0,0,0,0,0,0,0,0,0.1152465638041272,0.1158258304874263,0.7142857142857142,0.5789473684210527,0.4,1.0,1.0,0.2,0.4,0.2,0.2222222222222222,1.0,1.0,1.0,1.0,0.0,1.0,0.2001723338733587,0.232142857143117,0.5305555555555556,0.0523690773067331,0.5054151624548737,0.524,0.3963032329878668,0.0999999999999999,0.5,0.0,0.0,0.0,0.0,0.0,1.0,0.0,0.0,0.0,0.0,0.0,0.0,0.0,0.0,0.0,1.0,0.5901003698836897,250.405
3 BHK,1128.71,1339.78,8,9,8,1,Semi-Furnished,1,3,3,1,6,Not Specified,1,1,0,0,1,Open,0,Corporation + Borewell,2452.04,Shivajinagar,411005,Society,1.77,6.7,0.96,1.26,37830.81,8689715.02,7698.802190110834,Owner,20,2,1,3,3,0,0,0,0,0,0,0,0,0,0,0,0,1,0,0,0.4157462000842298,0.4048160509158647,0.3809523809523809,0.2631578947368421,0.4,1.0,1.0,0.4000000000000001,0.6000000000000001,0.2,0.5555555555555556,1.0,1.0,0.0,0.0,1.0,0.0,0.1895489028918128,0.071428571429351,0.2180555555555555,0.540315876974231,0.2743682310469313,0.256,0.0904773935463785,0.1727272727272727,0.5,0.0,0.0,0.0,0.0,0.0,0.0,0.0,0.0,0.0,0.0,0.0,0.0,1.0,0.0,0.0,0.8888888888888888,0.6030438199694128,376.2366666666667
3 BHK,792.27,1007.76,4,11,7,1,Semi-Furnished,1,4,3,1,5,Vitrified,1,1,0,0,0,Stilt,1,Municipal,2776.12,Pimple Saudagar,411027,Society,3.41,5.39,1.17,2.11,31903.35,4924444.65,6215.614184558295,Broker,9,3,1,3,3,0,0,0,0,0,0,0,0,0,0,1,0,0,0,0,0.2547331444542287,0.2759663148090656,0.1904761904761904,0.368421052631579,0.35,1.0,1.0,0.6000000000000001,0.6000000000000001,0.2,0.4444444444444445,1.0,1.0,0.0,0.0,0.0,1.0,0.2267326323712314,0.464285714286234,0.4458333333333333,0.4314214463840398,0.3501805054151624,0.596,0.044668701826084,0.0727272727272727,1.0,0.0,0.0,0.0,0.0,0.0,0.0,0.0,0.0,0.0,0.0,1.0,0.0,0.0,0.0,0.0,0.36363636363636365,0.4740625319325238,264.09
2 BHK,389.64,460.52,7,11,3,1,Semi-Furnished,1,2,2,0,4,Granite,1,1,0,0,0,Bike,0,Corporation + Borewell,1231.87,Wakad,411057,Society,5.12,2.87,1.17,2.16,7617.13,3445101.19,8841.754414331177,Broker,36,3,1,2,2,0,0,0,0,0,0,0,0,0,0,0,0,0,0,1,0.0620429572341973,0.0635943806271344,0.3333333333333333,0.368421052631579,0.15,1.0,1.0,0.2,0.4,0.0,0.3333333333333333,1.0,1.0,0.0,0.0,0.0,0.0,0.0495511517226503,1.0,0.6833333333333333,0.2219451371571072,0.3501805054151624,0.6160000000000001,0.1257766200457849,0.3181818181818182,1.0,0.0,0.0,0.0,0.0,0.0,0.0,0.0,0.0,0.0,0.0,0.0,0.0,0.0,0.0,1.0,0.6363636363636364,0.4603771895677048,194.82
2 BHK,487.99,613.49,17,20,14,1,Semi-Furnished,1,2,2,0,4,Vitrified,1,1,0,0,0,Covered,0,Municipal,1605.59,Wakad,411057,Society,4.36,3.86,2.07,1.74,14413.9,3210630.3,6579.295272444107,Owner,28,3,1,2,2,0,0,0,0,0,0,0,0,0,0,0,0,0,0,1,0.1091111834296872,0.1229587084756287,0.8095238095238095,0.8421052631578947,0.7000000000000001,1.0,1.0,0.2,0.4,0.0,0.3333333333333333,1.0,1.0,0.0,0.0,0.0,0.0,0.0924303895066799,1.0,0.5777777777777778,0.3042394014962593,0.6750902527075812,0.448,0.0559015093206759,0.2454545454545454,1.0,0.0,0.0,0.0,0.0,0.0,0.0,0.0,0.0,0.0,0.0,0.0,0.0,0.0,0.0,1.0,0.85,0.5125003895649849,243.995
2 BHK,783.88,861.32,9,14,12,1,Unfurnished,0,2,1,1,4,Vitrified,0,0,1,1,0,Open,0,Tanker,2074.42,Kharadi,411014,Standalone,4.3,1.68,2.15,1.74,19995.33,11771705.91,15017.229563198449,Not Specified,14,2,0,2,2,0,0,0,0,0,1,0,0,0,0,0,0,0,0,0,0.2507178682185382,0.2191361378453897,0.4285714285714285,0.5263157894736842,0.6000000000000001,1.0,0.0,0.2,0.2,0.2,0.3333333333333333,0.0,0.0,1.0,1.0,0.0,0.0,0.1462221936656401,0.232142857143117,0.5694444444444444,0.1230257689110556,0.703971119133574,0.448,0.3165122795226806,0.1181818181818181,0.5,0.0,0.0,0.0,0.0,0.0,1.0,0.0,0.0,0.0,0.0,0.0,0.0,0.0,0.0,0.0,0.6428571428571429,0.5746198270728116,391.94
2 BHK,561.85,625.99,0,11,10,1,Semi-Furnished,1,2,2,1,3,Wooden,0,0,1,1,0,Stilt,1,Corporation + Borewell,2371.69,Kothrud,411038,Society,0.95,7.29,1.25,1.54,9058.84,4063443.82,7232.257399661831,Owner,37,2,1,2,2,0,0,0,0,0,0,0,1,0,0,0,0,0,0,0,0.1444590145105095,0.1278096864327849,0.0,0.368421052631579,0.5,1.0,1.0,0.2,0.4,0.2,0.2222222222222222,0.0,0.0,1.0,1.0,0.0,1.0,0.1803298438209931,0.6607142857146755,0.1041666666666666,0.5893599334995843,0.3790613718411552,0.3680000000000001,0.0760686131224542,0.3272727272727272,0.5,0.0,0.0,0.0,0.0,0.0,0.0,0.0,1.0,0.0,0.0,0.0,0.0,0.0,0.0,0.0,0.0,0.593985551058323,280.925
2 BHK,415.6,480.88,11,13,11,1,Semi-Furnished,1,1,2,1,3,Granite,1,1,0,0,0,Bike,1,Tanker,800.0,Wakad,411057,Society,5.19,4.1,2.45,1.54,11495.08,3299387.09,7938.852478344561,Owner,51,3,1,2,2,0,0,0,0,0,0,0,0,0,0,0,0,0,0,1,0.0744668632030323,0.0714956535237504,0.5238095238095237,0.4736842105263157,0.55,1.0,1.0,0.0,0.4,0.2,0.2222222222222222,1.0,1.0,0.0,0.0,0.0,1.0,0.0,1.0,0.6930555555555556,0.3241895261845385,0.812274368231047,0.3680000000000001,0.0978942771333655,0.4545454545454545,1.0,0.0,0.0,0.0,0.0,0.0,0.0,0.0,0.0,0.0,0.0,0.0,0.0,0.0,0.0,1.0,0.8461538461538461,0.48993923163996744,207.8
2 BHK,440.72,552.52,6,14,7,1,Semi-Furnished,1,2,2,1,4,Vitrified,0,0,0,1,0,Covered,0,Corporation + Borewell,1137.25,Pimple Saudagar,411027,Standalone,4.11,6.12,1.83,1.96,7500.0,2965151.29,6727.970797785441,Broker,16,3,1,2,2,0,0,0,0,0,0,0,0,0,0,1,0,0,0,0,0.0864887629694858,0.0992975783918038,0.2857142857142857,0.5263157894736842,0.35,1.0,1.0,0.2,0.4,0.2,0.3333333333333333,0.0,0.0,0.0,1.0,0.0,0.0,0.0386948061186556,0.464285714286234,0.5430555555555556,0.4921030756442227,0.5884476534296029,0.536,0.0604908102792434,0.1363636363636363,1.0,0.0,0.0,0.0,0.0,0.0,0.0,0.0,0.0,0.0,0.0,1.0,0.0,0.0,0.0,0.0,0.42857142857142855,0.43866021188179816,220.36
1 RK,432.76,544.45,4,9,12,1,Semi-Furnished,1,2,1,0,1,Vitrified,1,1,0,0,0,Covered,1,Corporation + Borewell,1525.23,Shivajinagar,411005,Standalone,0.45,7.82,0.57,1.31,10620.18,3690516.47,8527.859483316388,Owner,35,2,1,1,1,0,0,0,0,0,0,0,0,0,0,0,0,1,0,0,0.0826792756231096,0.0961657870226638,0.1904761904761904,0.2631578947368421,0.6000000000000001,1.0,1.0,0.2,0.2,0.0,0.0,1.0,1.0,0.0,0.0,0.0,1.0,0.0832101830731879,0.071428571429351,0.0347222222222222,0.6334164588528678,0.1335740072202165,0.276,0.1160853160900725,0.3090909090909091,0.5,0.0,0.0,0.0,0.0,0.0,0.0,0.0,0.0,0.0,0.0,0.0,0.0,1.0,0.0,0.0,0.4444444444444444,0.6266353701962859,432.76
1 BHK,395.68,492.0,4,13,4,1,Semi-Furnished,1,1,3,0,1,Ceramic,0,0,0,1,0,Covered,1,Borewell,800.0,Wakad,411057,Standalone,4.96,2.16,1.52,2.13,8903.05,3081108.11,7786.86845430651,Owner,19,3,1,1,1,0,0,0,0,0,0,0,0,0,0,0,0,0,0,1,0.0649335732608446,0.0758110835144365,0.1904761904761904,0.4736842105263157,0.2,1.0,1.0,0.0,0.6000000000000001,0.0,0.0,0.0,0.0,0.0,1.0,0.0,1.0,0.0,1.0,0.6611111111111111,0.1629260182876143,0.4765342960288808,0.604,0.0931968763473871,0.1636363636363636,1.0,0.0,0.0,0.0,0.0,0.0,0.0,0.0,0.0,0.0,0.0,0.0,0.0,0.0,0.0,1.0,0.3076923076923077,0.4901408468661127,395.68
1 BHK,418.31,513.3,2,5,11,1,Fully Furnished,1,1,0,1,1,Ceramic,1,1,0,1,1,Covered,1,Municipal,1948.79,Baner,411045,Standalone,2.96,3.63,1.97,2.34,23821.44,13993636.91,33452.79077717482,Broker,34,1,2,1,1,0,1,0,0,0,0,0,0,0,0,0,0,0,0,0,0.0757638117845246,0.0840771499534306,0.0952380952380952,0.0526315789473684,0.55,1.0,1.0,0.0,0.0,0.2,0.0,1.0,1.0,0.0,1.0,1.0,1.0,0.1318078764152718,0.7857142857146755,0.3833333333333333,0.285120532003325,0.6389891696750902,0.688,0.8858944550347959,0.3,0.0,0.0,1.0,0.0,0.0,0.0,0.0,0.0,0.0,0.0,0.0,0.0,0.0,0.0,0.0,0.0,0.4,0.5177296266012539,418.31
1 RK,415.09,477.84,15,15,11,1,Unfurnished,1,2,1,0,2,Vitrified,1,1,0,0,0,Open,1,Municipal,1727.68,Hadapsar,411028,Standalone,5.57,3.04,1.77,1.95,9721.29,2983341.66,7187.216410898842,Broker,20,3,0,1,1,0,0,1,0,0,0,0,0,0,0,0,0,0,0,0,0.0742227880087292,0.07031589568457,0.7142857142857142,0.5789473684210527,0.55,1.0,1.0,0.2,0.2,0.0,0.1111111111111111,1.0,1.0,0.0,0.0,0.0,1.0,0.106438540371103,0.482142857143117,0.7458333333333333,0.2360764754779717,0.5667870036101084,0.532,0.0746781404853003,0.1727272727272727,1.0,0.0,0.0,1.0,0.0,0.0,0.0,0.0,0.0,0.0,0.0,0.0,0.0,0.0,0.0,0.0,1.0,0.45790940163384974,415.09
3 BHK,796.59,881.6,9,11,13,1,Unfurnished,1,4,4,2,3,Vitrified,1,1,1,0,1,Not Specified,1,Borewell,4156.27,Kothrud,411038,Society,2.23,7.09,1.53,1.41,29876.24,6602803.95,8288.836101382141,Builder,10,2,0,3,3,0,0,0,0,0,0,0,1,0,0,0,0,0,0,0,0.2568006049236188,0.2270063644830798,0.4285714285714285,0.368421052631579,0.65,1.0,1.0,0.6000000000000001,0.8,0.4,0.2222222222222222,1.0,1.0,1.0,0.0,1.0,1.0,0.3850858915696381,0.6607142857146755,0.2819444444444444,0.5727348295926848,0.48014440433213,0.3159999999999999,0.1086999358813594,0.0818181818181818,0.5,0.0,0.0,0.0,0.0,0.0,0.0,0.0,1.0,0.0,0.0,0.0,0.0,0.0,0.0,0.0,0.8181818181818182,0.5556678588771802,265.53000000000003
2 BHK,515.92,614.3,10,15,9,1,Unfurnished,0,1,2,1,3,Vitrified,0,1,0,0,0,Open,0,Borewell,838.08,Nigdi,411044,Standalone,4.13,10.59,2.16,2.17,13765.51,5005089.95,9701.290800899365,Builder,27,3,0,2,2,0,0,0,0,0,0,0,0,0,1,0,0,0,0,0,0.122477889658869,0.1232730518472524,0.4761904761904761,0.5789473684210527,0.45,1.0,0.0,0.0,0.4,0.2,0.2222222222222222,0.0,1.0,0.0,0.0,0.0,0.0,0.004369157055592,0.7678571428577925,0.5458333333333333,0.8636741479634247,0.7075812274368232,0.62,0.152323466804705,0.2363636363636363,1.0,0.0,0.0,0.0,0.0,0.0,0.0,0.0,0.0,0.0,1.0,0.0,0.0,0.0,0.0,0.0,0.6666666666666666,0.29349185181155735,257.96
1 BHK,504.77,567.99,14,17,15,1,Unfurnished,1,1,1,0,2,Marble,0,0,0,0,0,Stilt,0,Tanker,855.49,Wakad,411057,Standalone,4.71,2.32,2.1,2.0,7500.0,3001403.04,5946.080472294312,Owner,14,3,0,1,1,0,0,0,0,0,0,0,0,0,0,0,0,0,0,1,0.1171417359010681,0.1053011487115802,0.6666666666666666,0.6842105263157894,0.75,1.0,1.0,0.0,0.2,0.0,0.1111111111111111,0.0,0.0,0.0,0.0,0.0,0.0,0.0063667154678256,1.0,0.6263888888888889,0.1762261014131338,0.6859205776173286,0.552,0.0363447062587947,0.1181818181818181,1.0,0.0,0.0,0.0,0.0,0.0,0.0,0.0,0.0,0.0,0.0,0.0,0.0,0.0,0.0,1.0,0.8235294117647058,0.510930135746162,504.77
2 BHK,758.09,956.9,3,9,10,1,Semi-Furnished,1,2,2,1,3,Not Specified,1,0,1,1,0,Covered,1,Borewell,2843.19,Viman Nagar,411014,Society,2.54,4.81,1.57,1.41,24659.57,7247528.58,9560.248229102086,Broker,12,2,1,2,2,0,0,0,0,0,0,0,0,0,0,0,0,0,1,0,0.2383753206478043,0.2562286556969885,0.1428571428571428,0.2631578947368421,0.5,1.0,1.0,0.2,0.4,0.2,0.2222222222222222,1.0,0.0,1.0,1.0,0.0,1.0,0.2344279938134205,0.232142857143117,0.325,0.3832086450540315,0.4945848375451264,0.3159999999999999,0.1479685880432943,0.0999999999999999,0.5,0.0,0.0,0.0,0.0,0.0,0.0,0.0,0.0,0.0,0.0,0.0,0.0,0.0,1.0,0.0,0.3333333333333333,0.6038461680121534,379.045
4 BHK,1591.76,1984.9,12,14,6,1,Semi-Furnished,1,5,4,3,6,Wooden,1,1,0,0,0,Covered,0,Tanker,4108.95,Hadapsar,411028,Society,5.54,3.1,1.65,2.29,36485.74,12819848.94,8053.883085389757,Broker,16,3,1,4,4,0,0,1,0,0,0,0,0,0,0,0,0,0,0,0,0.6373521191469812,0.6551730828935114,0.5714285714285714,0.5263157894736842,0.3,1.0,1.0,0.8,0.8,0.6000000000000001,0.5555555555555556,1.0,1.0,0.0,0.0,0.0,0.0,0.3796565714049685,0.482142857143117,0.7416666666666667,0.2410640066500415,0.5234657039711191,0.668,0.1014439666088899,0.1363636363636363,1.0,0.0,0.0,1.0,0.0,0.0,0.0,0.0,0.0,0.0,0.0,0.0,0.0,0.0,0.0,0.0,0.8571428571428571,0.4213006436841269,397.94
1 BHK,384.46,466.02,12,16,10,1,Fully Furnished,1,1,1,0,2,Wooden,1,1,0,0,0,Covered,0,Borewell,1101.88,Nigdi,411044,Society,4.29,11.15,1.52,2.39,7797.76,5113526.36,13300.541954949802,Builder,55,3,2,1,1,0,0,0,0,0,0,0,0,0,1,0,0,0,0,0,0.0595639189861786,0.0657288109282831,0.5714285714285714,0.631578947368421,0.5,1.0,1.0,0.0,0.2,0.0,0.1111111111111111,1.0,1.0,0.0,0.0,0.0,0.0,0.0346365843472195,0.7678571428577925,0.5680555555555555,0.9102244389027432,0.4765342960288808,0.7080000000000001,0.2634874610377337,0.4909090909090909,1.0,0.0,0.0,0.0,0.0,0.0,0.0,0.0,0.0,0.0,1.0,0.0,0.0,0.0,0.0,0.0,0.75,0.24751735665472374,384.46
1 RK,422.84,524.06,9,11,6,1,Semi-Furnished,1,1,1,0,2,Granite,1,1,0,1,0,Stilt,0,Municipal,1798.11,Wakad,411057,Society,4.84,3.47,2.62,2.01,15083.75,3460234.16,8183.317945322108,Owner,16,3,1,1,1,0,0,0,0,0,0,0,0,0,0,0,0,0,0,1,0.0779317738045101,0.0882528717789506,0.4285714285714285,0.368421052631579,0.3,1.0,1.0,0.0,0.2,0.0,0.1111111111111111,1.0,1.0,0.0,1.0,0.0,0.0,0.1145194156711383,1.0,0.6444444444444445,0.2718204488778055,0.8736462093862817,0.5559999999999999,0.1054430425097938,0.1363636363636363,1.0,0.0,0.0,0.0,0.0,0.0,0.0,0.0,0.0,0.0,0.0,0.0,0.0,0.0,0.0,1.0,0.8181818181818182,0.47266221344308024,422.84
2 BHK,664.16,769.14,9,14,11,1,Semi-Furnished,1,3,2,1,2,Marble,1,1,1,0,1,Not Specified,0,Corporation + Borewell,2328.0,Kothrud,411038,Standalone,2.44,8.12,1.1,1.52,31759.71,6682946.59,10062.253959889184,Owner,23,2,1,2,2,0,0,0,0,0,0,0,1,0,0,0,0,0,0,0,0.1934224128029403,0.1833630859981372,0.4285714285714285,0.5263157894736842,0.55,1.0,1.0,0.4000000000000001,0.4,0.2,0.1111111111111111,1.0,1.0,1.0,0.0,1.0,0.0,0.1753170163063183,0.6607142857146755,0.3111111111111111,0.6583541147132168,0.3249097472924188,0.3600000000000001,0.1634722652905662,0.1999999999999999,0.5,0.0,0.0,0.0,0.0,0.0,0.0,0.0,1.0,0.0,0.0,0.0,0.0,0.0,0.0,0.0,0.6428571428571429,0.5063832182393098,332.08
2 BHK,453.6,505.2,7,19,7,1,Unfurnished,0,2,2,1,3,Not Specified,0,0,0,0,1,Covered,1,Municipal,994.79,Wakad,411057,Standalone,4.29,3.01,2.01,1.92,8204.32,3273770.58,7217.307275132275,Broker,14,3,0,2,2,0,0,0,0,0,0,0,0,0,0,0,0,0,0,1,0.0926528580726674,0.0809337162371934,0.3333333333333333,0.7894736842105263,0.35,1.0,0.0,0.2,0.4,0.2,0.2222222222222222,0.0,0.0,0.0,0.0,1.0,1.0,0.022349477491039,1.0,0.5680555555555555,0.2335827098919368,0.6534296028880866,0.52,0.075606563574435,0.1181818181818181,1.0,0.0,0.0,0.0,0.0,0.0,0.0,0.0,0.0,0.0,0.0,0.0,0.0,0.0,0.0,1.0,0.3684210526315789,0.5195898489847794,226.8
1 RK,422.4,501.71,6,17,8,1,Unfurnished,1,1,0,0,1,Ceramic,1,1,0,0,0,Covered,0,Municipal,800.0,Pimple Saudagar,411027,Society,4.65,4.8,1.6,1.99,10898.56,2800000.0,6628.787878787879,Not Specified,27,3,0,1,1,0,0,0,0,0,0,0,0,0,0,1,0,0,0,0,0.0777211991270722,0.0795793231915554,0.2857142857142857,0.6842105263157894,0.4,1.0,1.0,0.0,0.0,0.0,0.0,1.0,1.0,0.0,0.0,0.0,0.0,0.0,0.464285714286234,0.6180555555555556,0.3823773898586866,0.5054151624548737,0.548,0.0574306585935656,0.2363636363636363,1.0,0.0,0.0,0.0,0.0,0.0,0.0,0.0,0.0,0.0,0.0,1.0,0.0,0.0,0.0,0.0,0.35294117647058826,0.44710786483067755,422.4
4 BHK,937.93,1181.81,7,12,6,1,Semi-Furnished,1,4,4,3,6,Vitrified,0,0,0,0,0,Covered,1,Corporation + Borewell,1946.82,Pimple Saudagar,411027,Society,3.41,4.95,1.25,1.3,21309.55,11128426.18,11864.879234057978,Broker,48,3,1,4,4,0,0,0,0,0,0,0,0,0,0,1,0,0,0,0,0.3244429342624143,0.3435113318845079,0.3333333333333333,0.4210526315789473,0.3,1.0,1.0,0.6000000000000001,0.8,0.6000000000000001,0.5555555555555556,0.0,0.0,0.0,0.0,0.0,1.0,0.131581845968856,0.464285714286234,0.4458333333333333,0.3948462177888611,0.3790613718411552,0.272,0.219148309256928,0.4272727272727272,1.0,0.0,0.0,0.0,0.0,0.0,0.0,0.0,0.0,0.0,0.0,1.0,0.0,0.0,0.0,0.0,0.5833333333333334,0.5725933619637626,234.4825
2 BHK,705.35,776.88,7,17,18,1,Semi-Furnished,1,3,2,1,3,Vitrified,1,1,0,0,0,Open,1,Not Specified,1901.19,Magarpatta,411013,Society,5.88,1.4,1.81,1.81,12364.2,4472426.18,6340.719047281491,Broker,18,3,1,2,2,0,0,0,0,0,0,0,0,1,0,0,0,0,0,0,0.2131350740840001,0.1863668115492083,0.3333333333333333,0.6842105263157894,0.9,1.0,1.0,0.4000000000000001,0.4,0.2,0.2222222222222222,1.0,1.0,0.0,0.0,0.0,1.0,0.1263464300957818,0.214285714286234,0.7888888888888889,0.0997506234413964,0.5812274368231047,0.4760000000000001,0.048533116227699,0.1545454545454545,1.0,0.0,0.0,0.0,0.0,0.0,0.0,0.0,0.0,1.0,0.0,0.0,0.0,0.0,0.0,0.0,0.4117647058823529,0.5036015306456842,352.675
3 BHK,892.18,976.7,10,16,7,1,Unfurnished,1,3,2,1,5,Wooden,0,0,1,1,1,Stilt,0,Municipal,3466.01,Shivajinagar,411005,Standalone,1.31,5.85,1.08,1.57,40774.89,8445226.13,9465.832152704612,Broker,27,2,0,3,3,0,0,0,0,0,0,0,0,0,0,0,0,1,0,0,0.3025479535969983,0.2639126047811239,0.4761904761904761,0.631578947368421,0.35,1.0,1.0,0.4000000000000001,0.4,0.2,0.4444444444444445,0.0,0.0,1.0,1.0,1.0,0.0,0.3058880357609998,0.071428571429351,0.1541666666666666,0.4696591853699084,0.3176895306859206,0.3800000000000001,0.1450526724130476,0.2363636363636363,0.5,0.0,0.0,0.0,0.0,0.0,0.0,0.0,0.0,0.0,0.0,0.0,0.0,1.0,0.0,0.0,0.625,0.6138119580678862,297.3933333333333
2 BHK,682.67,739.48,10,10,7,1,Semi-Furnished,1,2,2,1,3,Granite,1,1,0,0,0,Stilt,0,Borewell,2571.98,Kharadi,411014,Society,4.24,1.64,1.88,2.09,28838.66,6773690.34,9922.349510012158,Owner,24,2,1,2,2,0,0,0,0,0,1,0,0,0,0,0,0,0,0,0,0.2022809066197021,0.1718526855013971,0.4761904761904761,0.3157894736842105,0.35,1.0,1.0,0.2,0.4,0.2,0.2222222222222222,1.0,1.0,0.0,0.0,0.0,0.0,0.2033103707817211,0.232142857143117,0.5611111111111111,0.1197007481296758,0.6064981949458483,0.588,0.1591550670404244,0.209090909090909,0.5,0.0,0.0,0.0,0.0,0.0,1.0,0.0,0.0,0.0,0.0,0.0,0.0,0.0,0.0,0.0,1.0,0.5410195826998772,341.335
4 BHK,1582.73,1943.61,11,19,9,1,Semi-Furnished,1,4,4,2,5,Vitrified,1,1,0,1,0,Covered,0,Municipal,4307.16,Wakad,411057,Society,4.3,3.46,2.11,2.18,30634.74,12937619.56,8174.24295994895,Owner,10,3,1,4,4,0,0,0,0,0,0,0,0,0,0,0,0,0,0,1,0.6330305524713811,0.6391493325054332,0.5238095238095237,0.7894736842105263,0.45,1.0,1.0,0.6000000000000001,0.8,0.4,0.4444444444444445,1.0,1.0,0.0,1.0,0.0,0.0,0.4023984469298869,1.0,0.5694444444444444,0.2709891936824605,0.6895306859205776,0.6240000000000001,0.1051610563885762,0.0818181818181818,1.0,0.0,0.0,0.0,0.0,0.0,0.0,0.0,0.0,0.0,0.0,0.0,0.0,0.0,0.0,1.0,0.5789473684210527,0.4790966984343926,395.6825
3 BHK,789.58,897.93,6,14,4,1,Semi-Furnished,1,3,3,2,4,Ceramic,1,1,1,0,0,Open,0,Municipal,2078.22,Shivajinagar,411005,Society,1.52,7.26,1.03,1.69,23689.3,8484537.48,10745.63372932445,Broker,33,2,1,3,3,0,0,0,0,0,0,0,0,0,0,0,0,1,0,0,0.2534457674489835,0.2333436820863086,0.2857142857142857,0.5263157894736842,0.2,1.0,1.0,0.4000000000000001,0.6000000000000001,0.4,0.3333333333333333,1.0,1.0,1.0,0.0,0.0,0.0,0.1466581914810616,0.071428571429351,0.1833333333333333,0.5868661679135494,0.2996389891696751,0.428,0.1845795287341695,0.2909090909090909,0.5,0.0,0.0,0.0,0.0,0.0,0.0,0.0,0.0,0.0,0.0,0.0,0.0,1.0,0.0,0.0,0.42857142857142855,0.5531018958451501,263.1933333333333
3 BHK,1211.45,1462.37,2,10,3,1,Semi-Furnished,1,3,2,2,5,Vitrified,1,1,0,1,1,Stilt,1,Municipal,4592.15,Viman Nagar,411014,Society,1.82,5.04,1.85,1.41,40580.51,19559239.47,16145.313029840272,Broker,4,2,1,3,3,0,0,0,0,0,0,0,0,0,0,0,0,0,1,0,0.4553438110187985,0.4523905619372866,0.0952380952380952,0.3157894736842105,0.15,1.0,1.0,0.4000000000000001,0.4,0.4,0.4444444444444445,1.0,1.0,0.0,1.0,1.0,1.0,0.4350971357238252,0.232142857143117,0.225,0.4023275145469658,0.5956678700361011,0.3159999999999999,0.351352853897215,0.0272727272727272,0.5,0.0,0.0,0.0,0.0,0.0,0.0,0.0,0.0,0.0,0.0,0.0,0.0,0.0,1.0,0.0,0.2,0.6300098623688157,403.81666666666666
1 BHK,412.57,455.25,9,18,0,1,Fully Furnished,1,1,0,0,2,Wooden,1,1,0,0,0,Covered,1,Corporation + Borewell,875.33,Kharadi,411014,Society,3.67,1.76,1.71,1.61,23050.93,6850677.76,16604.88586179315,Broker,5,2,2,1,1,0,0,0,0,0,1,0,0,0,0,0,0,0,0,0,0.073016769401585,0.0615492083203974,0.4285714285714285,0.7368421052631579,0.0,1.0,1.0,0.0,0.0,0.0,0.1111111111111111,1.0,1.0,0.0,0.0,0.0,1.0,0.0086430830093946,0.232142857143117,0.4819444444444444,0.1296758104738154,0.5451263537906137,0.3960000000000001,0.3655445080963682,0.0363636363636363,0.5,0.0,0.0,0.0,0.0,0.0,1.0,0.0,0.0,0.0,0.0,0.0,0.0,0.0,0.0,0.0,0.5,0.6147066637050285,412.57
2 BHK,699.32,860.12,10,10,10,1,Semi-Furnished,1,3,2,0,3,Ceramic,1,1,0,0,0,Open,1,Tanker,1458.89,Aundh,411007,Society,3.63,3.92,1.45,2.1,21335.49,6443324.3,9213.699450895154,Owner,21,2,1,2,2,1,0,0,0,0,0,0,0,0,0,0,0,0,0,0,0.2102492438454765,0.2186704439615027,0.4761904761904761,0.3157894736842105,0.5,1.0,1.0,0.4000000000000001,0.4,0.0,0.2222222222222222,1.0,1.0,0.0,0.0,0.0,1.0,0.0755985791060668,0.107142857143117,0.4763888888888888,0.3092269326683291,0.4512635379061371,0.5920000000000001,0.1372657785596655,0.1818181818181818,0.5,1.0,0.0,0.0,0.0,0.0,0.0,0.0,0.0,0.0,0.0,0.0,0.0,0.0,0.0,0.0,1.0,0.5052864110100415,349.66
2 BHK,448.87,486.99,0,9,5,1,Fully Furnished,1,3,3,1,2,Vitrified,0,0,1,0,1,Covered,0,Corporation + Borewell,1646.52,Kalyani Nagar,411006,Society,2.32,5.56,1.32,1.4,39311.04,13402225.52,29857.69937843919,Owner,80,1,2,2,2,0,0,0,0,1,0,0,0,0,0,0,0,0,0,0,0.0903891802902101,0.0738668115492083,0.0,0.2631578947368421,0.25,1.0,1.0,0.4000000000000001,0.6000000000000001,0.2,0.1111111111111111,0.0,0.0,1.0,0.0,1.0,0.0,0.097126544923838,0.089285714286234,0.2944444444444444,0.4455527847049043,0.4043321299638989,0.3119999999999999,0.7748700640074521,0.7181818181818183,0.0,0.0,0.0,0.0,0.0,1.0,0.0,0.0,0.0,0.0,0.0,0.0,0.0,0.0,0.0,0.0,0.0,0.5943829167868415,224.435
2 BHK,599.18,718.42,14,14,7,1,Unfurnished,1,3,2,0,4,Marble,1,1,0,0,1,Covered,1,Not Specified,2353.08,Viman Nagar,411014,Society,2.31,6.09,1.32,1.5,23361.46,8601148.18,14354.865282552822,Owner,28,2,0,2,2,0,0,0,0,0,0,0,0,0,0,0,0,0,1,0,0.1623243615758642,0.1636797578391803,0.6666666666666666,0.5263157894736842,0.35,1.0,1.0,0.4000000000000001,0.4,0.0,0.3333333333333333,1.0,1.0,0.0,0.0,1.0,1.0,0.1781946018881,0.232142857143117,0.2930555555555555,0.4896093100581877,0.4043321299638989,0.3520000000000001,0.2960573213233395,0.2454545454545454,0.5,0.0,0.0,0.0,0.0,0.0,0.0,0.0,0.0,0.0,0.0,0.0,0.0,0.0,1.0,0.0,1.0,0.5697042535963224,299.59
3 BHK,991.12,1145.59,5,15,8,1,Unfurnished,0,3,3,1,3,Marble,0,0,0,0,0,Open,1,Municipal,3406.02,Kothrud,411038,Society,0.97,6.55,1.34,1.57,36338.26,7129667.07,7193.545756316087,Owner,14,2,0,3,3,0,0,0,0,0,0,0,1,0,0,0,0,0,0,0,0.3498985412917799,0.3294551381558522,0.238095238095238,0.5789473684210527,0.4,1.0,0.0,0.4000000000000001,0.6000000000000001,0.2,0.2222222222222222,0.0,0.0,0.0,0.0,0.0,1.0,0.2990050070907013,0.6607142857146755,0.1069444444444444,0.5278470490440564,0.4115523465703971,0.3800000000000001,0.0748724113179901,0.1181818181818181,0.5,0.0,0.0,0.0,0.0,0.0,0.0,0.0,1.0,0.0,0.0,0.0,0.0,0.0,0.0,0.0,0.3333333333333333,0.6100485053265103,330.37333333333333
3 BHK,829.35,943.88,1,11,8,1,Semi-Furnished,1,3,3,2,4,Granite,0,0,1,1,1,Covered,0,Tanker,3309.13,Kothrud,411038,Standalone,2.65,7.53,0.91,1.45,37917.29,7554900.29,9109.423391812865,Broker,50,2,1,3,3,0,0,0,0,0,0,0,1,0,0,0,0,0,0,0,0.2724788468164937,0.2511758770568147,0.0476190476190476,0.368421052631579,0.4,1.0,1.0,0.4000000000000001,0.6000000000000001,0.4,0.3333333333333333,0.0,0.0,1.0,1.0,1.0,0.0,0.2878882101601259,0.6607142857146755,0.3402777777777778,0.6093100581878637,0.2563176895306859,0.3319999999999999,0.1340459479860693,0.4454545454545454,0.5,0.0,0.0,0.0,0.0,0.0,0.0,0.0,1.0,0.0,0.0,0.0,0.0,0.0,0.0,0.0,0.09090909090909091,0.5204830671919798,276.45
2 BHK,691.27,962.365,17,19,10,1,Unfurnished,0,2,1,1,4,Vitrified,1,0,0,0,0,Covered,0,Tanker,2713.71,Hadapsar,411028,Society,5.65,0.39,2.27,1.89,20364.19,4818693.27,6970.78315274784,Broker,14,3,0,2,2,0,0,1,0,0,0,0,0,0,0,0,0,0,0,0,0.2063966844059879,0.2583495032598572,0.8095238095238095,0.7894736842105263,0.5,1.0,0.0,0.2,0.2,0.2,0.3333333333333333,1.0,0.0,0.0,0.0,0.0,0.0,0.2195719419342698,0.482142857143117,0.7569444444444445,0.0157938487115544,0.7472924187725632,0.508,0.0679923205882607,0.1181818181818181,1.0,0.0,0.0,1.0,0.0,0.0,0.0,0.0,0.0,0.0,0.0,0.0,0.0,0.0,0.0,0.0,0.8947368421052632,0.5329428192265477,345.635
1 RK,403.18,752.35,2,8,19,1,Semi-Furnished,1,1,0,0,2,Ceramic,1,1,0,1,1,Covered,1,Municipal,1494.65,Kharadi,411014,Society,4.45,2.01,2.31,1.98,11037.83,3161225.8,7840.730691006498,Broker,63,2,1,1,1,0,0,0,0,0,1,0,0,0,0,0,0,0,0,0,0.0685229143535357,0.1768472524060851,0.0952380952380952,0.2105263157894736,0.95,1.0,1.0,0.0,0.0,0.0,0.1111111111111111,1.0,1.0,0.0,1.0,1.0,1.0,0.0797015480217173,0.232142857143117,0.5902777777777778,0.1504571903574397,0.7617328519855596,0.544,0.0948588339796673,0.5636363636363637,0.5,0.0,0.0,0.0,0.0,0.0,1.0,0.0,0.0,0.0,0.0,0.0,0.0,0.0,0.0,0.0,0.25,0.5332277683054463,403.18
3 BHK,744.62,952.62,5,10,9,1,Semi-Furnished,1,3,3,3,5,Granite,1,1,1,1,1,Open,1,Municipal,3911.41,Koregaon Park,411001,Society,2.32,3.81,1.48,0.9,54352.47,21598438.02,29005.98697322124,Owner,47,1,1,3,3,0,0,0,0,0,0,1,0,0,0,0,0,0,0,0,0.2319288640453309,0.2545676808444583,0.238095238095238,0.3157894736842105,0.45,1.0,1.0,0.4000000000000001,0.6000000000000001,0.6000000000000001,0.4444444444444445,1.0,1.0,1.0,1.0,1.0,1.0,0.356991569179085,0.0,0.2944444444444444,0.3000831255195345,0.4620938628158845,0.112,0.7485619634387852,0.4181818181818181,0.0,0.0,0.0,0.0,0.0,0.0,0.0,1.0,0.0,0.0,0.0,0.0,0.0,0.0,0.0,0.0,0.5,0.6954986403473731,248.20666666666668
2 BHK,418.5,456.08,1,12,10,1,Semi-Furnished,1,3,3,1,3,Wooden,1,1,0,0,0,Covered,0,Corporation + Borewell,1028.25,Hinjewadi,411057,Society,5.88,0.81,2.39,2.59,18455.76,5208364.95,12445.316487455197,Broker,6,3,1,2,2,0,0,0,1,0,0,0,0,0,0,0,0,0,0,0,0.0758547417588728,0.0618713132567525,0.0476190476190476,0.4210526315789473,0.5,1.0,1.0,0.4000000000000001,0.6000000000000001,0.2,0.2222222222222222,1.0,1.0,0.0,0.0,0.0,0.0,0.0261885529920923,1.0,0.7888888888888889,0.0507065669160432,0.7906137184115524,0.788,0.2370765112047015,0.0454545454545454,1.0,0.0,0.0,0.0,1.0,0.0,0.0,0.0,0.0,0.0,0.0,0.0,0.0,0.0,0.0,0.0,0.08333333333333333,0.4363488732458479,209.25
2 BHK,312.98,355.45,1,18,6,1,Semi-Furnished,0,2,1,1,4,Ceramic,0,0,1,0,1,Covered,1,Corporation + Borewell,1317.1,Aundh,411007,Standalone,4.51,2.59,1.79,1.72,12822.38,2800000.0,8946.258546872004,Broker,14,2,1,2,2,1,0,0,0,0,0,0,0,0,0,0,0,0,0,0,0.0253551054787702,0.0228190003104626,0.0476190476190476,0.7368421052631579,0.3,1.0,0.0,0.2,0.2,0.2,0.3333333333333333,0.0,0.0,1.0,0.0,1.0,1.0,0.059330123777485,0.107142857143117,0.5986111111111111,0.198669991687448,0.5740072202166066,0.44,0.1290078783154217,0.1181818181818181,0.5,1.0,0.0,0.0,0.0,0.0,0.0,0.0,0.0,0.0,0.0,0.0,0.0,0.0,0.0,0.0,0.05555555555555555,0.5424947212764057,156.49
4 BHK,1541.31,1911.26,8,14,12,1,Semi-Furnished,1,4,4,2,5,Wooden,0,0,0,0,0,Not Specified,0,Municipal,2119.8,Nigdi,411044,Standalone,2.65,12.23,2.06,2.8,33442.95,12277334.95,7965.5195580382915,Owner,6,3,1,4,4,0,0,0,0,0,0,0,0,0,1,0,0,0,0,0,0.6132078180634788,0.626595001552313,0.3809523809523809,0.5263157894736842,0.6000000000000001,1.0,1.0,0.6000000000000001,0.8,0.4,0.4444444444444445,0.0,0.0,0.0,0.0,0.0,0.0,0.1514289254719103,0.7678571428577925,0.3402777777777778,1.0,0.6714801444043321,0.8719999999999999,0.0987152181083889,0.0454545454545454,1.0,0.0,0.0,0.0,0.0,0.0,0.0,0.0,0.0,0.0,1.0,0.0,0.0,0.0,0.0,0.0,0.5714285714285714,0.24815199815199807,385.3275
1 BHK,511.53,641.57,16,16,16,1,Semi-Furnished,1,1,0,0,1,Ceramic,1,1,0,0,0,Open,0,Municipal,800.0,Hinjewadi,411057,Society,6.21,0.2,2.79,2.78,14964.62,4131153.16,8076.072097433192,Owner,28,3,1,1,1,0,0,0,1,0,0,0,0,0,0,0,0,0,0,0,0.1203769286726138,0.1338559453585843,0.7619047619047619,0.631578947368421,0.8,1.0,1.0,0.0,0.0,0.0,0.0,1.0,1.0,0.0,0.0,0.0,0.0,0.0,1.0,0.8347222222222223,0.0,0.9350180505415164,0.8639999999999999,0.1021283929447257,0.2454545454545454,1.0,0.0,0.0,0.0,1.0,0.0,0.0,0.0,0.0,0.0,0.0,0.0,0.0,0.0,0.0,0.0,1.0,0.4178106466740973,511.53
1 BHK,417.23,530.49,8,19,11,1,Semi-Furnished,1,1,0,0,1,Vitrified,1,1,0,0,0,Bike,0,Municipal,1869.48,Wakad,411057,Society,4.32,3.13,1.85,2.47,12344.91,5023870.0,12041.008556431703,Broker,41,3,1,1,1,0,0,0,0,0,0,0,0,0,0,0,0,0,0,1,0.0752469466671771,0.0907482148401118,0.3809523809523809,0.7894736842105263,0.55,1.0,1.0,0.0,0.0,0.0,0.0,1.0,1.0,0.0,0.0,0.0,0.0,0.1227081430623568,1.0,0.5722222222222223,0.2435577722360764,0.5956678700361011,0.7400000000000001,0.2245891279988436,0.3636363636363636,1.0,0.0,0.0,0.0,0.0,0.0,0.0,0.0,0.0,0.0,0.0,0.0,0.0,0.0,0.0,1.0,0.42105263157894735,0.4562071679201687,417.23
3 BHK,1080.36,1181.53,9,17,8,1,Semi-Furnished,1,3,3,1,5,Ceramic,0,0,1,1,0,Open,1,Borewell,4002.29,Wakad,411057,Standalone,4.73,2.0,2.25,2.52,33594.96,6957379.03,6439.870996704803,Broker,52,3,1,3,3,0,0,0,0,0,0,0,0,0,0,0,0,0,0,1,0.3926069145066809,0.3434026699782677,0.4285714285714285,0.6842105263157894,0.4,1.0,1.0,0.4000000000000001,0.6000000000000001,0.2,0.4444444444444445,0.0,0.0,1.0,1.0,0.0,1.0,0.3674188011436911,1.0,0.6291666666666668,0.1496259351620947,0.740072202166065,0.76,0.0515938856266763,0.4636363636363636,1.0,0.0,0.0,0.0,0.0,0.0,0.0,0.0,0.0,0.0,0.0,0.0,0.0,0.0,0.0,1.0,0.5294117647058824,0.46319540182990715,360.11999999999995
2 BHK,620.08,769.34,9,11,9,1,Unfurnished,0,2,2,2,3,Vitrified,1,1,1,1,1,Covered,1,Borewell,2367.08,Baner,411045,Society,3.68,2.5,1.95,2.14,20899.8,6556969.97,10574.393578247968,Broker,36,1,0,2,2,0,1,0,0,0,0,0,0,0,0,0,0,0,0,0,0.1723266587541636,0.1834407016454518,0.4285714285714285,0.368421052631579,0.45,1.0,0.0,0.2,0.4,0.4,0.2222222222222222,1.0,1.0,1.0,1.0,1.0,1.0,0.1798009096291264,0.7857142857146755,0.4833333333333334,0.1911886949293433,0.631768953068592,0.6080000000000001,0.1792900497506291,0.3181818181818182,0.0,0.0,1.0,0.0,0.0,0.0,0.0,0.0,0.0,0.0,0.0,0.0,0.0,0.0,0.0,0.0,0.8181818181818182,0.5374632982564298,310.04
2 BHK,638.48,766.02,6,13,11,1,Semi-Furnished,1,3,1,1,4,Vitrified,1,1,1,0,1,Covered,0,Municipal,2063.41,Viman Nagar,411014,Society,3.14,5.77,2.03,1.16,19468.65,5828876.08,9129.300964791379,Broker,18,2,1,2,2,0,0,0,0,0,0,0,0,0,0,0,0,0,1,0,0.1811325089015659,0.182152281900031,0.2857142857142857,0.4736842105263157,0.55,1.0,1.0,0.4000000000000001,0.2,0.2,0.3333333333333333,1.0,1.0,1.0,0.0,1.0,0.0,0.14495894736359,0.232142857143117,0.4083333333333334,0.4630091438071487,0.6606498194945848,0.2159999999999999,0.1346605727190627,0.1545454545454545,0.5,0.0,0.0,0.0,0.0,0.0,0.0,0.0,0.0,0.0,0.0,0.0,0.0,0.0,1.0,0.0,0.46153846153846156,0.5773633750739229,319.24
3 BHK,997.01,1270.93,2,11,10,1,Semi-Furnished,1,3,4,1,6,Ceramic,1,1,0,1,0,Covered,0,Tanker,2456.15,Wakad,411057,Society,5.14,1.7,2.08,2.16,34688.63,6917912.74,6938.659331400889,Broker,22,3,1,3,3,0,0,0,0,0,0,0,0,0,0,0,0,0,0,1,0.3527173704965733,0.3780968643278486,0.0952380952380952,0.368421052631579,0.5,1.0,1.0,0.4000000000000001,0.8,0.2,0.5555555555555556,1.0,1.0,0.0,1.0,0.0,0.0,0.1900204689500714,1.0,0.6861111111111111,0.1246882793017456,0.6787003610108304,0.6160000000000001,0.0669990376026794,0.1909090909090909,1.0,0.0,0.0,0.0,0.0,0.0,0.0,0.0,0.0,0.0,0.0,0.0,0.0,0.0,0.0,1.0,0.18181818181818182,0.49136508670441625,332.33666666666664
1 RK,422.7,456.79,7,13,9,1,Semi-Furnished,1,2,1,0,1,Granite,0,1,0,1,0,Covered,0,Municipal,939.59,Hinjewadi,411057,Society,5.86,0.31,2.38,2.64,8248.07,4022920.73,9517.200686065768,Owner,2,3,1,1,1,0,0,0,1,0,0,0,0,0,0,0,0,0,0,0,0.0778647727707799,0.062146848804719,0.3333333333333333,0.4736842105263157,0.45,1.0,1.0,0.2,0.2,0.0,0.0,0.0,1.0,0.0,1.0,0.0,0.0,0.0160160355407061,1.0,0.7861111111111112,0.0091438071487946,0.7870036101083032,0.808,0.1466429753025868,0.009090909090909,1.0,0.0,0.0,0.0,1.0,0.0,0.0,0.0,0.0,0.0,0.0,0.0,0.0,0.0,0.0,0.0,0.5384615384615384,0.44553558527393367,422.7
1 BHK,460.6,582.03,7,14,9,1,Fully Furnished,1,1,0,0,1,Vitrified,0,0,0,0,1,Open,1,Municipal,1497.23,Nigdi,411044,Society,4.13,10.57,2.28,2.71,20528.65,4108625.75,8920.160117238383,Owner,108,3,2,1,1,0,0,0,0,0,0,0,0,0,1,0,0,0,0,0,0.0960029097591791,0.110749767153058,0.3333333333333333,0.5263157894736842,0.45,1.0,1.0,0.0,0.0,0.0,0.0,0.0,0.0,0.0,0.0,1.0,1.0,0.079997567591135,0.7678571428577925,0.5458333333333333,0.8620116375727347,0.7509025270758122,0.8360000000000001,0.1281986738930886,0.9727272727272728,1.0,0.0,0.0,0.0,0.0,0.0,0.0,0.0,0.0,0.0,1.0,0.0,0.0,0.0,0.0,0.0,0.5,0.23634465177801234,460.6
1 BHK,427.44,464.68,2,14,12,1,Unfurnished,1,2,0,0,2,Ceramic,1,1,1,0,0,Bike,0,Municipal,957.89,Magarpatta,411013,Society,4.6,2.43,1.88,2.34,9591.63,2800000.0,6550.626988583193,Owner,11,3,0,1,1,0,0,0,0,0,0,0,0,1,0,0,0,0,0,0,0.0801332363413607,0.065208786091276,0.0952380952380952,0.5263157894736842,0.6000000000000001,1.0,1.0,0.2,0.0,0.0,0.1111111111111111,1.0,1.0,1.0,0.0,0.0,0.0,0.0181157092307621,0.214285714286234,0.611111111111111,0.1853699085619285,0.6064981949458483,0.688,0.055014473022607,0.0909090909090909,1.0,0.0,0.0,0.0,0.0,0.0,0.0,0.0,0.0,1.0,0.0,0.0,0.0,0.0,0.0,0.0,0.14285714285714285,0.47656221225313633,427.44
2 BHK,749.49,926.84,7,15,2,1,Unfurnished,1,2,1,1,3,Vitrified,0,1,0,0,0,Covered,1,Municipal,1948.8,Nigdi,411044,Standalone,3.64,10.48,1.81,2.2,22260.41,5604587.11,7477.867763412454,Owner,15,3,0,2,2,0,0,0,0,0,0,0,0,0,1,0,0,0,0,0,0.2342595428615184,0.2445630239056194,0.3333333333333333,0.5789473684210527,0.1,1.0,1.0,0.2,0.2,0.2,0.2222222222222222,0.0,1.0,0.0,0.0,0.0,1.0,0.131809023777944,0.7678571428577925,0.4777777777777778,0.85453034081463,0.5812274368231047,0.6320000000000001,0.0836553678668012,0.1272727272727272,1.0,0.0,0.0,0.0,0.0,0.0,0.0,0.0,0.0,0.0,1.0,0.0,0.0,0.0,0.0,0.0,0.4666666666666667,0.3153568878016957,374.745
1 RK,354.98,411.01,0,10,15,1,Semi-Furnished,1,1,0,0,1,Marble,0,0,0,0,0,Open,0,Tanker,2055.14,Magarpatta,411013,Society,5.07,2.2,1.8,2.11,9080.79,2800000.0,7887.768324976055,Owner,11,3,1,1,1,0,0,0,0,0,0,0,0,1,0,0,0,0,0,0,0.0454554155978406,0.0443806271344303,0.0,0.3157894736842105,0.75,1.0,1.0,0.0,0.0,0.0,0.0,0.0,0.0,0.0,0.0,0.0,0.0,0.1440100784337122,0.214285714286234,0.6763888888888889,0.1662510390689941,0.5776173285198556,0.596,0.0963138576566181,0.0909090909090909,1.0,0.0,0.0,0.0,0.0,0.0,0.0,0.0,0.0,1.0,0.0,0.0,0.0,0.0,0.0,0.0,0.0,0.48623242873038464,354.98
1 BHK,363.28,454.02,3,5,9,1,Unfurnished,0,1,1,0,1,Ceramic,1,0,0,0,0,Open,0,Municipal,896.74,Aundh,411007,Society,3.79,4.0,1.38,1.51,16024.41,4676336.94,12872.541675842327,Owner,15,2,0,1,1,1,0,0,0,0,0,0,0,0,0,0,0,0,0,0,0.0494276197404188,0.0610718720894132,0.1428571428571428,0.0526315789473684,0.45,1.0,0.0,0.0,0.2,0.0,0.0,1.0,0.0,0.0,0.0,0.0,0.0,0.0110995864904929,0.107142857143117,0.4986111111111111,0.3158769742310889,0.4259927797833934,0.3560000000000001,0.2502724115650755,0.1272727272727272,0.5,1.0,0.0,0.0,0.0,0.0,0.0,0.0,0.0,0.0,0.0,0.0,0.0,0.0,0.0,0.0,0.6,0.5589329612019718,363.28
5 BHK,1289.96,1448.9,7,12,7,1,Semi-Furnished,1,5,5,3,8,Granite,1,1,1,0,0,Covered,0,Corporation + Borewell,2119.8,Nigdi,411044,Standalone,3.18,9.89,1.92,2.27,39610.6,10325629.15,8004.611887190301,Broker,11,3,1,5,5,0,0,0,0,0,0,0,0,0,1,0,0,0,0,0,0.4929170335770895,0.4471631480906552,0.3333333333333333,0.4210526315789473,0.35,1.0,1.0,0.8,1.0,0.6000000000000001,0.7777777777777777,1.0,1.0,1.0,0.0,0.0,0.0,0.1514289254719103,0.7678571428577925,0.4138888888888889,0.8054862842892767,0.6209386281588447,0.66,0.0999219210389443,0.0909090909090909,1.0,0.0,0.0,0.0,0.0,0.0,0.0,0.0,0.0,0.0,1.0,0.0,0.0,0.0,0.0,0.0,0.5833333333333334,0.3446796519772808,257.992
3 BHK,1240.63,1482.34,10,14,5,1,Semi-Furnished,1,4,3,1,3,Marble,1,1,0,1,0,Open,0,Corporation + Borewell,4807.67,Kothrud,411038,Society,2.66,6.87,1.23,1.36,43554.7,10418996.02,8398.149343478715,Broker,10,2,1,3,3,0,0,0,0,0,0,0,1,0,0,0,0,0,0,0,0.4693087407634289,0.4601404843216393,0.4761904761904761,0.5263157894736842,0.25,1.0,1.0,0.6000000000000001,0.6000000000000001,0.2,0.2222222222222222,1.0,1.0,0.0,1.0,0.0,0.0,0.4598250960342556,0.6607142857146755,0.3416666666666667,0.5544472152950956,0.371841155234657,0.296,0.1120772833463259,0.0818181818181818,0.5,0.0,0.0,0.0,0.0,0.0,0.0,0.0,1.0,0.0,0.0,0.0,0.0,0.0,0.0,0.0,0.7142857142857143,0.5476365540960799,413.54333333333335
2 BHK,687.19,797.35,15,15,0,1,Unfurnished,1,2,1,0,2,Granite,1,0,1,1,0,Covered,0,Borewell,2121.28,Shivajinagar,411005,Society,0.41,6.2,0.98,1.78,18521.76,9756850.41,14198.184505013169,Not Specified,46,2,0,2,2,0,0,0,0,0,0,0,0,0,0,0,0,1,0,0,0.204444082851564,0.1943107730518473,0.7142857142857142,0.5789473684210527,0.0,1.0,1.0,0.2,0.2,0.0,0.1111111111111111,1.0,0.0,1.0,1.0,0.0,0.0,0.1515987351473902,0.071428571429351,0.0291666666666666,0.4987531172069824,0.2815884476534296,0.4640000000000001,0.2912129047720824,0.409090909090909,0.5,0.0,0.0,0.0,0.0,0.0,0.0,0.0,0.0,0.0,0.0,0.0,0.0,1.0,0.0,0.0,1.0,0.6223772171441837,343.595
3 BHK,1098.3,1275.11,6,8,6,1,Fully Furnished,1,3,4,2,4,Vitrified,1,1,1,1,1,Covered,1,Corporation + Borewell,6142.04,Baner,411045,Society,3.1,3.08,1.73,2.43,69294.58,16413754.52,14944.691359373577,Owner,9,1,2,3,3,0,1,0,0,0,0,0,0,0,0,0,0,0,0,0,0.4011926184003981,0.3797190313567215,0.2857142857142857,0.2105263157894736,0.3,1.0,1.0,0.4000000000000001,0.8,0.4,0.3333333333333333,1.0,1.0,1.0,1.0,1.0,1.0,0.6129257289195056,0.7857142857146755,0.4027777777777778,0.2394014962593516,0.5523465703971119,0.7240000000000001,0.3142718333854272,0.0727272727272727,0.0,0.0,1.0,0.0,0.0,0.0,0.0,0.0,0.0,0.0,0.0,0.0,0.0,0.0,0.0,0.0,0.75,0.5167983962955345,366.09999999999997
1 BHK,376.82,471.05,4,13,13,1,Semi-Furnished,1,1,0,0,1,Marble,0,0,0,1,0,Open,0,Municipal,1333.38,Kharadi,411014,Standalone,4.34,1.45,2.33,1.7,9641.98,2897906.82,7690.42731277533,Broker,25,2,1,1,1,0,0,0,0,0,1,0,0,0,0,0,0,0,0,0,0.0559075768597572,0.0676808444582428,0.1904761904761904,0.4736842105263157,0.65,1.0,1.0,0.0,0.0,0.0,0.0,0.0,0.0,0.0,1.0,0.0,0.0,0.0611980302077644,0.232142857143117,0.575,0.1039068994181213,0.7689530685920578,0.432,0.0902191893871913,0.2181818181818181,0.5,0.0,0.0,0.0,0.0,0.0,1.0,0.0,0.0,0.0,0.0,0.0,0.0,0.0,0.0,0.0,0.3076923076923077,0.583360267620284,376.82
3 BHK,1244.12,1449.35,5,10,10,1,Semi-Furnished,0,3,1,2,5,Granite,1,1,1,1,0,Covered,1,Municipal,5708.12,Baner,411045,Society,2.54,4.5,1.82,2.22,54293.04,15693246.62,12613.933237951323,Owner,7,1,1,3,3,0,1,0,0,0,0,0,0,0,0,0,0,0,0,0,0.4709789808185612,0.4473377832971127,0.238095238095238,0.3157894736842105,0.5,1.0,0.0,0.4000000000000001,0.2,0.4,0.4444444444444445,1.0,1.0,1.0,1.0,0.0,1.0,0.5631393678490622,0.7857142857146755,0.325,0.3574397339983374,0.5848375451263538,0.6400000000000001,0.2422841431760594,0.0545454545454545,0.0,0.0,1.0,0.0,0.0,0.0,0.0,0.0,0.0,0.0,0.0,0.0,0.0,0.0,0.0,0.0,0.5,0.5257568751845121,414.70666666666665
4 BHK,1144.85,1236.74,5,13,12,1,Semi-Furnished,1,5,4,2,5,Granite,1,1,0,1,1,Bike,1,Tanker,3863.19,Viman Nagar,411014,Society,2.79,5.79,1.82,1.86,34531.08,10692466.68,9339.62237847753,Owner,15,2,1,4,4,0,0,0,0,0,0,0,0,0,0,0,0,0,1,0,0.4234704621157012,0.364828469419435,0.238095238095238,0.4736842105263157,0.6000000000000001,1.0,1.0,0.8,0.8,0.4,0.4444444444444445,1.0,1.0,0.0,1.0,1.0,1.0,0.3514589863739209,0.232142857143117,0.3597222222222222,0.4646716541978387,0.5848375451263538,0.4960000000000001,0.1411549014932601,0.1272727272727272,0.5,0.0,0.0,0.0,0.0,0.0,0.0,0.0,0.0,0.0,0.0,0.0,0.0,0.0,1.0,0.0,0.38461538461538464,0.5177977083946013,286.2125
2 BHK,539.34,661.62,3,10,13,1,Semi-Furnished,1,3,3,0,4,Vitrified,1,0,0,1,1,Not Specified,1,Corporation + Borewell,2745.67,Kothrud,411038,Society,0.74,8.06,0.51,1.15,22425.76,5138616.12,9527.600622983646,Broker,22,2,1,2,2,0,0,0,0,0,0,0,1,0,0,0,0,0,0,0,0.1336862054443126,0.1416369140018628,0.1428571428571428,0.3157894736842105,0.65,1.0,1.0,0.4000000000000001,0.6000000000000001,0.0,0.3333333333333333,1.0,0.0,0.0,1.0,1.0,1.0,0.2232389130344989,0.6607142857146755,0.075,0.6533665835411471,0.111913357400722,0.2119999999999999,0.1469620242217738,0.1909090909090909,0.5,0.0,0.0,0.0,0.0,0.0,0.0,0.0,1.0,0.0,0.0,0.0,0.0,0.0,0.0,0.0,0.3,0.6241250323220888,269.67
4 BHK,1274.98,839.46,9,12,9,1,Semi-Furnished,1,5,5,4,8,Ceramic,0,0,0,1,0,Covered,0,Municipal,3666.52,Shivajinagar,411005,Society,1.45,7.01,0.99,1.25,55428.14,12472777.25,9782.723846648574,Owner,27,2,1,4,4,0,0,0,0,0,0,0,0,0,0,0,0,1,0,0,0.4857479229679544,0.210652747593915,0.4285714285714285,0.4210526315789473,0.45,1.0,1.0,0.8,1.0,0.8,0.7777777777777777,0.0,0.0,0.0,1.0,0.0,0.0,0.3288938047005154,0.071428571429351,0.1736111111111111,0.5660847880299251,0.2851985559566787,0.252,0.1548403396434805,0.2363636363636363,0.5,0.0,0.0,0.0,0.0,0.0,0.0,0.0,0.0,0.0,0.0,0.0,0.0,1.0,0.0,0.0,0.75,0.6100774417413828,318.745
3 BHK,846.48,1064.72,7,11,15,1,Fully Furnished,1,4,3,2,3,Marble,1,1,0,0,0,Stilt,1,Borewell,2156.78,Nigdi,411044,Society,3.28,10.96,1.47,2.39,24275.22,11741357.23,13870.802889613458,Owner,8,3,2,3,3,0,0,0,0,0,0,0,0,0,1,0,0,0,0,0,0.2806769018722003,0.2980712511642348,0.3333333333333333,0.368421052631579,0.75,1.0,1.0,0.6000000000000001,0.6000000000000001,0.4,0.2222222222222222,1.0,1.0,0.0,0.0,0.0,1.0,0.1556718726335645,0.7678571428577925,0.4277777777777777,0.8944305901911886,0.4584837545126353,0.7080000000000001,0.2811012469160663,0.0636363636363636,1.0,0.0,0.0,0.0,0.0,0.0,0.0,0.0,0.0,0.0,1.0,0.0,0.0,0.0,0.0,0.0,0.6363636363636364,0.29819137490846404,282.16
4 BHK,1295.1,1618.09,16,16,11,1,Unfurnished,0,5,3,3,5,Vitrified,0,0,1,0,1,Open,0,Corporation + Borewell,4293.44,Hinjewadi,411057,Standalone,5.19,1.71,2.31,2.76,27349.2,12798101.41,9881.940707281292,Broker,44,3,0,4,4,0,0,0,1,0,0,0,0,0,0,0,0,0,0,0,0.4953769286726138,0.5128221049363553,0.7619047619047619,0.631578947368421,0.55,1.0,0.0,0.8,0.6000000000000001,0.6000000000000001,0.4444444444444445,0.0,0.0,1.0,0.0,1.0,0.0,0.400824265343681,1.0,0.6930555555555556,0.1255195344970905,0.7617328519855596,0.8559999999999999,0.1579048153222549,0.3909090909090909,1.0,0.0,0.0,0.0,1.0,0.0,0.0,0.0,0.0,0.0,0.0,0.0,0.0,0.0,0.0,0.0,1.0,0.42473771652021863,323.775
1 BHK,405.01,514.67,7,18,9,1,Semi-Furnished,1,1,0,0,2,Vitrified,1,1,0,1,0,Open,1,Corporation + Borewell,1596.97,Aundh,411007,Society,3.6,4.71,1.09,1.6,17075.94,3661638.63,9040.859805930717,Owner,31,2,1,1,1,1,0,0,0,0,0,0,0,0,0,0,0,0,0,0,0.0693987135801523,0.0846088171375349,0.3333333333333333,0.7368421052631579,0.45,1.0,1.0,0.0,0.0,0.0,0.1111111111111111,1.0,1.0,0.0,1.0,0.0,1.0,0.0914413628832765,0.107142857143117,0.4722222222222222,0.3748960931005818,0.3212996389891697,0.3920000000000001,0.1319253382289172,0.2727272727272727,0.5,1.0,0.0,0.0,0.0,0.0,0.0,0.0,0.0,0.0,0.0,0.0,0.0,0.0,0.0,0.0,0.3888888888888889,0.5385248132590732,405.01
2 BHK,557.31,621.62,4,18,6,1,Semi-Furnished,1,2,3,1,2,Ceramic,1,1,0,0,0,Covered,0,Not Specified,1050.9,Nigdi,411044,Society,4.18,10.56,1.68,2.11,18648.64,3171285.46,5690.343722524269,Broker,22,3,1,2,2,0,0,0,0,0,0,0,0,0,1,0,0,0,0,0,0.1422862667024005,0.126113784538963,0.1904761904761904,0.7368421052631579,0.3,1.0,1.0,0.2,0.6000000000000001,0.2,0.1111111111111111,1.0,1.0,0.0,0.0,0.0,0.0,0.0287873294445387,0.7678571428577925,0.5527777777777777,0.8611803823773898,0.5342960288808665,0.596,0.0284447708716058,0.1909090909090909,1.0,0.0,0.0,0.0,0.0,0.0,0.0,0.0,0.0,0.0,1.0,0.0,0.0,0.0,0.0,0.0,0.2222222222222222,0.2984675174577056,278.655
3 BHK,1154.65,1338.84,1,11,4,1,Semi-Furnished,1,4,2,2,5,Not Specified,1,0,0,0,1,Covered,1,Municipal,3915.06,Kharadi,411014,Society,4.38,1.01,2.12,2.02,49279.96,9204207.12,7971.426077166239,Broker,51,2,1,3,3,0,0,0,0,0,1,0,0,0,0,0,0,0,0,0,0.4281605344768177,0.4044512573734866,0.0476190476190476,0.368421052631579,0.2,1.0,1.0,0.6000000000000001,0.4,0.4,0.4444444444444445,1.0,0.0,0.0,0.0,1.0,1.0,0.357410356554424,0.232142857143117,0.5805555555555556,0.0673316708229426,0.6931407942238268,0.56,0.0988968258184392,0.4545454545454545,0.5,0.0,0.0,0.0,0.0,0.0,1.0,0.0,0.0,0.0,0.0,0.0,0.0,0.0,0.0,0.0,0.09090909090909091,0.5593628001232254,384.8833333333334
3 BHK,1049.21,1135.11,8,9,9,1,Semi-Furnished,1,3,2,1,4,Vitrified,1,1,1,1,1,Bike,1,Borewell,3787.68,Viman Nagar,411014,Society,1.82,3.93,1.29,1.46,49692.39,11126191.37,10604.351245222595,Broker,12,2,1,3,3,0,0,0,0,0,0,0,0,0,0,0,0,0,1,0,0.3776991845017037,0.3253880782365725,0.3809523809523809,0.2631578947368421,0.45,1.0,1.0,0.4000000000000001,0.4,0.2,0.3333333333333333,1.0,1.0,1.0,1.0,1.0,1.0,0.3427952508364273,0.232142857143117,0.225,0.3100581878636741,0.3935018050541516,0.3359999999999999,0.180217237413165,0.0999999999999999,0.5,0.0,0.0,0.0,0.0,0.0,0.0,0.0,0.0,0.0,0.0,0.0,0.0,0.0,1.0,0.0,0.8888888888888888,0.65492145708826,349.7366666666667
1 RK,370.94,433.13,9,12,9,1,Semi-Furnished,1,1,1,0,1,Vitrified,1,1,1,1,0,Covered,0,Municipal,800.0,Viman Nagar,411014,Society,1.84,6.33,2.12,1.07,11677.92,2800000.0,7548.390575295196,Broker,15,2,1,1,1,0,0,0,0,0,0,0,0,0,0,0,0,0,1,0,0.0530935334430874,0.0529649177274138,0.4285714285714285,0.4210526315789473,0.45,1.0,1.0,0.0,0.2,0.0,0.0,1.0,1.0,1.0,1.0,0.0,0.0,0.0,0.232142857143117,0.2277777777777778,0.5095594347464671,0.6931407942238268,0.18,0.0858340426741056,0.1272727272727272,0.5,0.0,0.0,0.0,0.0,0.0,0.0,0.0,0.0,0.0,0.0,0.0,0.0,0.0,1.0,0.0,0.75,0.6302743038025131,370.94
4 BHK,1748.04,2055.55,8,15,9,1,Unfurnished,0,4,3,1,7,Marble,1,0,0,1,0,Open,1,Municipal,5178.22,Magarpatta,411013,Society,4.86,0.8,1.49,2.1,46982.36,21722828.25,12426.962912747993,Owner,42,3,0,4,4,0,0,0,0,0,0,0,0,1,0,0,0,0,0,0,0.7121444159424175,0.6825908103073581,0.3809523809523809,0.5789473684210527,0.45,1.0,0.0,0.6000000000000001,0.6000000000000001,0.2,0.6666666666666665,1.0,0.0,0.0,1.0,0.0,1.0,0.5023406198512101,0.214285714286234,0.6472222222222223,0.0498753117206982,0.4657039711191335,0.5920000000000001,0.2365091415391192,0.3727272727272727,1.0,0.0,0.0,0.0,0.0,0.0,0.0,0.0,0.0,1.0,0.0,0.0,0.0,0.0,0.0,0.0,0.5333333333333333,0.5349178003716024,437.01
3 BHK,938.04,1050.27,9,16,15,1,Semi-Furnished,1,3,3,1,5,Granite,0,0,0,1,0,Covered,0,Corporation + Borewell,2166.74,Hinjewadi,411057,Standalone,5.42,1.7,2.26,2.41,19516.4,6227986.18,6639.360986738306,Owner,29,3,1,3,3,0,0,0,1,0,0,0,0,0,0,0,0,0,0,0,0.3244955779317738,0.2924635206457622,0.4285714285714285,0.631578947368421,0.75,1.0,1.0,0.4000000000000001,0.6000000000000001,0.2,0.4444444444444445,0.0,0.0,0.0,1.0,0.0,0.0,0.1568146458550376,1.0,0.725,0.1246882793017456,0.743682310469314,0.7160000000000001,0.0577552669324481,0.2545454545454545,1.0,0.0,0.0,0.0,1.0,0.0,0.0,0.0,0.0,0.0,0.0,0.0,0.0,0.0,0.0,0.0,0.5625,0.45204307238240193,312.68
2 BHK,556.07,679.94,6,11,6,1,Unfurnished,1,2,2,1,2,Marble,0,0,0,1,1,Not Specified,1,Municipal,3018.93,Shivajinagar,411005,Standalone,1.15,7.37,1.44,1.17,19634.69,4458618.68,8018.08887370295,Owner,11,2,0,2,2,0,0,0,0,0,0,0,0,0,0,0,0,1,0,0,0.1416928289750756,0.1487465072958709,0.2857142857142857,0.368421052631579,0.3,1.0,1.0,0.2,0.4,0.2,0.1111111111111111,0.0,0.0,0.0,1.0,1.0,1.0,0.2545917454139914,0.071428571429351,0.1319444444444444,0.5960099750623441,0.4476534296028881,0.2199999999999999,0.1003388775161007,0.0909090909090909,0.5,0.0,0.0,0.0,0.0,0.0,0.0,0.0,0.0,0.0,0.0,0.0,0.0,1.0,0.0,0.0,0.5454545454545454,0.6223260259441781,278.035
2 BHK,839.89,958.94,3,6,6,1,Fully Furnished,1,2,2,1,4,Vitrified,1,0,1,0,0,Not Specified,1,Corporation + Borewell,2493.11,Kothrud,411038,Society,1.68,7.92,1.31,2.14,43007.13,8680014.09,10334.703461167534,Owner,27,2,2,2,2,0,0,0,0,0,0,0,1,0,0,0,0,0,0,0,0.2775230674987557,0.2570203352995964,0.1428571428571428,0.1052631578947368,0.3,1.0,1.0,0.2,0.4,0.2,0.3333333333333333,1.0,0.0,1.0,0.0,0.0,1.0,0.1942611213863813,0.6607142857146755,0.2055555555555555,0.6417290108063175,0.4007220216606498,0.6080000000000001,0.1718895355660786,0.2363636363636363,0.5,0.0,0.0,0.0,0.0,0.0,0.0,0.0,1.0,0.0,0.0,0.0,0.0,0.0,0.0,0.0,0.5,0.47982921282185387,419.945
3 BHK,1135.53,1401.91,1,17,14,1,Fully Furnished,1,4,3,2,6,Vitrified,1,1,0,0,0,Not Specified,0,Municipal,2424.65,Magarpatta,411013,Society,5.19,1.37,1.83,2.11,36930.69,9751125.25,8587.289855838244,Broker,3,3,2,3,3,0,0,0,0,0,0,0,0,1,0,0,0,0,0,0,0.419010107584517,0.4289273517541137,0.0476190476190476,0.6842105263157894,0.7000000000000001,1.0,1.0,0.6000000000000001,0.6000000000000001,0.4,0.5555555555555556,1.0,1.0,0.0,0.0,0.0,0.0,0.1864062765327618,0.214285714286234,0.6930555555555556,0.0972568578553615,0.5884476534296029,0.596,0.1179183803063117,0.0181818181818181,1.0,0.0,0.0,0.0,0.0,0.0,0.0,0.0,0.0,1.0,0.0,0.0,0.0,0.0,0.0,0.0,0.058823529411764705,0.5034489911636273,378.51
3 BHK,680.44,735.44,8,12,5,1,Fully Furnished,1,3,4,2,5,Vitrified,1,1,1,0,0,Open,1,Corporation + Borewell,2301.67,Kothrud,411038,Society,3.18,7.05,1.4,1.45,26752.73,8085570.56,11882.856034330725,Broker,31,2,2,3,3,0,0,0,0,0,0,0,1,0,0,0,0,0,0,0,0.2012136758681419,0.1702848494256442,0.3809523809523809,0.4210526315789473,0.25,1.0,1.0,0.4000000000000001,0.8,0.4,0.4444444444444445,1.0,1.0,1.0,0.0,0.0,1.0,0.1722960103905164,0.6607142857146755,0.4138888888888889,0.569409808811305,0.4332129963898916,0.3319999999999999,0.2197030157998707,0.2727272727272727,0.5,0.0,0.0,0.0,0.0,0.0,0.0,0.0,1.0,0.0,0.0,0.0,0.0,0.0,0.0,0.0,0.6666666666666666,0.5096917771284084,226.81333333333336
2 BHK,812.26,936.24,0,11,10,1,Semi-Furnished,1,2,2,1,4,Vitrified,1,1,0,0,0,Covered,0,Tanker,2157.56,Aundh,411007,Standalone,3.28,4.44,1.28,1.5,18002.52,13234949.21,16293.981249846109,Owner,11,2,1,2,2,1,0,0,0,0,0,0,0,0,0,0,0,0,0,0,0.2642999349132815,0.2482109593294008,0.0,0.368421052631579,0.5,1.0,1.0,0.2,0.4,0.2,0.3333333333333333,1.0,1.0,0.0,0.0,0.0,0.0,0.1557613669219931,0.107142857143117,0.4277777777777777,0.3524522028262676,0.3898916967509025,0.3520000000000001,0.3559446257089804,0.0909090909090909,0.5,1.0,0.0,0.0,0.0,0.0,0.0,0.0,0.0,0.0,0.0,0.0,0.0,0.0,0.0,0.0,0.0,0.5709819417505435,406.13
2 BHK,638.74,797.73,3,16,13,1,Semi-Furnished,1,2,2,1,3,Vitrified,0,0,0,0,0,Open,1,Tanker,1633.35,Hinjewadi,411057,Society,6.65,1.23,2.04,3.01,15156.42,3741839.96,5858.158186429533,Owner,19,3,1,2,2,0,0,0,1,0,0,0,0,0,0,0,0,0,0,0,0.1812569393927792,0.1944582427817448,0.1428571428571428,0.631578947368421,0.65,1.0,1.0,0.2,0.4,0.2,0.2222222222222222,0.0,0.0,0.0,0.0,0.0,1.0,0.095615468284601,1.0,0.8958333333333334,0.0856192851205319,0.6642599277978339,0.956,0.0336292385942327,0.1636363636363636,1.0,0.0,0.0,0.0,1.0,0.0,0.0,0.0,0.0,0.0,0.0,0.0,0.0,0.0,0.0,0.0,0.1875,0.34534513285535373,319.37
1 BHK,465.08,540.99,4,9,5,1,Fully Furnished,1,2,1,0,2,Granite,1,1,0,0,0,Not Specified,1,Municipal,1577.53,Viman Nagar,411014,Society,3.59,5.37,1.53,1.47,18452.85,7940577.77,17073.573944267653,Owner,33,2,2,1,1,0,0,0,0,0,0,0,0,0,0,0,0,0,1,0,0.0981469428385466,0.0948230363241229,0.1904761904761904,0.2631578947368421,0.25,1.0,1.0,0.2,0.2,0.0,0.1111111111111111,1.0,1.0,0.0,0.0,0.0,1.0,0.089210889848594,0.232142857143117,0.4708333333333333,0.4297589359933499,0.48014440433213,0.3399999999999999,0.3800286495428304,0.2909090909090909,0.5,0.0,0.0,0.0,0.0,0.0,0.0,0.0,0.0,0.0,0.0,0.0,0.0,0.0,1.0,0.0,0.4444444444444444,0.5348755998592467,465.08
2 BHK,658.87,820.72,6,7,3,1,Semi-Furnished,1,3,0,1,2,Ceramic,1,1,1,0,1,Covered,1,Corporation + Borewell,2362.61,Kalyani Nagar,411006,Standalone,1.95,4.31,1.55,1.27,35187.83,7205920.68,10936.786740935237,Broker,23,1,1,2,2,0,0,0,0,1,0,0,0,0,0,0,0,0,0,0,0.1908907308855622,0.2033801614405465,0.2857142857142857,0.1578947368421052,0.15,1.0,1.0,0.4000000000000001,0.0,0.2,0.1111111111111111,1.0,1.0,1.0,0.0,1.0,1.0,0.1792880385146701,0.089285714286234,0.2430555555555555,0.3416458852867829,0.4873646209386282,0.26,0.1904854855906018,0.1999999999999999,0.0,0.0,0.0,0.0,0.0,1.0,0.0,0.0,0.0,0.0,0.0,0.0,0.0,0.0,0.0,0.0,0.8571428571428571,0.6590077010150599,329.435
4 BHK,1656.95,1864.5,5,16,7,1,Semi-Furnished,1,5,5,3,8,Wooden,0,0,0,0,0,Covered,0,Corporation + Borewell,4235.45,Magarpatta,411013,Standalone,4.57,0.92,2.08,2.17,25058.13,10578278.68,6384.187018316787,Broker,12,3,1,4,4,0,0,0,0,0,0,0,0,1,0,0,0,0,0,0,0.6685506719246527,0.6084484632101832,0.238095238095238,0.631578947368421,0.35,1.0,1.0,0.8,1.0,0.6000000000000001,0.7777777777777777,0.0,0.0,0.0,0.0,0.0,0.0,0.3941707092078149,0.214285714286234,0.6069444444444445,0.0598503740648379,0.6787003610108304,0.62,0.0498744806575434,0.0999999999999999,1.0,0.0,0.0,0.0,0.0,0.0,0.0,0.0,0.0,1.0,0.0,0.0,0.0,0.0,0.0,0.0,0.3125,0.5372315850034575,414.2375
3 BHK,1010.65,1149.67,4,17,12,1,Unfurnished,0,3,2,1,4,Vitrified,1,1,1,1,0,Bike,1,Borewell,3534.45,Hinjewadi,411057,Society,5.77,0.6,2.24,2.27,31532.91,5276921.53,5221.314530252808,Owner,17,3,0,3,3,0,0,0,1,0,0,0,0,0,0,0,0,0,0,0,0.3592451854971477,0.3310384973610681,0.1904761904761904,0.6842105263157894,0.6000000000000001,1.0,0.0,0.4000000000000001,0.4,0.2,0.3333333333333333,1.0,1.0,1.0,1.0,0.0,1.0,0.3137405858892749,1.0,0.773611111111111,0.0332502078137988,0.736462093862816,0.66,0.0139581585719457,0.1454545454545454,1.0,0.0,0.0,0.0,1.0,0.0,0.0,0.0,0.0,0.0,0.0,0.0,0.0,0.0,0.0,0.0,0.23529411764705882,0.4812154928058444,336.8833333333333
3 BHK,851.58,1037.57,4,11,3,1,Semi-Furnished,1,3,2,2,6,Vitrified,1,1,0,1,1,Covered,0,Borewell,4591.91,Baner,411045,Society,3.03,1.58,1.86,2.33,51491.0,19408133.24,22790.733976843043,Broker,14,1,1,3,3,0,1,0,0,0,0,0,0,0,0,0,0,0,0,0,0.2831176538152303,0.2875349270412916,0.1904761904761904,0.368421052631579,0.15,1.0,1.0,0.4000000000000001,0.4,0.4,0.5555555555555556,1.0,1.0,0.0,1.0,1.0,0.0,0.4350695990196934,0.7857142857146755,0.3930555555555555,0.1147132169576059,0.5992779783393503,0.684,0.5566026139155981,0.1181818181818181,0.0,0.0,1.0,0.0,0.0,0.0,0.0,0.0,0.0,0.0,0.0,0.0,0.0,0.0,0.0,0.0,0.36363636363636365,0.5715183845396437,283.86
1 BHK,321.74,394.86,4,9,3,1,Fully Furnished,1,1,0,1,2,Granite,1,1,0,1,1,Bike,0,Tanker,2008.72,Baner,411045,Society,2.61,2.96,1.41,2.41,32739.61,7147153.73,22214.066420090756,Broker,18,1,2,1,1,0,1,0,0,0,0,0,0,0,0,0,0,0,0,0,0.0295474558750335,0.0381131636137845,0.1904761904761904,0.2631578947368421,0.15,1.0,1.0,0.0,0.0,0.2,0.1111111111111111,1.0,1.0,0.0,1.0,1.0,0.0,0.1386840209095373,0.7857142857146755,0.3347222222222222,0.2294264339152119,0.4368231046931408,0.7160000000000001,0.538800116624271,0.1545454545454545,0.0,0.0,1.0,0.0,0.0,0.0,0.0,0.0,0.0,0.0,0.0,0.0,0.0,0.0,0.0,0.0,0.4444444444444444,0.5442778664569343,321.74
1 BHK,384.55,415.5,9,13,4,1,Unfurnished,1,1,0,0,1,Marble,1,1,0,1,1,Not Specified,1,Municipal,1002.34,Kharadi,411014,Society,4.15,1.31,1.75,1.86,11451.53,3562977.37,9265.31626576518,Broker,15,2,0,1,1,0,0,0,0,0,1,0,0,0,0,0,0,0,0,0,0.0596069910792909,0.0461230984166408,0.4285714285714285,0.4736842105263157,0.2,1.0,1.0,0.0,0.0,0.0,0.0,1.0,1.0,0.0,1.0,1.0,1.0,0.0232157363085212,0.232142857143117,0.5486111111111112,0.0922693266832917,0.5595667870036102,0.4960000000000001,0.1388634940087987,0.1272727272727272,0.5,0.0,0.0,0.0,0.0,0.0,1.0,0.0,0.0,0.0,0.0,0.0,0.0,0.0,0.0,0.0,0.6923076923076923,0.5786405626961637,384.55
2 BHK,736.12,825.84,7,13,5,1,Semi-Furnished,1,3,2,1,3,Vitrified,1,1,0,0,1,Covered,0,Corporation + Borewell,2372.5,Wakad,411057,Society,4.39,2.95,2.02,1.96,23139.31,5543755.83,7531.049054501984,Broker,54,3,1,2,2,0,0,0,0,0,0,0,0,0,0,0,0,0,0,1,0.227860944140281,0.2053671220117976,0.3333333333333333,0.4736842105263157,0.25,1.0,1.0,0.4000000000000001,0.4,0.2,0.2222222222222222,1.0,1.0,0.0,0.0,1.0,0.0,0.1804227801974381,1.0,0.5819444444444444,0.2285951787198669,0.6570397111913358,0.536,0.0852957055335993,0.4818181818181818,1.0,0.0,0.0,0.0,0.0,0.0,0.0,0.0,0.0,0.0,0.0,0.0,0.0,0.0,0.0,1.0,0.5384615384615384,0.5124471631830585,368.06
3 BHK,921.11,731.795,3,15,3,1,Semi-Furnished,1,3,4,1,5,Vitrified,0,0,1,1,1,Covered,1,Borewell,3478.43,Aundh,411007,Standalone,3.32,4.4,1.27,1.37,33519.55,8709135.12,9455.043501861883,Broker,23,2,1,3,3,1,0,0,0,0,0,0,0,0,0,0,0,0,0,0,0.316393238638539,0.1688703042533375,0.1428571428571428,0.5789473684210527,0.15,1.0,1.0,0.4000000000000001,0.8,0.2,0.4444444444444445,0.0,0.0,1.0,1.0,1.0,1.0,0.3073130601998247,0.107142857143117,0.4333333333333333,0.3491271820448877,0.3862815884476534,0.3,0.1447194160879723,0.1999999999999999,0.5,1.0,0.0,0.0,0.0,0.0,0.0,0.0,0.0,0.0,0.0,0.0,0.0,0.0,0.0,0.0,0.2,0.584159244155156,307.0366666666667
3 BHK,872.5,1076.4,11,13,7,1,Fully Furnished,1,3,4,2,6,Vitrified,1,0,0,0,1,Covered,1,Borewell,2738.71,Viman Nagar,411014,Society,2.26,6.32,1.81,1.79,45088.43,11149909.68,12779.26610888252,Broker,28,2,2,3,3,0,0,0,0,0,0,0,0,0,0,0,0,0,1,0,0.2931295225697768,0.3026040049674015,0.5238095238095237,0.4736842105263157,0.35,1.0,1.0,0.4000000000000001,0.8,0.4,0.5555555555555556,1.0,0.0,0.0,0.0,1.0,1.0,0.2224403486146743,0.232142857143117,0.2861111111111111,0.5087281795511222,0.5812274368231047,0.4680000000000001,0.24739139673625,0.2454545454545454,0.5,0.0,0.0,0.0,0.0,0.0,0.0,0.0,0.0,0.0,0.0,0.0,0.0,0.0,1.0,0.0,0.8461538461538461,0.5347048617898986,290.8333333333333
2 BHK,640.35,750.52,11,15,15,1,Semi-Furnished,1,3,2,1,4,Granite,0,0,1,0,1,Covered,0,Corporation + Borewell,2099.48,Kharadi,411014,Standalone,4.61,1.57,2.31,1.84,20034.88,5577269.08,8709.719809479191,Owner,17,2,1,2,2,0,0,0,0,0,1,0,0,0,0,0,0,0,0,0,0.1820274512806769,0.1761370692331574,0.5238095238095237,0.5789473684210527,0.75,1.0,1.0,0.4000000000000001,0.4,0.2,0.3333333333333333,0.0,0.0,1.0,0.0,1.0,0.0,0.1490974845220775,0.232142857143117,0.6125,0.113881961762261,0.7617328519855596,0.4880000000000001,0.1216990945558456,0.1454545454545454,0.5,0.0,0.0,0.0,0.0,0.0,1.0,0.0,0.0,0.0,0.0,0.0,0.0,0.0,0.0,0.0,0.7333333333333333,0.5529701945482812,320.175
3 BHK,980.64,1187.41,5,9,11,1,Unfurnished,1,4,2,1,3,Marble,1,1,0,1,1,Covered,1,Corporation + Borewell,2999.55,Wakad,411057,Society,4.8,2.49,2.3,2.13,26828.13,7151502.2,7292.688652308697,Broker,17,3,0,3,3,0,0,0,0,0,0,0,0,0,0,0,0,0,0,1,0.3448830353382595,0.3456845700093139,0.238095238095238,0.2631578947368421,0.55,1.0,1.0,0.6000000000000001,0.4,0.2,0.2222222222222222,1.0,1.0,0.0,1.0,1.0,1.0,0.2523681565553419,1.0,0.6388888888888888,0.1903574397339983,0.7581227436823105,0.604,0.0779344161435664,0.1454545454545454,1.0,0.0,0.0,0.0,0.0,0.0,0.0,0.0,0.0,0.0,0.0,0.0,0.0,0.0,0.0,1.0,0.5555555555555556,0.4883537777037369,326.88
3 BHK,955.97,1046.06,1,4,9,0,Semi-Furnished,1,4,3,3,4,Ceramic,0,1,1,1,0,Stilt,1,Tanker,5265.53,Baner,411045,Standalone,4.23,3.09,1.61,2.26,54967.7,12102139.4,12659.538897664153,Broker,39,1,1,3,3,0,1,0,0,0,0,0,0,0,0,0,0,0,0,0,0.3330764960373674,0.290829711269792,0.0476190476190476,0.0,0.45,0.0,1.0,0.6000000000000001,0.6000000000000001,0.6000000000000001,0.3333333333333333,0.0,1.0,1.0,1.0,0.0,1.0,0.5123582433418543,0.7857142857146755,0.5597222222222223,0.2402327514546965,0.5090252707581228,0.6559999999999999,0.2436916029289494,0.3454545454545454,0.0,0.0,1.0,0.0,0.0,0.0,0.0,0.0,0.0,0.0,0.0,0.0,0.0,0.0,0.0,0.0,0.25,0.48378733472764546,318.6566666666667
2 BHK,560.6,685.92,2,9,10,1,Fully Furnished,0,2,1,1,3,Vitrified,1,1,0,1,0,Open,1,Municipal,2107.62,Kothrud,411038,Standalone,0.9,8.01,1.44,1.49,26559.98,8130187.93,14502.654174099178,Broker,4,2,2,2,2,0,0,0,0,0,0,0,1,0,0,0,0,0,0,0,0.143860790995061,0.1510672151505743,0.0952380952380952,0.2631578947368421,0.5,1.0,0.0,0.2,0.2,0.2,0.2222222222222222,1.0,1.0,0.0,1.0,0.0,1.0,0.1500314377372172,0.6607142857146755,0.0972222222222222,0.6492103075644222,0.4476534296028881,0.348,0.3006194428967295,0.0272727272727272,0.5,0.0,0.0,0.0,0.0,0.0,0.0,0.0,1.0,0.0,0.0,0.0,0.0,0.0,0.0,0.0,0.2222222222222222,0.5819558079370017,280.3
1 BHK,461.65,551.51,11,14,2,1,Semi-Furnished,1,2,1,0,2,Marble,0,0,0,0,1,Covered,1,Corporation + Borewell,1885.8,Aundh,411007,Society,3.5,5.36,1.95,1.42,16329.92,6431219.21,13930.941644102675,Owner,21,2,1,1,1,1,0,0,0,0,0,0,0,0,0,0,0,0,0,0,0.0965054175121559,0.0989056193728656,0.5238095238095237,0.5263157894736842,0.1,1.0,1.0,0.2,0.2,0.0,0.1111111111111111,0.0,0.0,0.0,0.0,1.0,1.0,0.1245806389433248,0.107142857143117,0.4583333333333333,0.428927680798005,0.631768953068592,0.3199999999999999,0.2829584019509857,0.1818181818181818,0.5,1.0,0.0,0.0,0.0,0.0,0.0,0.0,0.0,0.0,0.0,0.0,0.0,0.0,0.0,0.0,0.7857142857142857,0.5445440880845622,461.65
1 BHK,434.64,525.96,2,9,13,1,Fully Furnished,1,1,1,0,1,Wooden,1,1,1,0,0,Covered,1,Municipal,800.0,Pimple Saudagar,411027,Society,3.26,5.68,1.17,1.7,12278.91,4067113.36,9357.42996502853,Owner,40,3,2,1,1,0,0,0,0,0,0,0,0,0,0,1,0,0,0,0,0.0835790037903441,0.0889902204284384,0.0952380952380952,0.2631578947368421,0.65,1.0,1.0,0.0,0.2,0.0,0.0,1.0,1.0,1.0,0.0,0.0,1.0,0.0,0.464285714286234,0.425,0.455527847049044,0.3501805054151624,0.432,0.1417077548963045,0.3545454545454545,1.0,0.0,0.0,0.0,0.0,0.0,0.0,0.0,0.0,0.0,0.0,1.0,0.0,0.0,0.0,0.0,0.2222222222222222,0.5167186464406417,434.64
2 BHK,446.48,524.52,2,17,13,1,Semi-Furnished,1,2,3,1,4,Wooden,0,0,0,0,0,Stilt,0,Municipal,1356.28,Hadapsar,411028,Standalone,6.82,2.3,2.17,2.1,7500.0,4972828.52,11137.852804156959,Broker,12,3,1,2,2,0,0,1,0,0,0,0,0,0,0,0,0,0,0,0,0.0892453769286726,0.088431387767774,0.0952380952380952,0.6842105263157894,0.65,1.0,1.0,0.2,0.6000000000000001,0.2,0.3333333333333333,0.0,0.0,0.0,0.0,0.0,0.0,0.0638254907270148,0.482142857143117,0.9194444444444444,0.1745635910224438,0.7111913357400722,0.5920000000000001,0.196692577680536,0.0999999999999999,1.0,0.0,0.0,1.0,0.0,0.0,0.0,0.0,0.0,0.0,0.0,0.0,0.0,0.0,0.0,0.0,0.11764705882352941,0.40574643767611873,223.24
1 BHK,431.93,502.66,2,11,10,1,Fully Furnished,1,2,0,1,2,Granite,1,1,0,1,0,Open,1,Municipal,968.42,Baner,411045,Society,2.91,3.62,2.07,1.98,17826.56,6045291.09,13995.997244923945,Builder,10,1,2,1,1,0,1,0,0,0,0,0,0,0,0,0,0,0,0,0,0.0822820552088518,0.0799479975162993,0.0952380952380952,0.368421052631579,0.5,1.0,1.0,0.2,0.0,0.2,0.1111111111111111,1.0,1.0,0.0,1.0,0.0,1.0,0.0193238821245485,0.7857142857146755,0.3763888888888889,0.28428927680798,0.6750902527075812,0.544,0.2849656613176813,0.0818181818181818,0.0,0.0,1.0,0.0,0.0,0.0,0.0,0.0,0.0,0.0,0.0,0.0,0.0,0.0,0.0,0.0,0.18181818181818182,0.5587159711444258,431.93
3 BHK,1137.49,1342.37,6,18,8,1,Fully Furnished,1,3,3,1,6,Ceramic,1,0,1,1,0,Covered,0,Tanker,3389.1,Shivajinagar,411005,Society,0.6,7.78,0.84,1.11,51356.88,10499821.9,9230.693808297216,Owner,15,2,2,3,3,0,0,0,0,0,0,0,0,0,0,0,0,1,0,0,0.4199481220567403,0.4058211735485874,0.2857142857142857,0.7368421052631579,0.4,1.0,1.0,0.4000000000000001,0.6000000000000001,0.2,0.5555555555555556,1.0,0.0,1.0,1.0,0.0,0.0,0.2970636694494036,0.071428571429351,0.0555555555555555,0.6300914380714879,0.2310469314079422,0.196,0.137791761434182,0.1272727272727272,0.5,0.0,0.0,0.0,0.0,0.0,0.0,0.0,0.0,0.0,0.0,0.0,0.0,1.0,0.0,0.0,0.3333333333333333,0.6423363501245758,379.16333333333336
3 BHK,869.18,1081.86,2,13,14,1,Semi-Furnished,1,3,2,1,4,Marble,1,1,0,1,1,Stilt,1,Corporation + Borewell,2487.69,Kharadi,411014,Society,5.4,0.64,1.87,2.01,33731.53,12501272.69,14382.835189488944,Broker,41,2,1,3,3,0,0,0,0,0,1,0,0,0,0,0,0,0,0,0,0.2915406409127455,0.3047229121390872,0.0952380952380952,0.4736842105263157,0.7000000000000001,1.0,1.0,0.4000000000000001,0.4,0.2,0.3333333333333333,1.0,1.0,0.0,1.0,1.0,1.0,0.1936392508180696,0.232142857143117,0.7222222222222223,0.0365752285951787,0.6028880866425993,0.5559999999999999,0.2969187225194796,0.3636363636363636,0.5,0.0,0.0,0.0,0.0,0.0,1.0,0.0,0.0,0.0,0.0,0.0,0.0,0.0,0.0,0.0,0.15384615384615385,0.5245697219327636,289.72666666666663
4 BHK,1739.64,1948.05,4,9,5,1,Semi-Furnished,1,4,3,2,6,Ceramic,1,1,1,1,1,Stilt,1,Tanker,5962.21,Kothrud,411038,Society,2.22,8.74,1.73,1.74,53067.86,20336206.13,11689.893385987903,Broker,30,2,1,4,4,0,0,0,0,0,0,0,1,0,0,0,0,0,0,0,0.7081243539186034,0.640872399875815,0.1904761904761904,0.2631578947368421,0.25,1.0,1.0,0.6000000000000001,0.6000000000000001,0.4,0.5555555555555556,1.0,1.0,1.0,1.0,1.0,1.0,0.5922927059860206,0.6607142857146755,0.2805555555555555,0.709891936824605,0.5523465703971119,0.448,0.2137457887395807,0.2636363636363636,0.5,0.0,0.0,0.0,0.0,0.0,0.0,0.0,1.0,0.0,0.0,0.0,0.0,0.0,0.0,0.0,0.4444444444444444,0.47589051722330544,434.91
5 BHK,1127.19,1394.99,0,13,11,1,Semi-Furnished,1,6,4,2,5,Vitrified,1,1,0,0,0,Stilt,0,Municipal,2625.81,Pune Camp,411001,Society,2.07,5.27,1.16,1.6,20920.38,7509581.57,6662.214506871069,Broker,20,3,1,5,5,0,0,0,0,0,0,0,0,0,0,0,1,0,0,0,0.4150187602894444,0.426241850357032,0.0,0.4736842105263157,0.55,1.0,1.0,1.0000000000000002,0.8,0.4,0.4444444444444445,1.0,1.0,0.0,0.0,0.0,0.0,0.2094866240459679,0.0,0.2597222222222222,0.4214463840399001,0.3465703971119133,0.3920000000000001,0.0584616220904159,0.1727272727272727,1.0,0.0,0.0,0.0,0.0,0.0,0.0,0.0,0.0,0.0,0.0,0.0,1.0,0.0,0.0,0.0,0.0,0.5921807177326393,225.43800000000002
3 BHK,1196.46,1317.03,0,11,6,1,Unfurnished,0,3,4,2,3,Granite,1,0,0,0,0,Open,0,Municipal,3091.28,Hadapsar,411028,Society,6.47,2.27,2.18,2.03,19667.17,9247908.66,7729.392257158618,Owner,17,3,0,3,3,0,0,1,0,0,0,0,0,0,0,0,0,0,0,0,0.4481699146215399,0.3959872710338405,0.0,0.368421052631579,0.3,1.0,0.0,0.4000000000000001,0.8,0.4,0.2222222222222222,1.0,0.0,0.0,0.0,0.0,0.0,0.2628929143470818,0.482142857143117,0.8708333333333333,0.1720698254364089,0.7148014440433214,0.564,0.0914221860379498,0.1454545454545454,1.0,0.0,0.0,1.0,0.0,0.0,0.0,0.0,0.0,0.0,0.0,0.0,0.0,0.0,0.0,0.0,0.0,0.429808497408661,398.82
1 BHK,404.19,510.97,10,10,7,1,Unfurnished,1,1,1,0,2,Vitrified,1,1,1,0,0,Covered,1,Municipal,1493.37,Viman Nagar,411014,Society,2.16,6.76,1.87,1.86,12352.3,3840824.1,9502.521338974246,Owner,27,2,0,1,1,0,0,0,0,0,0,0,0,0,0,0,0,0,1,0,0.0690062789540181,0.0831729276622167,0.4761904761904761,0.3157894736842105,0.35,1.0,1.0,0.0,0.2,0.0,0.1111111111111111,1.0,1.0,1.0,0.0,0.0,1.0,0.0795546855996805,0.232142857143117,0.2722222222222222,0.5453034081463008,0.6028880866425993,0.4960000000000001,0.1461898825974103,0.2363636363636363,0.5,0.0,0.0,0.0,0.0,0.0,0.0,0.0,0.0,0.0,0.0,0.0,0.0,0.0,1.0,0.0,1.0,0.5197383653229932,404.19
4 BHK,1636.41,1926.66,18,20,6,1,Semi-Furnished,1,4,4,2,6,Wooden,1,1,0,0,0,Covered,0,Corporation + Borewell,4796.63,Hinjewadi,411057,Society,6.24,1.31,2.26,2.94,32700.56,18145006.93,11088.301177577745,Owner,36,3,1,4,4,0,0,0,1,0,0,0,0,0,0,0,0,0,0,0,0.6587206631188025,0.6325714063955294,0.8571428571428571,0.8421052631578947,0.3,1.0,1.0,0.6000000000000001,0.8,0.4,0.5555555555555556,1.0,1.0,0.0,0.0,0.0,0.0,0.4585584076441891,1.0,0.8388888888888889,0.0922693266832917,0.743682310469314,0.928,0.1951643549775955,0.3181818181818182,1.0,0.0,0.0,0.0,1.0,0.0,0.0,0.0,0.0,0.0,0.0,0.0,0.0,0.0,0.0,0.0,0.9,0.3691118031674042,409.1025
1 BHK,578.93,718.88,14,17,10,1,Semi-Furnished,1,1,0,0,1,Marble,1,1,0,0,0,Covered,1,Tanker,800.0,Wakad,411057,Society,4.66,3.8,1.99,2.14,12683.85,4288183.51,7407.084638902804,Owner,23,3,1,1,1,0,0,0,0,0,0,0,0,0,0,0,0,0,0,1,0.1526331406255981,0.1638582738280037,0.6666666666666666,0.6842105263157894,0.5,1.0,1.0,0.0,0.0,0.0,0.0,1.0,1.0,0.0,0.0,0.0,1.0,0.0,1.0,0.6194444444444445,0.2992518703241895,0.6462093862815884,0.6080000000000001,0.0814677362166543,0.1999999999999999,1.0,0.0,0.0,0.0,0.0,0.0,0.0,0.0,0.0,0.0,0.0,0.0,0.0,0.0,0.0,1.0,0.8235294117647058,0.45788715629271637,578.93
3 BHK,1117.96,1224.57,2,23,10,1,Unfurnished,1,3,3,2,5,Ceramic,0,1,0,0,0,Covered,0,Municipal,3661.1,Magarpatta,411013,Society,4.85,1.42,1.8,2.17,22595.88,7377621.28,6599.181795413074,Owner,47,3,0,3,3,0,0,0,0,0,0,0,0,1,0,0,0,0,0,0,0.4106014778513726,0.3601055572803477,0.0952380952380952,1.0,0.5,1.0,1.0,0.4000000000000001,0.6000000000000001,0.4,0.4444444444444445,0.0,1.0,0.0,0.0,0.0,0.0,0.3282719341322037,0.214285714286234,0.6458333333333333,0.1014131338320864,0.5776173285198556,0.62,0.0565155163403699,0.4181818181818181,1.0,0.0,0.0,0.0,0.0,0.0,0.0,0.0,0.0,1.0,0.0,0.0,0.0,0.0,0.0,0.0,0.08695652173913043,0.5109912809217798,372.65333333333336
3 BHK,893.67,1011.88,7,9,7,1,Fully Furnished,1,3,3,2,3,Marble,0,1,1,0,0,Covered,1,Municipal,4152.48,Kalyani Nagar,411006,Standalone,1.83,5.3,0.92,1.57,70661.01,16428147.66,18382.78968746853,Owner,6,1,2,3,3,0,0,0,0,1,0,0,0,0,0,0,0,0,0,0,0.303261036027413,0.2775651971437442,0.3333333333333333,0.2631578947368421,0.35,1.0,1.0,0.4000000000000001,0.6000000000000001,0.4,0.2222222222222222,0.0,1.0,1.0,0.0,0.0,1.0,0.3846510411168887,0.089285714286234,0.2263888888888889,0.423940149625935,0.259927797833935,0.3800000000000001,0.4204601469910568,0.0454545454545454,0.0,0.0,0.0,0.0,0.0,1.0,0.0,0.0,0.0,0.0,0.0,0.0,0.0,0.0,0.0,0.0,0.7777777777777778,0.6053789952604343,297.89
2 BHK,698.43,841.68,12,17,7,1,Fully Furnished,1,2,1,0,4,Granite,1,0,1,0,1,Covered,0,Borewell,2479.93,Kharadi,411014,Society,4.27,2.03,2.12,2.07,32673.82,9218201.07,13198.460933808687,Owner,29,2,2,2,2,0,0,0,0,0,1,0,0,0,0,0,0,0,0,0,0.2098233087024771,0.2115142812791058,0.5714285714285714,0.6842105263157894,0.35,1.0,1.0,0.2,0.2,0.0,0.3333333333333333,1.0,0.0,1.0,0.0,1.0,0.0,0.192748897384472,0.232142857143117,0.5652777777777778,0.1521197007481296,0.6931407942238268,0.58,0.2603352700704316,0.2545454545454545,0.5,0.0,0.0,0.0,0.0,0.0,1.0,0.0,0.0,0.0,0.0,0.0,0.0,0.0,0.0,0.0,0.7058823529411765,0.5311753841394071,349.215
3 BHK,1255.18,1428.55,16,19,7,1,Semi-Furnished,1,3,4,1,6,Marble,1,1,0,0,0,Not Specified,0,Corporation + Borewell,2982.09,Hadapsar,411028,Society,6.04,1.07,2.23,2.36,43982.99,16558226.72,13191.914084035756,Broker,21,3,1,3,3,0,0,1,0,0,0,0,0,0,0,0,0,0,0,0,0.4762720624832497,0.4392657559764049,0.7619047619047619,0.7894736842105263,0.35,1.0,1.0,0.4000000000000001,0.8,0.2,0.5555555555555556,1.0,1.0,0.0,0.0,0.0,0.0,0.2503648613297474,0.482142857143117,0.8111111111111111,0.0723192019950124,0.7328519855595668,0.696,0.2601351309613966,0.1818181818181818,1.0,0.0,0.0,1.0,0.0,0.0,0.0,0.0,0.0,0.0,0.0,0.0,0.0,0.0,0.0,0.0,0.8421052631578947,0.4466279160473764,418.3933333333334
4 BHK,1773.25,2043.67,6,11,4,1,Fully Furnished,1,4,3,3,5,Ceramic,1,1,0,0,1,Open,1,Corporation + Borewell,6864.51,Viman Nagar,411014,Society,2.91,6.41,1.91,1.79,56678.36,21006216.08,11846.167252220497,Broker,32,2,2,4,4,0,0,0,0,0,0,0,0,0,0,0,0,0,1,0,0.7242093878019833,0.6779804408568768,0.2857142857142857,0.368421052631579,0.2,1.0,1.0,0.6000000000000001,0.6000000000000001,0.6000000000000001,0.4444444444444445,1.0,1.0,0.0,0.0,1.0,1.0,0.695819239895177,0.232142857143117,0.3763888888888889,0.5162094763092269,0.6173285198555957,0.4680000000000001,0.2185716738918532,0.2818181818181818,0.5,0.0,0.0,0.0,0.0,0.0,0.0,0.0,0.0,0.0,0.0,0.0,0.0,0.0,1.0,0.0,0.5454545454545454,0.5029725980461877,443.3125
1 BHK,530.91,865.89,1,14,6,1,Unfurnished,1,2,1,0,1,Not Specified,1,1,1,0,0,Open,1,Borewell,1196.97,Wakad,411057,Society,4.9,2.53,1.98,2.56,19447.52,3822582.16,7200.056808121904,Builder,17,3,0,1,1,0,0,0,0,0,0,0,0,0,0,0,0,0,0,1,0.1296517860561277,0.2209096553865259,0.0476190476190476,0.5263157894736842,0.3,1.0,1.0,0.2,0.2,0.0,0.0,1.0,1.0,1.0,0.0,0.0,1.0,0.0455468559968057,1.0,0.6527777777777778,0.1936824605153781,0.6425992779783394,0.776,0.0750753301368729,0.1454545454545454,1.0,0.0,0.0,0.0,0.0,0.0,0.0,0.0,0.0,0.0,0.0,0.0,0.0,0.0,0.0,1.0,0.07142857142857142,0.43681888694153626,530.91
2 BHK,596.82,683.69,10,12,5,1,Fully Furnished,1,3,2,1,3,Vitrified,1,1,1,1,0,Open,0,Borewell,2234.21,Kharadi,411014,Society,4.53,0.23,1.71,2.15,24262.03,6640952.71,11127.228829462818,Builder,19,2,2,2,2,0,0,0,0,0,1,0,0,0,0,0,0,0,0,0,0.1611949155786975,0.1502018006830177,0.4761904761904761,0.4210526315789473,0.25,1.0,1.0,0.4000000000000001,0.4,0.2,0.2222222222222222,1.0,1.0,1.0,1.0,0.0,0.0,0.164555901804113,0.232142857143117,0.601388888888889,0.0024937655860349,0.5451263537906137,0.612,0.1963648807751561,0.1636363636363636,0.5,0.0,0.0,0.0,0.0,0.0,1.0,0.0,0.0,0.0,0.0,0.0,0.0,0.0,0.0,0.0,0.8333333333333334,0.5599763531693214,298.41
2 BHK,557.74,607.94,9,9,8,1,Semi-Furnished,1,2,3,2,4,Vitrified,1,1,1,1,0,Covered,1,Corporation + Borewell,2628.08,Koregaon Park,411001,Society,2.27,4.29,1.04,1.47,36124.66,6974596.14,12505.1029870549,Broker,27,1,1,2,2,0,0,0,0,0,0,1,0,0,0,0,0,0,0,0,0.1424920555917148,0.1208048742626514,0.4285714285714285,0.2631578947368421,0.4,1.0,1.0,0.2,0.6000000000000001,0.4,0.3333333333333333,1.0,1.0,1.0,1.0,0.0,1.0,0.2097470753725486,0.0,0.2875,0.339983374896093,0.3032490974729242,0.3399999999999999,0.2389200765470321,0.2363636363636363,0.0,0.0,0.0,0.0,0.0,0.0,0.0,1.0,0.0,0.0,0.0,0.0,0.0,0.0,0.0,0.0,1.0,0.6237708728918869,278.87
2 BHK,465.4,552.44,3,8,14,1,Semi-Furnished,1,1,2,1,3,Marble,1,1,0,0,0,Bike,1,Corporation + Borewell,1272.35,Aundh,411007,Society,3.17,3.58,1.16,1.46,26243.75,4214194.31,9054.994220025785,Broker,21,2,1,2,2,1,0,0,0,0,0,0,0,0,0,0,0,0,0,0,0.0983000880585014,0.099266532132878,0.1428571428571428,0.2105263157894736,0.7000000000000001,1.0,1.0,0.0,0.4,0.2,0.2222222222222222,1.0,1.0,0.0,0.0,0.0,1.0,0.0541956758195611,0.107142857143117,0.4125,0.2809642560266001,0.3465703971119133,0.3359999999999999,0.1323626792449567,0.1818181818181818,0.5,1.0,0.0,0.0,0.0,0.0,0.0,0.0,0.0,0.0,0.0,0.0,0.0,0.0,0.0,0.0,0.375,0.6036500303057948,232.7
1 BHK,353.21,413.2,0,16,11,1,Unfurnished,1,1,0,0,2,Wooden,1,1,0,1,1,Covered,0,Municipal,800.0,Kothrud,411038,Society,1.26,8.51,0.21,1.4,9785.96,2898159.64,8205.202683955722,Owner,15,2,0,1,1,0,0,0,0,0,0,0,1,0,0,0,0,0,0,0,0.0446083310999655,0.045230518472524,0.0,0.631578947368421,0.55,1.0,1.0,0.0,0.0,0.0,0.1111111111111111,1.0,1.0,0.0,1.0,1.0,0.0,0.0,0.6607142857146755,0.1472222222222222,0.6907730673316708,0.003610108303249,0.3119999999999999,0.1061157322929393,0.1272727272727272,0.5,0.0,0.0,0.0,0.0,0.0,0.0,0.0,1.0,0.0,0.0,0.0,0.0,0.0,0.0,0.0,0.0,0.5617272848671051,353.21
3 BHK,840.06,865.89,12,14,7,1,Semi-Furnished,1,4,2,2,4,Marble,0,0,0,1,0,Covered,1,Municipal,2130.49,Wakad,411057,Standalone,4.02,1.91,2.33,2.17,28793.59,6513888.26,7754.075018451063,Broker,31,3,1,3,3,0,0,0,0,0,0,0,0,0,0,0,0,0,0,1,0.2776044258968567,0.2209096553865259,0.5714285714285714,0.5263157894736842,0.35,1.0,1.0,0.6000000000000001,0.4,0.4,0.3333333333333333,0.0,0.0,0.0,1.0,0.0,1.0,0.1526554561684512,1.0,0.5305555555555556,0.14214463840399,0.7689530685920578,0.62,0.0921838265362221,0.2727272727272727,1.0,0.0,0.0,0.0,0.0,0.0,0.0,0.0,0.0,0.0,0.0,0.0,0.0,0.0,0.0,1.0,0.8571428571428571,0.5350235306694833,280.02
2 BHK,735.72,809.57,5,8,6,1,Semi-Furnished,1,3,2,2,3,Vitrified,1,1,1,1,1,Covered,0,Municipal,3738.49,Koregaon Park,411001,Society,2.38,4.99,1.36,1.47,55561.97,11200693.68,15224.125591257543,Owner,5,1,1,2,2,0,0,0,0,0,0,1,0,0,0,0,0,0,0,0,0.2276695126153375,0.1990530891027632,0.238095238095238,0.2105263157894736,0.3,1.0,1.0,0.4000000000000001,0.4,0.4,0.2222222222222222,1.0,1.0,1.0,1.0,1.0,0.0,0.3371513738520636,0.0,0.3027777777777777,0.398171238570241,0.4187725631768954,0.3399999999999999,0.3229034501758629,0.0363636363636363,0.0,0.0,0.0,0.0,0.0,0.0,0.0,1.0,0.0,0.0,0.0,0.0,0.0,0.0,0.0,0.0,0.625,0.5997371498802406,367.86
3 BHK,711.04,827.62,3,10,12,1,Semi-Furnished,0,3,4,2,4,Vitrified,1,1,1,1,0,Covered,1,Municipal,2133.4,Shivajinagar,411005,Society,1.66,6.5,0.64,1.4,20860.37,9215293.39,12960.302359923493,Owner,20,2,1,3,3,0,0,0,0,0,0,0,0,0,0,0,0,1,0,0,0.2158581875263218,0.2060579012728966,0.1428571428571428,0.3157894736842105,0.6000000000000001,1.0,0.0,0.4000000000000001,0.8,0.4,0.3333333333333333,1.0,1.0,1.0,1.0,0.0,1.0,0.1529893387060503,0.071428571429351,0.2027777777777777,0.5236907730673316,0.1588447653429602,0.3119999999999999,0.2529807755266933,0.1727272727272727,0.5,0.0,0.0,0.0,0.0,0.0,0.0,0.0,0.0,0.0,0.0,0.0,0.0,1.0,0.0,0.0,0.3,0.5984925865547288,237.01333333333332
2 BHK,463.9,563.96,3,8,6,1,Semi-Furnished,1,3,2,0,4,Marble,1,1,0,1,0,Bike,0,Corporation + Borewell,2092.91,Hinjewadi,411057,Society,6.64,0.37,2.28,3.07,8823.72,2870837.09,6188.4826255658545,Owner,17,3,1,2,2,0,0,0,1,0,0,0,0,0,0,0,0,0,0,0,0.0975822198399632,0.1037371934181931,0.1428571428571428,0.2105263157894736,0.3,1.0,1.0,0.4000000000000001,0.4,0.0,0.3333333333333333,1.0,1.0,0.0,1.0,0.0,0.0,0.1483436672464672,1.0,0.8944444444444444,0.0141313383208645,0.7509025270758122,0.98,0.0438310825919744,0.1454545454545454,1.0,0.0,0.0,0.0,1.0,0.0,0.0,0.0,0.0,0.0,0.0,0.0,0.0,0.0,0.0,0.0,0.375,0.3628249562223398,231.95
3 BHK,1053.21,1141.04,10,11,10,1,Unfurnished,0,4,3,1,6,Wooden,0,1,0,0,0,Covered,0,Corporation + Borewell,2800.77,Wakad,411057,Society,4.61,4.09,1.84,2.44,25099.25,5377763.83,5106.069853115713,Owner,30,3,0,3,3,0,0,0,0,0,0,0,0,0,0,0,0,0,0,1,0.379613499751139,0.3276893821794474,0.4761904761904761,0.368421052631579,0.5,1.0,0.0,0.6000000000000001,0.6000000000000001,0.2,0.5555555555555556,0.0,1.0,0.0,0.0,0.0,0.0,0.2295608813581102,1.0,0.6125,0.3233582709891936,0.5920577617328521,0.728,0.0103988945402792,0.2636363636363636,1.0,0.0,0.0,0.0,0.0,0.0,0.0,0.0,0.0,0.0,0.0,0.0,0.0,0.0,0.0,1.0,0.9090909090909091,0.4201840654416288,351.07
1 BHK,426.26,531.78,16,16,5,1,Semi-Furnished,1,1,1,0,1,Vitrified,1,1,0,0,0,Open,1,Borewell,3144.33,Kharadi,411014,Society,5.03,0.66,1.69,2.33,12246.53,5214532.39,12233.22007694834,Not Specified,46,2,1,1,1,0,0,0,0,0,1,0,0,0,0,0,0,0,0,0,0.0795685133427773,0.0912488357652903,0.7619047619047619,0.631578947368421,0.25,1.0,1.0,0.0,0.2,0.0,0.0,1.0,1.0,0.0,0.0,0.0,1.0,0.2689796733228999,0.232142857143117,0.6708333333333334,0.0382377389858686,0.5379061371841155,0.684,0.2305299856566972,0.409090909090909,0.5,0.0,0.0,0.0,0.0,0.0,1.0,0.0,0.0,0.0,0.0,0.0,0.0,0.0,0.0,0.0,1.0,0.5065032467526336,426.26
3 BHK,839.48,1011.29,3,10,11,1,Semi-Furnished,1,4,3,2,5,Vitrified,1,0,1,1,1,Covered,1,Municipal,3927.72,Baner,411045,Society,3.08,1.63,1.83,2.42,52574.64,18959444.82,22584.748677752894,Owner,56,1,1,3,3,0,1,0,0,0,0,0,0,0,0,0,0,0,0,0,0.2773268501856886,0.2773362309841664,0.1428571428571428,0.3157894736842105,0.55,1.0,1.0,0.6000000000000001,0.6000000000000001,0.4,0.4444444444444445,1.0,0.0,1.0,1.0,1.0,1.0,0.3588629176973807,0.7857142857146755,0.4,0.1188694929343308,0.5884476534296029,0.72,0.5502364606510451,0.4999999999999999,0.0,0.0,1.0,0.0,0.0,0.0,0.0,0.0,0.0,0.0,0.0,0.0,0.0,0.0,0.0,0.0,0.3,0.5582879785251005,279.82666666666665
1 BHK,277.9,340.6,1,15,8,1,Semi-Furnished,1,1,1,0,1,Vitrified,1,1,1,0,0,Open,1,Municipal,800.0,Shivajinagar,411005,Society,0.33,7.62,1.15,1.36,13964.44,2800000.0,10075.566750629723,Owner,14,2,1,1,1,0,0,0,0,0,0,0,0,0,0,0,0,1,0,0,0.0085665607412228,0.017056038497361,0.0476190476190476,0.5789473684210527,0.4,1.0,1.0,0.0,0.2,0.0,0.0,1.0,1.0,1.0,0.0,0.0,1.0,0.0,0.071428571429351,0.0180555555555555,0.6167913549459684,0.3429602888086642,0.296,0.1638845889179764,0.1181818181818181,0.5,0.0,0.0,0.0,0.0,0.0,0.0,0.0,0.0,0.0,0.0,0.0,0.0,1.0,0.0,0.0,0.06666666666666667,0.632149971847437,277.9
2 BHK,682.27,781.11,0,9,8,1,Semi-Furnished,1,3,1,2,2,Ceramic,0,1,1,1,0,Covered,0,Corporation + Borewell,3152.21,Koregaon Park,411001,Standalone,2.53,5.5,1.75,0.7,44303.16,7094195.85,10397.930218242045,Owner,49,1,1,2,2,0,0,0,0,0,0,1,0,0,0,0,0,0,0,0,0.2020894750947586,0.18800838248991,0.0,0.2631578947368421,0.4,1.0,1.0,0.4000000000000001,0.2,0.4,0.1111111111111111,0.0,1.0,1.0,1.0,0.0,0.0,0.2698837951085635,0.0,0.323611111111111,0.4405652535328345,0.5595667870036102,0.0319999999999999,0.1738399653092211,0.4363636363636363,0.0,0.0,0.0,0.0,0.0,0.0,0.0,1.0,0.0,0.0,0.0,0.0,0.0,0.0,0.0,0.0,0.0,0.6613451050899948,341.135
2 BHK,771.93,929.23,4,14,2,1,Semi-Furnished,1,3,2,1,3,Granite,0,0,1,1,1,Stilt,0,Corporation + Borewell,3165.39,Aundh,411007,Standalone,3.62,3.47,1.55,1.86,21331.47,7124298.13,9229.202298135842,Builder,24,2,1,2,2,1,0,0,0,0,0,0,0,0,0,0,0,0,0,0,0.2449988514108503,0.2454905308910276,0.1904761904761904,0.5263157894736842,0.1,1.0,1.0,0.4000000000000001,0.4,0.2,0.2222222222222222,0.0,0.0,1.0,1.0,1.0,0.0,0.2713960191104727,0.107142857143117,0.475,0.2718204488778055,0.4873646209386282,0.4960000000000001,0.1377454329367202,0.209090909090909,0.5,1.0,0.0,0.0,0.0,0.0,0.0,0.0,0.0,0.0,0.0,0.0,0.0,0.0,0.0,0.0,0.2857142857142857,0.543642809423676,385.965
5 BHK,1861.4,2084.99,3,18,7,1,Semi-Furnished,1,5,5,4,6,Vitrified,1,1,0,0,0,Covered,1,Municipal,4494.68,Hinjewadi,411057,Society,5.13,0.91,2.63,2.66,53162.36,15487788.91,8320.505485118727,Owner,31,3,1,5,5,0,0,0,1,0,0,0,0,0,0,0,0,0,0,0,0.7663961101114133,0.6940158335920521,0.1428571428571428,0.7368421052631579,0.35,1.0,1.0,0.8,1.0,0.8,0.5555555555555556,1.0,1.0,0.0,0.0,0.0,1.0,0.4239137917582645,1.0,0.6847222222222222,0.0590191188694929,0.8772563176895307,0.8160000000000001,0.109679629174352,0.2727272727272727,1.0,0.0,0.0,0.0,1.0,0.0,0.0,0.0,0.0,0.0,0.0,0.0,0.0,0.0,0.0,0.0,0.16666666666666666,0.4599284862571862,372.28000000000003
3 BHK,1289.97,1567.09,1,15,10,1,Fully Furnished,1,3,4,1,3,Marble,0,1,1,0,1,Open,0,Municipal,3019.06,Wakad,411057,Standalone,5.12,2.96,2.51,2.0,40725.5,11616000.61,9004.861051032194,Broker,9,3,2,3,3,0,0,0,0,0,0,0,0,0,0,0,0,0,0,1,0.4929218193652131,0.493030114871158,0.0476190476190476,0.5789473684210527,0.5,1.0,1.0,0.4000000000000001,0.8,0.2,0.2222222222222222,0.0,1.0,1.0,0.0,1.0,0.0,0.2546066611287295,1.0,0.6833333333333333,0.2294264339152119,0.8339350180505415,0.552,0.1308156162863818,0.0727272727272727,1.0,0.0,0.0,0.0,0.0,0.0,0.0,0.0,0.0,0.0,0.0,0.0,0.0,0.0,0.0,1.0,0.06666666666666667,0.4750182221972902,429.99
4 BHK,1264.3,1569.94,6,13,16,1,Fully Furnished,1,4,2,2,5,Granite,1,1,0,1,0,Covered,1,Corporation + Borewell,4005.96,Hinjewadi,411057,Society,5.83,0.97,2.42,2.55,33442.27,11189760.15,8850.557739460572,Owner,7,3,2,4,4,0,0,0,1,0,0,0,0,0,0,0,0,0,0,0,0.4806367012519622,0.4941361378453897,0.2857142857142857,0.4736842105263157,0.8,1.0,1.0,0.6000000000000001,0.4,0.4,0.4444444444444445,1.0,1.0,0.0,1.0,0.0,1.0,0.3678398832443745,1.0,0.7819444444444444,0.0640066500415627,0.8014440433212996,0.772,0.1260493404675101,0.0545454545454545,1.0,0.0,0.0,0.0,1.0,0.0,0.0,0.0,0.0,0.0,0.0,0.0,0.0,0.0,0.0,0.0,0.46153846153846156,0.4385137685015037,316.075
2 BHK,642.43,798.6,7,14,8,1,Fully Furnished,1,2,3,1,3,Ceramic,1,1,1,1,1,Open,0,Borewell,2934.04,Kothrud,411038,Society,1.72,7.92,1.52,1.09,32961.1,7490414.79,11659.50343228056,Owner,17,2,2,2,2,0,0,0,0,0,0,0,1,0,0,0,0,0,0,0,0.1830228952103832,0.1947958708475629,0.3333333333333333,0.5263157894736842,0.4,1.0,1.0,0.2,0.6000000000000001,0.2,0.2222222222222222,1.0,1.0,1.0,1.0,1.0,0.0,0.2448517836900101,0.6607142857146755,0.2111111111111111,0.6417290108063175,0.4765342960288808,0.188,0.2128080999509536,0.1454545454545454,0.5,0.0,0.0,0.0,0.0,0.0,0.0,0.0,1.0,0.0,0.0,0.0,0.0,0.0,0.0,0.0,0.5,0.5902068981995392,321.215
3 BHK,748.12,952.69,10,11,3,1,Semi-Furnished,1,3,3,2,5,Vitrified,0,1,1,1,0,Covered,1,Municipal,2668.21,Aundh,411007,Standalone,4.17,3.87,1.68,1.42,26104.27,12522479.41,16738.597297225046,Broker,36,2,1,3,3,1,0,0,0,0,0,0,0,0,0,0,0,0,0,0,0.2336038898885868,0.2545948463210183,0.4761904761904761,0.368421052631579,0.15,1.0,1.0,0.4000000000000001,0.6000000000000001,0.4,0.4444444444444445,0.0,1.0,1.0,1.0,0.0,1.0,0.2143514417759338,0.107142857143117,0.5513888888888889,0.3050706566916042,0.5342960288808665,0.3199999999999999,0.3696794809231601,0.3181818181818182,0.5,1.0,0.0,0.0,0.0,0.0,0.0,0.0,0.0,0.0,0.0,0.0,0.0,0.0,0.0,0.0,0.9090909090909091,0.5549744284821962,249.37333333333333
2 BHK,753.69,910.38,10,14,0,1,Semi-Furnished,1,2,2,2,3,Granite,1,1,1,1,1,Stilt,1,Corporation + Borewell,4089.94,Baner,411045,Society,3.15,3.53,2.2,2.25,43291.46,20210386.73,26815.251270416218,Broker,22,1,1,2,2,0,1,0,0,0,0,0,0,0,0,0,0,0,0,0,0.2362695738734255,0.2381752561316362,0.4761904761904761,0.5263157894736842,0.0,1.0,1.0,0.2,0.4,0.4,0.2222222222222222,1.0,1.0,1.0,1.0,1.0,1.0,0.377475434965189,0.7857142857146755,0.4097222222222222,0.2768079800498753,0.7220216606498195,0.652,0.6808995017524526,0.1909090909090909,0.0,0.0,1.0,0.0,0.0,0.0,0.0,0.0,0.0,0.0,0.0,0.0,0.0,0.0,0.0,0.0,0.7142857142857143,0.5215119909518928,376.845
1 BHK,392.83,468.29,3,11,13,1,Unfurnished,1,1,0,0,2,Vitrified,1,1,0,0,1,Covered,1,Corporation + Borewell,1939.99,Kothrud,411038,Society,1.35,8.86,1.39,1.92,14899.2,6514310.56,16583.02716187664,Broker,16,2,0,1,1,0,0,0,0,0,0,0,1,0,0,0,0,0,0,0,0.0635696236456219,0.0666097485253027,0.1428571428571428,0.368421052631579,0.65,1.0,1.0,0.0,0.0,0.0,0.1111111111111111,1.0,1.0,0.0,0.0,1.0,1.0,0.1307981972637695,0.6607142857146755,0.1597222222222222,0.7198669991687446,0.4296028880866426,0.52,0.3648764511629688,0.1363636363636363,0.5,0.0,0.0,0.0,0.0,0.0,0.0,0.0,1.0,0.0,0.0,0.0,0.0,0.0,0.0,0.0,0.2727272727272727,0.49257829122914976,392.83
3 BHK,950.59,1076.33,12,12,18,1,Fully Furnished,1,3,2,2,5,Marble,1,1,0,0,0,Stilt,0,Municipal,2613.07,Wakad,411057,Society,5.14,2.75,1.59,2.48,18580.73,8069367.56,8488.7991247541,Broker,71,3,2,3,3,0,0,0,0,0,0,0,0,0,0,0,0,0,0,1,0.330501742026877,0.3025768394908414,0.5714285714285714,0.4210526315789473,0.9,1.0,1.0,0.4000000000000001,0.4,0.4,0.4444444444444445,1.0,1.0,0.0,0.0,0.0,0.0,0.2080248840016338,1.0,0.6861111111111111,0.2119700748129675,0.5018050541516246,0.744,0.1148770688762683,0.6363636363636364,1.0,0.0,0.0,0.0,0.0,0.0,0.0,0.0,0.0,0.0,0.0,0.0,0.0,0.0,0.0,1.0,1.0,0.42855890043134526,316.86333333333334
1 BHK,443.94,487.97,11,13,9,1,Fully Furnished,1,2,1,1,1,Vitrified,0,0,1,1,0,Covered,1,Municipal,2814.32,Baner,411045,Society,2.57,3.33,1.61,2.57,26448.35,11406553.5,25693.90796053521,Broker,57,1,2,1,1,0,1,0,0,0,0,0,0,0,0,0,0,0,0,0,0.0880297867452812,0.0742471282210494,0.5238095238095237,0.4736842105263157,0.45,1.0,1.0,0.2,0.2,0.2,0.0,0.0,0.0,1.0,1.0,0.0,1.0,0.2311155577788894,0.7857142857146755,0.3291666666666666,0.2601828761429758,0.5090252707581228,0.78,0.6462683321864456,0.5090909090909091,0.0,0.0,1.0,0.0,0.0,0.0,0.0,0.0,0.0,0.0,0.0,0.0,0.0,0.0,0.0,0.0,0.8461538461538461,0.518901159477611,443.94
3 BHK,867.66,1070.58,1,12,12,1,Fully Furnished,1,3,3,2,6,Vitrified,1,1,0,1,0,Bike,1,Municipal,4085.3,Aundh,411007,Society,3.61,4.71,1.19,1.74,38055.91,9193008.81,10595.174158080355,Owner,22,2,2,3,3,1,0,0,0,0,0,0,0,0,0,0,0,0,0,0,0.2908132011179601,0.3003453896305495,0.0476190476190476,0.4210526315789473,0.6000000000000001,1.0,1.0,0.4000000000000001,0.6000000000000001,0.4,0.5555555555555556,1.0,1.0,0.0,1.0,0.0,1.0,0.376943058685306,0.107142857143117,0.4736111111111111,0.3748960931005818,0.3574007220216606,0.448,0.1799349424352976,0.1909090909090909,0.5,1.0,0.0,0.0,0.0,0.0,0.0,0.0,0.0,0.0,0.0,0.0,0.0,0.0,0.0,0.0,0.08333333333333333,0.523117097851358,289.21999999999997
1 BHK,410.21,462.87,13,16,12,1,Unfurnished,0,2,0,0,2,Wooden,1,1,0,1,0,Open,0,Municipal,1109.05,Wakad,411057,Standalone,4.19,1.09,2.32,2.05,7500.0,2800000.0,6825.77216547622,Not Specified,48,3,0,1,1,0,0,0,0,0,0,0,0,0,0,0,0,0,0,1,0.0718873234044182,0.0645063644830798,0.6190476190476191,0.631578947368421,0.6000000000000001,1.0,0.0,0.2,0.0,0.0,0.1111111111111111,1.0,1.0,0.0,1.0,0.0,0.0,0.0354592433831594,1.0,0.5541666666666667,0.0739817123857024,0.7653429602888087,0.572,0.0635151345935508,0.4272727272727272,1.0,0.0,0.0,0.0,0.0,0.0,0.0,0.0,0.0,0.0,0.0,0.0,0.0,0.0,0.0,1.0,0.8125,0.5625357998416052,410.21
2 BHK,458.49,546.0,16,18,7,1,Fully Furnished,0,2,1,1,4,Wooden,0,0,0,1,0,Covered,1,Municipal,1827.81,Pune Camp,411001,Society,2.0,6.86,1.22,1.7,19197.86,4191191.49,9141.293136164366,Not Specified,35,3,2,2,2,0,0,0,0,0,0,0,0,0,0,0,1,0,0,0,0.094993108465102,0.0967673082893511,0.7619047619047619,0.7368421052631579,0.35,1.0,0.0,0.2,0.2,0.2,0.3333333333333333,0.0,0.0,0.0,1.0,0.0,1.0,0.1179270828074587,0.0,0.25,0.5536159600997506,0.3682310469314079,0.432,0.1350293475588588,0.3090909090909091,1.0,0.0,0.0,0.0,0.0,0.0,0.0,0.0,0.0,0.0,0.0,0.0,1.0,0.0,0.0,0.0,0.8888888888888888,0.5413140513304044,229.245
1 BHK,458.92,564.21,5,11,9,1,Semi-Furnished,1,2,1,0,1,Marble,0,1,0,1,0,Covered,0,Municipal,1029.04,Kharadi,411014,Standalone,4.7,1.48,2.15,1.83,16319.51,4461767.58,9722.321058136495,Broker,21,2,1,1,1,0,0,0,0,0,1,0,0,0,0,0,0,0,0,0,0.0951988973544163,0.1038342129773362,0.238095238095238,0.368421052631579,0.45,1.0,1.0,0.2,0.2,0.0,0.0,0.0,1.0,0.0,1.0,0.0,0.0,0.0262791946431931,0.232142857143117,0.625,0.1064006650041562,0.703971119133574,0.4840000000000001,0.1529763897622668,0.1818181818181818,0.5,0.0,0.0,0.0,0.0,0.0,1.0,0.0,0.0,0.0,0.0,0.0,0.0,0.0,0.0,0.0,0.45454545454545453,0.552437501027035,458.92
2 BHK,415.28,475.77,0,10,5,1,Unfurnished,1,2,2,1,3,Wooden,0,0,0,1,1,Covered,1,Corporation + Borewell,2440.61,Viman Nagar,411014,Society,2.76,6.88,1.96,1.02,12427.12,3882792.23,9349.817544789059,Broker,51,2,0,2,2,0,0,0,0,0,0,0,0,0,0,0,0,0,1,0,0.0743137179830774,0.0695125737348649,0.0,0.3157894736842105,0.25,1.0,1.0,0.2,0.4,0.2,0.2222222222222222,0.0,0.0,0.0,1.0,1.0,1.0,0.188237467357532,0.232142857143117,0.3555555555555555,0.5552784704904404,0.6353790613718412,0.16,0.1414705529892999,0.4545454545454545,0.5,0.0,0.0,0.0,0.0,0.0,0.0,0.0,0.0,0.0,0.0,0.0,0.0,0.0,1.0,0.0,0.0,0.5791842820869804,207.64
1 BHK,349.39,421.27,14,14,8,1,Semi-Furnished,1,1,2,0,2,Granite,0,0,0,0,0,Stilt,1,Municipal,800.0,Wakad,411057,Standalone,5.54,2.49,1.93,2.83,8274.86,3366126.69,9634.296030224104,Broker,42,3,1,1,1,0,0,0,0,0,0,0,0,0,0,0,0,0,0,1,0.0427801600367548,0.048362309841664,0.6666666666666666,0.5263157894736842,0.4,1.0,1.0,0.0,0.4,0.0,0.1111111111111111,0.0,0.0,0.0,0.0,0.0,1.0,0.0,1.0,0.7416666666666667,0.1903574397339983,0.6245487364620939,0.8840000000000001,0.1502550538213598,0.3727272727272727,1.0,0.0,0.0,0.0,0.0,0.0,0.0,0.0,0.0,0.0,0.0,0.0,0.0,0.0,0.0,1.0,1.0,0.3802341195840787,349.39
2 BHK,535.06,681.49,5,11,9,1,Fully Furnished,1,2,1,1,3,Granite,0,0,1,0,0,Covered,1,Corporation + Borewell,2331.32,Aundh,411007,Standalone,3.95,4.87,1.64,1.19,30046.93,9900725.32,18503.953425784028,Broker,11,2,2,2,2,1,0,0,0,0,0,0,0,0,0,0,0,0,0,0,0.1316378881274167,0.1493480285625582,0.238095238095238,0.368421052631579,0.45,1.0,1.0,0.2,0.2,0.2,0.2222222222222222,0.0,0.0,1.0,0.0,0.0,1.0,0.175697940713476,0.107142857143117,0.5208333333333334,0.3881961762261013,0.51985559566787,0.2279999999999999,0.4242013275894232,0.0909090909090909,0.5,1.0,0.0,0.0,0.0,0.0,0.0,0.0,0.0,0.0,0.0,0.0,0.0,0.0,0.0,0.0,0.45454545454545453,0.5622016050266254,267.53
1 BHK,386.79,457.11,10,15,7,1,Fully Furnished,1,1,1,0,1,Granite,1,1,0,1,1,Stilt,0,Borewell,2195.12,Viman Nagar,411014,Society,2.5,5.48,1.44,1.57,13898.18,8132058.2,21024.47891620776,Owner,82,2,2,1,1,0,0,0,0,0,0,0,0,0,0,0,0,0,1,0,0.0606790076189747,0.0622710338404222,0.4761904761904761,0.5789473684210527,0.35,1.0,1.0,0.0,0.2,0.0,0.0,1.0,1.0,0.0,1.0,1.0,0.0,0.1600708611186327,0.232142857143117,0.3194444444444444,0.4389027431421446,0.4476534296028881,0.3800000000000001,0.5020418513114672,0.7363636363636363,0.5,0.0,0.0,0.0,0.0,0.0,0.0,0.0,0.0,0.0,0.0,0.0,0.0,0.0,1.0,0.0,0.6666666666666666,0.5702928461513908,386.79
2 BHK,643.16,782.09,1,12,3,1,Fully Furnished,1,2,2,1,3,Ceramic,1,1,0,0,0,Covered,1,Borewell,2758.63,Kharadi,411014,Society,4.75,0.98,1.88,1.93,38562.9,7197021.68,11190.095279557187,Broker,2,2,2,2,2,0,0,0,0,0,1,0,0,0,0,0,0,0,0,0,0.1833722577434051,0.188388699161751,0.0476190476190476,0.4210526315789473,0.15,1.0,1.0,0.2,0.4,0.2,0.2222222222222222,1.0,1.0,0.0,0.0,0.0,1.0,0.2247258950576205,0.232142857143117,0.6319444444444444,0.0648379052369077,0.6064981949458483,0.524,0.1983072802454051,0.009090909090909,0.5,0.0,0.0,0.0,0.0,0.0,1.0,0.0,0.0,0.0,0.0,0.0,0.0,0.0,0.0,0.0,0.08333333333333333,0.5531291795600872,321.58
3 BHK,1111.8,1227.49,11,16,9,1,Semi-Furnished,0,3,2,1,4,Vitrified,1,1,0,0,1,Covered,1,Corporation + Borewell,4056.56,Aundh,411007,Standalone,3.66,5.48,1.58,1.23,58286.48,10423287.68,9375.146321280807,Broker,38,2,1,3,3,1,0,0,0,0,0,0,0,0,0,0,0,0,0,0,0.4076534323672422,0.3612387457311394,0.5238095238095237,0.631578947368421,0.45,1.0,0.0,0.4000000000000001,0.4,0.2,0.3333333333333333,1.0,1.0,0.0,0.0,1.0,1.0,0.373645538365513,0.107142857143117,0.4805555555555556,0.4389027431421446,0.4981949458483755,0.244,0.1422531957397549,0.3363636363636363,0.5,1.0,0.0,0.0,0.0,0.0,0.0,0.0,0.0,0.0,0.0,0.0,0.0,0.0,0.0,0.0,0.6875,0.5543653802239248,370.59999999999997
2 BHK,534.88,586.3,6,13,14,1,Unfurnished,0,2,1,0,2,Vitrified,1,1,0,0,1,Bike,1,Municipal,2886.98,Hadapsar,411028,Society,5.52,2.48,2.3,2.35,12818.09,5230064.05,9778.013853574634,Owner,39,3,0,2,2,0,0,1,0,0,0,0,0,0,0,0,0,0,0,0,0.1315517439411922,0.1124068612232226,0.2857142857142857,0.4736842105263157,0.7000000000000001,1.0,0.0,0.2,0.2,0.0,0.1111111111111111,1.0,1.0,0.0,0.0,1.0,1.0,0.2394522949548168,0.482142857143117,0.7388888888888888,0.1895261845386533,0.7581227436823105,0.6920000000000001,0.1546964124446992,0.3454545454545454,1.0,0.0,0.0,1.0,0.0,0.0,0.0,0.0,0.0,0.0,0.0,0.0,0.0,0.0,0.0,0.0,0.46153846153846156,0.4326896255964122,267.44
3 BHK,566.7,731.795,8,18,12,1,Semi-Furnished,1,3,2,1,6,Vitrified,1,1,0,1,1,Covered,1,Borewell,3064.92,Aundh,411007,Society,3.4,3.27,0.64,1.87,17661.51,9221838.45,16272.875330862887,Broker,16,2,1,3,3,1,0,0,0,0,0,0,0,0,0,0,0,0,0,0,0.1467801217504498,0.1688703042533375,0.3809523809523809,0.7368421052631579,0.6000000000000001,1.0,1.0,0.4000000000000001,0.4,0.2,0.5555555555555556,1.0,1.0,0.0,1.0,1.0,1.0,0.2598684663432634,0.107142857143117,0.4444444444444444,0.255195344970906,0.1588447653429602,0.5000000000000001,0.3552957178878653,0.1363636363636363,0.5,1.0,0.0,0.0,0.0,0.0,0.0,0.0,0.0,0.0,0.0,0.0,0.0,0.0,0.0,0.0,0.4444444444444444,0.5579354198528361,188.9
1 BHK,446.07,554.89,11,13,10,1,Semi-Furnished,1,1,0,0,1,Ceramic,0,1,0,0,0,Covered,0,Tanker,2234.62,Kothrud,411038,Standalone,2.02,6.1,1.64,1.45,19257.28,7221171.08,16188.42576277266,Not Specified,24,2,1,1,1,0,0,0,0,0,0,0,1,0,0,0,0,0,0,0,0.0890491596156054,0.1002173238124806,0.5238095238095237,0.4736842105263157,0.5,1.0,1.0,0.0,0.0,0.0,0.0,0.0,1.0,0.0,0.0,0.0,0.0,0.1646029436736716,0.6607142857146755,0.2527777777777777,0.4904405652535327,0.51985559566787,0.3319999999999999,0.3526806286344707,0.209090909090909,0.5,0.0,0.0,0.0,0.0,0.0,0.0,0.0,1.0,0.0,0.0,0.0,0.0,0.0,0.0,0.0,0.8461538461538461,0.5878366431718844,446.07
1 BHK,393.51,461.46,4,8,3,1,Semi-Furnished,1,1,1,1,1,Vitrified,0,0,1,1,1,Covered,1,Corporation + Borewell,2311.86,Koregaon Park,411001,Standalone,2.52,4.1,1.18,1.16,28122.21,6777119.89,17222.23041345836,Broker,38,1,1,1,1,0,0,0,0,0,0,1,0,0,0,0,0,0,0,0,0.0638950572380259,0.0639591741695125,0.1904761904761904,0.2105263157894736,0.15,1.0,1.0,0.0,0.2,0.2,0.0,0.0,0.0,1.0,1.0,1.0,1.0,0.1734651729534492,0.0,0.3222222222222222,0.3241895261845385,0.3537906137184115,0.2159999999999999,0.3846108467984537,0.3363636363636363,0.0,0.0,0.0,0.0,0.0,0.0,0.0,1.0,0.0,0.0,0.0,0.0,0.0,0.0,0.0,0.0,0.5,0.6508077925085285,393.51
3 BHK,1008.04,1195.78,8,11,13,1,Semi-Furnished,1,3,3,1,4,Marble,0,0,0,0,0,Open,0,Tanker,2398.86,Pimple Saudagar,411027,Society,3.96,5.49,2.23,1.84,23183.78,5702245.3,5656.764910122614,Owner,55,3,1,3,3,0,0,0,0,0,0,0,0,0,0,1,0,0,0,0,0.3579960947968911,0.3489327848494257,0.3809523809523809,0.368421052631579,0.65,1.0,1.0,0.4000000000000001,0.6000000000000001,0.2,0.3333333333333333,0.0,0.0,0.0,0.0,0.0,0.0,0.1834472282012566,0.464285714286234,0.5222222222222223,0.4397339983374895,0.7328519855595668,0.4880000000000001,0.0274085568117098,0.4909090909090909,1.0,0.0,0.0,0.0,0.0,0.0,0.0,0.0,0.0,0.0,0.0,1.0,0.0,0.0,0.0,0.0,0.7272727272727273,0.47540837271008984,336.0133333333333
1 RK,448.6,528.49,12,14,10,1,Semi-Furnished,0,2,1,0,2,Ceramic,1,1,0,0,0,Covered,0,Borewell,800.0,Nigdi,411044,Society,3.68,11.48,1.9,2.76,10303.19,2800000.0,6241.640659830584,Broker,15,3,1,1,1,0,0,0,0,0,0,0,0,0,1,0,0,0,0,0,0.0902599640108733,0.0899720583669668,0.5714285714285714,0.5263157894736842,0.5,1.0,0.0,0.2,0.2,0.0,0.1111111111111111,1.0,1.0,0.0,0.0,0.0,0.0,0.0,0.7678571428577925,0.4833333333333334,0.9376558603491272,0.6137184115523465,0.8559999999999999,0.0454735822553206,0.1272727272727272,1.0,0.0,0.0,0.0,0.0,0.0,0.0,0.0,0.0,0.0,1.0,0.0,0.0,0.0,0.0,0.0,0.8571428571428571,0.22647064323270383,448.6
1 RK,482.98,591.4,4,11,2,1,Semi-Furnished,1,2,1,0,1,Vitrified,0,0,0,1,1,Bike,0,Corporation + Borewell,2320.6,Kothrud,411038,Standalone,1.68,7.5,0.96,1.86,17535.09,8435520.12,17465.568180877053,Broker,59,2,1,1,1,0,0,0,0,0,0,0,1,0,0,0,0,0,0,0,0.1067135035797695,0.1143860602297423,0.1904761904761904,0.368421052631579,0.1,1.0,1.0,0.2,0.2,0.0,0.0,0.0,0.0,0.0,1.0,1.0,0.0,0.1744679679289186,0.6607142857146755,0.2055555555555555,0.6068162926018287,0.2743682310469313,0.4960000000000001,0.3921262556567095,0.5272727272727273,0.5,0.0,0.0,0.0,0.0,0.0,0.0,0.0,1.0,0.0,0.0,0.0,0.0,0.0,0.0,0.0,0.36363636363636365,0.5211910035703984,482.98
2 BHK,514.69,628.13,2,4,6,1,Fully Furnished,1,2,2,1,4,Granite,1,1,1,1,0,Covered,1,Corporation + Borewell,1452.35,Kothrud,411038,Society,1.86,7.33,0.66,1.33,17779.62,6439052.78,12510.545726553848,Broker,33,2,2,2,2,0,0,0,0,0,0,0,1,0,0,0,0,0,0,0,0.1218892377196677,0.12864017385905,0.0952380952380952,0.0,0.3,1.0,1.0,0.2,0.4,0.2,0.3333333333333333,1.0,1.0,1.0,1.0,0.0,1.0,0.074848203918473,0.6607142857146755,0.2305555555555555,0.5926849542809642,0.1660649819494585,0.284,0.2390930362708895,0.2909090909090909,0.5,0.0,0.0,0.0,0.0,0.0,0.0,0.0,1.0,0.0,0.0,0.0,0.0,0.0,0.0,0.0,0.5,0.5743402421857042,257.345
3 BHK,884.55,1057.92,14,17,15,1,Semi-Furnished,1,2,4,2,4,Marble,1,1,0,0,0,Covered,1,Municipal,2151.15,Wakad,411057,Society,4.04,3.0,1.41,2.12,17873.08,9076589.78,10261.25123509129,Broker,5,3,1,3,3,0,0,0,0,0,0,0,0,0,0,0,0,0,0,1,0.2988963972587005,0.2954323191555418,0.6666666666666666,0.6842105263157894,0.75,1.0,1.0,0.2,0.8,0.4,0.3333333333333333,1.0,1.0,0.0,0.0,0.0,1.0,0.1550259074491374,1.0,0.5333333333333333,0.2327514546965918,0.4368231046931408,0.6000000000000001,0.1696194391904496,0.0363636363636363,1.0,0.0,0.0,0.0,0.0,0.0,0.0,0.0,0.0,0.0,0.0,0.0,0.0,0.0,0.0,1.0,0.8235294117647058,0.5097561427079007,294.84999999999997
2 BHK,735.91,894.82,5,12,10,1,Semi-Furnished,0,2,2,1,4,Wooden,1,1,1,1,1,Covered,0,Borewell,4181.94,Kalyani Nagar,411006,Society,1.42,3.39,1.2,1.07,47394.98,19755603.19,26845.134853446754,Broker,53,1,1,2,2,0,0,0,0,1,0,0,0,0,0,0,0,0,0,0,0.2277604425896856,0.2321367587705682,0.238095238095238,0.4210526315789473,0.5,1.0,0.0,0.2,0.4,0.2,0.3333333333333333,1.0,1.0,1.0,1.0,1.0,0.0,0.3880311715490772,0.089285714286234,0.1694444444444444,0.2651704073150457,0.3610108303249097,0.18,0.6818214388519428,0.4727272727272727,0.0,0.0,0.0,0.0,0.0,1.0,0.0,0.0,0.0,0.0,0.0,0.0,0.0,0.0,0.0,0.0,0.4166666666666667,0.7293240485595351,367.955
3 BHK,1026.84,1223.99,3,13,8,1,Unfurnished,0,4,4,2,4,Wooden,0,0,1,0,1,Stilt,0,Corporation + Borewell,4480.12,Aundh,411007,Society,3.75,4.52,1.76,1.72,29212.74,9344743.03,9100.485986132211,Owner,55,2,0,3,3,1,0,0,0,0,0,0,0,0,0,0,0,0,0,0,0.3669933764692369,0.3598804719031357,0.1428571428571428,0.4736842105263157,0.4,1.0,0.0,0.6000000000000001,0.8,0.4,0.3333333333333333,0.0,0.0,1.0,0.0,1.0,0.0,0.422243231707597,0.107142857143117,0.4930555555555556,0.3591022443890273,0.5631768953068592,0.44,0.1337707567111461,0.4909090909090909,0.5,1.0,0.0,0.0,0.0,0.0,0.0,0.0,0.0,0.0,0.0,0.0,0.0,0.0,0.0,0.0,0.23076923076923078,0.5241260664400484,342.28
1 BHK,415.32,473.79,2,14,10,1,Semi-Furnished,1,2,1,0,2,Granite,0,0,0,1,0,Covered,0,Borewell,800.0,Kothrud,411038,Standalone,1.5,8.7,1.32,1.6,12385.61,3452134.2,8311.986420109795,Owner,18,2,1,1,1,0,0,0,0,0,0,0,1,0,0,0,0,0,0,0,0.0743328611355718,0.0687441788264514,0.0952380952380952,0.5263157894736842,0.5,1.0,1.0,0.2,0.2,0.0,0.1111111111111111,0.0,0.0,0.0,1.0,0.0,0.0,0.0,0.6607142857146755,0.1805555555555555,0.7065669160432251,0.4043321299638989,0.3920000000000001,0.1094133947422714,0.1545454545454545,0.5,0.0,0.0,0.0,0.0,0.0,0.0,0.0,1.0,0.0,0.0,0.0,0.0,0.0,0.0,0.0,0.14285714285714285,0.5243704299305281,415.32
2 BHK,688.17,804.93,5,13,7,1,Fully Furnished,1,3,0,2,3,Ceramic,0,0,1,1,1,Covered,0,Tanker,4098.51,Baner,411045,Standalone,3.46,2.62,1.75,2.06,48416.84,17927689.39,26051.250984495113,Broker,8,1,2,2,2,0,1,0,0,0,0,0,0,0,0,0,0,0,0,0,0.2049130900876756,0.1972524060850667,0.238095238095238,0.4736842105263157,0.35,1.0,1.0,0.4000000000000001,0.0,0.4,0.2222222222222222,0.0,0.0,1.0,1.0,1.0,0.0,0.3784587247752317,0.7857142857146755,0.4527777777777778,0.2011637572734829,0.5595667870036102,0.5760000000000001,0.6573040891385,0.0636363636363636,0.0,0.0,1.0,0.0,0.0,0.0,0.0,0.0,0.0,0.0,0.0,0.0,0.0,0.0,0.0,0.0,0.38461538461538464,0.5526495707607728,344.085
2 BHK,783.39,903.37,8,12,6,1,Unfurnished,1,2,3,1,3,Vitrified,1,1,0,1,0,Covered,1,Corporation + Borewell,2033.09,Magarpatta,411013,Society,4.41,2.16,2.08,2.07,25852.99,9277783.35,11843.122008195152,Owner,10,3,0,2,2,0,0,0,0,0,0,0,0,1,0,0,0,0,0,0,0.2504833646004823,0.235454827693263,0.3809523809523809,0.4210526315789473,0.3,1.0,1.0,0.2,0.6000000000000001,0.2,0.2222222222222222,1.0,1.0,0.0,1.0,0.0,1.0,0.1414801437415955,0.214285714286234,0.5847222222222223,0.1629260182876143,0.6787003610108304,0.58,0.2184762371870819,0.0818181818181818,1.0,0.0,0.0,0.0,0.0,0.0,0.0,0.0,0.0,1.0,0.0,0.0,0.0,0.0,0.0,0.0,0.6666666666666666,0.5213258780511438,391.695
1 RK,497.01,804.04,16,17,9,1,Semi-Furnished,0,1,1,0,1,Marble,1,1,0,0,0,Covered,0,Corporation + Borewell,2470.24,Viman Nagar,411014,Society,2.65,5.11,2.02,1.45,20170.05,5405327.08,10875.69079092976,Owner,24,2,1,1,1,0,0,0,0,0,0,0,0,0,0,0,0,0,1,0,0.1134279643171637,0.1969070164545172,0.7619047619047619,0.6842105263157894,0.45,1.0,0.0,0.0,0.2,0.0,0.0,1.0,1.0,0.0,0.0,0.0,0.0,0.1916371029551473,0.232142857143117,0.3402777777777778,0.4081463009143807,0.6570397111913358,0.3319999999999999,0.1885955917508095,0.209090909090909,0.5,0.0,0.0,0.0,0.0,0.0,0.0,0.0,0.0,0.0,0.0,0.0,0.0,0.0,1.0,0.0,0.9411764705882353,0.5864410939022551,497.01
5 BHK,2047.53,2297.27,10,16,5,1,Unfurnished,0,4,5,3,6,Ceramic,1,1,0,0,1,Open,0,Corporation + Borewell,6233.99,Pune Camp,411001,Society,2.31,7.4,1.01,1.35,68669.78,15926729.76,7778.508622584284,Broker,6,3,0,5,5,0,0,0,0,0,0,0,0,0,0,0,1,0,0,0,0.8554739844557603,0.776397081651661,0.4761904761904761,0.631578947368421,0.25,1.0,0.0,0.6000000000000001,1.0,0.6000000000000001,0.5555555555555556,1.0,1.0,0.0,0.0,1.0,0.0,0.623475728690033,0.0,0.2930555555555555,0.598503740648379,0.2924187725631769,0.292,0.0929389810448497,0.0454545454545454,1.0,0.0,0.0,0.0,0.0,0.0,0.0,0.0,0.0,0.0,0.0,0.0,1.0,0.0,0.0,0.0,0.625,0.5500253429730126,409.506
1 BHK,404.19,507.88,8,12,10,1,Fully Furnished,1,1,1,0,1,Vitrified,0,0,0,0,0,Covered,0,Corporation + Borewell,966.37,Pune Camp,411001,Standalone,1.85,5.79,0.42,2.22,8871.79,3112575.8,7700.773893465944,Owner,14,3,2,1,1,0,0,0,0,0,0,0,0,0,0,0,1,0,0,0,0.0690062789540181,0.0819737659112077,0.3809523809523809,0.4210526315789473,0.5,1.0,1.0,0.0,0.2,0.0,0.0,0.0,0.0,0.0,0.0,0.0,0.0,0.0190886727767553,0.0,0.2291666666666666,0.4646716541978387,0.0794223826714801,0.6400000000000001,0.0905388560196779,0.1181818181818181,1.0,0.0,0.0,0.0,0.0,0.0,0.0,0.0,0.0,0.0,0.0,0.0,1.0,0.0,0.0,0.0,0.6666666666666666,0.5216785122754051,404.19
2 BHK,771.05,867.21,0,8,2,1,Semi-Furnished,1,3,2,1,2,Ceramic,1,1,1,1,0,Open,0,Corporation + Borewell,1769.04,Kharadi,411014,Society,4.56,1.47,2.4,2.01,34658.2,8071682.56,10468.429492250827,Owner,56,2,1,2,2,0,0,0,0,0,1,0,0,0,0,0,0,0,0,0,0.2445777020559745,0.2214219186588016,0.0,0.2105263157894736,0.1,1.0,1.0,0.4000000000000001,0.4,0.2,0.1111111111111111,1.0,1.0,1.0,1.0,0.0,0.0,0.111184032383164,0.232142857143117,0.6055555555555555,0.1055694098088112,0.7942238267148014,0.5559999999999999,0.1760208021130736,0.4999999999999999,0.5,0.0,0.0,0.0,0.0,0.0,1.0,0.0,0.0,0.0,0.0,0.0,0.0,0.0,0.0,0.0,0.0,0.5397855919319534,385.525
1 RK,444.12,529.45,9,11,13,1,Semi-Furnished,1,1,0,1,1,Wooden,1,1,1,1,1,Covered,0,Not Specified,2222.98,Baner,411045,Society,3.8,2.96,2.06,2.16,32019.77,10513329.25,23672.271570746645,Owner,18,1,1,1,1,0,1,0,0,0,0,0,0,0,0,0,0,0,0,0,0.0881159309315058,0.0903446134740764,0.4285714285714285,0.368421052631579,0.65,1.0,1.0,0.0,0.0,0.2,0.0,1.0,1.0,1.0,1.0,1.0,0.0,0.1632674135232754,0.7857142857146755,0.5,0.2294264339152119,0.6714801444043321,0.6160000000000001,0.5838246213108618,0.1545454545454545,0.0,0.0,1.0,0.0,0.0,0.0,0.0,0.0,0.0,0.0,0.0,0.0,0.0,0.0,0.0,0.0,0.8181818181818182,0.5173836645627323,444.12
2 BHK,614.06,731.89,5,11,10,1,Semi-Furnished,0,2,2,1,3,Wooden,1,1,0,0,0,Covered,0,Corporation + Borewell,2155.96,Wakad,411057,Society,5.28,2.65,2.02,1.9,14499.75,3486260.83,5677.394440282709,Broker,38,3,1,2,2,0,0,0,0,0,0,0,0,0,0,0,0,0,0,1,0.1694456143037635,0.1689071716858118,0.238095238095238,0.368421052631579,0.5,1.0,0.0,0.2,0.4,0.2,0.2222222222222222,1.0,1.0,0.0,0.0,0.0,0.0,0.1555777888944472,1.0,0.7055555555555556,0.2036575228595178,0.6570397111913358,0.512,0.0280451103668352,0.3363636363636363,1.0,0.0,0.0,0.0,0.0,0.0,0.0,0.0,0.0,0.0,0.0,0.0,0.0,0.0,0.0,1.0,0.45454545454545453,0.48694394438466393,307.03
3 BHK,733.31,904.46,9,10,12,1,Semi-Furnished,1,3,4,1,3,Vitrified,1,1,0,1,0,Bike,1,Tanker,1998.48,Kothrud,411038,Society,2.2,7.17,0.85,1.55,29889.25,7999533.1,10908.80132549672,Owner,25,2,1,3,3,0,0,0,0,0,0,0,1,0,0,0,0,0,0,0,0.2265161376775527,0.235877832971127,0.4285714285714285,0.3157894736842105,0.6000000000000001,1.0,1.0,0.4000000000000001,0.8,0.2,0.2222222222222222,1.0,1.0,0.0,1.0,0.0,1.0,0.1375091215332436,0.6607142857146755,0.2777777777777778,0.5793848711554447,0.2346570397111913,0.3720000000000001,0.1896222312545633,0.2181818181818181,0.5,0.0,0.0,0.0,0.0,0.0,0.0,0.0,1.0,0.0,0.0,0.0,0.0,0.0,0.0,0.0,0.9,0.5398815146362161,244.43666666666664
2 BHK,620.5,699.78,9,12,15,1,Semi-Furnished,1,3,1,1,3,Vitrified,1,1,1,0,1,Covered,0,Borewell,800.0,Hadapsar,411028,Society,5.32,2.82,1.8,2.14,10425.33,3536029.84,5698.6782272361,Owner,11,3,1,2,2,0,0,1,0,0,0,0,0,0,0,0,0,0,0,0,0.1725276618553543,0.1564459795094691,0.4285714285714285,0.4210526315789473,0.75,1.0,1.0,0.4000000000000001,0.2,0.2,0.2222222222222222,1.0,1.0,1.0,0.0,1.0,0.0,0.0,0.482142857143117,0.7111111111111111,0.2177888611803823,0.5776173285198556,0.6080000000000001,0.0287014307475442,0.0909090909090909,1.0,0.0,0.0,1.0,0.0,0.0,0.0,0.0,0.0,0.0,0.0,0.0,0.0,0.0,0.0,0.0,0.75,0.45486770184235437,310.25
1 BHK,446.84,500.81,4,5,9,1,Unfurnished,0,2,0,0,1,Wooden,1,1,0,1,1,Covered,1,Municipal,2326.02,Kothrud,411038,Society,1.39,6.8,1.18,1.39,18862.3,4640023.1,10384.081774236864,Owner,30,2,0,1,1,0,0,0,0,0,0,0,1,0,0,0,0,0,0,0,0.0894176653011217,0.0792300527786402,0.1904761904761904,0.0526315789473684,0.45,1.0,0.0,0.2,0.0,0.0,0.0,1.0,1.0,0.0,1.0,1.0,1.0,0.1750898384972302,0.6607142857146755,0.1652777777777777,0.5486284289276807,0.3537906137184115,0.3079999999999999,0.1734118899926739,0.2636363636363636,0.5,0.0,0.0,0.0,0.0,0.0,0.0,0.0,1.0,0.0,0.0,0.0,0.0,0.0,0.0,0.0,0.8,0.603546509903828,446.84
1 RK,463.05,513.54,3,15,12,1,Semi-Furnished,1,1,1,0,1,Marble,0,1,1,0,0,Stilt,0,Municipal,1810.74,Hadapsar,411028,Standalone,4.82,1.24,2.77,1.58,13362.85,4025559.44,8693.573998488284,Broker,53,3,1,1,1,0,0,1,0,0,0,0,0,0,0,0,0,0,0,0,0.0971754278494582,0.084170288730208,0.1428571428571428,0.5789473684210527,0.6000000000000001,1.0,1.0,0.0,0.2,0.0,0.0,0.0,1.0,1.0,0.0,0.0,0.0,0.1159685347260786,0.482142857143117,0.6416666666666667,0.0864505403158769,0.927797833935018,0.3840000000000001,0.1212021442064052,0.4727272727272727,1.0,0.0,0.0,1.0,0.0,0.0,0.0,0.0,0.0,0.0,0.0,0.0,0.0,0.0,0.0,0.0,0.2,0.5802827892361826,463.05
4 BHK,1492.33,1798.58,4,11,5,1,Unfurnished,0,4,3,3,7,Wooden,0,1,0,0,0,Covered,1,Municipal,3614.63,Hinjewadi,411057,Standalone,6.31,2.0,2.41,2.19,34875.25,8669229.53,5809.190681685686,Owner,25,3,0,4,4,0,0,0,1,0,0,0,0,0,0,0,0,0,0,0,0.5897670278341438,0.5828663458553245,0.1904761904761904,0.368421052631579,0.25,1.0,0.0,0.6000000000000001,0.6000000000000001,0.6000000000000001,0.6666666666666665,0.0,1.0,0.0,0.0,0.0,1.0,0.322940139794668,1.0,0.8486111111111111,0.1496259351620947,0.7978339350180507,0.628,0.0321152232971806,0.2181818181818181,1.0,0.0,0.0,0.0,1.0,0.0,0.0,0.0,0.0,0.0,0.0,0.0,0.0,0.0,0.0,0.0,0.36363636363636365,0.4272806409151463,373.0825
1 RK,385.37,480.83,18,18,7,1,Fully Furnished,1,1,0,0,2,Vitrified,1,1,0,1,0,Open,1,Municipal,1916.51,Shivajinagar,411005,Society,1.41,7.05,0.76,1.0,21854.89,3249816.95,8432.978566053403,Builder,2,2,2,1,1,0,0,0,0,0,0,0,0,0,0,0,0,1,0,0,0.0599994257054251,0.0714762496119217,0.8571428571428571,0.7368421052631579,0.35,1.0,1.0,0.0,0.0,0.0,0.1111111111111111,1.0,1.0,0.0,1.0,0.0,1.0,0.1281041897095336,0.071428571429351,0.1680555555555555,0.569409808811305,0.2021660649819494,0.152,0.1131527222007395,0.009090909090909,0.5,0.0,0.0,0.0,0.0,0.0,0.0,0.0,0.0,0.0,0.0,0.0,0.0,1.0,0.0,0.0,1.0,0.6374984299350612,385.37
3 BHK,1000.18,1129.56,1,18,4,1,Semi-Furnished,1,2,4,1,5,Granite,0,1,0,0,0,Stilt,0,Municipal,2519.94,Hinjewadi,411057,Standalone,5.97,2.19,2.65,2.18,20659.66,10237635.94,10235.793497170509,Owner,22,3,1,3,3,0,0,0,1,0,0,0,0,0,0,0,0,0,0,0,0.3542344653317508,0.3232342440235952,0.0476190476190476,0.7368421052631579,0.2,1.0,1.0,0.2,0.8,0.2,0.4444444444444445,0.0,1.0,0.0,0.0,0.0,0.0,0.1973394954357913,1.0,0.8013888888888889,0.1654197838736492,0.8844765342960289,0.6240000000000001,0.168835252156746,0.1909090909090909,1.0,0.0,0.0,0.0,1.0,0.0,0.0,0.0,0.0,0.0,0.0,0.0,0.0,0.0,0.0,0.0,0.05555555555555555,0.4384858095405928,333.3933333333333
1 BHK,413.39,459.63,2,12,16,1,Semi-Furnished,1,1,1,0,2,Wooden,0,0,0,0,0,Not Specified,1,Borewell,1688.01,Hinjewadi,411057,Standalone,5.89,2.44,1.93,2.57,7500.0,2800000.0,6773.2649556109245,Owner,38,3,1,1,1,0,0,0,1,0,0,0,0,0,0,0,0,0,0,0,0.0734092040277192,0.0632489909965849,0.0952380952380952,0.4210526315789473,0.8,1.0,1.0,0.0,0.2,0.0,0.1111111111111111,0.0,0.0,0.0,0.0,0.0,1.0,0.1018869526506372,1.0,0.7902777777777777,0.1862011637572734,0.6245487364620939,0.78,0.0618924017557883,0.3363636363636363,1.0,0.0,0.0,0.0,1.0,0.0,0.0,0.0,0.0,0.0,0.0,0.0,0.0,0.0,0.0,0.0,0.16666666666666666,0.39360890074299737,413.39
4 BHK,1345.75,1641.66,16,18,10,1,Unfurnished,1,4,3,2,8,Vitrified,1,1,0,1,0,Open,0,Corporation + Borewell,3475.75,Pune Camp,411001,Society,2.42,6.53,1.63,1.4,29663.69,10236985.35,7606.899758498978,Builder,53,3,0,4,4,0,0,0,0,0,0,0,0,0,0,0,1,0,0,0,0.5196169455185881,0.521969108972369,0.7619047619047619,0.7368421052631579,0.5,1.0,1.0,0.6000000000000001,0.6000000000000001,0.4,0.7777777777777777,1.0,1.0,0.0,1.0,0.0,0.0,0.3070055670036853,0.0,0.3083333333333333,0.5261845386533666,0.516245487364621,0.3119999999999999,0.0876393097918676,0.4727272727272727,1.0,0.0,0.0,0.0,0.0,0.0,0.0,0.0,0.0,0.0,0.0,0.0,1.0,0.0,0.0,0.0,0.8888888888888888,0.5634406908323506,336.4375
2 BHK,696.96,871.92,15,15,17,1,Unfurnished,1,2,2,1,3,Vitrified,1,1,1,0,0,Covered,1,Municipal,2543.29,Kothrud,411038,Society,1.37,9.33,0.92,1.56,23432.29,10342935.54,14840.070506198344,Broker,31,2,0,2,2,0,0,0,0,0,0,0,1,0,0,0,0,0,0,0,0.2091197978483097,0.2232497671530581,0.7142857142857142,0.5789473684210527,0.8500000000000001,1.0,1.0,0.2,0.4,0.2,0.2222222222222222,1.0,1.0,1.0,0.0,0.0,1.0,0.200018587275289,0.6607142857146755,0.1625,0.7589359933499583,0.259927797833935,0.3760000000000001,0.3110421193990391,0.2727272727272727,0.5,0.0,0.0,0.0,0.0,0.0,0.0,0.0,1.0,0.0,0.0,0.0,0.0,0.0,0.0,0.0,1.0,0.5173288988088662,348.48
3 BHK,1013.62,1129.66,0,5,5,1,Semi-Furnished,1,2,2,1,6,Wooden,0,1,1,1,0,Stilt,0,Borewell,3087.11,Pune Camp,411001,Society,2.46,6.63,1.26,1.72,18506.97,8877298.37,8758.014216373,Broker,10,3,1,3,3,0,0,0,0,0,0,0,0,0,0,0,1,0,0,0,0.3606665645698533,0.3232730518472525,0.0,0.0526315789473684,0.25,1.0,1.0,0.2,0.4,0.2,0.5555555555555556,0.0,1.0,1.0,1.0,0.0,0.0,0.2624144641127903,0.0,0.3138888888888889,0.5344970906068162,0.3826714801444043,0.44,0.1231911810307658,0.0818181818181818,1.0,0.0,0.0,0.0,0.0,0.0,0.0,0.0,0.0,0.0,0.0,0.0,1.0,0.0,0.0,0.0,0.0,0.5247253165487018,337.87333333333333
2 BHK,472.82,533.33,10,16,2,1,Semi-Furnished,1,2,2,1,4,Marble,0,1,1,0,1,Covered,0,Municipal,800.0,Kothrud,411038,Society,1.5,5.96,0.89,1.85,22059.07,4869538.66,10298.926991244025,Builder,8,2,1,2,2,0,0,0,0,0,0,0,1,0,0,0,0,0,0,0,0.1018511428462039,0.0918503570319776,0.4761904761904761,0.631578947368421,0.1,1.0,1.0,0.2,0.4,0.2,0.3333333333333333,0.0,1.0,1.0,0.0,1.0,0.0,0.0,0.6607142857146755,0.1805555555555555,0.4788029925187032,0.2490974729241877,0.4920000000000001,0.17078382875999,0.0636363636363636,0.5,0.0,0.0,0.0,0.0,0.0,0.0,0.0,1.0,0.0,0.0,0.0,0.0,0.0,0.0,0.0,0.625,0.5723407774716034,236.41
3 BHK,1059.72,1249.1,3,14,5,1,Fully Furnished,1,3,3,2,5,Vitrified,0,1,0,0,0,Covered,0,Borewell,3405.08,Hadapsar,411028,Standalone,5.35,2.76,1.85,2.14,23202.7,7265663.3,6856.210414071641,Owner,3,3,2,3,3,0,0,1,0,0,0,0,0,0,0,0,0,0,0,0,0.382729047819595,0.369625116423471,0.1428571428571428,0.5263157894736842,0.25,1.0,1.0,0.4000000000000001,0.6000000000000001,0.4,0.4444444444444445,0.0,1.0,0.0,0.0,0.0,0.0,0.2988971549995181,0.482142857143117,0.7152777777777778,0.2128013300083125,0.5956678700361011,0.6080000000000001,0.0644537499521272,0.0181818181818181,1.0,0.0,0.0,1.0,0.0,0.0,0.0,0.0,0.0,0.0,0.0,0.0,0.0,0.0,0.0,0.0,0.21428571428571427,0.4551516734672908,353.24
4 BHK,1395.27,1664.53,0,11,11,1,Semi-Furnished,1,5,3,2,8,Not Specified,1,1,1,1,0,Covered,0,Borewell,4662.48,Kothrud,411038,Society,1.42,6.65,1.11,1.5,54770.3,13193854.95,9456.130318863015,Owner,49,2,1,4,4,0,0,0,0,0,0,0,1,0,0,0,0,0,0,0,0.5433161683065968,0.5308444582427818,0.0,0.368421052631579,0.55,1.0,1.0,0.8,0.6000000000000001,0.4,0.7777777777777777,1.0,1.0,1.0,1.0,0.0,0.0,0.4431665373971389,0.6607142857146755,0.1694444444444444,0.5361596009975061,0.3285198555956679,0.3520000000000001,0.1447533903194443,0.4363636363636363,0.5,0.0,0.0,0.0,0.0,0.0,0.0,0.0,1.0,0.0,0.0,0.0,0.0,0.0,0.0,0.0,0.0,0.5945313292410594,348.8175
4 BHK,1490.16,1784.94,0,10,12,1,Unfurnished,1,5,3,2,5,Vitrified,1,1,0,0,0,Covered,1,Municipal,6671.3,Kharadi,411014,Society,4.09,1.28,2.31,2.0,37156.12,13165457.33,8834.92868551028,Owner,2,2,0,4,4,0,0,0,0,0,1,0,0,0,0,0,0,0,0,0,0.5887285118113252,0.5775729587084757,0.0,0.3157894736842105,0.6000000000000001,1.0,1.0,0.8,0.6000000000000001,0.4,0.4444444444444445,1.0,1.0,0.0,0.0,0.0,1.0,0.6736510457063394,0.232142857143117,0.5402777777777777,0.0897755610972568,0.7617328519855596,0.552,0.1255672152372575,0.009090909090909,0.5,0.0,0.0,0.0,0.0,0.0,1.0,0.0,0.0,0.0,0.0,0.0,0.0,0.0,0.0,0.0,0.0,0.5672036619297454,372.54
2 BHK,708.18,903.39,6,7,5,1,Unfurnished,0,3,1,1,2,Vitrified,1,1,0,0,0,Covered,1,Corporation + Borewell,2338.755,Viman Nagar,411014,Society,2.32,5.89,1.77,1.16,29692.86,9489200.75,13399.419286057218,Owner,8,2,0,2,2,0,0,0,0,0,0,0,0,0,0,0,0,0,1,0,0.2144894521229756,0.2354625892579944,0.2857142857142857,0.1578947368421052,0.25,1.0,0.0,0.4000000000000001,0.2,0.2,0.1111111111111111,1.0,1.0,0.0,0.0,0.0,1.0,0.1765510048602283,0.232142857143117,0.2944444444444444,0.4729842061512883,0.5667870036101084,0.2159999999999999,0.2665473038667617,0.0636363636363636,0.5,0.0,0.0,0.0,0.0,0.0,0.0,0.0,0.0,0.0,0.0,0.0,0.0,0.0,1.0,0.0,0.8571428571428571,0.6110296660582843,354.09
2 BHK,447.15,526.42,4,6,13,1,Semi-Furnished,1,2,3,1,2,Wooden,1,1,0,0,1,Covered,0,Tanker,1545.61,Aundh,411007,Society,3.49,2.91,1.62,1.65,13818.06,4116281.09,9205.5934026613,Builder,17,2,1,2,2,1,0,0,0,0,0,0,0,0,0,0,0,0,0,0,0.089566024732953,0.0891687364172617,0.1904761904761904,0.1052631578947368,0.65,1.0,1.0,0.2,0.6000000000000001,0.2,0.1111111111111111,1.0,1.0,0.0,0.0,1.0,0.0,0.0855485081990536,0.107142857143117,0.4569444444444445,0.2252701579384871,0.5126353790613719,0.412,0.1370177666699199,0.1454545454545454,0.5,1.0,0.0,0.0,0.0,0.0,0.0,0.0,0.0,0.0,0.0,0.0,0.0,0.0,0.0,0.0,0.6666666666666666,0.5871975771607825,223.575
1 RK,438.56,545.77,15,17,11,1,Semi-Furnished,1,1,0,0,1,Marble,0,0,0,0,0,Stilt,0,Corporation + Borewell,800.0,Pimple Saudagar,411027,Standalone,3.87,5.38,1.38,2.3,7668.41,3393399.56,7737.5947646844215,Owner,87,3,1,1,1,0,0,0,0,0,0,0,0,0,0,1,0,0,0,0,0.0854550327347907,0.0966780502949394,0.7142857142857142,0.6842105263157894,0.55,1.0,1.0,0.0,0.0,0.0,0.0,0.0,0.0,0.0,0.0,0.0,0.0,0.0,0.464285714286234,0.5097222222222223,0.4305901911886948,0.4259927797833934,0.6719999999999999,0.0916739042074923,0.7818181818181819,1.0,0.0,0.0,0.0,0.0,0.0,0.0,0.0,0.0,0.0,0.0,1.0,0.0,0.0,0.0,0.0,0.8823529411764706,0.4333152197420391,438.56
3 BHK,881.57,973.31,7,12,10,1,Semi-Furnished,1,3,4,1,6,Granite,1,1,0,1,1,Open,1,Corporation + Borewell,3624.54,Hadapsar,411028,Society,4.59,3.03,2.37,2.36,20356.41,7205540.56,8173.531948682464,Broker,15,3,1,3,3,0,0,1,0,0,0,0,0,0,0,0,0,0,0,0,0.2974702323978713,0.2625970195591431,0.3333333333333333,0.4210526315789473,0.5,1.0,1.0,0.4000000000000001,0.8,0.2,0.5555555555555556,1.0,1.0,0.0,1.0,1.0,1.0,0.3240771762027803,0.482142857143117,0.6097222222222222,0.2352452202826267,0.7833935018050542,0.696,0.1051394364230941,0.1272727272727272,1.0,0.0,0.0,1.0,0.0,0.0,0.0,0.0,0.0,0.0,0.0,0.0,0.0,0.0,0.0,0.0,0.5833333333333334,0.4585226808039563,293.8566666666667
1 BHK,444.28,560.6,11,13,9,1,Semi-Furnished,1,1,0,0,2,Vitrified,1,1,0,1,0,Open,1,Municipal,1126.47,Hadapsar,411028,Society,4.98,2.21,2.5,2.15,8994.92,4410268.32,9926.776627352121,Broker,31,3,1,1,1,0,0,1,0,0,0,0,0,0,0,0,0,0,0,0,0.0881925035414832,0.1024332505433095,0.5238095238095237,0.4736842105263157,0.45,1.0,1.0,0.0,0.0,0.0,0.1111111111111111,1.0,1.0,0.0,1.0,0.0,1.0,0.0374579491580652,0.482142857143117,0.663888888888889,0.1670822942643391,0.8303249097472925,0.612,0.1592900373963632,0.2727272727272727,1.0,0.0,0.0,1.0,0.0,0.0,0.0,0.0,0.0,0.0,0.0,0.0,0.0,0.0,0.0,0.0,0.8461538461538461,0.485740424681553,444.28
2 BHK,632.99,697.42,9,11,3,1,Unfurnished,0,3,2,2,3,Vitrified,1,1,1,0,1,Covered,0,Corporation + Borewell,3381.48,Baner,411045,Standalone,3.96,2.66,1.73,2.31,31225.31,12639791.15,19968.389942969083,Owner,23,1,0,2,2,0,1,0,0,0,0,0,0,0,0,0,0,0,0,0,0.1785051112217159,0.155530114871158,0.4285714285714285,0.368421052631579,0.15,1.0,0.0,0.4000000000000001,0.4,0.4,0.2222222222222222,1.0,1.0,1.0,0.0,1.0,0.0,0.2961893790932163,0.7857142857146755,0.5222222222222223,0.2044887780548628,0.5523465703971119,0.676,0.4694299865214959,0.1999999999999999,0.0,0.0,1.0,0.0,0.0,0.0,0.0,0.0,0.0,0.0,0.0,0.0,0.0,0.0,0.0,0.0,0.8181818181818182,0.5023274312113233,316.495
2 BHK,642.25,748.31,2,19,5,1,Semi-Furnished,0,3,1,1,3,Ceramic,1,1,0,0,0,Open,0,Borewell,2212.41,Magarpatta,411013,Society,5.18,2.74,2.45,2.02,20523.52,5235410.76,8151.671093810821,Owner,18,3,1,2,2,0,0,0,0,0,0,0,0,1,0,0,0,0,0,0,0.1829367510241586,0.1752794163303322,0.0952380952380952,0.7894736842105263,0.25,1.0,0.0,0.4000000000000001,0.2,0.2,0.2222222222222222,1.0,1.0,0.0,0.0,0.0,0.0,0.1620546511788004,0.214285714286234,0.6916666666666667,0.2111388196176226,0.812274368231047,0.56,0.104463658073451,0.1545454545454545,1.0,0.0,0.0,0.0,0.0,0.0,0.0,0.0,0.0,1.0,0.0,0.0,0.0,0.0,0.0,0.0,0.10526315789473684,0.47617495160422385,321.125
2 BHK,486.56,621.38,4,13,7,1,Fully Furnished,1,2,2,2,2,Marble,1,1,1,1,1,Covered,1,Municipal,2906.14,Koregaon Park,411001,Standalone,2.09,4.25,1.11,1.12,39690.67,16718188.45,34359.97297352844,Owner,16,1,2,2,2,0,0,0,0,0,0,1,0,0,0,0,0,0,0,0,0.108426815728014,0.1260206457621857,0.1904761904761904,0.4736842105263157,0.35,1.0,1.0,0.2,0.4,0.4,0.1111111111111111,1.0,1.0,1.0,1.0,1.0,1.0,0.2416506418346788,0.0,0.2624999999999999,0.3366583541147132,0.3285198555956679,0.2,0.9139197985760472,0.1363636363636363,0.0,0.0,0.0,0.0,0.0,0.0,0.0,1.0,0.0,0.0,0.0,0.0,0.0,0.0,0.0,0.0,0.3076923076923077,0.6703623587106826,243.28
2 BHK,723.26,854.07,8,8,10,1,Fully Furnished,1,2,1,1,4,Granite,1,1,1,0,0,Covered,1,Borewell,2023.09,Aundh,411007,Standalone,3.7,4.16,1.63,1.51,39138.54,8027343.7,11098.835411885077,Broker,27,2,2,2,2,1,0,0,0,0,0,0,0,0,0,0,0,0,0,0,0.2217064206133466,0.2163225706302391,0.3809523809523809,0.2105263157894736,0.5,1.0,1.0,0.2,0.2,0.2,0.3333333333333333,1.0,1.0,1.0,0.0,0.0,1.0,0.1403327810694338,0.107142857143117,0.4861111111111111,0.3291770573566084,0.516245487364621,0.3560000000000001,0.1954874190332292,0.2363636363636363,0.5,1.0,0.0,0.0,0.0,0.0,0.0,0.0,0.0,0.0,0.0,0.0,0.0,0.0,0.0,0.0,1.0,0.558626153985925,361.63
2 BHK,588.18,702.81,5,10,10,1,Unfurnished,0,2,2,1,3,Granite,1,1,1,1,0,Covered,1,Borewell,2283.02,Kharadi,411014,Society,3.68,2.12,2.21,1.76,20313.3,5539028.48,9417.233635961782,Owner,58,2,0,2,2,0,0,0,0,0,1,0,0,0,0,0,0,0,0,0,0.1570599946399172,0.1576218565662838,0.238095238095238,0.3157894736842105,0.5,1.0,0.0,0.2,0.4,0.2,0.2222222222222222,1.0,1.0,1.0,1.0,0.0,1.0,0.1701561790069347,0.232142857143117,0.4833333333333334,0.1596009975062344,0.7256317689530686,0.456,0.1435531733785335,0.5181818181818182,0.5,0.0,0.0,0.0,0.0,0.0,1.0,0.0,0.0,0.0,0.0,0.0,0.0,0.0,0.0,0.0,0.5,0.5884186343712099,294.09
1 BHK,469.21,517.75,0,12,7,1,Semi-Furnished,1,3,1,1,2,Marble,0,0,1,1,1,Bike,1,Corporation + Borewell,2460.87,Kalyani Nagar,411006,Standalone,1.89,5.28,1.33,1.19,27250.93,12436272.89,26504.7055476226,Owner,58,1,1,1,1,0,0,0,0,1,0,0,0,0,0,0,0,0,0,0,0.1001234733335885,0.0858040981061782,0.0,0.4210526315789473,0.35,1.0,1.0,0.4000000000000001,0.2,0.2,0.1111111111111111,0.0,0.0,1.0,1.0,1.0,1.0,0.1905620241313317,0.089285714286234,0.2347222222222222,0.4222776392352452,0.407942238267148,0.2279999999999999,0.6713184596206994,0.5181818181818182,0.0,0.0,0.0,0.0,0.0,1.0,0.0,0.0,0.0,0.0,0.0,0.0,0.0,0.0,0.0,0.0,0.0,0.6438196908147849,469.21
1 BHK,450.99,573.61,17,17,11,1,Semi-Furnished,1,1,2,0,2,Granite,1,1,0,0,0,Covered,1,Municipal,1968.87,Nigdi,411044,Society,3.82,10.12,1.37,2.35,13713.96,5067518.17,11236.431339941018,Owner,13,3,1,1,1,0,0,0,0,0,0,0,0,0,1,0,0,0,0,0,0.0914037673724108,0.1074821484011177,0.8095238095238095,0.6842105263157894,0.55,1.0,1.0,0.0,0.4,0.0,0.1111111111111111,1.0,1.0,0.0,0.0,0.0,1.0,0.1341117806609726,0.7678571428577925,0.5027777777777778,0.824605153782211,0.4223826714801444,0.6920000000000001,0.1997369776770768,0.109090909090909,1.0,0.0,0.0,0.0,0.0,0.0,0.0,0.0,0.0,0.0,1.0,0.0,0.0,0.0,0.0,0.0,1.0,0.3010350765256735,450.99
3 BHK,1128.6,1385.53,10,15,5,1,Semi-Furnished,1,3,2,2,6,Wooden,0,1,1,0,0,Not Specified,0,Tanker,4121.34,Viman Nagar,411014,Standalone,2.72,5.64,1.84,1.56,38763.25,17376160.36,15396.208009923801,Broker,22,2,1,3,3,0,0,0,0,0,0,0,0,0,0,0,0,0,1,0,0.4156935564148703,0.4225706302390562,0.4761904761904761,0.5789473684210527,0.25,1.0,1.0,0.4000000000000001,0.4,0.4,0.5555555555555556,0.0,1.0,1.0,0.0,0.0,0.0,0.381078153755777,0.232142857143117,0.35,0.4522028262676641,0.5920577617328521,0.3760000000000001,0.3282185642613323,0.1909090909090909,0.5,0.0,0.0,0.0,0.0,0.0,0.0,0.0,0.0,0.0,0.0,0.0,0.0,0.0,1.0,0.0,0.6666666666666666,0.5570904510397561,376.2
2 BHK,660.84,727.87,4,12,2,1,Semi-Furnished,1,3,2,1,3,Granite,1,0,1,1,0,Covered,1,Borewell,2802.9,Viman Nagar,411014,Society,2.61,5.59,1.52,1.38,29616.99,5563088.27,8418.207538889897,Owner,12,2,1,2,2,0,0,0,0,0,0,0,0,0,0,0,0,0,1,0,0.1918335311459091,0.1673470971747904,0.1904761904761904,0.4210526315789473,0.1,1.0,1.0,0.4000000000000001,0.4,0.2,0.2222222222222222,1.0,0.0,1.0,1.0,0.0,1.0,0.2298052696072807,0.232142857143117,0.3347222222222222,0.4480465502909392,0.4765342960288808,0.3039999999999999,0.1126953055024665,0.0999999999999999,0.5,0.0,0.0,0.0,0.0,0.0,0.0,0.0,0.0,0.0,0.0,0.0,0.0,0.0,1.0,0.0,0.3333333333333333,0.5826389443723867,330.42
2 BHK,865.93,1076.42,5,15,3,1,Unfurnished,0,2,3,1,3,Granite,1,1,0,0,0,Covered,0,Municipal,3307.45,Aundh,411007,Society,2.04,4.87,1.1,2.04,23193.86,14504547.56,16750.254131396305,Broker,10,2,0,2,2,1,0,0,0,0,0,0,0,0,0,0,0,0,0,0,0.2899852597725793,0.3026117665321329,0.238095238095238,0.5789473684210527,0.15,1.0,0.0,0.2,0.6000000000000001,0.2,0.2222222222222222,1.0,1.0,0.0,0.0,0.0,0.0,0.2876954532312027,0.107142857143117,0.2555555555555555,0.3881961762261013,0.3249097472924188,0.5680000000000001,0.3700402254900629,0.0818181818181818,0.5,1.0,0.0,0.0,0.0,0.0,0.0,0.0,0.0,0.0,0.0,0.0,0.0,0.0,0.0,0.0,0.3333333333333333,0.5574256752506956,432.965
4 BHK,1267.84,1373.19,5,9,11,1,Unfurnished,0,4,4,2,8,Ceramic,1,1,0,1,0,Open,1,Municipal,3472.5,Wakad,411057,Society,4.29,3.77,1.75,2.56,20755.92,8514266.62,6715.568699520444,Broker,18,3,0,4,4,0,0,0,0,0,0,0,0,0,0,0,0,0,0,1,0.4823308702477123,0.4177817447997518,0.238095238095238,0.2631578947368421,0.55,1.0,0.0,0.6000000000000001,0.8,0.4,0.7777777777777777,1.0,1.0,0.0,1.0,0.0,1.0,0.3066326741352327,1.0,0.5680555555555555,0.2967581047381545,0.5595667870036102,0.776,0.0601099900301073,0.1545454545454545,1.0,0.0,0.0,0.0,0.0,0.0,0.0,0.0,0.0,0.0,0.0,0.0,0.0,0.0,0.0,1.0,0.5555555555555556,0.43049968957573215,316.96
1 BHK,353.98,393.96,3,11,12,1,Semi-Furnished,0,1,0,0,1,Ceramic,0,0,1,1,0,Covered,1,Municipal,1186.19,Aundh,411007,Standalone,3.87,3.69,1.15,1.24,7500.0,3068862.86,8669.593931860556,Broker,23,2,1,1,1,1,0,0,0,0,0,0,0,0,0,0,0,0,0,0,0.0449768367854818,0.0377638932008693,0.1428571428571428,0.368421052631579,0.6000000000000001,1.0,0.0,0.0,0.0,0.0,0.0,0.0,0.0,1.0,1.0,0.0,1.0,0.0443099990362153,0.107142857143117,0.5097222222222223,0.2901080631753948,0.3429602888086642,0.248,0.1204605793903663,0.1999999999999999,0.5,1.0,0.0,0.0,0.0,0.0,0.0,0.0,0.0,0.0,0.0,0.0,0.0,0.0,0.0,0.0,0.2727272727272727,0.5926246801553425,353.98
4 BHK,1242.52,1386.54,4,8,0,1,Semi-Furnished,1,5,4,3,4,Ceramic,1,0,0,1,0,Not Specified,1,Municipal,4974.6,Aundh,411007,Society,3.39,4.2,1.39,1.81,38737.13,13241152.34,10656.691514019894,Owner,12,2,1,4,4,1,0,0,0,0,0,0,0,0,0,0,0,0,0,0,0.4702132547187871,0.4229625892579945,0.1904761904761904,0.2105263157894736,0.0,1.0,1.0,0.8,0.8,0.6000000000000001,0.3333333333333333,1.0,0.0,0.0,1.0,0.0,1.0,0.4789780211206522,0.107142857143117,0.4430555555555556,0.3325020781379883,0.4296028880866426,0.4760000000000001,0.1818334842612829,0.0999999999999999,0.5,1.0,0.0,0.0,0.0,0.0,0.0,0.0,0.0,0.0,0.0,0.0,0.0,0.0,0.0,0.0,0.5,0.5394486205810818,310.63
4 BHK,1190.67,1320.19,12,13,12,1,Unfurnished,0,4,3,3,5,Vitrified,0,0,0,0,0,Open,1,Borewell,3202.85,Pimple Saudagar,411027,Society,3.5,5.89,1.46,1.73,25035.37,9820154.92,8247.587425567117,Builder,18,3,0,4,4,0,0,0,0,0,0,0,0,0,0,1,0,0,0,0,0.4453989432979824,0.3972135982614096,0.5714285714285714,0.4736842105263157,0.6000000000000001,1.0,0.0,0.6000000000000001,0.6000000000000001,0.6000000000000001,0.4444444444444445,0.0,0.0,0.0,0.0,0.0,1.0,0.2756940396803906,0.464285714286234,0.4583333333333333,0.4729842061512883,0.4548736462093863,0.444,0.107426519914459,0.1545454545454545,1.0,0.0,0.0,0.0,0.0,0.0,0.0,0.0,0.0,0.0,0.0,1.0,0.0,0.0,0.0,0.0,0.9230769230769231,0.49697907700769517,297.6675
4 BHK,1172.43,1488.08,4,9,4,1,Semi-Furnished,1,6,4,3,5,Granite,1,1,1,1,0,Stilt,1,Municipal,4438.91,Viman Nagar,411014,Society,2.5,5.47,1.39,1.27,44627.44,9930225.31,8469.780976262975,Broker,18,2,1,4,4,0,0,0,0,0,0,0,0,0,0,0,0,0,1,0,0.4366696657605575,0.4623680533995654,0.1904761904761904,0.2631578947368421,0.2,1.0,1.0,1.0000000000000002,0.8,0.6000000000000001,0.4444444444444445,1.0,1.0,1.0,1.0,0.0,1.0,0.4175149501356183,0.232142857143117,0.3194444444444444,0.4380714879467995,0.4296028880866426,0.26,0.1142899323851023,0.1545454545454545,0.5,0.0,0.0,0.0,0.0,0.0,0.0,0.0,0.0,0.0,0.0,0.0,0.0,0.0,1.0,0.0,0.4444444444444444,0.602616682032054,293.1075
3 BHK,955.9,1048.59,18,18,0,1,Unfurnished,1,4,2,1,5,Vitrified,1,1,1,1,1,Stilt,0,Corporation + Borewell,4359.32,Viman Nagar,411014,Society,2.89,4.4,1.87,1.69,48061.8,8775194.05,9180.03352861178,Owner,22,2,0,3,3,0,0,0,0,0,0,0,0,0,0,0,0,0,1,0,0.3330429955205023,0.2918115492083204,0.8571428571428571,0.7368421052631579,0.0,1.0,1.0,0.6000000000000001,0.4,0.2,0.4444444444444445,1.0,1.0,1.0,1.0,1.0,0.0,0.4083830906278827,0.232142857143117,0.3736111111111111,0.3491271820448877,0.6028880866425993,0.428,0.1362252405066732,0.1909090909090909,0.5,0.0,0.0,0.0,0.0,0.0,0.0,0.0,0.0,0.0,0.0,0.0,0.0,0.0,1.0,0.0,1.0,0.569340579336491,318.6333333333333
2 BHK,660.9,714.97,6,9,10,1,Semi-Furnished,1,2,3,1,2,Granite,1,1,0,1,0,Covered,1,Municipal,2711.75,Kharadi,411014,Society,3.57,1.74,2.11,2.23,31848.96,8284061.01,12534.515070358602,Broker,35,2,1,2,2,0,0,0,0,0,1,0,0,0,0,0,0,0,0,0,0.1918622458746506,0.1623408879230053,0.2857142857142857,0.2631578947368421,0.5,1.0,1.0,0.2,0.6000000000000001,0.2,0.1111111111111111,1.0,1.0,0.0,1.0,0.0,1.0,0.2193470588505262,0.232142857143117,0.4680555555555555,0.1280133000831255,0.6895306859205776,0.644,0.2398342922302786,0.3090909090909091,0.5,0.0,0.0,0.0,0.0,0.0,1.0,0.0,0.0,0.0,0.0,0.0,0.0,0.0,0.0,0.0,0.6666666666666666,0.5535169596289793,330.45
1 BHK,453.61,552.74,8,10,7,1,Fully Furnished,1,2,1,1,1,Ceramic,1,1,0,1,0,Stilt,1,Tanker,1904.65,Koregaon Park,411001,Society,2.04,3.95,0.85,1.57,38320.96,15393405.54,33935.33109940257,Owner,20,1,2,1,1,0,0,0,0,0,0,1,0,0,0,0,0,0,0,0,0.092657643860791,0.0993829556038497,0.3809523809523809,0.3157894736842105,0.35,1.0,1.0,0.2,0.2,0.2,0.0,1.0,1.0,0.0,1.0,0.0,1.0,0.1267434175803498,0.0,0.2555555555555555,0.311720698254364,0.2346570397111913,0.3800000000000001,0.9008035832313078,0.1727272727272727,0.0,0.0,0.0,0.0,0.0,0.0,0.0,1.0,0.0,0.0,0.0,0.0,0.0,0.0,0.0,0.0,0.8,0.6327143027674507,453.61
2 BHK,648.03,785.5,10,13,4,1,Semi-Furnished,1,3,2,1,4,Vitrified,1,1,0,0,0,Open,0,Corporation + Borewell,2288.33,Kharadi,411014,Standalone,4.14,1.66,1.95,2.43,23083.14,8760353.88,13518.438775982595,Broker,21,2,1,2,2,0,0,0,0,0,1,0,0,0,0,0,0,0,0,0,0.1857029365595926,0.1897120459484632,0.4761904761904761,0.4736842105263157,0.2,1.0,1.0,0.4000000000000001,0.4,0.2,0.3333333333333333,1.0,1.0,0.0,0.0,0.0,0.0,0.1707654285858525,0.232142857143117,0.5472222222222222,0.1213632585203657,0.631768953068592,0.7240000000000001,0.2702202271455345,0.1818181818181818,0.5,0.0,0.0,0.0,0.0,0.0,1.0,0.0,0.0,0.0,0.0,0.0,0.0,0.0,0.0,0.0,0.7692307692307693,0.5086541932208326,324.015
3 BHK,1084.17,1360.0,5,16,1,1,Fully Furnished,1,4,3,2,4,Vitrified,1,1,0,0,0,Covered,1,Municipal,3303.86,Hinjewadi,411057,Standalone,6.5,1.69,1.85,2.47,34840.08,9439654.08,8706.802512521099,Owner,43,3,2,3,3,0,0,0,1,0,0,0,0,0,0,0,0,0,0,0,0.3944302997817681,0.4126629928593605,0.238095238095238,0.631578947368421,0.05,1.0,1.0,0.6000000000000001,0.6000000000000001,0.4,0.3333333333333333,1.0,1.0,0.0,0.0,0.0,1.0,0.2872835500318967,1.0,0.875,0.1238570241064006,0.5956678700361011,0.7400000000000001,0.1216092172707697,0.3818181818181818,1.0,0.0,0.0,0.0,1.0,0.0,0.0,0.0,0.0,0.0,0.0,0.0,0.0,0.0,0.0,0.0,0.3125,0.39725672115287813,361.39000000000004
1 BHK,545.7,656.3,19,20,14,1,Semi-Furnished,1,1,0,0,1,Marble,1,1,0,0,0,Open,1,Tanker,2415.87,Aundh,411007,Society,3.73,5.06,1.31,1.44,17978.28,5352077.05,9807.727780831958,Owner,22,2,1,1,1,1,0,0,0,0,0,0,0,0,0,0,0,0,0,0,0.1367299666909147,0.1395723377832971,0.9047619047619048,0.8421052631578947,0.7000000000000001,1.0,1.0,0.0,0.0,0.0,0.0,1.0,1.0,0.0,0.0,0.0,1.0,0.1853988921066037,0.107142857143117,0.4902777777777778,0.4039900249376558,0.4007220216606498,0.3279999999999999,0.1556155698343416,0.1909090909090909,0.5,1.0,0.0,0.0,0.0,0.0,0.0,0.0,0.0,0.0,0.0,0.0,0.0,0.0,0.0,0.0,0.95,0.540223590468889,545.7
1 BHK,359.66,435.57,6,9,7,1,Semi-Furnished,1,1,0,1,2,Vitrified,1,1,1,0,1,Covered,1,Municipal,1726.47,Baner,411045,Society,3.43,3.89,1.92,2.26,27055.11,8052872.53,22390.236695768224,Broker,15,1,1,1,1,0,1,0,0,0,0,0,0,0,0,0,0,0,0,0,0.0476951644396799,0.0539118286246507,0.2857142857142857,0.2631578947368421,0.35,1.0,1.0,0.0,0.0,0.2,0.1111111111111111,1.0,1.0,1.0,0.0,1.0,1.0,0.1062997094877714,0.7857142857146755,0.4486111111111111,0.3067331670822942,0.6209386281588447,0.6559999999999999,0.5442418619361359,0.1272727272727272,0.0,0.0,1.0,0.0,0.0,0.0,0.0,0.0,0.0,0.0,0.0,0.0,0.0,0.0,0.0,0.0,0.6666666666666666,0.49801906441317734,359.66
1 BHK,466.08,523.33,11,12,15,1,Semi-Furnished,1,1,0,1,1,Vitrified,1,1,0,1,1,Covered,0,Municipal,2486.09,Baner,411045,Society,2.45,3.76,1.54,1.94,19459.09,11389414.55,24436.608629419843,Owner,60,1,1,1,1,0,1,0,0,0,0,0,0,0,0,0,0,0,0,0,0.0986255216509054,0.0879695746662527,0.5238095238095237,0.4210526315789473,0.75,1.0,1.0,0.0,0.0,0.2,0.0,1.0,1.0,0.0,1.0,1.0,0.0,0.1934556727905237,0.7857142857146755,0.3125,0.2959268495428095,0.483754512635379,0.528,0.6074317704775047,0.5363636363636364,0.0,0.0,1.0,0.0,0.0,0.0,0.0,0.0,0.0,0.0,0.0,0.0,0.0,0.0,0.0,0.0,0.9166666666666666,0.5798944425273125,466.08
2 BHK,446.05,490.28,9,11,9,1,Semi-Furnished,1,3,2,0,3,Ceramic,0,0,0,1,0,Covered,1,Corporation + Borewell,2249.69,Shivajinagar,411005,Society,0.71,6.59,1.05,1.46,17844.57,4691316.24,10517.467189776931,Broker,27,2,1,2,2,0,0,0,0,0,0,0,0,0,0,0,0,1,0,0,0.0890395880393583,0.0751435889475318,0.4285714285714285,0.368421052631579,0.45,1.0,1.0,0.4000000000000001,0.4,0.0,0.2222222222222222,0.0,0.0,0.0,1.0,0.0,1.0,0.1663320192206195,0.071428571429351,0.0708333333333333,0.5311720698254363,0.3068592057761733,0.3359999999999999,0.1775311111303288,0.2363636363636363,0.5,0.0,0.0,0.0,0.0,0.0,0.0,0.0,0.0,0.0,0.0,0.0,0.0,1.0,0.0,0.0,0.8181818181818182,0.6324221384728335,223.025
3 BHK,1196.43,1347.55,3,11,11,1,Semi-Furnished,1,4,3,1,5,Vitrified,1,1,0,1,0,Open,0,Municipal,4335.72,Kharadi,411014,Society,4.1,2.2,2.67,1.79,52509.84,12127234.96,10136.184281571008,Owner,48,2,1,3,3,0,0,0,0,0,1,0,0,0,0,0,0,0,0,0,0.4481555572571691,0.407831418814033,0.1428571428571428,0.368421052631579,0.55,1.0,1.0,0.6000000000000001,0.6000000000000001,0.2,0.4444444444444445,1.0,1.0,0.0,1.0,0.0,0.0,0.405675314721581,0.232142857143117,0.5416666666666666,0.1662510390689941,0.8916967509025271,0.4680000000000001,0.1657584222119819,0.4272727272727272,0.5,0.0,0.0,0.0,0.0,0.0,1.0,0.0,0.0,0.0,0.0,0.0,0.0,0.0,0.0,0.0,0.2727272727272727,0.5641141566121124,398.81
3 BHK,1534.4,1895.77,6,11,12,1,Unfurnished,1,4,3,2,4,Granite,1,1,1,1,0,Open,0,Corporation + Borewell,3377.82,Magarpatta,411013,Society,4.37,1.95,1.69,2.38,43239.25,11398049.98,7428.343313347236,Owner,25,3,0,3,3,0,0,0,0,0,0,0,0,1,0,0,0,0,0,0,0.6099008384700794,0.6205836696678051,0.2857142857142857,0.368421052631579,0.6000000000000001,1.0,1.0,0.6000000000000001,0.6000000000000001,0.4,0.3333333333333333,1.0,1.0,1.0,1.0,0.0,0.0,0.2957694443552051,0.214285714286234,0.5791666666666667,0.1454696591853699,0.5379061371841155,0.704,0.0821240565973633,0.2181818181818181,1.0,0.0,0.0,0.0,0.0,0.0,0.0,0.0,0.0,1.0,0.0,0.0,0.0,0.0,0.0,0.0,0.5454545454545454,0.4957316521502949,511.4666666666667
2 BHK,503.84,608.58,8,22,9,1,Semi-Furnished,0,3,2,1,3,Marble,0,0,0,0,1,Open,0,Municipal,1433.43,Pimple Saudagar,411027,Society,3.97,4.86,1.69,1.68,14382.53,3328046.72,6605.364242616704,Broker,26,3,1,2,2,0,0,0,0,0,0,0,0,0,0,1,0,0,0,0,0.1166966576055744,0.1210532443340577,0.3809523809523809,0.9473684210526316,0.45,1.0,0.0,0.4000000000000001,0.4,0.2,0.2222222222222222,0.0,0.0,0.0,0.0,1.0,0.0,0.0726773937427429,0.464285714286234,0.5236111111111111,0.3873649210307564,0.5379061371841155,0.424,0.0567051543233136,0.2272727272727272,1.0,0.0,0.0,0.0,0.0,0.0,0.0,0.0,0.0,0.0,0.0,1.0,0.0,0.0,0.0,0.0,0.36363636363636365,0.5092228306046784,251.92
1 BHK,457.54,559.92,9,14,8,1,Unfurnished,0,1,1,0,1,Ceramic,0,0,1,0,0,Covered,0,Municipal,1142.83,Pune Camp,411001,Society,1.55,6.69,1.84,1.88,7500.0,2800000.0,6119.68352493771,Owner,40,3,0,1,1,0,0,0,0,0,0,0,0,0,0,0,1,0,0,0,0.0945384585933611,0.1021693573424402,0.4285714285714285,0.5263157894736842,0.4,1.0,0.0,0.0,0.2,0.0,0.0,0.0,0.0,1.0,0.0,0.0,0.0,0.0393350344897219,0.0,0.1875,0.5394846217788861,0.5920577617328521,0.504,0.041704604558477,0.3545454545454545,1.0,0.0,0.0,0.0,0.0,0.0,0.0,0.0,0.0,0.0,0.0,0.0,1.0,0.0,0.0,0.0,0.6428571428571429,0.5469869674693877,457.54
1 BHK,366.16,442.86,15,17,11,1,Fully Furnished,0,1,0,0,2,Granite,1,1,0,0,0,Covered,0,Municipal,1251.84,Hadapsar,411028,Society,5.09,2.13,2.42,1.93,11120.43,2800000.0,7646.930303692375,Owner,13,3,2,1,1,0,0,1,0,0,0,0,0,0,0,0,0,0,0,0,0.0508059267200122,0.0567409189692642,0.7142857142857142,0.6842105263157894,0.55,1.0,0.0,0.0,0.0,0.0,0.1111111111111111,1.0,1.0,0.0,0.0,0.0,0.0,0.0518424349789573,0.482142857143117,0.6791666666666667,0.1604322527015793,0.8014440433212996,0.524,0.088872883250951,0.109090909090909,1.0,0.0,0.0,1.0,0.0,0.0,0.0,0.0,0.0,0.0,0.0,0.0,0.0,0.0,0.0,0.0,0.8823529411764706,0.5064701738659221,366.16
3 BHK,1043.11,1253.78,2,12,8,1,Fully Furnished,1,3,3,1,3,Wooden,1,1,1,1,1,Covered,1,Municipal,3113.98,Kothrud,411038,Society,1.76,8.04,1.03,1.57,33000.68,9148869.8,8770.762239840478,Broker,33,2,2,3,3,0,0,0,0,0,0,0,1,0,0,0,0,0,0,0,0.3747798537463149,0.3714413225706303,0.0952380952380952,0.4210526315789473,0.4,1.0,1.0,0.4000000000000001,0.6000000000000001,0.2,0.2222222222222222,1.0,1.0,1.0,1.0,1.0,1.0,0.265497427612889,0.6607142857146755,0.2166666666666666,0.6517040731504571,0.2996389891696751,0.3800000000000001,0.123585282115841,0.2909090909090909,0.5,0.0,0.0,0.0,0.0,0.0,0.0,0.0,1.0,0.0,0.0,0.0,0.0,0.0,0.0,0.0,0.16666666666666666,0.5338523991631106,347.7033333333333
3 BHK,935.17,1088.98,13,13,11,1,Semi-Furnished,0,5,3,2,4,Vitrified,1,1,0,0,1,Covered,0,Corporation + Borewell,3109.68,Wakad,411057,Society,4.78,2.11,1.99,2.42,28710.53,6502919.02,6953.729289861736,Owner,52,3,1,3,3,0,0,0,0,0,0,0,0,0,0,0,0,0,0,1,0.323122056740304,0.3074860291834834,0.6190476190476191,0.4736842105263157,0.55,1.0,0.0,0.8,0.6000000000000001,0.4,0.3333333333333333,1.0,1.0,0.0,0.0,1.0,0.0,0.2650040616638594,1.0,0.6361111111111112,0.1587697423108894,0.6462093862815884,0.72,0.067465411143795,0.4636363636363636,1.0,0.0,0.0,0.0,0.0,0.0,0.0,0.0,0.0,0.0,0.0,0.0,0.0,0.0,0.0,1.0,1.0,0.4686288181382213,311.7233333333333
2 BHK,550.25,696.55,14,14,7,1,Semi-Furnished,1,2,1,1,3,Marble,1,1,0,1,0,Covered,1,Borewell,2403.49,Wakad,411057,Society,4.06,3.55,1.96,1.93,12202.92,5726080.61,10406.325506587915,Owner,20,3,1,2,2,0,0,0,0,0,0,0,0,0,0,0,0,0,0,1,0.1389075002871472,0.1551924868053399,0.6666666666666666,0.5263157894736842,0.35,1.0,1.0,0.2,0.2,0.2,0.2222222222222222,1.0,1.0,0.0,1.0,0.0,1.0,0.1839784571184675,1.0,0.5361111111111111,0.2784704904405652,0.6353790613718412,0.524,0.1741018757482052,0.1727272727272727,1.0,0.0,0.0,0.0,0.0,0.0,0.0,0.0,0.0,0.0,0.0,0.0,0.0,0.0,0.0,1.0,1.0,0.5141639264901736,275.125
1 BHK,428.69,527.54,3,16,4,1,Semi-Furnished,1,2,2,0,2,Not Specified,1,1,0,0,0,Bike,0,Tanker,800.0,Wakad,411057,Society,5.71,3.21,2.1,2.4,18560.7,3812354.63,8893.033730667848,Builder,18,3,1,1,1,0,0,0,0,0,0,0,0,0,0,0,0,0,0,1,0.0807314598568092,0.0896033840422229,0.1428571428571428,0.631578947368421,0.2,1.0,1.0,0.2,0.4,0.0,0.1111111111111111,1.0,1.0,0.0,0.0,0.0,0.0,0.0,1.0,0.7652777777777778,0.2502078137988362,0.6859205776173286,0.712,0.1273641432254764,0.1545454545454545,1.0,0.0,0.0,0.0,0.0,0.0,0.0,0.0,0.0,0.0,0.0,0.0,0.0,0.0,0.0,1.0,0.1875,0.39889275715113814,428.69
1 BHK,326.67,375.99,1,12,7,1,Fully Furnished,1,1,1,1,2,Vitrified,1,1,1,1,0,Covered,1,Borewell,800.0,Baner,411045,Society,3.17,2.79,2.21,2.04,13116.02,10867354.58,33267.07251966817,Owner,9,1,2,1,1,0,1,0,0,0,0,0,0,0,0,0,0,0,0,0,0.0319068494199624,0.0307901272896616,0.0476190476190476,0.4210526315789473,0.35,1.0,1.0,0.0,0.2,0.2,0.1111111111111111,1.0,1.0,1.0,1.0,0.0,1.0,0.0,0.7857142857146755,0.4125,0.2152950955943474,0.7256317689530686,0.5680000000000001,0.8801654730386678,0.0727272727272727,0.0,0.0,1.0,0.0,0.0,0.0,0.0,0.0,0.0,0.0,0.0,0.0,0.0,0.0,0.0,0.0,0.08333333333333333,0.5632159708611058,326.67
1 BHK,431.97,492.74,8,14,4,1,Fully Furnished,1,1,1,1,1,Vitrified,0,0,0,0,0,Covered,1,Municipal,2312.02,Kalyani Nagar,411006,Standalone,1.95,4.08,0.87,1.14,38339.97,10041376.07,23245.540361599185,Broker,54,1,2,1,1,0,0,0,0,1,0,0,0,0,0,0,0,0,0,0,0.0823011983613461,0.0760982614095001,0.3809523809523809,0.5263157894736842,0.2,1.0,1.0,0.0,0.2,0.2,0.0,0.0,0.0,0.0,0.0,0.0,1.0,0.1734835307562038,0.089285714286234,0.2430555555555555,0.3225270157938487,0.2418772563176895,0.2079999999999999,0.5706420017864269,0.4818181818181818,0.0,0.0,0.0,0.0,0.0,1.0,0.0,0.0,0.0,0.0,0.0,0.0,0.0,0.0,0.0,0.0,0.5714285714285714,0.6791653279797187,431.97
5 BHK,1358.55,962.365,4,12,1,1,Semi-Furnished,1,5,4,3,7,Ceramic,0,0,0,0,0,Covered,0,Municipal,4431.88,Hadapsar,411028,Standalone,6.25,2.62,2.14,2.25,50689.52,10851618.56,7987.647535975857,Broker,65,3,1,5,5,0,0,1,0,0,0,0,0,0,0,0,0,0,0,0,0.525742754316781,0.2583495032598572,0.1904761904761904,0.4210526315789473,0.05,1.0,1.0,0.8,0.8,0.6000000000000001,0.6666666666666665,0.0,0.0,0.0,0.0,0.0,0.0,0.4167083541770885,0.482142857143117,0.8402777777777778,0.2011637572734829,0.700361010830325,0.652,0.0993987178742756,0.5818181818181818,1.0,0.0,0.0,1.0,0.0,0.0,0.0,0.0,0.0,0.0,0.0,0.0,0.0,0.0,0.0,0.0,0.3333333333333333,0.40667474978595175,271.71
2 BHK,660.94,817.52,6,9,0,1,Fully Furnished,1,2,2,2,3,Granite,1,1,1,0,1,Open,1,Municipal,4364.05,Baner,411045,Standalone,2.25,3.2,1.75,1.87,62399.84,20962205.6,31715.746663842405,Broker,19,1,2,2,2,0,1,0,0,0,0,0,0,0,0,0,0,0,0,0,0.191881389027145,0.2021383110835145,0.2857142857142857,0.2631578947368421,0.0,1.0,1.0,0.2,0.4,0.4,0.2222222222222222,1.0,1.0,1.0,0.0,1.0,1.0,0.4089257931718152,0.7857142857146755,0.2847222222222222,0.2493765586034912,0.5595667870036102,0.5000000000000001,0.8322503789671093,0.1636363636363636,0.0,0.0,1.0,0.0,0.0,0.0,0.0,0.0,0.0,0.0,0.0,0.0,0.0,0.0,0.0,0.0,0.6666666666666666,0.611645098460307,330.47
3 BHK,967.62,1181.46,5,7,7,1,Unfurnished,0,4,4,1,6,Wooden,1,1,0,0,0,Covered,1,Corporation + Borewell,3939.64,Kharadi,411014,Society,4.23,1.42,2.04,2.23,35633.39,14435786.23,14918.858880552283,Broker,28,2,0,3,3,0,0,0,0,0,1,0,0,0,0,0,0,0,0,0,0.3386519392013477,0.3433755045017076,0.238095238095238,0.1578947368421052,0.35,1.0,0.0,0.6000000000000001,0.8,0.2,0.5555555555555556,1.0,1.0,0.0,0.0,0.0,1.0,0.3602305740025976,0.232142857143117,0.5597222222222223,0.1014131338320864,0.6642599277978339,0.644,0.3134756009423834,0.2454545454545454,0.5,0.0,0.0,0.0,0.0,0.0,1.0,0.0,0.0,0.0,0.0,0.0,0.0,0.0,0.0,0.0,0.7142857142857143,0.5325089524394511,322.54
2 BHK,837.7,923.02,6,9,8,1,Semi-Furnished,1,2,4,1,3,Ceramic,1,1,0,0,1,Covered,0,Corporation + Borewell,3810.88,Aundh,411007,Society,5.06,3.67,2.04,1.67,43119.96,7636738.21,9116.31635430345,Owner,17,2,1,2,2,1,0,0,0,0,0,0,0,0,0,0,0,0,0,0,0.2764749798996899,0.2430805650419125,0.2857142857142857,0.2631578947368421,0.4,1.0,1.0,0.2,0.8,0.2,0.2222222222222222,1.0,1.0,0.0,0.0,1.0,0.0,0.3454571322358427,0.107142857143117,0.6749999999999999,0.2884455527847048,0.6642599277978339,0.42,0.1342599856443429,0.1454545454545454,0.5,1.0,0.0,0.0,0.0,0.0,0.0,0.0,0.0,0.0,0.0,0.0,0.0,0.0,0.0,0.0,0.6666666666666666,0.4936260132703305,418.85
4 BHK,1509.5,1890.17,3,8,16,1,Semi-Furnished,1,4,4,3,6,Marble,1,1,1,1,1,Bike,1,Municipal,6936.51,Baner,411045,Society,3.59,4.33,2.15,2.28,67341.95,17974206.62,11907.390937396489,Owner,25,1,1,4,4,0,1,0,0,0,0,0,0,0,0,0,0,0,0,0,0.5979842260423447,0.6184104315429992,0.1428571428571428,0.2105263157894736,0.8,1.0,1.0,0.6000000000000001,0.8,0.6000000000000001,0.5555555555555556,1.0,1.0,1.0,1.0,1.0,1.0,0.7040802511347417,0.7857142857146755,0.4708333333333333,0.3433083956774729,0.703971119133574,0.6639999999999999,0.2204631120148943,0.2181818181818181,0.0,0.0,1.0,0.0,0.0,0.0,0.0,0.0,0.0,0.0,0.0,0.0,0.0,0.0,0.0,0.0,0.375,0.47668273657644067,377.375
3 BHK,1036.97,1325.76,0,18,12,1,Semi-Furnished,1,3,2,2,5,Ceramic,1,0,0,1,0,Covered,0,Tanker,2834.71,Magarpatta,411013,Society,5.15,1.71,2.53,2.61,21103.83,6654305.84,6417.066877537441,Owner,50,3,1,3,3,0,0,0,0,0,0,0,0,1,0,0,0,0,0,0,0.3718413798384318,0.3993751940391183,0.0,0.7368421052631579,0.6000000000000001,1.0,1.0,0.4000000000000001,0.4,0.4,0.4444444444444445,1.0,0.0,0.0,1.0,0.0,0.0,0.2334550302674273,0.214285714286234,0.6875000000000001,0.1255195344970905,0.8411552346570397,0.796,0.0508893836086069,0.4454545454545454,1.0,0.0,0.0,0.0,0.0,0.0,0.0,0.0,0.0,1.0,0.0,0.0,0.0,0.0,0.0,0.0,0.0,0.4425651593476614,345.6566666666667
2 BHK,756.01,873.45,11,12,7,1,Semi-Furnished,1,2,2,1,3,Marble,1,1,0,0,0,Stilt,1,Borewell,1972.34,Pimple Saudagar,411027,Society,3.92,5.71,1.57,2.27,28517.4,6610536.08,8743.979682808429,Owner,13,3,1,2,2,0,0,0,0,0,0,0,0,0,0,1,0,0,0,0,0.2373798767180979,0.223843526855014,0.5238095238095237,0.4210526315789473,0.35,1.0,1.0,0.2,0.4,0.2,0.2222222222222222,1.0,1.0,0.0,0.0,0.0,1.0,0.1345099155082128,0.464285714286234,0.5166666666666667,0.4580216126350789,0.4945848375451264,0.66,0.1227569285812237,0.109090909090909,1.0,0.0,0.0,0.0,0.0,0.0,0.0,0.0,0.0,0.0,0.0,1.0,0.0,0.0,0.0,0.0,0.9166666666666666,0.42527381932533204,378.005
1 BHK,375.13,420.62,8,13,11,1,Semi-Furnished,1,1,1,0,2,Granite,0,0,1,1,0,Open,1,Corporation + Borewell,1384.77,Kharadi,411014,Society,4.49,1.64,2.11,1.57,15576.53,5539511.32,14766.910990856504,Broker,15,2,1,1,1,0,0,0,0,0,1,0,0,0,0,0,0,0,0,0,0.0550987786668708,0.0481100589878919,0.3809523809523809,0.4736842105263157,0.55,1.0,1.0,0.0,0.2,0.0,0.1111111111111111,0.0,0.0,1.0,1.0,0.0,1.0,0.0670943269800037,0.232142857143117,0.5958333333333333,0.1197007481296758,0.6895306859205776,0.3800000000000001,0.3087760381598569,0.1272727272727272,0.5,0.0,0.0,0.0,0.0,0.0,1.0,0.0,0.0,0.0,0.0,0.0,0.0,0.0,0.0,0.0,0.6153846153846154,0.5853138769941715,375.13
2 BHK,671.02,802.36,10,13,8,1,Unfurnished,0,2,2,1,3,Granite,1,1,0,0,0,Covered,1,Tanker,1759.22,Pimple Saudagar,411027,Society,3.66,5.8,1.71,1.96,15255.87,4357089.0,6493.232690530834,Owner,32,3,0,2,2,0,0,0,0,0,0,0,0,0,0,1,0,0,0,0,0.1967054634557218,0.1962550450170754,0.4761904761904761,0.4736842105263157,0.4,1.0,0.0,0.2,0.4,0.2,0.2222222222222222,1.0,1.0,0.0,0.0,0.0,1.0,0.1100573222391012,0.464285714286234,0.4805555555555556,0.4655029093931836,0.5451263537906137,0.536,0.053241944709718,0.2818181818181818,1.0,0.0,0.0,0.0,0.0,0.0,0.0,0.0,0.0,0.0,0.0,1.0,0.0,0.0,0.0,0.0,0.7692307692307693,0.4676522046922701,335.51
2 BHK,740.24,863.26,0,11,11,1,Fully Furnished,1,3,1,1,3,Not Specified,1,1,1,1,1,Stilt,0,Tanker,2859.33,Kothrud,411038,Society,2.42,7.42,1.34,1.17,29522.98,7435038.99,10044.092442991463,Broker,10,2,2,2,2,0,0,0,0,0,0,0,1,0,0,0,0,0,0,0,0.2298326888471993,0.2198890096243403,0.0,0.368421052631579,0.55,1.0,1.0,0.4000000000000001,0.2,0.2,0.2222222222222222,1.0,1.0,1.0,1.0,1.0,0.0,0.2362798371662895,0.6607142857146755,0.3083333333333333,0.600166251039069,0.4115523465703971,0.2199999999999999,0.1629113816146285,0.0818181818181818,0.5,0.0,0.0,0.0,0.0,0.0,0.0,0.0,1.0,0.0,0.0,0.0,0.0,0.0,0.0,0.0,0.0,0.5637560495900644,370.12
1 BHK,401.07,508.43,10,15,10,1,Unfurnished,1,1,0,1,2,Marble,1,1,1,0,1,Open,1,Municipal,1614.26,Koregaon Park,411001,Society,2.76,5.57,1.82,1.4,25586.32,9474867.63,23623.974942030072,Broker,3,1,0,1,1,0,0,0,0,0,0,1,0,0,0,0,0,0,0,0,0.0675131130594586,0.0821872089413225,0.4761904761904761,0.5789473684210527,0.5,1.0,1.0,0.0,0.0,0.2,0.1111111111111111,1.0,1.0,1.0,0.0,1.0,1.0,0.0934251529434442,0.0,0.3555555555555555,0.4463840399002493,0.5848375451263538,0.3119999999999999,0.5823377853989872,0.0181818181818181,0.0,0.0,0.0,0.0,0.0,0.0,0.0,1.0,0.0,0.0,0.0,0.0,0.0,0.0,0.0,0.0,0.6666666666666666,0.5742905431376404,401.07
1 RK,368.41,402.25,1,9,12,1,Semi-Furnished,1,2,0,0,2,Wooden,0,0,1,1,0,Stilt,0,Municipal,800.0,Kharadi,411014,Standalone,3.56,0.2,2.22,1.63,13891.9,5241693.93,14227.88178931082,Broker,7,2,1,1,1,0,0,0,0,0,1,0,0,0,0,0,0,0,0,0,0.0518827290478196,0.0409810617820552,0.0476190476190476,0.2631578947368421,0.6000000000000001,1.0,1.0,0.2,0.0,0.0,0.1111111111111111,0.0,0.0,1.0,1.0,0.0,0.0,0.0,0.232142857143117,0.4666666666666667,0.0,0.7292418772563178,0.404,0.2921357684415216,0.0545454545454545,0.5,0.0,0.0,0.0,0.0,0.0,1.0,0.0,0.0,0.0,0.0,0.0,0.0,0.0,0.0,0.0,0.1111111111111111,0.6600432639067144,368.41
1 RK,334.65,366.28,2,13,11,1,Fully Furnished,1,2,2,0,2,Marble,1,1,0,0,0,Covered,1,Municipal,1044.1,Hadapsar,411028,Society,5.13,2.03,1.65,2.08,11962.34,2800000.0,8366.950545345884,Owner,25,3,2,1,1,0,0,1,0,0,0,0,0,0,0,0,0,0,0,0,0.0357259083425858,0.0270218876125427,0.0952380952380952,0.4736842105263157,0.55,1.0,1.0,0.2,0.4,0.0,0.1111111111111111,1.0,1.0,0.0,0.0,0.0,1.0,0.0280071228274687,0.482142857143117,0.6847222222222222,0.1521197007481296,0.5234657039711191,0.5840000000000001,0.1111164303089678,0.2181818181818181,1.0,0.0,0.0,1.0,0.0,0.0,0.0,0.0,0.0,0.0,0.0,0.0,0.0,0.0,0.0,0.0,0.15384615384615385,0.4913682693322923,334.65
1 RK,391.84,451.0,7,11,15,1,Semi-Furnished,1,1,1,0,1,Not Specified,1,1,0,1,0,Not Specified,0,Municipal,1245.64,Kothrud,411038,Society,0.87,7.26,0.86,1.64,9268.64,5744466.38,14660.234738668845,Builder,33,2,1,1,1,0,0,0,0,0,0,0,1,0,0,0,0,0,0,0,0.0630958306213867,0.0598998758149643,0.3333333333333333,0.368421052631579,0.75,1.0,1.0,0.0,0.2,0.0,0.0,1.0,1.0,0.0,1.0,0.0,0.0,0.0511310701222171,0.6607142857146755,0.0930555555555555,0.5868661679135494,0.2382671480144404,0.408,0.3054864059834181,0.2909090909090909,0.5,0.0,0.0,0.0,0.0,0.0,0.0,0.0,1.0,0.0,0.0,0.0,0.0,0.0,0.0,0.0,0.6363636363636364,0.5877230554663098,391.84
3 BHK,891.12,991.0,11,17,3,1,Semi-Furnished,1,3,3,2,5,Vitrified,1,1,1,1,1,Open,0,Corporation + Borewell,2816.76,Shivajinagar,411005,Society,0.24,7.37,1.26,1.48,40961.15,7946234.76,8917.132103420414,Broker,12,2,1,3,3,0,0,0,0,0,0,0,0,0,0,0,0,1,0,0,0.302040660055898,0.2694621235641106,0.5238095238095237,0.6842105263157894,0.15,1.0,1.0,0.4000000000000001,0.6000000000000001,0.4,0.4444444444444445,1.0,1.0,1.0,1.0,1.0,0.0,0.2313955142708969,0.071428571429351,0.0055555555555555,0.5960099750623441,0.3826714801444043,0.344,0.1281063257548147,0.0999999999999999,0.5,0.0,0.0,0.0,0.0,0.0,0.0,0.0,0.0,0.0,0.0,0.0,0.0,1.0,0.0,0.0,0.6470588235294118,0.630197358815511,297.04
3 BHK,938.07,1174.13,10,16,13,1,Fully Furnished,1,3,3,2,5,Marble,0,1,0,1,0,Stilt,0,Borewell,2535.58,Wakad,411057,Standalone,4.9,2.76,1.77,2.19,30081.21,6176673.01,6584.447866363917,Broker,40,3,2,3,3,0,0,0,0,0,0,0,0,0,0,0,0,0,0,1,0.3245099352961446,0.3405308910276313,0.4761904761904761,0.631578947368421,0.65,1.0,1.0,0.4000000000000001,0.6000000000000001,0.4,0.4444444444444445,0.0,1.0,0.0,1.0,0.0,0.0,0.1991339706550522,1.0,0.6527777777777778,0.2128013300083125,0.5667870036101084,0.628,0.0560608793519446,0.3545454545454545,1.0,0.0,0.0,0.0,0.0,0.0,0.0,0.0,0.0,0.0,0.0,0.0,0.0,0.0,0.0,1.0,0.625,0.47008006339568076,312.69
2 BHK,702.45,826.01,11,15,9,1,Semi-Furnished,1,3,2,1,2,Marble,0,0,0,1,0,Covered,0,Corporation + Borewell,2736.18,Kothrud,411038,Standalone,2.09,7.22,1.21,1.23,22501.36,5863897.19,8347.778760054096,Broker,16,2,1,2,2,0,0,0,0,0,0,0,1,0,0,0,0,0,0,0,0.2117471955281595,0.2054330953120149,0.5238095238095237,0.5789473684210527,0.45,1.0,1.0,0.4000000000000001,0.4,0.2,0.1111111111111111,0.0,0.0,0.0,1.0,0.0,0.0,0.2221500658586173,0.6607142857146755,0.2624999999999999,0.5835411471321695,0.3646209386281588,0.244,0.1105224989715073,0.1363636363636363,0.5,0.0,0.0,0.0,0.0,0.0,0.0,0.0,1.0,0.0,0.0,0.0,0.0,0.0,0.0,0.0,0.7333333333333333,0.577661734632299,351.225
3 BHK,884.78,982.52,3,9,10,1,Unfurnished,1,3,3,1,6,Wooden,0,1,0,1,0,Covered,0,Municipal,2989.67,Kharadi,411014,Society,4.03,2.0,2.17,1.83,24356.03,10698241.75,12091.41453242614,Broker,4,2,0,3,3,0,0,0,0,0,1,0,0,0,0,0,0,0,0,0,0.299006470385543,0.2661712201179758,0.1428571428571428,0.2631578947368421,0.5,1.0,1.0,0.4000000000000001,0.6000000000000001,0.2,0.5555555555555556,0.0,1.0,0.0,1.0,0.0,0.0,0.2512345622352461,0.232142857143117,0.5319444444444444,0.1496259351620947,0.7111913357400722,0.4840000000000001,0.2261479275101089,0.0272727272727272,0.5,0.0,0.0,0.0,0.0,0.0,1.0,0.0,0.0,0.0,0.0,0.0,0.0,0.0,0.0,0.0,0.3333333333333333,0.5684448820793875,294.9266666666667
2 BHK,588.21,668.15,5,12,4,1,Fully Furnished,1,2,2,1,3,Marble,1,1,0,1,0,Bike,1,Municipal,2159.15,Kothrud,411038,Standalone,1.72,6.68,0.96,1.24,25645.01,12107070.72,20582.905288927424,Broker,86,2,2,2,2,0,0,0,0,0,0,0,1,0,0,0,0,0,0,0,0.1570743520042881,0.1441710648866812,0.238095238095238,0.4210526315789473,0.2,1.0,1.0,0.2,0.4,0.2,0.2222222222222222,1.0,1.0,0.0,1.0,0.0,1.0,0.1559437975868668,0.6607142857146755,0.2111111111111111,0.538653366583541,0.2743682310469313,0.248,0.4884070656518048,0.7727272727272727,0.5,0.0,0.0,0.0,0.0,0.0,0.0,0.0,1.0,0.0,0.0,0.0,0.0,0.0,0.0,0.0,0.4166666666666667,0.6079779320171799,294.105
1 BHK,449.53,558.26,6,11,9,1,Unfurnished,0,1,1,0,1,Marble,1,1,0,0,0,Covered,1,Corporation + Borewell,1031.85,Nigdi,411044,Society,4.15,9.82,1.79,2.78,16092.84,3105404.19,6908.113340600183,Broker,26,3,0,1,1,0,0,0,0,0,0,0,0,0,1,0,0,0,0,0,0.090705042306367,0.1015251474697299,0.2857142857142857,0.368421052631579,0.45,1.0,0.0,0.0,0.2,0.0,0.0,1.0,1.0,0.0,0.0,0.0,1.0,0.0266016035540706,0.7678571428577925,0.5486111111111112,0.799667497921862,0.5740072202166066,0.8639999999999999,0.0660554805377071,0.2272727272727272,1.0,0.0,0.0,0.0,0.0,0.0,0.0,0.0,0.0,0.0,1.0,0.0,0.0,0.0,0.0,0.0,0.5454545454545454,0.24840665560207675,449.53
2 BHK,967.08,1074.57,5,18,5,1,Semi-Furnished,1,2,1,0,4,Marble,1,0,0,0,0,Covered,0,Not Specified,2084.7,Wakad,411057,Standalone,4.83,2.66,1.76,2.34,25342.09,6024632.45,6229.714656491707,Broker,49,3,1,2,2,0,0,0,0,0,0,0,0,0,0,0,0,0,0,1,0.3383935066426739,0.3018938217944737,0.238095238095238,0.7368421052631579,0.25,1.0,1.0,0.2,0.2,0.0,0.3333333333333333,1.0,0.0,0.0,0.0,0.0,0.0,0.1474016824926224,1.0,0.6430555555555556,0.2044887780548628,0.5631768953068592,0.688,0.0451038808455754,0.4363636363636363,1.0,0.0,0.0,0.0,0.0,0.0,0.0,0.0,0.0,0.0,0.0,0.0,0.0,0.0,0.0,1.0,0.2777777777777778,0.45993311381700597,483.54
1 BHK,461.11,535.17,5,8,6,1,Unfurnished,1,2,1,0,2,Granite,1,0,1,0,0,Covered,1,Tanker,1372.95,Magarpatta,411013,Society,5.01,3.1,2.06,1.92,10064.48,3502186.09,7595.120665351,Owner,6,3,0,1,1,0,0,0,0,0,0,0,0,1,0,0,0,0,0,0,0.0962469849534821,0.092564420987271,0.238095238095238,0.2105263157894736,0.3,1.0,1.0,0.2,0.2,0.0,0.1111111111111111,1.0,0.0,1.0,0.0,0.0,1.0,0.0657381443015085,0.214285714286234,0.6680555555555555,0.2410640066500415,0.6714801444043321,0.52,0.0872742412318685,0.0454545454545454,1.0,0.0,0.0,0.0,0.0,0.0,0.0,0.0,0.0,1.0,0.0,0.0,0.0,0.0,0.0,0.0,0.625,0.48470443208791536,461.11
2 BHK,953.79,1093.14,1,14,20,1,Unfurnished,1,2,1,0,4,Vitrified,1,1,1,0,0,Open,1,Municipal,2657.1,Kharadi,411014,Society,4.58,0.2,2.12,2.24,31292.94,9291001.0,9741.139034798016,Owner,12,2,0,2,2,0,0,0,0,0,1,0,0,0,0,0,0,0,0,0,0.3320331942264252,0.309100434647625,0.0476190476190476,0.5263157894736842,1.0,1.0,1.0,0.2,0.2,0.0,0.3333333333333333,1.0,1.0,1.0,0.0,0.0,1.0,0.2130767218471621,0.232142857143117,0.6083333333333334,0.0,0.6931407942238268,0.6480000000000001,0.1535567314071385,0.0999999999999999,0.5,0.0,0.0,0.0,0.0,0.0,1.0,0.0,0.0,0.0,0.0,0.0,0.0,0.0,0.0,0.0,0.07142857142857142,0.5489263777898283,476.895
2 BHK,739.62,922.09,15,18,10,1,Semi-Furnished,1,2,1,0,3,Ceramic,1,1,0,0,0,Covered,1,Not Specified,2344.65,Magarpatta,411013,Society,4.53,1.95,1.81,2.01,22445.56,5086263.88,6876.860928584949,Broker,17,3,1,2,2,0,0,0,0,0,0,0,0,1,0,0,0,0,0,0,0.2295359699835368,0.2427196522819,0.7142857142857142,0.7368421052631579,0.5,1.0,1.0,0.2,0.2,0.0,0.2222222222222222,1.0,1.0,0.0,0.0,0.0,1.0,0.1772273751554676,0.214285714286234,0.601388888888889,0.1454696591853699,0.5812274368231047,0.5559999999999999,0.0650918477905013,0.1454545454545454,1.0,0.0,0.0,0.0,0.0,0.0,0.0,0.0,0.0,1.0,0.0,0.0,0.0,0.0,0.0,0.0,0.8333333333333334,0.5280543594730023,369.81
2 BHK,606.01,733.89,12,13,11,1,Semi-Furnished,1,2,1,1,4,Ceramic,1,1,1,0,0,Not Specified,0,Municipal,1812.96,Nigdi,411044,Society,3.24,9.81,1.89,2.42,23869.95,4615074.47,7615.5087704823345,Owner,44,3,1,2,2,0,0,0,0,0,0,0,0,0,1,0,0,0,0,0,0.165593054864275,0.1696833281589568,0.5714285714285714,0.4736842105263157,0.55,1.0,1.0,0.2,0.2,0.2,0.3333333333333333,1.0,1.0,1.0,0.0,0.0,0.0,0.1162232492392985,0.7678571428577925,0.4222222222222223,0.798836242726517,0.6101083032490975,0.72,0.087905853080598,0.3909090909090909,1.0,0.0,0.0,0.0,0.0,0.0,0.0,0.0,0.0,0.0,1.0,0.0,0.0,0.0,0.0,0.0,0.9230769230769231,0.3281317388839874,303.005
1 RK,332.02,374.46,7,7,4,1,Semi-Furnished,1,1,2,1,2,Wooden,0,0,1,1,1,Stilt,1,Municipal,1203.99,Koregaon Park,411001,Standalone,2.07,5.24,1.82,0.85,19214.61,4924752.73,14832.699024155174,Owner,29,1,1,1,1,0,0,0,0,0,0,1,0,0,0,0,0,0,0,0,0.0344672460660821,0.0301963675877056,0.3333333333333333,0.1578947368421052,0.2,1.0,1.0,0.0,0.4,0.2,0.1111111111111111,0.0,0.0,1.0,1.0,1.0,1.0,0.0463523045926633,0.0,0.2597222222222222,0.4189526184538653,0.5848375451263538,0.092,0.3108114034816792,0.2545454545454545,0.0,0.0,0.0,0.0,0.0,0.0,0.0,1.0,0.0,0.0,0.0,0.0,0.0,0.0,0.0,0.0,1.0,0.6731265843489882,332.02
2 BHK,687.75,800.6,4,10,4,1,Fully Furnished,1,2,4,2,4,Vitrified,1,1,0,1,0,Open,1,Borewell,2156.2,Kalyani Nagar,411006,Society,2.37,5.58,1.1,0.88,55594.9,8797416.67,12791.590941475826,Owner,30,1,2,2,2,0,0,0,0,1,0,0,0,0,0,0,0,0,0,0,0.2047120869864849,0.1955720273207079,0.1904761904761904,0.3157894736842105,0.2,1.0,1.0,0.2,0.8,0.4,0.3333333333333333,1.0,1.0,0.0,1.0,0.0,1.0,0.1556053255985791,0.089285714286234,0.3013888888888889,0.4472152950955943,0.3249097472924188,0.104,0.2477737612686349,0.2636363636363636,0.0,0.0,0.0,0.0,0.0,1.0,0.0,0.0,0.0,0.0,0.0,0.0,0.0,0.0,0.0,0.0,0.4,0.6471411124313822,343.875
1 RK,425.45,510.92,10,10,3,1,Unfurnished,0,1,0,0,1,Marble,1,1,0,0,1,Covered,1,Municipal,2308.18,Kothrud,411038,Society,2.99,6.89,1.15,1.46,17767.97,3550226.15,8344.63779527559,Owner,16,2,0,1,1,0,0,0,0,0,0,0,1,0,0,0,0,0,0,0,0.0791808645047666,0.0831535237503881,0.4761904761904761,0.3157894736842105,0.15,1.0,0.0,0.0,0.0,0.0,0.0,1.0,1.0,0.0,0.0,1.0,1.0,0.1730429434900936,0.6607142857146755,0.3875,0.5561097256857854,0.3429602888086642,0.3359999999999999,0.1104233559869391,0.1363636363636363,0.5,0.0,0.0,0.0,0.0,0.0,0.0,0.0,1.0,0.0,0.0,0.0,0.0,0.0,0.0,0.0,1.0,0.5215428208886916,425.45
3 BHK,756.15,961.65,2,18,7,1,Fully Furnished,1,4,4,2,5,Vitrified,0,0,0,1,1,Covered,1,Municipal,2093.29,Aundh,411007,Standalone,4.57,2.03,1.03,2.04,22685.48,8567201.37,11330.028922832771,Owner,10,2,2,3,3,1,0,0,0,0,0,0,0,0,0,0,0,0,0,0,0.2374468777518281,0.2580720273207079,0.0952380952380952,0.7368421052631579,0.35,1.0,1.0,0.6000000000000001,0.8,0.4,0.4444444444444445,0.0,0.0,0.0,1.0,1.0,1.0,0.1483872670280094,0.107142857143117,0.6069444444444445,0.1521197007481296,0.2996389891696751,0.5680000000000001,0.2026288024886433,0.0818181818181818,0.5,1.0,0.0,0.0,0.0,0.0,0.0,0.0,0.0,0.0,0.0,0.0,0.0,0.0,0.0,0.0,0.1111111111111111,0.5208669988310217,252.04999999999998
1 BHK,422.3,474.48,7,9,9,1,Fully Furnished,1,1,0,0,1,Granite,1,1,1,1,0,Covered,1,Municipal,2452.04,Shivajinagar,411005,Standalone,2.08,6.35,0.96,0.98,22785.35,4903203.47,11610.711508406344,Broker,33,2,2,1,1,0,0,0,0,0,0,0,0,0,0,0,0,1,0,0,0.0776733412458363,0.0690119528096864,0.3333333333333333,0.2631578947368421,0.45,1.0,1.0,0.0,0.0,0.0,0.0,1.0,1.0,1.0,1.0,0.0,1.0,0.1895489028918128,0.071428571429351,0.2611111111111111,0.511221945137157,0.2743682310469313,0.144,0.2112962466504497,0.2909090909090909,0.5,0.0,0.0,0.0,0.0,0.0,0.0,0.0,0.0,0.0,0.0,0.0,0.0,1.0,0.0,0.0,0.7777777777777778,0.6285337699483244,422.3
1 BHK,390.16,498.47,13,15,11,1,Unfurnished,0,2,0,0,1,Vitrified,1,1,0,1,0,Covered,1,Borewell,800.0,Wakad,411057,Society,4.35,2.31,2.1,2.3,14081.47,5041562.91,12921.783140250152,Broker,57,3,0,1,1,0,0,0,0,0,0,0,0,0,0,0,0,0,0,1,0.0622918182166239,0.0783219497050605,0.6190476190476191,0.5789473684210527,0.55,1.0,0.0,0.2,0.0,0.0,0.0,1.0,1.0,0.0,1.0,0.0,1.0,0.0,1.0,0.5763888888888888,0.1753948462177888,0.6859205776173286,0.6719999999999999,0.2517966191315692,0.5090909090909091,1.0,0.0,0.0,0.0,0.0,0.0,0.0,0.0,0.0,0.0,0.0,0.0,0.0,0.0,0.0,1.0,0.8666666666666667,0.4953676237404775,390.16
3 BHK,1248.9,1547.21,7,11,8,1,Unfurnished,1,4,3,2,4,Vitrified,1,1,0,0,0,Not Specified,0,Municipal,1960.51,Pimple Saudagar,411027,Society,4.05,5.6,1.2,2.55,37562.34,9632777.48,7713.009432300424,Broker,21,3,0,3,3,0,0,0,0,0,0,0,0,0,0,1,0,0,0,0,0.4732665875416363,0.4853151195280969,0.3333333333333333,0.368421052631579,0.4,1.0,1.0,0.6000000000000001,0.6000000000000001,0.4,0.3333333333333333,1.0,1.0,0.0,0.0,0.0,0.0,0.1331525854670454,0.464285714286234,0.5347222222222222,0.4488778054862842,0.3610108303249097,0.772,0.0909165877023165,0.1818181818181818,1.0,0.0,0.0,0.0,0.0,0.0,0.0,0.0,0.0,0.0,0.0,1.0,0.0,0.0,0.0,0.0,0.6363636363636364,0.3925015256781407,416.3
2 BHK,588.78,663.61,3,10,6,1,Fully Furnished,1,3,2,2,4,Marble,0,0,1,1,0,Covered,1,Corporation + Borewell,2855.04,Baner,411045,Standalone,3.05,3.84,1.5,2.01,47413.17,14293792.82,24276.96732225959,Not Specified,28,1,2,2,2,0,1,0,0,0,0,0,0,0,0,0,0,0,0,0,0.1573471419273325,0.1424091896926421,0.1428571428571428,0.3157894736842105,0.3,1.0,1.0,0.4000000000000001,0.4,0.4,0.3333333333333333,0.0,0.0,1.0,1.0,0.0,1.0,0.2357876185799322,0.7857142857146755,0.3958333333333333,0.3025768911055693,0.4693140794223827,0.5559999999999999,0.6025064334840141,0.2454545454545454,0.0,0.0,1.0,0.0,0.0,0.0,0.0,0.0,0.0,0.0,0.0,0.0,0.0,0.0,0.0,0.0,0.3,0.5432083523866027,294.39
3 BHK,1170.82,1479.46,15,15,6,1,Semi-Furnished,1,3,2,2,5,Marble,1,0,0,0,0,Covered,1,Municipal,4562.8,Viman Nagar,411014,Society,3.94,5.24,1.84,1.45,56958.94,15382669.39,13138.37258502588,Broker,17,2,1,3,3,0,0,0,0,0,0,0,0,0,0,0,0,0,1,0,0.4358991538726597,0.4590228190003105,0.7142857142857142,0.5789473684210527,0.3,1.0,1.0,0.4000000000000001,0.4,0.4,0.4444444444444445,1.0,0.0,0.0,0.0,0.0,1.0,0.4317296262810304,0.232142857143117,0.5194444444444445,0.4189526184538653,0.5920577617328521,0.3319999999999999,0.2584827478852585,0.1454545454545454,0.5,0.0,0.0,0.0,0.0,0.0,0.0,0.0,0.0,0.0,0.0,0.0,0.0,0.0,1.0,0.0,1.0,0.52478978601219,390.2733333333333
2 BHK,726.4,785.57,9,13,0,1,Semi-Furnished,1,2,2,2,2,Granite,1,1,1,0,0,Covered,1,Municipal,3102.5,Kalyani Nagar,411006,Society,1.51,4.03,1.29,1.74,37275.21,13221917.59,18201.979061123347,Builder,30,1,1,2,2,0,0,0,0,1,0,0,0,0,0,0,0,0,0,0,0.2232091580841532,0.1897392114250233,0.4285714285714285,0.4736842105263157,0.0,1.0,1.0,0.2,0.4,0.4,0.1111111111111111,1.0,1.0,1.0,0.0,0.0,1.0,0.2641802552652473,0.089285714286234,0.1819444444444444,0.3183707398171238,0.3935018050541516,0.448,0.4148781807602074,0.2636363636363636,0.0,0.0,0.0,0.0,0.0,1.0,0.0,0.0,0.0,0.0,0.0,0.0,0.0,0.0,0.0,0.0,0.6923076923076923,0.6362453528438812,363.2
5 BHK,1889.62,2395.6,21,21,13,1,Semi-Furnished,1,6,5,5,8,Ceramic,1,1,1,1,0,Covered,1,Municipal,6426.63,Hadapsar,411028,Society,6.4,0.42,2.31,1.8,55064.56,12409193.03,6567.030953313365,Broker,48,3,1,5,5,0,0,1,0,0,0,0,0,0,0,0,0,0,0,0,0.779901604196179,0.8145568146538342,1.0,0.894736842105263,0.65,1.0,1.0,1.0000000000000002,1.0,1.0,0.7777777777777777,1.0,1.0,1.0,1.0,0.0,1.0,0.6455785232065574,0.482142857143117,0.8611111111111112,0.0182876142975893,0.7617328519855596,0.4720000000000001,0.0555216156414891,0.4272727272727272,1.0,0.0,0.0,1.0,0.0,0.0,0.0,0.0,0.0,0.0,0.0,0.0,0.0,0.0,0.0,0.0,1.0,0.5079567585700047,377.924
1 BHK,448.04,541.14,15,15,3,1,Semi-Furnished,1,2,1,0,2,Vitrified,1,1,0,0,0,Covered,1,Tanker,1286.67,Wakad,411057,Society,4.31,2.6,1.85,2.08,7958.29,4165845.03,9297.931055262921,Owner,38,3,1,1,1,0,0,0,0,0,0,0,0,0,0,0,0,0,0,1,0.0899919598759523,0.0948812480596088,0.7142857142857142,0.5789473684210527,0.15,1.0,1.0,0.2,0.2,0.0,0.1111111111111111,1.0,1.0,0.0,0.0,0.0,1.0,0.0558386991660968,1.0,0.5708333333333333,0.199501246882793,0.5956678700361011,0.5840000000000001,0.1398669692638216,0.3363636363636363,1.0,0.0,0.0,0.0,0.0,0.0,0.0,0.0,0.0,0.0,0.0,0.0,0.0,0.0,0.0,1.0,1.0,0.5127696379944948,448.04
2 BHK,471.74,592.06,17,22,15,1,Semi-Furnished,1,3,2,1,4,Wooden,1,1,0,0,0,Stilt,0,Municipal,800.0,Hinjewadi,411057,Society,7.4,0.2,2.05,1.99,11382.62,3359994.3,7122.555433077542,Builder,5,3,1,2,2,0,0,0,1,0,0,0,0,0,0,0,0,0,0,0,0.1013342777288564,0.1146421918658801,0.8095238095238095,0.9473684210526316,0.75,1.0,1.0,0.4000000000000001,0.4,0.2,0.3333333333333333,1.0,1.0,0.0,0.0,0.0,0.0,0.0,1.0,1.0000000000000002,0.0,0.667870036101083,0.548,0.0726807645313965,0.0363636363636363,1.0,0.0,0.0,0.0,1.0,0.0,0.0,0.0,0.0,0.0,0.0,0.0,0.0,0.0,0.0,0.0,0.7727272727272727,0.448608752472203,235.87
1 BHK,391.44,441.31,1,13,3,1,Semi-Furnished,1,1,0,0,1,Vitrified,0,0,1,0,0,Stilt,0,Corporation + Borewell,1582.71,Nigdi,411044,Standalone,3.76,10.07,1.2,2.77,15047.54,4830828.31,12341.171852646637,Owner,56,3,1,1,1,0,0,0,0,0,0,0,0,0,1,0,0,0,0,0,0.0629043990964432,0.0561393977025768,0.0476190476190476,0.4736842105263157,0.15,1.0,1.0,0.0,0.0,0.0,0.0,0.0,0.0,1.0,0.0,0.0,0.0,0.0898052237127738,0.7678571428577925,0.4944444444444444,0.8204488778054863,0.3610108303249097,0.8600000000000001,0.2338640931906992,0.4999999999999999,1.0,0.0,0.0,0.0,0.0,0.0,0.0,0.0,0.0,0.0,1.0,0.0,0.0,0.0,0.0,0.0,0.07692307692307693,0.26022875350348773,391.44
1 RK,402.03,456.67,5,21,12,1,Unfurnished,1,1,1,0,1,Wooden,1,1,1,0,0,Bike,0,Not Specified,2043.91,Shivajinagar,411005,Society,0.38,6.56,0.75,0.91,16031.18,3719185.94,9251.015944083776,Broker,26,2,0,1,1,0,0,0,0,0,0,0,0,0,0,0,0,1,0,0,0.067972548719323,0.0621002794163303,0.238095238095238,0.894736842105263,0.6000000000000001,1.0,1.0,0.0,0.2,0.0,0.0,1.0,1.0,1.0,0.0,0.0,0.0,0.1427215901528746,0.071428571429351,0.0249999999999999,0.5286783042394014,0.1985559566787003,0.116,0.1384156518666678,0.2272727272727272,0.5,0.0,0.0,0.0,0.0,0.0,0.0,0.0,0.0,0.0,0.0,0.0,0.0,1.0,0.0,0.0,0.23809523809523808,0.7068653485865259,402.03
2 BHK,658.44,760.01,0,15,14,1,Fully Furnished,1,3,1,1,3,Granite,1,1,0,0,0,Covered,0,Municipal,2383.93,Wakad,411057,Society,6.07,2.83,2.31,1.99,25194.39,5668310.79,8608.697512301804,Builder,15,3,2,2,2,0,0,0,0,0,0,0,0,0,0,0,0,0,0,1,0.1906849419962479,0.1798199316982304,0.0,0.5789473684210527,0.7000000000000001,1.0,1.0,0.4000000000000001,0.2,0.2,0.2222222222222222,1.0,1.0,0.0,0.0,0.0,0.0,0.181734215731719,1.0,0.8152777777777779,0.2186201163757273,0.7617328519855596,0.548,0.1185793335367669,0.1272727272727272,1.0,0.0,0.0,0.0,0.0,0.0,0.0,0.0,0.0,0.0,0.0,0.0,0.0,0.0,0.0,1.0,0.0,0.4368370052548304,329.22
3 BHK,866.14,1041.63,6,11,12,1,Semi-Furnished,1,4,3,2,4,Ceramic,0,0,1,0,0,Bike,0,Municipal,1801.15,Hadapsar,411028,Standalone,5.94,3.52,2.67,2.19,22469.68,4872848.39,5625.936211236059,Owner,28,3,1,3,3,0,0,1,0,0,0,0,0,0,0,0,0,0,0,0,0.2900857613231747,0.2891105246817759,0.2857142857142857,0.368421052631579,0.6000000000000001,1.0,1.0,0.6000000000000001,0.6000000000000001,0.4,0.3333333333333333,0.0,0.0,1.0,0.0,0.0,0.0,0.1148682139234755,0.482142857143117,0.7972222222222223,0.2759767248545303,0.8916967509025271,0.628,0.0264560429038949,0.2454545454545454,1.0,0.0,0.0,1.0,0.0,0.0,0.0,0.0,0.0,0.0,0.0,0.0,0.0,0.0,0.0,0.0,0.5454545454545454,0.4025191255158549,288.7133333333333
1 BHK,470.38,600.72,11,12,2,1,Unfurnished,1,1,3,0,1,Marble,1,0,0,1,0,Covered,1,Municipal,2594.21,Shivajinagar,411005,Society,0.81,7.25,0.39,1.3,17462.99,7474880.89,15891.153726774097,Broker,73,2,0,1,1,0,0,0,0,0,0,0,0,0,0,0,0,1,0,0,0.1006834105440484,0.1180029493945979,0.5238095238095237,0.4210526315789473,0.1,1.0,1.0,0.0,0.6000000000000001,0.0,0.0,1.0,0.0,0.0,1.0,0.0,1.0,0.2058609580019367,0.071428571429351,0.0847222222222222,0.5860349127182044,0.0685920577617328,0.272,0.3434983204375387,0.6545454545454545,0.5,0.0,0.0,0.0,0.0,0.0,0.0,0.0,0.0,0.0,0.0,0.0,0.0,1.0,0.0,0.0,0.9166666666666666,0.6270230983231802,470.38
2 BHK,522.97,593.55,3,9,9,1,Semi-Furnished,1,2,2,0,4,Vitrified,1,1,0,0,0,Covered,1,Borewell,2683.07,Viman Nagar,411014,Society,3.03,5.83,1.79,1.3,17671.5,4138815.33,7914.058798783869,Broker,43,2,1,2,2,0,0,0,0,0,0,0,0,0,0,0,0,0,1,0,0.1258518702859987,0.1152204284383731,0.1428571428571428,0.2631578947368421,0.45,1.0,1.0,0.2,0.4,0.0,0.3333333333333333,1.0,1.0,0.0,0.0,0.0,1.0,0.2160564227067662,0.232142857143117,0.3930555555555555,0.4679966749792185,0.5740072202166066,0.272,0.0971236797922506,0.3818181818181818,0.5,0.0,0.0,0.0,0.0,0.0,0.0,0.0,0.0,0.0,0.0,0.0,0.0,0.0,1.0,0.0,0.3333333333333333,0.565725742095325,261.485
2 BHK,610.72,737.41,5,11,2,1,Fully Furnished,0,2,1,2,2,Ceramic,1,1,1,1,1,Covered,1,Corporation + Borewell,3434.61,Kalyani Nagar,411006,Society,1.97,5.85,1.44,0.96,31430.49,8082585.89,13234.519730809536,Owner,14,1,2,2,2,0,0,0,0,1,0,0,0,0,0,0,0,0,0,0,0.167847161070485,0.171049363551692,0.238095238095238,0.368421052631579,0.1,1.0,0.0,0.2,0.2,0.4,0.1111111111111111,1.0,1.0,1.0,1.0,1.0,1.0,0.3022853169704118,0.089285714286234,0.2458333333333333,0.4696591853699084,0.4476534296028881,0.136,0.2614520957159112,0.1181818181818181,0.0,0.0,0.0,0.0,0.0,1.0,0.0,0.0,0.0,0.0,0.0,0.0,0.0,0.0,0.0,0.0,0.45454545454545453,0.6492531685090965,305.36
2 BHK,596.54,677.53,6,10,7,1,Semi-Furnished,1,3,1,1,3,Marble,1,1,0,1,0,Covered,1,Municipal,2036.27,Kharadi,411014,Society,4.94,2.51,2.16,1.93,29576.31,10955916.16,18365.769537667216,Owner,28,2,1,2,2,0,0,0,0,0,1,0,0,0,0,0,0,0,0,0,0.161060913511237,0.1478112387457311,0.2857142857142857,0.3157894736842105,0.35,1.0,1.0,0.4000000000000001,0.2,0.2,0.2222222222222222,1.0,1.0,0.0,1.0,0.0,1.0,0.141845005071343,0.232142857143117,0.6583333333333334,0.1920199501246882,0.7075812274368232,0.524,0.4199313844066925,0.2454545454545454,0.5,0.0,0.0,0.0,0.0,0.0,1.0,0.0,0.0,0.0,0.0,0.0,0.0,0.0,0.0,0.0,0.6,0.5028698851061892,298.27
1 BHK,414.75,487.88,13,16,6,1,Semi-Furnished,1,1,2,0,1,Vitrified,1,1,1,1,0,Covered,1,Municipal,2543.29,Kothrud,411038,Society,1.84,7.53,1.5,1.49,15848.25,4851990.66,11698.59110307414,Owner,14,2,1,1,1,0,0,0,0,0,0,0,1,0,0,0,0,0,0,0,0.0740600712125272,0.0742122011797578,0.6190476190476191,0.631578947368421,0.3,1.0,1.0,0.0,0.4,0.0,0.0,1.0,1.0,1.0,1.0,0.0,1.0,0.200018587275289,0.6607142857146755,0.2277777777777778,0.6093100581878637,0.4693140794223827,0.348,0.2140172737347069,0.1181818181818181,0.5,0.0,0.0,0.0,0.0,0.0,0.0,0.0,1.0,0.0,0.0,0.0,0.0,0.0,0.0,0.0,0.8125,0.552696049404962,414.75
5 BHK,1648.05,1861.92,4,10,7,1,Semi-Furnished,1,6,5,3,9,Vitrified,1,1,0,0,0,Covered,1,Tanker,2814.96,Magarpatta,411013,Society,4.72,2.16,2.12,1.89,27938.05,13122768.64,7962.603464700707,Broker,14,3,1,5,5,0,0,0,0,0,0,0,0,1,0,0,0,0,0,0,0.6642913204946591,0.6074472213598263,0.1904761904761904,0.3157894736842105,0.35,1.0,1.0,1.0000000000000002,1.0,0.6000000000000001,0.8888888888888888,1.0,1.0,0.0,0.0,0.0,1.0,0.2311889889899078,0.214285714286234,0.6277777777777778,0.1629260182876143,0.6931407942238268,0.508,0.0986250319666632,0.1181818181818181,1.0,0.0,0.0,0.0,0.0,0.0,0.0,0.0,0.0,1.0,0.0,0.0,0.0,0.0,0.0,0.0,0.4,0.5265926833179491,329.61
1 RK,438.48,529.81,8,8,10,1,Fully Furnished,0,2,0,1,1,Vitrified,0,1,0,1,1,Bike,1,Municipal,1544.11,Koregaon Park,411001,Standalone,1.75,5.2,1.57,0.67,27539.28,10798121.74,24626.258301404854,Broker,38,1,2,1,1,0,0,0,0,0,0,1,0,0,0,0,0,0,0,0,0.085416746429802,0.0904843216392424,0.3809523809523809,0.2105263157894736,0.5,1.0,0.0,0.2,0.0,0.2,0.0,0.0,1.0,0.0,1.0,1.0,1.0,0.0853764037982293,0.0,0.2152777777777778,0.4156275976724854,0.4945848375451264,0.02,0.613286765986729,0.3363636363636363,0.0,0.0,0.0,0.0,0.0,0.0,0.0,1.0,0.0,0.0,0.0,0.0,0.0,0.0,0.0,0.0,1.0,0.7078619833116971,438.48
3 BHK,782.29,978.69,7,15,7,1,Semi-Furnished,1,4,4,2,5,Marble,1,0,0,0,0,Stilt,1,Municipal,3061.7,Kharadi,411014,Society,4.06,2.28,2.47,2.26,30542.84,12292303.01,15713.230400490867,Broker,38,2,1,3,3,0,0,0,0,0,1,0,0,0,0,0,0,0,0,0,0.2499569279068876,0.2646848804719032,0.3333333333333333,0.5789473684210527,0.35,1.0,1.0,0.6000000000000001,0.8,0.4,0.4444444444444445,1.0,0.0,0.0,0.0,0.0,1.0,0.2594990155628273,0.232142857143117,0.5361111111111111,0.1729010806317539,0.8194945848375452,0.6559999999999999,0.3380087023449633,0.3363636363636363,0.5,0.0,0.0,0.0,0.0,0.0,1.0,0.0,0.0,0.0,0.0,0.0,0.0,0.0,0.0,0.0,0.4666666666666667,0.5135218525651888,260.7633333333333
3 BHK,1195.74,1457.82,2,11,11,1,Semi-Furnished,1,4,2,2,4,Vitrified,1,1,1,1,0,Open,0,Corporation + Borewell,5203.7,Shivajinagar,411005,Society,1.3,8.46,0.78,1.12,47821.74,11106763.01,9288.610408617258,Broker,30,2,1,3,3,0,0,0,0,0,0,0,0,0,0,0,0,1,0,0,0.4478253378766415,0.4506248059608818,0.0952380952380952,0.368421052631579,0.55,1.0,1.0,0.6000000000000001,0.4,0.4,0.3333333333333333,1.0,1.0,1.0,1.0,0.0,0.0,0.5052640999398781,0.071428571429351,0.1527777777777778,0.6866167913549459,0.2093862815884476,0.2,0.1395797325795584,0.2636363636363636,0.5,0.0,0.0,0.0,0.0,0.0,0.0,0.0,0.0,0.0,0.0,0.0,0.0,1.0,0.0,0.0,0.18181818181818182,0.5912027821267396,398.58
1 BHK,260.0,324.21,2,14,7,1,Unfurnished,1,1,0,0,2,Vitrified,0,1,1,0,1,Covered,1,Corporation + Borewell,800.0,Kothrud,411038,Standalone,1.78,7.3,1.15,1.47,8177.53,3619491.69,13921.121884615384,Owner,19,2,0,1,1,0,0,0,0,0,0,0,1,0,0,0,0,0,0,0,0.0,0.0106954361999379,0.0952380952380952,0.5263157894736842,0.35,1.0,1.0,0.0,0.0,0.0,0.1111111111111111,0.0,1.0,1.0,0.0,1.0,1.0,0.0,0.6607142857146755,0.2194444444444444,0.5901911886949293,0.3429602888086642,0.3399999999999999,0.2826578844307834,0.1636363636363636,0.5,0.0,0.0,0.0,0.0,0.0,0.0,0.0,1.0,0.0,0.0,0.0,0.0,0.0,0.0,0.0,0.14285714285714285,0.5638042423201868,260.0
2 BHK,757.58,890.26,10,12,13,1,Semi-Furnished,0,3,1,1,3,Marble,1,0,0,0,0,Covered,0,Municipal,3570.84,Shivajinagar,411005,Society,0.97,6.85,1.56,1.27,28625.12,5652365.36,7461.0804931492385,Broker,15,2,1,2,2,0,0,0,0,0,0,0,0,0,0,0,0,1,0,0,0.2381312454535012,0.2303671220117976,0.4761904761904761,0.4210526315789473,0.65,1.0,0.0,0.4000000000000001,0.2,0.2,0.2222222222222222,1.0,0.0,0.0,0.0,0.0,0.0,0.3179158386532716,0.071428571429351,0.1069444444444444,0.5527847049044056,0.4909747292418772,0.26,0.0831343266986807,0.1272727272727272,0.5,0.0,0.0,0.0,0.0,0.0,0.0,0.0,0.0,0.0,0.0,0.0,0.0,1.0,0.0,0.0,0.8333333333333334,0.6339231724963532,378.79
2 BHK,567.46,713.27,8,11,4,1,Unfurnished,0,2,1,1,3,Marble,0,0,0,0,0,Covered,0,Municipal,2183.84,Magarpatta,411013,Standalone,5.69,1.08,2.17,2.09,17328.76,2903630.55,5116.890265393155,Owner,7,3,0,2,2,0,0,0,0,0,0,0,0,1,0,0,0,0,0,0,0.1471438416478425,0.161681154920832,0.3809523809523809,0.368421052631579,0.2,1.0,0.0,0.2,0.2,0.2,0.2222222222222222,0.0,0.0,0.0,0.0,0.0,0.0,0.1587766360244342,0.214285714286234,0.7625000000000001,0.0731504571903574,0.7111913357400722,0.588,0.0107321508653545,0.0545454545454545,1.0,0.0,0.0,0.0,0.0,0.0,0.0,0.0,0.0,1.0,0.0,0.0,0.0,0.0,0.0,0.0,0.7272727272727273,0.4909672818299148,283.73
2 BHK,665.82,761.15,10,16,15,1,Semi-Furnished,1,3,2,1,4,Ceramic,1,1,0,0,0,Stilt,0,Not Specified,2125.75,Wakad,411057,Society,4.59,1.81,1.73,2.04,9252.49,5372649.63,8069.222357393889,Broker,15,3,1,2,2,0,0,0,0,0,0,0,0,0,0,0,0,0,0,1,0.194216853631456,0.180262340887923,0.4761904761904761,0.631578947368421,0.75,1.0,1.0,0.4000000000000001,0.4,0.2,0.3333333333333333,1.0,1.0,0.0,0.0,0.0,0.0,0.1521116062618465,1.0,0.6097222222222222,0.1338320864505403,0.5523465703971119,0.5680000000000001,0.1019177527095994,0.1272727272727272,1.0,0.0,0.0,0.0,0.0,0.0,0.0,0.0,0.0,0.0,0.0,0.0,0.0,0.0,0.0,1.0,0.625,0.5259622821765095,332.91
2 BHK,675.84,766.36,7,14,11,1,Unfurnished,1,2,3,1,3,Vitrified,1,1,1,1,0,Covered,0,Municipal,2912.27,Kharadi,411014,Society,4.54,0.6,1.85,2.07,19274.54,6346095.77,9389.93810665246,Broker,51,2,0,2,2,0,0,0,0,0,1,0,0,0,0,0,0,0,0,0,0.1990122133312914,0.1822842285004657,0.3333333333333333,0.5263157894736842,0.55,1.0,1.0,0.2,0.6000000000000001,0.2,0.2222222222222222,1.0,1.0,1.0,1.0,0.0,0.0,0.242353975152714,0.232142857143117,0.6027777777777777,0.0332502078137988,0.5956678700361011,0.58,0.1427103035813781,0.4545454545454545,0.5,0.0,0.0,0.0,0.0,0.0,1.0,0.0,0.0,0.0,0.0,0.0,0.0,0.0,0.0,0.0,0.5,0.5579884195787712,337.92
1 RK,397.01,446.86,4,9,4,1,Fully Furnished,1,1,1,1,1,Marble,1,1,1,1,1,Covered,1,Municipal,1842.02,Koregaon Park,411001,Society,1.76,4.53,1.1,1.17,28207.48,5588850.39,14077.354197627263,Broker,14,1,2,1,1,0,0,0,0,0,0,1,0,0,0,0,0,0,0,0,0.0655700830812818,0.0582932319155541,0.1904761904761904,0.2631578947368421,0.2,1.0,1.0,0.0,0.2,0.2,0.0,1.0,1.0,1.0,1.0,1.0,1.0,0.1195574851646006,0.0,0.2166666666666666,0.3599334995843724,0.3249097472924188,0.2199999999999999,0.2874800633032589,0.1181818181818181,0.0,0.0,0.0,0.0,0.0,0.0,0.0,1.0,0.0,0.0,0.0,0.0,0.0,0.0,0.0,0.0,0.4444444444444444,0.6722538360109906,397.01
3 BHK,1013.08,1170.04,7,11,8,1,Unfurnished,1,4,3,1,4,Vitrified,1,1,1,0,0,Covered,1,Borewell,4559.39,Kharadi,411014,Society,5.41,0.26,2.1,1.79,37092.13,10423103.43,10288.529464602992,Owner,35,2,0,3,3,0,0,0,0,0,1,0,0,0,0,0,0,0,0,0,0.3604081320111796,0.3389436510400497,0.3333333333333333,0.368421052631579,0.4,1.0,1.0,0.6000000000000001,0.6000000000000001,0.2,0.3333333333333333,1.0,1.0,1.0,0.0,0.0,1.0,0.4313383756098233,0.232142857143117,0.7236111111111112,0.0049875311720698,0.6859205776173286,0.4680000000000001,0.1704635444142039,0.3090909090909091,0.5,0.0,0.0,0.0,0.0,0.0,1.0,0.0,0.0,0.0,0.0,0.0,0.0,0.0,0.0,0.0,0.6363636363636364,0.5579805905030761,337.6933333333333
3 BHK,944.83,1127.53,9,10,3,1,Semi-Furnished,1,3,2,2,6,Vitrified,1,1,1,1,1,Covered,1,Corporation + Borewell,3335.56,Aundh,411007,Society,2.72,5.05,1.5,1.65,31813.79,13987091.66,14803.81831652255,Owner,41,2,1,3,3,1,0,0,0,0,0,0,0,0,0,0,0,0,0,0,0.3277451280676902,0.322446445203353,0.4285714285714285,0.3157894736842105,0.15,1.0,1.0,0.4000000000000001,0.4,0.4,0.5555555555555556,1.0,1.0,1.0,1.0,1.0,1.0,0.2909206897026495,0.107142857143117,0.35,0.4031587697423108,0.4693140794223827,0.412,0.3099228229003616,0.3636363636363636,0.5,1.0,0.0,0.0,0.0,0.0,0.0,0.0,0.0,0.0,0.0,0.0,0.0,0.0,0.0,0.0,0.9,0.5635557423578683,314.9433333333333
1 BHK,505.7,559.87,5,10,6,1,Fully Furnished,1,1,1,0,2,Ceramic,0,0,0,0,0,Covered,0,Corporation + Borewell,868.75,Wakad,411057,Society,4.55,2.31,2.24,2.22,14860.39,3369786.78,6663.608423966779,Owner,32,3,2,1,1,0,0,0,0,0,0,0,0,0,0,0,0,0,0,1,0.1175868141965619,0.1021499534306116,0.238095238095238,0.3157894736842105,0.3,1.0,1.0,0.0,0.2,0.0,0.1111111111111111,0.0,0.0,0.0,0.0,0.0,0.0,0.0078881183711121,1.0,0.6041666666666666,0.1753948462177888,0.736462093862816,0.6400000000000001,0.0585048620213803,0.2818181818181818,1.0,0.0,0.0,0.0,0.0,0.0,0.0,0.0,0.0,0.0,0.0,0.0,0.0,0.0,0.0,1.0,0.5,0.494905623278477,505.7
3 BHK,807.25,955.72,13,13,11,1,Fully Furnished,1,4,3,1,4,Vitrified,0,0,0,0,0,Bike,0,Borewell,2953.68,Hinjewadi,411057,Standalone,6.24,0.75,2.75,2.37,28114.75,6128196.68,7591.448349334159,Broker,19,3,2,3,3,0,0,0,1,0,0,0,0,0,0,0,0,0,0,0,0.2619022550633638,0.255770723377833,0.6190476190476191,0.4736842105263157,0.55,1.0,1.0,0.6000000000000001,0.6000000000000001,0.2,0.3333333333333333,0.0,0.0,0.0,0.0,0.0,0.0,0.2471052039781358,1.0,0.8388888888888889,0.0457190357439733,0.92057761732852,0.7000000000000001,0.0871630528379602,0.1636363636363636,1.0,0.0,0.0,0.0,1.0,0.0,0.0,0.0,0.0,0.0,0.0,0.0,0.0,0.0,0.0,0.0,1.0,0.44527225351019306,269.0833333333333
2 BHK,635.63,788.37,2,6,6,1,Unfurnished,0,3,1,0,4,Marble,0,1,0,1,1,Covered,1,Corporation + Borewell,2836.27,Kothrud,411038,Society,1.57,7.41,0.94,1.55,29710.77,6433886.44,10122.062268930038,Owner,12,2,0,2,2,0,0,0,0,0,0,0,1,0,0,0,0,0,0,0,0.1797685592863432,0.1908258304874263,0.0952380952380952,0.1052631578947368,0.3,1.0,0.0,0.4000000000000001,0.2,0.0,0.3333333333333333,0.0,1.0,0.0,1.0,1.0,1.0,0.2336340188442845,0.6607142857146755,0.1902777777777778,0.599334995843724,0.2671480144404332,0.3720000000000001,0.16532386090579,0.0999999999999999,0.5,0.0,0.0,0.0,0.0,0.0,0.0,0.0,1.0,0.0,0.0,0.0,0.0,0.0,0.0,0.0,0.3333333333333333,0.5617186011094433,317.815
2 BHK,657.63,827.2,1,14,2,1,Semi-Furnished,1,2,2,1,3,Marble,1,0,0,0,0,Not Specified,1,Municipal,1793.2,Viman Nagar,411014,Society,2.04,5.12,1.96,1.49,25879.43,6543694.06,9950.419019813573,Not Specified,50,2,1,2,2,0,0,0,0,0,0,0,0,0,0,0,0,0,1,0,0.1902972931582373,0.2058949084135362,0.0476190476190476,0.5263157894736842,0.1,1.0,1.0,0.2,0.4,0.2,0.2222222222222222,1.0,0.0,0.0,0.0,0.0,1.0,0.1139560605991069,0.232142857143117,0.2555555555555555,0.4089775561097256,0.6353790613718412,0.348,0.1600192479464121,0.4454545454545454,0.5,0.0,0.0,0.0,0.0,0.0,0.0,0.0,0.0,0.0,0.0,0.0,0.0,0.0,1.0,0.0,0.07142857142857142,0.6093725132768468,328.815
1 BHK,471.81,565.08,9,10,9,1,Unfurnished,1,1,2,0,2,Vitrified,1,0,0,1,0,Stilt,1,Municipal,1812.08,Kharadi,411014,Society,4.93,1.06,2.27,1.83,13385.51,3583548.63,7595.321485343677,Broker,43,2,0,1,1,0,0,0,0,0,1,0,0,0,0,0,0,0,0,0,0.1013677782457215,0.1041718410431543,0.4285714285714285,0.3157894736842105,0.45,1.0,1.0,0.0,0.4,0.0,0.1111111111111111,1.0,0.0,0.0,1.0,0.0,1.0,0.1161222813241483,0.232142857143117,0.6569444444444444,0.0714879467996675,0.7472924187725632,0.4840000000000001,0.0872816537914624,0.3818181818181818,0.5,0.0,0.0,0.0,0.0,0.0,1.0,0.0,0.0,0.0,0.0,0.0,0.0,0.0,0.0,0.0,0.9,0.5535244015006893,471.81
2 BHK,842.48,731.795,3,11,3,1,Semi-Furnished,1,2,3,1,4,Granite,0,1,0,1,0,Covered,0,Borewell,3349.93,Aundh,411007,Society,3.07,5.13,1.78,1.62,25582.29,8815175.88,10463.3651600038,Owner,34,2,1,2,2,1,0,0,0,0,0,0,0,0,0,0,0,0,0,0,0.278762586622765,0.1688703042533375,0.1428571428571428,0.368421052631579,0.15,1.0,1.0,0.2,0.6000000000000001,0.2,0.3333333333333333,0.0,1.0,0.0,1.0,0.0,0.0,0.2925694498625459,0.107142857143117,0.3986111111111111,0.4098088113050706,0.5703971119133574,0.4000000000000001,0.1758629763650538,0.3,0.5,1.0,0.0,0.0,0.0,0.0,0.0,0.0,0.0,0.0,0.0,0.0,0.0,0.0,0.0,0.0,0.2727272727272727,0.5488146741621802,421.24
4 BHK,917.19,1123.26,0,15,12,1,Semi-Furnished,1,4,3,1,6,Vitrified,1,0,0,0,0,Covered,1,Borewell,2160.37,Aundh,411007,Standalone,3.84,4.06,2.25,1.25,33626.17,13370914.7,14578.129613275329,Owner,20,2,1,4,4,1,0,0,0,0,0,0,0,0,0,0,0,0,0,0,0.3145172096940924,0.3207893511331885,0.0,0.5789473684210527,0.6000000000000001,1.0,1.0,0.6000000000000001,0.6000000000000001,0.2,0.5555555555555556,1.0,0.0,0.0,0.0,0.0,1.0,0.1560837758328705,0.107142857143117,0.5055555555555555,0.3208645054031587,0.740072202166065,0.252,0.3029510017456578,0.1727272727272727,0.5,1.0,0.0,0.0,0.0,0.0,0.0,0.0,0.0,0.0,0.0,0.0,0.0,0.0,0.0,0.0,0.0,0.5828231637512096,229.2975
4 BHK,1219.77,1535.46,3,19,9,1,Unfurnished,0,4,3,2,7,Ceramic,1,0,0,0,0,Covered,0,Corporation + Borewell,3146.4,Hadapsar,411028,Society,5.14,1.1,2.84,1.64,32100.33,8730174.7,7157.230215532436,Broker,4,3,0,4,4,0,0,1,0,0,0,0,0,0,0,0,0,0,0,0,0.4593255867376239,0.4807552002483702,0.1428571428571428,0.7894736842105263,0.45,1.0,0.0,0.6000000000000001,0.6000000000000001,0.4,0.6666666666666665,1.0,0.0,0.0,0.0,0.0,0.0,0.2692171773960375,0.482142857143117,0.6861111111111111,0.0748129675810473,0.9530685920577616,0.408,0.0737506439661147,0.0272727272727272,1.0,0.0,0.0,1.0,0.0,0.0,0.0,0.0,0.0,0.0,0.0,0.0,0.0,0.0,0.0,0.0,0.15789473684210525,0.5632738720228501,304.9425
1 BHK,383.09,465.3,0,11,11,1,Semi-Furnished,1,2,0,0,1,Vitrified,1,1,0,1,1,Open,1,Borewell,1426.07,Kharadi,411014,Society,3.92,0.96,2.6,1.95,13442.35,5425519.36,14162.518885901487,Broker,26,2,1,1,1,0,0,0,0,0,1,0,0,0,0,0,0,0,0,0,0.058908266013247,0.0654493945979509,0.0,0.368421052631579,0.55,1.0,1.0,0.2,0.0,0.0,0.0,1.0,1.0,0.0,1.0,1.0,1.0,0.0718329348160318,0.232142857143117,0.5166666666666667,0.0631753948462177,0.8664259927797835,0.532,0.2901176990920849,0.2272727272727272,0.5,0.0,0.0,0.0,0.0,0.0,1.0,0.0,0.0,0.0,0.0,0.0,0.0,0.0,0.0,0.0,0.0,0.588924922469485,383.09
2 BHK,656.49,773.39,0,12,6,1,Semi-Furnished,1,2,1,1,4,Granite,0,0,0,1,0,Covered,0,Tanker,1713.62,Kharadi,411014,Society,4.27,2.23,2.27,2.35,29798.42,5439962.76,8286.436594616825,Broker,10,2,1,2,2,0,0,0,0,0,1,0,0,0,0,0,0,0,0,0,0.1897517133121482,0.1850124185035703,0.0,0.4210526315789473,0.3,1.0,1.0,0.2,0.2,0.2,0.3333333333333333,0.0,0.0,0.0,1.0,0.0,0.0,0.1048253484540435,0.232142857143117,0.5652777777777778,0.168744804655029,0.7472924187725632,0.6920000000000001,0.1086270457120196,0.0818181818181818,0.5,0.0,0.0,0.0,0.0,0.0,1.0,0.0,0.0,0.0,0.0,0.0,0.0,0.0,0.0,0.0,0.0,0.4958097776372511,328.245
3 BHK,778.49,990.38,4,10,8,1,Semi-Furnished,1,3,2,2,6,Not Specified,1,1,1,0,1,Covered,0,Municipal,2789.91,Shivajinagar,411005,Society,0.98,6.39,0.29,1.66,40971.06,7350027.66,9441.389947205487,Broker,35,2,1,3,3,0,0,0,0,0,0,0,0,0,0,0,0,1,0,0,0.2481383284199241,0.2692215150574356,0.1904761904761904,0.3157894736842105,0.4,1.0,1.0,0.4000000000000001,0.4,0.4,0.5555555555555556,1.0,1.0,1.0,0.0,1.0,0.0,0.2283148454961425,0.071428571429351,0.1083333333333333,0.5145469659185369,0.0324909747292418,0.416,0.1442984444743692,0.3090909090909091,0.5,0.0,0.0,0.0,0.0,0.0,0.0,0.0,0.0,0.0,0.0,0.0,0.0,1.0,0.0,0.0,0.4,0.6043435315307761,259.49666666666667
2 BHK,510.17,557.3,4,5,6,1,Fully Furnished,1,3,3,2,4,Vitrified,0,0,0,0,1,Covered,1,Corporation + Borewell,2171.88,Koregaon Park,411001,Society,2.37,4.03,1.48,0.91,39678.52,11449158.67,22441.850108787265,Builder,55,1,2,2,2,0,0,0,0,0,0,1,0,0,0,0,0,0,0,0,0.1197260614878058,0.1011525923626203,0.1904761904761904,0.0526315789473684,0.3,1.0,1.0,0.4000000000000001,0.6000000000000001,0.4,0.3333333333333333,0.0,0.0,0.0,0.0,1.0,1.0,0.1574043902685288,0.0,0.3013888888888889,0.3183707398171238,0.4620938628158845,0.116,0.5458256788360305,0.4909090909090909,0.0,0.0,0.0,0.0,0.0,0.0,0.0,1.0,0.0,0.0,0.0,0.0,0.0,0.0,0.0,0.0,0.8,0.686181827780356,255.085
2 BHK,662.08,763.56,4,11,9,1,Unfurnished,1,2,2,1,3,Vitrified,1,1,1,0,0,Stilt,1,Corporation + Borewell,1875.46,Aundh,411007,Society,3.34,4.58,1.56,1.19,23799.15,10387956.66,15689.881373852102,Owner,7,2,0,2,2,1,0,0,0,0,0,0,0,0,0,0,0,0,0,0,0.192426968873234,0.1811976094380627,0.1904761904761904,0.368421052631579,0.45,1.0,1.0,0.2,0.4,0.2,0.2222222222222222,1.0,1.0,1.0,0.0,0.0,1.0,0.1233942659403096,0.107142857143117,0.4361111111111111,0.3640897755610972,0.4909747292418772,0.2279999999999999,0.3372872132111578,0.0545454545454545,0.5,1.0,0.0,0.0,0.0,0.0,0.0,0.0,0.0,0.0,0.0,0.0,0.0,0.0,0.0,0.0,0.36363636363636365,0.5975831435561607,331.04
3 BHK,955.89,1162.48,4,15,8,1,Semi-Furnished,1,3,3,2,5,Vitrified,1,1,1,1,1,Covered,1,Corporation + Borewell,4735.67,Koregaon Park,411001,Society,2.23,5.27,1.82,0.94,52132.47,11327592.12,11850.309261525907,Owner,22,1,1,3,3,0,0,0,0,0,0,1,0,0,0,0,0,0,0,0,0.3330382097323787,0.3360097795715617,0.1904761904761904,0.5789473684210527,0.4,1.0,1.0,0.4000000000000001,0.6000000000000001,0.4,0.4444444444444445,1.0,1.0,1.0,1.0,1.0,1.0,0.4515640847946909,0.0,0.2819444444444444,0.4214463840399001,0.5848375451263538,0.128,0.2186983051182489,0.1909090909090909,0.0,0.0,0.0,0.0,0.0,0.0,0.0,1.0,0.0,0.0,0.0,0.0,0.0,0.0,0.0,0.0,0.26666666666666666,0.6554863310382526,318.63
3 BHK,1015.39,1197.34,4,15,4,1,Unfurnished,0,3,3,2,3,Vitrified,1,1,0,0,0,Open,1,Municipal,2126.18,Pimple Saudagar,411027,Society,4.42,5.19,1.52,2.18,30885.61,6148146.55,6054.960704753838,Broker,25,3,0,3,3,0,0,0,0,0,0,0,0,0,0,1,0,0,0,0,0.3615136490677285,0.3495381868984787,0.1904761904761904,0.5789473684210527,0.2,1.0,0.0,0.4000000000000001,0.6000000000000001,0.4,0.2222222222222222,1.0,1.0,0.0,0.0,0.0,1.0,0.1521609428567494,0.464285714286234,0.5861111111111111,0.4147963424771405,0.4765342960288808,0.6240000000000001,0.0397072286045733,0.2181818181818181,1.0,0.0,0.0,0.0,0.0,0.0,0.0,0.0,0.0,0.0,0.0,1.0,0.0,0.0,0.0,0.0,0.26666666666666666,0.42653948054602175,338.4633333333333
4 BHK,1369.72,1674.24,15,16,11,1,Semi-Furnished,0,5,3,3,8,Ceramic,0,1,0,0,0,Stilt,0,Municipal,4195.85,Hadapsar,411028,Standalone,4.87,2.33,2.17,2.09,34091.93,8141393.98,5943.838142102036,Broker,25,3,1,4,4,0,0,1,0,0,0,0,0,0,0,0,0,0,0,0,0.531088479650829,0.5346126979199008,0.7142857142857142,0.631578947368421,0.55,1.0,0.0,0.8,0.6000000000000001,0.6000000000000001,0.7777777777777777,0.0,1.0,0.0,0.0,0.0,0.0,0.3896271530260544,0.482142857143117,0.6486111111111111,0.1770573566084788,0.7111913357400722,0.588,0.0362749046559522,0.2181818181818181,1.0,0.0,0.0,1.0,0.0,0.0,0.0,0.0,0.0,0.0,0.0,0.0,0.0,0.0,0.0,0.0,0.9375,0.49383499009418885,342.43
1 BHK,368.6,731.795,2,9,12,1,Semi-Furnished,1,1,2,0,1,Granite,0,0,1,1,0,Covered,0,Tanker,1797.87,Aundh,411007,Standalone,3.38,2.63,1.71,1.64,15034.61,6150634.92,16686.475637547475,Broker,67,2,1,1,1,1,0,0,0,0,0,0,0,0,0,0,0,0,0,0,0.0519736590221677,0.1688703042533375,0.0952380952380952,0.2631578947368421,0.6000000000000001,1.0,1.0,0.0,0.4,0.0,0.0,0.0,0.0,1.0,1.0,0.0,0.0,0.1144918789670064,0.107142857143117,0.4416666666666666,0.2019950124688279,0.5451263537906137,0.408,0.3680697200646869,0.6,0.5,1.0,0.0,0.0,0.0,0.0,0.0,0.0,0.0,0.0,0.0,0.0,0.0,0.0,0.0,0.0,0.2222222222222222,0.60085241540679,368.6
1 BHK,362.58,424.83,12,12,10,1,Fully Furnished,1,2,1,0,1,Vitrified,0,0,0,0,0,Covered,0,Tanker,800.0,Pimple Saudagar,411027,Standalone,3.83,5.52,1.16,1.92,7500.0,2800000.0,7722.433669810801,Owner,27,3,2,1,1,0,0,0,0,0,0,0,0,0,0,1,0,0,0,0,0.0490926145717676,0.0497438683638621,0.5714285714285714,0.4210526315789473,0.5,1.0,1.0,0.2,0.2,0.0,0.0,0.0,0.0,0.0,0.0,0.0,0.0,0.0,0.464285714286234,0.5041666666666667,0.4422277639235244,0.3465703971119133,0.52,0.0912066040964275,0.2363636363636363,1.0,0.0,0.0,0.0,0.0,0.0,0.0,0.0,0.0,0.0,0.0,1.0,0.0,0.0,0.0,0.0,1.0,0.47189955853079324,362.58
2 BHK,710.32,830.09,0,6,11,1,Semi-Furnished,1,3,2,1,3,Granite,1,1,0,1,0,Covered,1,Not Specified,2458.99,Kothrud,411038,Society,1.84,7.42,1.28,1.67,29751.13,6110928.07,8603.06350658858,Owner,45,2,1,2,2,0,0,0,0,0,0,0,1,0,0,0,0,0,0,0,0.2155136107814235,0.2070164545172307,0.0,0.1052631578947368,0.55,1.0,1.0,0.4000000000000001,0.4,0.2,0.2222222222222222,1.0,1.0,0.0,1.0,0.0,1.0,0.1903463199489652,0.6607142857146755,0.2277777777777778,0.600166251039069,0.3898916967509025,0.42,0.1184066826695592,0.3999999999999999,0.5,0.0,0.0,0.0,0.0,0.0,0.0,0.0,1.0,0.0,0.0,0.0,0.0,0.0,0.0,0.0,0.0,0.536463372297387,355.16
4 BHK,1707.43,2081.72,1,9,12,1,Semi-Furnished,1,4,3,3,7,Wooden,1,1,1,1,1,Covered,1,Tanker,5112.46,Kharadi,411014,Society,4.16,1.67,2.33,1.67,52767.09,17407424.9,10195.103108180128,Owner,21,2,1,4,4,0,0,0,0,0,1,0,0,0,0,0,0,0,0,0,0.6927093303725259,0.6927468177584601,0.0476190476190476,0.2631578947368421,0.6000000000000001,1.0,1.0,0.6000000000000001,0.6000000000000001,0.6000000000000001,0.6666666666666665,1.0,1.0,1.0,1.0,1.0,1.0,0.4947955629190743,0.232142857143117,0.55,0.1221945137157106,0.7689530685920578,0.42,0.1675763524523836,0.1818181818181818,0.5,0.0,0.0,0.0,0.0,0.0,1.0,0.0,0.0,0.0,0.0,0.0,0.0,0.0,0.0,0.0,0.1111111111111111,0.5886773196871316,426.8575
2 BHK,582.13,693.67,9,14,10,1,Unfurnished,0,2,3,1,3,Granite,1,1,0,0,0,Stilt,0,Not Specified,2038.17,Wakad,411057,Society,5.98,3.12,2.02,2.22,11144.36,3553567.26,6104.422139384673,Owner,28,3,0,2,2,0,0,0,0,0,0,0,0,0,0,0,0,0,0,1,0.1541645928251464,0.1540748214840112,0.4285714285714285,0.5263157894736842,0.5,1.0,0.0,0.2,0.6000000000000001,0.2,0.2222222222222222,1.0,1.0,0.0,0.0,0.0,0.0,0.1420630039790537,1.0,0.8027777777777778,0.2427265170407315,0.6570397111913358,0.6400000000000001,0.0412342158809147,0.2454545454545454,1.0,0.0,0.0,0.0,0.0,0.0,0.0,0.0,0.0,0.0,0.0,0.0,0.0,0.0,0.0,1.0,0.6428571428571429,0.40841434868417703,291.065
3 BHK,1118.3,1417.13,4,17,17,1,Semi-Furnished,1,3,3,2,6,Granite,1,1,0,0,1,Covered,0,Borewell,3839.19,Hadapsar,411028,Society,6.35,1.73,2.39,2.21,23148.04,11499120.0,10282.679066440132,Broker,4,3,1,3,3,0,0,1,0,0,0,0,0,0,0,0,0,0,0,0,0.4107641946475746,0.4348339025147471,0.1904761904761904,0.6842105263157894,0.8500000000000001,1.0,1.0,0.4000000000000001,0.6000000000000001,0.4,0.5555555555555556,1.0,1.0,0.0,0.0,1.0,0.0,0.3487053159607327,0.482142857143117,0.8541666666666666,0.1271820448877805,0.7906137184115524,0.636,0.1702825544174531,0.0272727272727272,1.0,0.0,0.0,1.0,0.0,0.0,0.0,0.0,0.0,0.0,0.0,0.0,0.0,0.0,0.0,0.0,0.23529411764705882,0.43070104036988754,372.76666666666665
1 BHK,326.6,412.39,4,11,11,1,Unfurnished,1,1,0,0,2,Ceramic,1,1,0,0,0,Bike,1,Tanker,837.02,Kharadi,411014,Society,3.86,1.36,1.47,2.07,12301.88,4870710.05,14913.380434782606,Owner,8,2,0,1,1,0,0,0,0,0,1,0,0,0,0,0,0,0,0,0,0.0318733489030973,0.0449161751009003,0.1904761904761904,0.368421052631579,0.55,1.0,1.0,0.0,0.0,0.0,0.1111111111111111,1.0,1.0,0.0,0.0,0.0,1.0,0.0042475366123428,0.232142857143117,0.5083333333333333,0.0964256026600166,0.4584837545126353,0.58,0.313306347498323,0.0636363636363636,0.5,0.0,0.0,0.0,0.0,0.0,1.0,0.0,0.0,0.0,0.0,0.0,0.0,0.0,0.0,0.0,0.36363636363636365,0.5679049591764229,326.6
2 BHK,702.47,874.24,2,15,6,1,Semi-Furnished,1,2,2,0,3,Ceramic,1,1,1,0,0,Covered,0,Municipal,1996.45,Viman Nagar,411014,Society,1.99,5.54,1.56,0.98,23516.4,6594852.17,9388.090836619356,Broker,16,2,1,2,2,0,0,0,0,0,0,0,0,0,0,0,0,0,1,0,0.2117567671044067,0.2241501086619062,0.0952380952380952,0.5789473684210527,0.3,1.0,1.0,0.2,0.4,0.0,0.2222222222222222,1.0,1.0,1.0,0.0,0.0,0.0,0.1372762069107948,0.232142857143117,0.2486111111111111,0.4438902743142144,0.4909747292418772,0.144,0.1426506942479773,0.1363636363636363,0.5,0.0,0.0,0.0,0.0,0.0,0.0,0.0,0.0,0.0,0.0,0.0,0.0,0.0,1.0,0.0,0.13333333333333333,0.6546646841822639,351.235
1 BHK,417.94,526.04,5,11,6,1,Fully Furnished,1,2,2,1,1,Wooden,1,1,0,1,1,Open,1,Municipal,2682.55,Kalyani Nagar,411006,Society,3.12,5.63,0.94,1.62,22848.95,8103796.48,19389.85615160071,Owner,14,1,2,1,1,0,0,0,0,1,0,0,0,0,0,0,0,0,0,0,0.0755867376239519,0.0890212666873641,0.238095238095238,0.368421052631579,0.3,1.0,1.0,0.2,0.4,0.2,0.0,1.0,1.0,0.0,1.0,1.0,1.0,0.2159967598478138,0.089285714286234,0.4055555555555555,0.4513715710723191,0.2671480144404332,0.4000000000000001,0.4515703507499657,0.1181818181818181,0.0,0.0,0.0,0.0,0.0,1.0,0.0,0.0,0.0,0.0,0.0,0.0,0.0,0.0,0.0,0.0,0.45454545454545453,0.5329347304408629,417.94
3 BHK,666.3,721.88,1,13,6,1,Semi-Furnished,1,3,3,2,3,Vitrified,1,1,0,0,0,Open,0,Municipal,2485.83,Hinjewadi,411057,Society,5.95,0.2,2.33,2.56,28730.49,5137694.04,7710.781990094552,Owner,32,3,1,3,3,0,0,0,1,0,0,0,0,0,0,0,0,0,0,0,0.1944465714613882,0.1650225085377212,0.0476190476190476,0.4736842105263157,0.3,1.0,1.0,0.4000000000000001,0.6000000000000001,0.4,0.2222222222222222,1.0,1.0,0.0,0.0,0.0,0.0,0.1934258413610475,1.0,0.7986111111111112,0.0,0.7689530685920578,0.776,0.0908474038127735,0.2818181818181818,1.0,0.0,0.0,0.0,1.0,0.0,0.0,0.0,0.0,0.0,0.0,0.0,0.0,0.0,0.0,0.0,0.07692307692307693,0.4530266318900824,222.1
2 BHK,682.6,848.08,2,16,10,1,Semi-Furnished,1,2,1,1,4,Vitrified,0,0,0,0,1,Not Specified,0,Corporation + Borewell,1990.22,Hinjewadi,411057,Standalone,6.05,1.44,2.52,2.62,11631.4,7698596.02,11278.341664225021,Owner,46,3,1,2,2,0,0,0,1,0,0,0,0,0,0,0,0,0,0,0,0.202247406102837,0.2139979819931698,0.0952380952380952,0.631578947368421,0.5,1.0,1.0,0.2,0.2,0.2,0.3333333333333333,0.0,0.0,0.0,0.0,1.0,0.0,0.136561399966038,1.0,0.8125,0.1030756442227763,0.8375451263537906,0.8,0.2010326313227589,0.409090909090909,1.0,0.0,0.0,0.0,1.0,0.0,0.0,0.0,0.0,0.0,0.0,0.0,0.0,0.0,0.0,0.0,0.125,0.4083151961320399,341.3
3 BHK,1007.1,1192.4,6,9,11,1,Fully Furnished,1,3,4,2,4,Wooden,1,1,1,0,0,Bike,1,Corporation + Borewell,4541.58,Viman Nagar,411014,Society,1.97,5.17,1.97,1.68,36781.01,20449056.14,20304.89141098203,Owner,32,2,2,3,3,0,0,0,0,0,0,0,0,0,0,0,0,0,1,0,0.3575462307132739,0.3476210804098107,0.2857142857142857,0.2631578947368421,0.55,1.0,1.0,0.4000000000000001,0.8,0.4,0.3333333333333333,1.0,1.0,1.0,0.0,0.0,1.0,0.4292949226907032,0.232142857143117,0.2458333333333333,0.4131338320864505,0.6389891696750902,0.424,0.4798245570686786,0.2818181818181818,0.5,0.0,0.0,0.0,0.0,0.0,0.0,0.0,0.0,0.0,0.0,0.0,0.0,0.0,1.0,0.0,0.6666666666666666,0.5908637519839484,335.7
2 BHK,700.06,877.48,3,4,15,0,Unfurnished,0,3,3,1,2,Granite,1,1,1,1,1,Not Specified,1,Tanker,1818.48,Kharadi,411014,Society,3.69,0.56,1.78,2.04,23394.87,4484715.9,6406.187898180157,Broker,44,2,0,2,2,0,0,0,0,0,1,0,0,0,0,0,0,0,0,0,0.210603392166622,0.2254074821484011,0.1428571428571428,0.0,0.75,0.0,0.0,0.4000000000000001,0.6000000000000001,0.2,0.1111111111111111,1.0,1.0,1.0,1.0,1.0,1.0,0.1168565934343318,0.232142857143117,0.4847222222222223,0.0299251870324189,0.5703971119133574,0.5680000000000001,0.0505545830002829,0.3909090909090909,0.5,0.0,0.0,0.0,0.0,0.0,1.0,0.0,0.0,0.0,0.0,0.0,0.0,0.0,0.0,0.0,0.75,0.6005720513897128,350.03
1 BHK,401.43,445.2,5,14,6,1,Semi-Furnished,1,1,0,0,1,Wooden,1,1,1,1,0,Covered,1,Tanker,2236.35,Kharadi,411014,Standalone,3.89,1.64,1.61,1.87,15671.64,3560637.73,8869.884487955558,Builder,23,2,1,1,1,0,0,0,0,0,1,0,0,0,0,0,0,0,0,0,0.0676854014319078,0.0576490220428438,0.238095238095238,0.5263157894736842,0.3,1.0,1.0,0.0,0.0,0.0,0.0,1.0,1.0,1.0,1.0,0.0,1.0,0.1648014374159557,0.232142857143117,0.5125000000000001,0.1197007481296758,0.5090252707581228,0.5000000000000001,0.1266482135113665,0.1999999999999999,0.5,0.0,0.0,0.0,0.0,0.0,1.0,0.0,0.0,0.0,0.0,0.0,0.0,0.0,0.0,0.0,0.35714285714285715,0.5802896219699163,401.43
4 BHK,1727.11,2109.98,8,14,10,1,Semi-Furnished,1,5,2,2,6,Granite,1,0,0,0,0,Covered,1,Tanker,5227.97,Hinjewadi,411057,Society,5.8,0.21,2.52,2.53,47538.91,12925337.89,7483.795409672807,Owner,31,3,1,4,4,0,0,0,1,0,0,0,0,0,0,0,0,0,0,0,0.7021277613997473,0.703713908723999,0.3809523809523809,0.5263157894736842,0.5,1.0,1.0,0.8,0.4,0.4,0.5555555555555556,1.0,0.0,0.0,0.0,0.0,1.0,0.5080487491452148,1.0,0.7777777777777778,0.0008312551953449,0.8375451263537906,0.764,0.0838366667202018,0.2727272727272727,1.0,0.0,0.0,0.0,1.0,0.0,0.0,0.0,0.0,0.0,0.0,0.0,0.0,0.0,0.0,0.0,0.5714285714285714,0.4627159630225861,431.7775
3 BHK,1174.35,1395.27,8,11,4,1,Fully Furnished,1,3,3,2,3,Marble,1,0,1,0,0,Covered,1,Corporation + Borewell,4540.78,Kothrud,411038,Society,1.49,7.91,1.62,1.72,51598.26,12754481.68,10860.886175331034,Not Specified,24,2,2,3,3,0,0,0,0,0,0,0,1,0,0,0,0,0,0,0,0.4375885370802864,0.4263505122632723,0.3809523809523809,0.368421052631579,0.2,1.0,1.0,0.4000000000000001,0.6000000000000001,0.4,0.2222222222222222,1.0,0.0,1.0,0.0,0.0,1.0,0.4292031336769302,0.6607142857146755,0.1791666666666666,0.6408977556109725,0.5126353790613719,0.44,0.1881403370490847,0.209090909090909,0.5,0.0,0.0,0.0,0.0,0.0,0.0,0.0,1.0,0.0,0.0,0.0,0.0,0.0,0.0,0.0,0.7272727272727273,0.5335321200815886,391.45
4 BHK,1283.33,1480.21,11,15,15,1,Unfurnished,0,4,3,2,5,Ceramic,1,1,1,0,0,Bike,0,Tanker,5452.32,Viman Nagar,411014,Society,2.27,5.66,1.69,1.48,46962.03,11960067.76,9319.557526123444,Owner,7,2,0,4,4,0,0,0,0,0,0,0,0,0,0,0,0,0,1,0,0.4897440560511505,0.4593138776777399,0.5238095238095237,0.5789473684210527,0.75,1.0,0.0,0.6000000000000001,0.6000000000000001,0.4,0.4444444444444445,1.0,1.0,1.0,0.0,0.0,0.0,0.5337898306951641,0.232142857143117,0.2875,0.453865336658354,0.5379061371841155,0.344,0.1405347173405713,0.0545454545454545,0.5,0.0,0.0,0.0,0.0,0.0,0.0,0.0,0.0,0.0,0.0,0.0,0.0,0.0,1.0,0.0,0.7333333333333333,0.5853626221982722,320.8325
2 BHK,525.13,657.65,1,15,16,1,Semi-Furnished,1,3,1,1,3,Ceramic,0,0,1,1,0,Covered,0,Corporation + Borewell,2620.94,Kharadi,411014,Standalone,4.78,1.11,1.7,2.36,20532.17,4353812.21,8290.922647725325,Owner,7,2,1,2,2,0,0,0,0,0,1,0,0,0,0,0,0,0,0,0,0.1268856005206937,0.14009624340267,0.0476190476190476,0.5789473684210527,0.8,1.0,1.0,0.4000000000000001,0.2,0.2,0.2222222222222222,0.0,0.0,1.0,1.0,0.0,0.0,0.2089278584246252,0.232142857143117,0.6361111111111112,0.0756442227763923,0.5415162454873647,0.696,0.1087663400610548,0.0545454545454545,0.5,0.0,0.0,0.0,0.0,0.0,1.0,0.0,0.0,0.0,0.0,0.0,0.0,0.0,0.0,0.0,0.06666666666666667,0.502294457486608,262.565
1 BHK,446.05,506.59,9,14,8,1,Semi-Furnished,1,1,0,0,1,Ceramic,1,0,0,1,0,Bike,0,Municipal,1098.01,Nigdi,411044,Society,3.49,11.15,2.0,2.55,14901.95,4914325.81,11017.432597242461,Owner,6,3,1,1,1,0,0,0,0,0,0,0,0,0,1,0,0,0,0,0,0.0890395880393583,0.0814731449860292,0.4285714285714285,0.5263157894736842,0.4,1.0,1.0,0.0,0.0,0.0,0.0,1.0,0.0,0.0,1.0,0.0,0.0,0.0341925549930928,0.7678571428577925,0.4569444444444445,0.9102244389027432,0.6498194945848376,0.772,0.1929717816210527,0.0454545454545454,1.0,0.0,0.0,0.0,0.0,0.0,0.0,0.0,0.0,0.0,1.0,0.0,0.0,0.0,0.0,0.0,0.6428571428571429,0.2664593755967428,446.05
2 BHK,556.21,695.37,1,9,1,1,Semi-Furnished,1,3,2,1,3,Vitrified,0,0,1,0,0,Bike,1,Borewell,2793.59,Kothrud,411038,Standalone,2.73,7.2,1.56,1.54,12894.27,7928860.15,14255.155696589418,Owner,7,2,1,2,2,0,0,0,0,0,0,0,1,0,0,0,0,0,0,0,0.1417598300088058,0.1547345544861844,0.0476190476190476,0.2631578947368421,0.05,1.0,1.0,0.4000000000000001,0.4,0.2,0.2222222222222222,0.0,0.0,1.0,0.0,0.0,1.0,0.2287370749594981,0.6607142857146755,0.3513888888888889,0.5818786367414795,0.4909747292418772,0.3680000000000001,0.2929715345357329,0.0545454545454545,0.5,0.0,0.0,0.0,0.0,0.0,0.0,0.0,1.0,0.0,0.0,0.0,0.0,0.0,0.0,0.0,0.1111111111111111,0.5162583553425746,278.105
2 BHK,357.8,391.82,6,11,4,1,Semi-Furnished,1,3,1,2,3,Granite,1,1,0,1,0,Covered,1,Municipal,1227.47,Koregaon Park,411001,Society,2.4,5.49,1.61,1.37,22312.02,5686375.76,15892.609726103967,Builder,8,1,1,2,2,0,0,0,0,0,0,1,0,0,0,0,0,0,0,0,0.0468050078486925,0.0369334057746041,0.2857142857142857,0.368421052631579,0.2,1.0,1.0,0.4000000000000001,0.2,0.4,0.2222222222222222,1.0,1.0,0.0,1.0,0.0,1.0,0.0490463121468991,0.0,0.3055555555555555,0.4397339983374895,0.5090252707581228,0.3,0.343551443781295,0.0636363636363636,0.0,0.0,0.0,0.0,0.0,0.0,0.0,1.0,0.0,0.0,0.0,0.0,0.0,0.0,0.0,0.0,0.5454545454545454,0.5958923181940352,178.9
1 BHK,400.7,483.04,0,7,10,1,Fully Furnished,0,2,1,0,2,Vitrified,1,1,0,0,0,Covered,1,Corporation + Borewell,800.0,Kothrud,411038,Society,1.51,8.13,1.2,1.44,17473.14,4776674.23,11920.824132767659,Broker,5,2,2,1,1,0,0,0,0,0,0,0,1,0,0,0,0,0,0,0,0.0673360388988858,0.072333902514747,0.0,0.1578947368421052,0.5,1.0,0.0,0.2,0.2,0.0,0.1111111111111111,1.0,1.0,0.0,0.0,0.0,1.0,0.0,0.6607142857146755,0.1819444444444444,0.6591853699085619,0.3610108303249097,0.3279999999999999,0.2208769799255532,0.0363636363636363,0.5,0.0,0.0,0.0,0.0,0.0,0.0,0.0,1.0,0.0,0.0,0.0,0.0,0.0,0.0,0.0,0.0,0.556549564848829,400.7
1 RK,321.48,392.38,5,13,7,1,Fully Furnished,1,2,1,0,2,Marble,0,1,1,1,0,Covered,1,Tanker,1609.89,Pimple Saudagar,411027,Standalone,4.35,4.9,1.44,1.46,13167.14,2800000.0,8709.717556302103,Builder,12,3,2,1,1,0,0,0,0,0,0,0,0,0,0,1,0,0,0,0,0.0294230253838202,0.0371507295870847,0.238095238095238,0.4736842105263157,0.35,1.0,1.0,0.2,0.2,0.0,0.1111111111111111,0.0,1.0,1.0,1.0,0.0,1.0,0.0929237554557095,0.464285714286234,0.5763888888888888,0.3906899418121363,0.4476534296028881,0.3359999999999999,0.1217000211257948,0.0999999999999999,1.0,0.0,0.0,0.0,0.0,0.0,0.0,0.0,0.0,0.0,0.0,1.0,0.0,0.0,0.0,0.0,0.38461538461538464,0.5145197716743097,321.48
2 BHK,589.25,677.56,7,9,14,1,Fully Furnished,1,2,2,2,3,Vitrified,1,1,1,1,1,Covered,1,Corporation + Borewell,1719.74,Koregaon Park,411001,Society,2.58,4.97,1.34,0.7,36308.43,15619858.37,26508.03287229529,Builder,40,1,2,2,2,0,0,0,0,0,0,1,0,0,0,0,0,0,0,0,0.1575720739691412,0.1478228810928283,0.3333333333333333,0.2631578947368421,0.7000000000000001,1.0,1.0,0.2,0.4,0.4,0.2222222222222222,1.0,1.0,1.0,1.0,1.0,1.0,0.1055275344094065,0.0,0.3305555555555555,0.3965087281795511,0.4115523465703971,0.0319999999999999,0.6714129697555214,0.3545454545454545,0.0,0.0,0.0,0.0,0.0,0.0,0.0,1.0,0.0,0.0,0.0,0.0,0.0,0.0,0.0,0.0,0.7777777777777778,0.6735382057949515,294.625
3 BHK,1307.53,1559.08,9,12,6,1,Semi-Furnished,1,3,3,1,4,Granite,1,0,0,1,0,Covered,1,Corporation + Borewell,4942.85,Shivajinagar,411005,Society,0.58,8.25,0.65,1.19,58272.58,13338662.23,10201.419646203147,Owner,13,2,1,3,3,0,0,0,0,0,0,0,0,0,0,0,0,1,0,0,0.501325663310234,0.4899216081962124,0.4285714285714285,0.4210526315789473,0.3,1.0,1.0,0.4000000000000001,0.6000000000000001,0.2,0.3333333333333333,1.0,0.0,0.0,1.0,0.0,1.0,0.4753351446365385,0.071428571429351,0.0527777777777777,0.6691604322527015,0.1624548736462094,0.2279999999999999,0.1677715498550227,0.109090909090909,0.5,0.0,0.0,0.0,0.0,0.0,0.0,0.0,0.0,0.0,0.0,0.0,0.0,1.0,0.0,0.0,0.75,0.6218802124975469,435.8433333333333
4 BHK,1545.29,1728.92,6,11,8,1,Semi-Furnished,1,5,5,3,4,Ceramic,0,0,0,1,0,Covered,1,Tanker,3914.59,Hadapsar,411028,Standalone,5.72,2.43,1.73,1.56,54300.1,9477120.4,6132.907350723813,Broker,38,3,1,4,4,0,0,1,0,0,0,0,0,0,0,0,0,0,0,0,0.6151125617366668,0.5558328158956847,0.2857142857142857,0.368421052631579,0.4,1.0,1.0,0.8,1.0,0.6000000000000001,0.3333333333333333,0.0,0.0,0.0,1.0,0.0,1.0,0.3573564305088324,0.482142857143117,0.7666666666666666,0.1853699085619285,0.5523465703971119,0.3760000000000001,0.0421141484760395,0.3363636363636363,1.0,0.0,0.0,1.0,0.0,0.0,0.0,0.0,0.0,0.0,0.0,0.0,0.0,0.0,0.0,0.0,0.5454545454545454,0.5094450951360192,386.3225
1 BHK,405.07,440.32,7,15,15,1,Fully Furnished,1,1,1,1,2,Wooden,1,0,1,1,1,Covered,1,Tanker,2407.4,Koregaon Park,411001,Society,2.12,4.73,1.69,1.38,32476.52,11846598.52,29245.805712592886,Broker,2,1,2,1,1,0,0,0,0,0,0,1,0,0,0,0,0,0,0,0,0.0694274283088939,0.05575520024837,0.3333333333333333,0.5789473684210527,0.75,1.0,1.0,0.0,0.2,0.2,0.1111111111111111,1.0,0.0,1.0,1.0,1.0,1.0,0.1844270759232827,0.0,0.2666666666666666,0.3765586034912718,0.5379061371841155,0.3039999999999999,0.755963404193285,0.009090909090909,0.0,0.0,0.0,0.0,0.0,0.0,0.0,1.0,0.0,0.0,0.0,0.0,0.0,0.0,0.0,0.0,0.4666666666666667,0.6281506457712509,405.07
2 BHK,576.04,694.16,7,9,2,1,Semi-Furnished,1,3,3,1,3,Vitrified,0,0,1,0,0,Covered,0,Corporation + Borewell,2535.88,Pune Camp,411001,Society,2.74,7.51,1.35,1.56,14150.82,6019956.2,10450.587112006111,Broker,20,3,1,2,2,0,0,0,0,0,0,0,0,0,0,0,1,0,0,0,0.1512500478578812,0.1542649798199317,0.3333333333333333,0.2631578947368421,0.1,1.0,1.0,0.4000000000000001,0.6000000000000001,0.2,0.2222222222222222,0.0,0.0,1.0,0.0,0.0,0.0,0.1991683915352171,0.0,0.3527777777777778,0.6076475477971737,0.4151624548736462,0.3760000000000001,0.1754676398533795,0.1727272727272727,1.0,0.0,0.0,0.0,0.0,0.0,0.0,0.0,0.0,0.0,0.0,0.0,1.0,0.0,0.0,0.0,0.7777777777777778,0.5052219840445515,288.02
4 BHK,1293.21,1541.29,13,13,8,1,Semi-Furnished,1,4,4,4,5,Vitrified,0,0,0,1,1,Bike,1,Tanker,5083.94,Kothrud,411038,Standalone,2.02,6.98,0.99,1.52,40938.52,21797820.05,16855.591937890986,Builder,32,2,1,4,4,0,0,0,0,0,0,0,1,0,0,0,0,0,0,0,0.4944724147172556,0.4830176963675878,0.6190476190476191,0.4736842105263157,0.4,1.0,1.0,0.6000000000000001,0.8,0.8,0.4444444444444445,0.0,0.0,0.0,1.0,1.0,1.0,0.4915232845780689,0.6607142857146755,0.2527777777777777,0.5635910224438903,0.2851985559566787,0.3600000000000001,0.3732918682985828,0.2818181818181818,0.5,0.0,0.0,0.0,0.0,0.0,0.0,0.0,1.0,0.0,0.0,0.0,0.0,0.0,0.0,0.0,1.0,0.5563732737076972,323.3025
2 BHK,790.03,963.16,10,18,13,1,Semi-Furnished,1,2,4,1,2,Vitrified,1,1,0,0,0,Covered,0,Borewell,1072.02,Hadapsar,411028,Society,4.7,1.55,2.18,2.07,19613.25,5297008.55,6704.8195005252965,Broker,29,3,1,2,2,0,0,1,0,0,0,0,0,0,0,0,0,0,0,0,0.2536611279145449,0.2586580254579324,0.4761904761904761,0.7368421052631579,0.65,1.0,1.0,0.2,0.8,0.2,0.1111111111111111,1.0,1.0,0.0,0.0,0.0,0.0,0.0312105594081444,0.482142857143117,0.625,0.112219451371571,0.7148014440433214,0.58,0.0597773514183315,0.2545454545454545,1.0,0.0,0.0,1.0,0.0,0.0,0.0,0.0,0.0,0.0,0.0,0.0,0.0,0.0,0.0,0.0,0.5555555555555556,0.5248885985803402,395.015
1 BHK,396.75,487.05,0,10,7,1,Unfurnished,1,2,2,0,1,Marble,0,0,0,1,0,Not Specified,1,Municipal,1416.44,Nigdi,411044,Society,3.22,11.02,1.98,2.26,7500.0,3573873.64,9007.87306868305,Owner,41,3,0,1,1,0,0,0,0,0,0,0,0,0,1,0,0,0,0,0,0.0654456525900685,0.0738900962434027,0.0,0.3157894736842105,0.35,1.0,1.0,0.2,0.4,0.0,0.0,0.0,0.0,0.0,1.0,0.0,1.0,0.0707280245627401,0.7678571428577925,0.4194444444444444,0.8994181213632584,0.6425992779783394,0.6559999999999999,0.1309119795611023,0.3636363636363636,1.0,0.0,0.0,0.0,0.0,0.0,0.0,0.0,0.0,0.0,1.0,0.0,0.0,0.0,0.0,0.0,0.0,0.3131476435237679,396.75
2 BHK,561.45,716.1,3,13,10,1,Fully Furnished,1,3,1,1,4,Vitrified,0,0,0,1,0,Covered,0,Municipal,914.58,Viman Nagar,411014,Standalone,2.05,4.59,1.6,1.96,18575.02,8966124.8,15969.587318550182,Owner,30,2,2,2,2,0,0,0,0,0,0,0,0,0,0,0,0,0,1,0,0.144267582985566,0.1627794163303322,0.1428571428571428,0.4736842105263157,0.5,1.0,1.0,0.4000000000000001,0.2,0.2,0.3333333333333333,0.0,0.0,0.0,1.0,0.0,0.0,0.0131464814976295,0.232142857143117,0.2569444444444444,0.3649210307564421,0.5054151624548737,0.536,0.3459268602744871,0.2636363636363636,0.5,0.0,0.0,0.0,0.0,0.0,0.0,0.0,0.0,0.0,0.0,0.0,0.0,0.0,1.0,0.0,0.23076923076923078,0.5731537405699303,280.725
1 RK,447.29,536.62,13,15,9,1,Unfurnished,1,1,2,0,2,Granite,1,1,0,0,0,Covered,0,Corporation + Borewell,1428.88,Wakad,411057,Society,5.19,1.96,2.19,2.59,12925.98,3247178.77,7259.672181358849,Broker,7,3,0,1,1,0,0,0,0,0,0,0,0,0,0,0,0,0,0,1,0.0896330257666832,0.0931271344303011,0.6190476190476191,0.5789473684210527,0.45,1.0,1.0,0.0,0.4,0.0,0.1111111111111111,1.0,1.0,0.0,0.0,0.0,0.0,0.0721553437269093,1.0,0.6930555555555556,0.1463009143807148,0.7184115523465704,0.788,0.0769124094895588,0.0545454545454545,1.0,0.0,0.0,0.0,0.0,0.0,0.0,0.0,0.0,0.0,0.0,0.0,0.0,0.0,0.0,1.0,0.8666666666666667,0.43608626394807914,447.29
1 BHK,506.6,567.25,7,14,11,1,Semi-Furnished,1,2,0,0,2,Vitrified,1,1,0,1,0,Covered,0,Tanker,2818.25,Aundh,411007,Society,3.98,3.76,1.99,1.47,28824.2,4434763.17,8753.973884721674,Broker,22,2,1,1,1,1,0,0,0,0,0,0,0,0,0,0,0,0,0,0,0.1180175351276848,0.1050139708165166,0.3333333333333333,0.5263157894736842,0.55,1.0,1.0,0.2,0.0,0.0,0.1111111111111111,1.0,1.0,0.0,1.0,0.0,0.0,0.231566471309049,0.107142857143117,0.525,0.2959268495428095,0.6462093862815884,0.3399999999999999,0.1230664029442687,0.1909090909090909,0.5,1.0,0.0,0.0,0.0,0.0,0.0,0.0,0.0,0.0,0.0,0.0,0.0,0.0,0.0,0.0,0.5,0.561189198822069,506.6
2 BHK,708.26,798.1,6,6,8,1,Semi-Furnished,1,3,2,1,3,Vitrified,1,1,1,0,0,Covered,0,Borewell,2900.75,Kothrud,411038,Standalone,2.27,7.77,1.32,1.52,28883.57,6050122.04,8542.233134724536,Broker,8,2,1,2,2,0,0,0,0,0,0,0,1,0,0,0,0,0,0,0,0.2145277384279643,0.1946018317292767,0.2857142857142857,0.1052631578947368,0.4,1.0,1.0,0.4000000000000001,0.4,0.2,0.2222222222222222,1.0,1.0,1.0,0.0,0.0,0.0,0.2410322133543836,0.6607142857146755,0.2875,0.6292601828761428,0.4043321299638989,0.3600000000000001,0.1165260545292592,0.0636363636363636,0.5,0.0,0.0,0.0,0.0,0.0,0.0,0.0,1.0,0.0,0.0,0.0,0.0,0.0,0.0,0.0,1.0,0.5235802599253132,354.13
2 BHK,699.27,801.51,1,12,6,1,Semi-Furnished,1,2,2,0,3,Granite,1,1,1,1,0,Covered,1,Corporation + Borewell,2125.42,Shivajinagar,411005,Standalone,1.39,7.11,1.36,1.4,26806.07,5546152.12,7931.345717677006,Builder,21,2,1,2,2,0,0,0,0,0,0,0,0,0,0,0,0,1,0,0,0.2102253149048585,0.1959251785159888,0.0476190476190476,0.4210526315789473,0.3,1.0,1.0,0.2,0.4,0.0,0.2222222222222222,1.0,1.0,1.0,1.0,0.0,1.0,0.1520737432936652,0.071428571429351,0.1652777777777777,0.5743973399833748,0.4187725631768954,0.3119999999999999,0.0976592372229092,0.1818181818181818,0.5,0.0,0.0,0.0,0.0,0.0,0.0,0.0,0.0,0.0,0.0,0.0,0.0,1.0,0.0,0.0,0.08333333333333333,0.5940289651246315,349.635
1 BHK,451.62,526.57,7,11,7,1,Semi-Furnished,1,2,1,1,2,Vitrified,0,0,1,1,0,Stilt,1,Municipal,1026.46,Baner,411045,Standalone,3.45,3.1,2.38,2.29,21151.05,5509612.31,12199.664120278108,Broker,37,1,1,1,1,0,1,0,0,0,0,0,0,0,0,0,0,0,0,0,0.0917052720241969,0.0892269481527476,0.3333333333333333,0.368421052631579,0.35,1.0,1.0,0.2,0.2,0.2,0.1111111111111111,0.0,0.0,1.0,1.0,0.0,1.0,0.0259831750737754,0.7857142857146755,0.4513888888888889,0.2410640066500415,0.7870036101083032,0.668,0.2294919184569027,0.3272727272727272,0.0,0.0,1.0,0.0,0.0,0.0,0.0,0.0,0.0,0.0,0.0,0.0,0.0,0.0,0.0,0.0,0.6363636363636364,0.5154447878282711,451.62
3 BHK,995.98,1178.99,1,11,7,1,Fully Furnished,0,3,3,1,4,Marble,1,1,1,0,1,Bike,0,Tanker,2739.68,Hadapsar,411028,Society,5.37,2.25,2.43,1.88,40573.51,13629693.75,13684.706269202192,Owner,33,3,2,3,3,0,0,1,0,0,0,0,0,0,0,0,0,0,0,0,0.3522244343198438,0.3424169512573735,0.0476190476190476,0.368421052631579,0.35,1.0,0.0,0.4000000000000001,0.6000000000000001,0.2,0.3333333333333333,1.0,1.0,1.0,0.0,1.0,0.0,0.222551642793874,0.482142857143117,0.7180555555555556,0.170407315045719,0.8050541516245489,0.504,0.2753568220874509,0.2909090909090909,1.0,0.0,0.0,1.0,0.0,0.0,0.0,0.0,0.0,0.0,0.0,0.0,0.0,0.0,0.0,0.0,0.09090909090909091,0.49592879564261416,331.99333333333334
1 BHK,399.43,504.25,2,10,1,1,Unfurnished,0,1,1,0,2,Vitrified,0,0,1,0,1,Stilt,0,Tanker,1348.43,Viman Nagar,411014,Standalone,1.83,5.74,1.87,1.4,14599.12,3321714.73,8316.137320681972,Owner,44,2,0,1,1,0,0,0,0,0,0,0,0,0,0,0,0,0,1,0,0.0667282438071901,0.0805650419124495,0.0952380952380952,0.3157894736842105,0.05,1.0,0.0,0.0,0.2,0.0,0.1111111111111111,0.0,0.0,1.0,0.0,1.0,0.0,0.0629248110293679,0.232142857143117,0.2263888888888889,0.4605153782211138,0.6028880866425993,0.3119999999999999,0.1095440411051138,0.3909090909090909,0.5,0.0,0.0,0.0,0.0,0.0,0.0,0.0,0.0,0.0,0.0,0.0,0.0,0.0,1.0,0.0,0.2,0.6115490199300502,399.43
2 BHK,617.57,698.37,1,14,9,1,Fully Furnished,1,2,1,0,2,Vitrified,1,1,0,0,0,Covered,1,Municipal,1355.59,Kharadi,411014,Society,5.06,2.68,1.67,1.5,28474.24,7530995.3,12194.561426235081,Broker,53,2,2,2,2,0,0,0,0,0,1,0,0,0,0,0,0,0,0,0,0.171125425935143,0.1558987891959019,0.0476190476190476,0.5263157894736842,0.45,1.0,1.0,0.2,0.2,0.0,0.1111111111111111,1.0,1.0,0.0,0.0,0.0,1.0,0.0637463227026357,0.232142857143117,0.6749999999999999,0.2061512884455527,0.5306859205776173,0.3520000000000001,0.2293297687157864,0.4727272727272727,0.5,0.0,0.0,0.0,0.0,0.0,1.0,0.0,0.0,0.0,0.0,0.0,0.0,0.0,0.0,0.0,0.07142857142857142,0.5387712355414727,308.785
2 BHK,809.91,960.86,1,10,7,1,Semi-Furnished,1,3,2,0,3,Vitrified,1,0,0,1,0,Open,1,Borewell,1811.23,Hadapsar,411028,Standalone,6.03,2.34,2.2,2.42,26791.2,6724388.23,8302.636379350794,Broker,18,3,1,2,2,0,0,1,0,0,0,0,0,0,0,0,0,0,0,0,0.2631752747042383,0.2577654455138156,0.0476190476190476,0.3157894736842105,0.35,1.0,1.0,0.4000000000000001,0.4,0.0,0.2222222222222222,1.0,0.0,0.0,1.0,0.0,1.0,0.1160247554970145,0.482142857143117,0.8097222222222222,0.1778886118038237,0.7220216606498195,0.72,0.109126466914658,0.1545454545454545,1.0,0.0,0.0,1.0,0.0,0.0,0.0,0.0,0.0,0.0,0.0,0.0,0.0,0.0,0.0,0.0,0.1,0.40605377375614504,404.955
3 BHK,882.75,1070.08,6,12,10,1,Semi-Furnished,1,4,4,1,3,Vitrified,1,1,0,1,1,Not Specified,1,Municipal,4243.0,Kharadi,411014,Society,3.61,1.97,1.98,1.84,41305.25,7306092.18,8276.513372982157,Broker,5,2,1,3,3,0,0,0,0,0,1,0,0,0,0,0,0,0,0,0,0.2980349553964547,0.3001513505122633,0.2857142857142857,0.4210526315789473,0.5,1.0,1.0,0.6000000000000001,0.8,0.2,0.2222222222222222,1.0,1.0,0.0,1.0,1.0,1.0,0.3950369680252971,0.232142857143117,0.4736111111111111,0.1471321695760598,0.6425992779783394,0.4880000000000001,0.1083206599154721,0.0363636363636363,0.5,0.0,0.0,0.0,0.0,0.0,1.0,0.0,0.0,0.0,0.0,0.0,0.0,0.0,0.0,0.0,0.5,0.5871130864180742,294.25
4 BHK,1296.07,1658.15,2,12,5,1,Semi-Furnished,1,5,3,2,6,Vitrified,0,1,0,0,0,Covered,1,Municipal,4563.29,Nigdi,411044,Standalone,3.85,11.03,1.66,1.9,37360.67,9226795.3,7119.056300971399,Owner,40,3,1,4,4,0,0,0,0,0,0,0,0,0,1,0,0,0,0,0,0.4958411501206018,0.5283685190934493,0.0952380952380952,0.4210526315789473,0.25,1.0,1.0,0.8,0.6000000000000001,0.4,0.5555555555555556,0.0,1.0,0.0,0.0,0.0,1.0,0.4317858470519664,0.7678571428577925,0.5069444444444444,0.9002493765586034,0.5270758122743682,0.512,0.0725717381340363,0.3545454545454545,1.0,0.0,0.0,0.0,0.0,0.0,0.0,0.0,0.0,0.0,1.0,0.0,0.0,0.0,0.0,0.0,0.16666666666666666,0.3229582497775466,324.0175
2 BHK,878.56,962.75,6,11,7,1,Semi-Furnished,1,2,1,1,3,Vitrified,1,1,0,0,0,Covered,0,Tanker,2521.14,Kharadi,411014,Society,4.39,1.36,2.06,2.09,31012.33,16639175.53,18939.145340101986,Owner,32,2,1,2,2,0,0,0,0,0,1,0,0,0,0,0,0,0,0,0,0.2960297101726712,0.2584989133809376,0.2857142857142857,0.368421052631579,0.35,1.0,1.0,0.2,0.2,0.2,0.2222222222222222,1.0,1.0,0.0,0.0,0.0,0.0,0.1974771789564506,0.232142857143117,0.5819444444444444,0.0964256026600166,0.6714801444043321,0.588,0.4376415335597458,0.2818181818181818,0.5,0.0,0.0,0.0,0.0,0.0,1.0,0.0,0.0,0.0,0.0,0.0,0.0,0.0,0.0,0.0,0.5454545454545454,0.5418943331657968,439.28
3 BHK,900.22,1052.11,7,18,9,1,Unfurnished,0,3,2,2,3,Vitrified,1,1,1,0,0,Covered,1,Municipal,2676.91,Pimple Saudagar,411027,Society,5.6,5.92,1.34,1.47,17452.85,6650156.21,7387.256681700029,Broker,13,3,0,3,3,0,0,0,0,0,0,0,0,0,0,1,0,0,0,0,0.3063957272483633,0.2931775846010556,0.3333333333333333,0.7368421052631579,0.45,1.0,0.0,0.4000000000000001,0.4,0.4,0.2222222222222222,1.0,1.0,1.0,0.0,0.0,1.0,0.2153496473007146,0.464285714286234,0.75,0.4754779717373233,0.4115523465703971,0.3399999999999999,0.0808543469102598,0.109090909090909,1.0,0.0,0.0,0.0,0.0,0.0,0.0,0.0,0.0,0.0,0.0,1.0,0.0,0.0,0.0,0.0,0.3888888888888889,0.42934459870273445,300.0733333333333
1 BHK,424.62,498.08,12,13,13,1,Fully Furnished,0,2,2,1,2,Granite,1,0,1,1,1,Stilt,1,Municipal,1866.15,Baner,411045,Society,2.76,3.14,1.65,2.1,35240.26,12865075.94,30297.856766049645,Broker,50,1,2,1,1,0,1,0,0,0,0,0,0,0,0,0,0,0,0,0,0.0787836440905088,0.0781705991927972,0.5714285714285714,0.4736842105263157,0.65,1.0,0.0,0.2,0.4,0.2,0.1111111111111111,1.0,0.0,1.0,1.0,1.0,1.0,0.122326071292527,0.7857142857146755,0.3555555555555555,0.2443890274314214,0.5234657039711191,0.5920000000000001,0.7884718020055915,0.4454545454545454,0.0,0.0,1.0,0.0,0.0,0.0,0.0,0.0,0.0,0.0,0.0,0.0,0.0,0.0,0.0,0.0,0.9230769230769231,0.5657347988909722,424.62
2 BHK,551.09,683.12,3,14,5,1,Fully Furnished,1,2,1,1,4,Vitrified,1,1,1,1,1,Bike,0,Municipal,2706.88,Kothrud,411038,Society,1.75,7.94,1.01,1.45,25542.61,5466624.78,9919.658821608085,Owner,31,2,2,2,2,0,0,0,0,0,0,0,1,0,0,0,0,0,0,0,0.1393095064895287,0.1499805960881714,0.1428571428571428,0.5263157894736842,0.25,1.0,1.0,0.2,0.2,0.2,0.3333333333333333,1.0,1.0,1.0,1.0,1.0,0.0,0.2187882932291834,0.6607142857146755,0.2152777777777778,0.6433915211970075,0.2924187725631769,0.3319999999999999,0.1590692048917951,0.2727272727272727,0.5,0.0,0.0,0.0,0.0,0.0,0.0,0.0,1.0,0.0,0.0,0.0,0.0,0.0,0.0,0.0,0.21428571428571427,0.5498489007278868,275.545
2 BHK,469.25,513.88,2,9,11,1,Semi-Furnished,1,2,1,0,2,Marble,1,1,1,1,0,Stilt,0,Corporation + Borewell,1208.23,Aundh,411007,Society,3.45,2.99,1.83,1.88,12503.34,3110719.0,6629.129461907299,Owner,21,2,1,2,2,1,0,0,0,0,0,0,0,0,0,0,0,0,0,0,0.1001426164860829,0.0843022353306426,0.0952380952380952,0.2631578947368421,0.55,1.0,1.0,0.2,0.2,0.0,0.1111111111111111,1.0,1.0,1.0,1.0,0.0,0.0,0.0468387863656599,0.107142857143117,0.4513888888888889,0.2319201995012468,0.5884476534296029,0.504,0.0574380711531595,0.1818181818181818,0.5,1.0,0.0,0.0,0.0,0.0,0.0,0.0,0.0,0.0,0.0,0.0,0.0,0.0,0.0,0.0,0.2222222222222222,0.5622462987548842,234.625
1 RK,317.86,352.31,2,7,9,1,Semi-Furnished,1,1,2,0,2,Wooden,1,1,1,0,0,Open,0,Municipal,2135.31,Kharadi,411014,Society,3.66,1.3,2.35,1.87,15644.31,2800000.0,8808.90958283521,Broker,39,2,1,1,1,0,0,0,0,0,1,0,0,0,0,0,0,0,0,0,0.0276905700830812,0.0216004346476249,0.0952380952380952,0.1578947368421052,0.45,1.0,1.0,0.0,0.4,0.0,0.1111111111111111,1.0,1.0,1.0,0.0,0.0,0.0,0.1532084849764331,0.232142857143117,0.4805555555555556,0.0914380714879467,0.776173285198556,0.5000000000000001,0.124768203084366,0.3454545454545454,0.5,0.0,0.0,0.0,0.0,0.0,1.0,0.0,0.0,0.0,0.0,0.0,0.0,0.0,0.0,0.0,0.2857142857142857,0.5999168125292409,317.86
4 BHK,1634.25,1809.3,6,15,16,1,Fully Furnished,1,4,4,3,7,Marble,1,1,0,0,0,Covered,0,Municipal,3886.55,Hadapsar,411028,Standalone,5.03,1.72,2.16,2.03,54354.9,14185065.99,8679.862927948601,Owner,37,3,2,4,4,0,0,1,0,0,0,0,0,0,0,0,0,0,0,0,0.6576869328841074,0.5870265445513816,0.2857142857142857,0.5789473684210527,0.8,1.0,1.0,0.6000000000000001,0.8,0.6000000000000001,0.6666666666666665,1.0,1.0,0.0,0.0,0.0,0.0,0.3541392255760908,0.482142857143117,0.6708333333333334,0.1263507896924355,0.7075812274368232,0.564,0.1207787017396041,0.3272727272727272,1.0,0.0,0.0,1.0,0.0,0.0,0.0,0.0,0.0,0.0,0.0,0.0,0.0,0.0,0.0,0.0,0.4,0.5096638228894974,408.5625
3 BHK,992.2,1185.12,8,16,16,1,Semi-Furnished,0,3,3,2,5,Vitrified,1,1,0,1,0,Stilt,0,Corporation + Borewell,3126.64,Magarpatta,411013,Society,5.11,0.93,2.57,2.02,31929.18,5360431.41,5402.57146744608,Not Specified,39,3,1,3,3,0,0,0,0,0,0,0,0,1,0,0,0,0,0,0,0.3504154064091275,0.3447958708475629,0.3809523809523809,0.631578947368421,0.8,1.0,0.0,0.4000000000000001,0.6000000000000001,0.4,0.4444444444444445,1.0,1.0,0.0,1.0,0.0,0.0,0.2669499887558458,0.214285714286234,0.6819444444444445,0.0606816292601828,0.855595667870036,0.56,0.0195574207751808,0.3454545454545454,1.0,0.0,0.0,0.0,0.0,0.0,0.0,0.0,0.0,1.0,0.0,0.0,0.0,0.0,0.0,0.0,0.5,0.5286603478753928,330.73333333333335
2 BHK,714.12,846.28,10,10,13,1,Semi-Furnished,1,3,2,1,4,Vitrified,1,1,1,0,1,Stilt,1,Corporation + Borewell,3218.16,Aundh,411007,Society,3.77,3.93,1.39,1.69,26082.11,9266339.64,12975.885901529156,Broker,34,2,1,2,2,1,0,0,0,0,0,0,0,0,0,0,0,0,0,0,0.217332210268387,0.2132994411673393,0.4761904761904761,0.3157894736842105,0.65,1.0,1.0,0.4000000000000001,0.4,0.2,0.3333333333333333,1.0,1.0,1.0,0.0,1.0,1.0,0.2774506519314703,0.107142857143117,0.4958333333333333,0.3100581878636741,0.4296028880866426,0.428,0.2534613564736971,0.3,0.5,1.0,0.0,0.0,0.0,0.0,0.0,0.0,0.0,0.0,0.0,0.0,0.0,0.0,0.0,0.0,1.0,0.5425109696777726,357.06
2 BHK,532.59,640.41,0,9,6,1,Fully Furnished,1,2,1,1,3,Vitrified,1,1,0,0,0,Bike,0,Corporation + Borewell,1384.86,Shivajinagar,411005,Society,0.2,7.8,0.9,1.32,27775.79,10167792.25,19091.218855029198,Broker,20,2,2,2,2,0,0,0,0,0,0,0,0,0,0,0,0,1,0,0,0.1304557984608905,0.1334057746041602,0.0,0.2631578947368421,0.3,1.0,1.0,0.2,0.2,0.2,0.2222222222222222,1.0,1.0,0.0,0.0,0.0,0.0,0.0671046532440532,0.071428571429351,0.0,0.6317539484621778,0.2527075812274368,0.28,0.4423373900624755,0.1727272727272727,0.5,0.0,0.0,0.0,0.0,0.0,0.0,0.0,0.0,0.0,0.0,0.0,0.0,1.0,0.0,0.0,0.0,0.6373733630479337,266.295
4 BHK,1744.71,1995.9,11,16,11,1,Fully Furnished,1,4,5,2,6,Vitrified,1,0,0,0,0,Covered,1,Tanker,4561.77,Pimple Saudagar,411027,Society,3.76,5.09,1.19,1.53,58530.25,11976268.08,6864.331653971147,Broker,27,3,2,4,4,0,0,0,0,0,0,0,0,0,0,1,0,0,0,0,0.7105507484972626,0.659441943495809,0.5238095238095237,0.631578947368421,0.55,1.0,1.0,0.6000000000000001,1.0,0.4,0.5555555555555556,1.0,0.0,0.0,0.0,0.0,1.0,0.4316114479257978,0.464285714286234,0.4944444444444444,0.4064837905236907,0.3574007220216606,0.3640000000000001,0.0647045415517205,0.2363636363636363,1.0,0.0,0.0,0.0,0.0,0.0,0.0,0.0,0.0,0.0,0.0,1.0,0.0,0.0,0.0,0.0,0.6875,0.5284391930140091,436.1775
1 BHK,436.63,519.67,6,12,4,1,Fully Furnished,1,1,1,0,2,Marble,1,1,0,1,0,Covered,1,Municipal,2538.77,Viman Nagar,411014,Society,1.84,4.87,1.51,1.48,25361.23,6972369.68,15968.599683942926,Broker,26,2,2,1,1,0,0,0,0,0,0,0,0,0,0,0,0,0,1,0,0.0845313756269382,0.0865492083203973,0.2857142857142857,0.4210526315789473,0.2,1.0,1.0,0.0,0.2,0.0,0.1111111111111111,1.0,1.0,0.0,1.0,0.0,1.0,0.1994999793474719,0.232142857143117,0.2277777777777778,0.3881961762261013,0.4729241877256318,0.344,0.3459006074592587,0.2272727272727272,0.5,0.0,0.0,0.0,0.0,0.0,0.0,0.0,0.0,0.0,0.0,0.0,0.0,0.0,1.0,0.0,0.5,0.6262637440887646,436.63
2 BHK,576.17,692.67,4,8,5,1,Semi-Furnished,1,2,2,2,2,Granite,1,1,1,1,0,Covered,1,Municipal,2863.77,Koregaon Park,411001,Society,2.93,4.64,1.55,1.21,40456.24,9148390.24,15877.935748129894,Owner,38,1,1,2,2,0,0,0,0,0,0,1,0,0,0,0,0,0,0,0,0.1513122631034878,0.1536867432474387,0.1904761904761904,0.2105263157894736,0.25,1.0,1.0,0.2,0.4,0.4,0.1111111111111111,1.0,1.0,1.0,1.0,0.0,1.0,0.2367892661927294,0.0,0.3791666666666667,0.369077306733167,0.4873646209386282,0.236,0.3430924827997732,0.3363636363636363,0.0,0.0,0.0,0.0,0.0,0.0,0.0,1.0,0.0,0.0,0.0,0.0,0.0,0.0,0.0,0.0,0.5,0.6122795369115892,288.085
2 BHK,943.76,1151.8,0,11,12,1,Semi-Furnished,1,2,2,1,3,Vitrified,1,1,1,1,0,Stilt,0,Corporation + Borewell,3592.73,Kothrud,411038,Society,1.12,6.94,1.31,0.92,31424.37,8167563.42,8654.280134780029,Builder,57,2,1,2,2,0,0,0,0,0,0,0,1,0,0,0,0,0,0,0,0.3272330487384662,0.3318651040049674,0.0,0.368421052631579,0.6000000000000001,1.0,1.0,0.2,0.4,0.2,0.2222222222222222,1.0,1.0,1.0,1.0,0.0,0.0,0.3204274155426337,0.6607142857146755,0.1277777777777778,0.5602660016625104,0.4007220216606498,0.12,0.1199883375729056,0.5090909090909091,0.5,0.0,0.0,0.0,0.0,0.0,0.0,0.0,1.0,0.0,0.0,0.0,0.0,0.0,0.0,0.0,0.0,0.662106593668327,471.88
3 BHK,944.69,1080.18,7,14,6,1,Unfurnished,1,4,2,1,5,Vitrified,0,1,1,0,1,Covered,0,Not Specified,3107.67,Kothrud,411038,Standalone,2.22,7.0,1.34,1.74,38789.36,9163341.03,9699.839132413807,Owner,21,2,0,3,3,0,0,0,0,0,0,0,1,0,0,0,0,0,0,0,0.32767812703396,0.3040709407016455,0.3333333333333333,0.5263157894736842,0.3,1.0,1.0,0.6000000000000001,0.4,0.2,0.4444444444444445,0.0,1.0,1.0,0.0,1.0,0.0,0.2647734417667549,0.6607142857146755,0.2805555555555555,0.5652535328345801,0.4115523465703971,0.448,0.1522799180170908,0.1818181818181818,0.5,0.0,0.0,0.0,0.0,0.0,0.0,0.0,1.0,0.0,0.0,0.0,0.0,0.0,0.0,0.0,0.5,0.523314883535652,314.8966666666667
2 BHK,726.05,908.64,7,13,8,1,Semi-Furnished,1,2,2,0,2,Marble,0,0,0,0,0,Covered,0,Municipal,2810.18,Wakad,411057,Standalone,5.2,2.23,1.9,2.1,13269.28,5356496.05,7377.585634598168,Builder,13,3,1,2,2,0,0,0,0,0,0,0,0,0,0,0,0,0,0,1,0.2230416554998276,0.2375,0.3333333333333333,0.4736842105263157,0.4,1.0,1.0,0.2,0.4,0.0,0.1111111111111111,0.0,0.0,0.0,0.0,0.0,0.0,0.2306405496326145,1.0,0.6944444444444445,0.168744804655029,0.6137184115523465,0.5920000000000001,0.080555682529956,0.109090909090909,1.0,0.0,0.0,0.0,0.0,0.0,0.0,0.0,0.0,0.0,0.0,0.0,0.0,0.0,0.0,1.0,0.5384615384615384,0.4806272874547609,363.025
3 BHK,792.42,890.73,10,12,4,1,Unfurnished,1,4,2,2,3,Vitrified,1,0,0,0,0,Covered,0,Municipal,2119.07,Hadapsar,411028,Society,5.72,2.56,2.0,2.41,27974.34,8850436.68,11168.870901794504,Broker,25,3,0,3,3,0,0,1,0,0,0,0,0,0,0,0,0,0,0,0,0.2548049312760825,0.2305495187829866,0.4761904761904761,0.4210526315789473,0.2,1.0,1.0,0.6000000000000001,0.4,0.4,0.2222222222222222,1.0,0.0,0.0,0.0,0.0,0.0,0.1513451679968424,0.482142857143117,0.7666666666666666,0.1961762261014131,0.6498194945848376,0.7160000000000001,0.197650959864696,0.2181818181818181,1.0,0.0,0.0,1.0,0.0,0.0,0.0,0.0,0.0,0.0,0.0,0.0,0.0,0.0,0.0,0.0,0.8333333333333334,0.41508992954209634,264.14
1 BHK,321.5,752.35,11,12,10,1,Fully Furnished,1,2,2,0,2,Wooden,0,0,0,0,1,Not Specified,1,Municipal,800.0,Kharadi,411014,Standalone,4.9,1.33,2.07,1.67,12637.61,3060685.02,9520.015614307931,Broker,25,2,2,1,1,0,0,0,0,0,1,0,0,0,0,0,0,0,0,0,0.0294325969600673,0.1768472524060851,0.5238095238095237,0.4210526315789473,0.5,1.0,1.0,0.2,0.4,0.0,0.1111111111111111,0.0,0.0,0.0,0.0,1.0,1.0,0.0,0.232142857143117,0.6527777777777778,0.0939318370739817,0.6750902527075812,0.42,0.146731308304414,0.2181818181818181,0.5,0.0,0.0,0.0,0.0,0.0,1.0,0.0,0.0,0.0,0.0,0.0,0.0,0.0,0.0,0.0,0.9166666666666666,0.5646108165527626,321.5
2 BHK,354.02,400.13,13,14,10,1,Fully Furnished,1,2,3,1,4,Wooden,0,1,0,1,0,Stilt,0,Borewell,1013.15,Kharadi,411014,Standalone,4.59,1.66,1.73,2.21,10208.68,5207841.12,14710.584486752163,Owner,33,2,2,2,2,0,0,0,0,0,1,0,0,0,0,0,0,0,0,0,0.0449959799379761,0.0401583359205215,0.6190476190476191,0.5263157894736842,0.5,1.0,1.0,0.2,0.6000000000000001,0.2,0.3333333333333333,0.0,1.0,0.0,1.0,0.0,0.0,0.0244560353571281,0.232142857143117,0.6097222222222222,0.1213632585203657,0.5523465703971119,0.636,0.3070390283616885,0.2909090909090909,0.5,0.0,0.0,0.0,0.0,0.0,1.0,0.0,0.0,0.0,0.0,0.0,0.0,0.0,0.0,0.0,0.9285714285714286,0.5118881964548359,177.01
3 BHK,1276.43,1500.44,17,19,13,1,Semi-Furnished,1,4,4,2,6,Marble,1,1,0,0,0,Covered,0,Corporation + Borewell,5256.68,Magarpatta,411013,Society,4.74,2.12,1.72,1.87,29141.24,8322289.03,6519.972916650345,Owner,24,3,1,3,3,0,0,0,0,0,0,0,0,1,0,0,0,0,0,0,0.4864418622458746,0.4671647004036014,0.8095238095238095,0.7894736842105263,0.65,1.0,1.0,0.6000000000000001,0.8,0.4,0.5555555555555556,1.0,1.0,0.0,0.0,0.0,0.0,0.5113428273769913,0.214285714286234,0.6305555555555556,0.1596009975062344,0.5487364620938628,0.5000000000000001,0.054068136247787,0.209090909090909,1.0,0.0,0.0,0.0,0.0,0.0,0.0,0.0,0.0,1.0,0.0,0.0,0.0,0.0,0.0,0.0,0.8947368421052632,0.5289187498713255,425.4766666666667
3 BHK,731.51,822.4,5,14,4,1,Semi-Furnished,1,3,2,2,5,Ceramic,0,1,0,0,1,Open,0,Municipal,2717.4,Pune Camp,411001,Standalone,1.86,6.22,1.19,2.15,22086.15,5135059.43,7019.807562439338,Broker,52,3,1,3,3,0,0,0,0,0,0,0,0,0,0,0,1,0,0,0,0.2256546958153068,0.2040321328779882,0.238095238095238,0.5263157894736842,0.2,1.0,1.0,0.4000000000000001,0.4,0.4,0.4444444444444445,0.0,1.0,0.0,0.0,1.0,0.0,0.2199953187602976,0.0,0.2305555555555555,0.5004156275976724,0.3574007220216606,0.612,0.0695075713119118,0.4636363636363636,1.0,0.0,0.0,0.0,0.0,0.0,0.0,0.0,0.0,0.0,0.0,0.0,1.0,0.0,0.0,0.0,0.35714285714285715,0.5169868796401913,243.83666666666667
2 BHK,755.7,960.28,4,13,10,1,Fully Furnished,1,2,1,2,4,Granite,1,1,0,1,1,Covered,1,Municipal,4583.73,Kalyani Nagar,411006,Society,1.35,3.44,1.43,1.35,62245.27,11407541.76,15095.331163159983,Broker,9,1,2,2,2,0,0,0,0,1,0,0,0,0,0,0,0,0,0,0,0.2372315172862667,0.2575403601366036,0.1904761904761904,0.4736842105263157,0.5,1.0,1.0,0.2,0.2,0.4,0.3333333333333333,1.0,1.0,0.0,1.0,1.0,1.0,0.434131056353865,0.089285714286234,0.1597222222222222,0.2693266832917705,0.4440433212996389,0.292,0.318925067670492,0.0727272727272727,0.0,0.0,0.0,0.0,0.0,1.0,0.0,0.0,0.0,0.0,0.0,0.0,0.0,0.0,0.0,0.0,0.3076923076923077,0.7011999026512519,377.85
5 BHK,1711.99,2076.99,7,13,8,1,Fully Furnished,1,5,4,5,7,Granite,1,1,0,0,0,Covered,0,Borewell,4620.63,Wakad,411057,Society,5.04,2.2,2.43,2.37,57356.25,12881978.95,7524.5643666142905,Broker,1,3,2,5,5,0,0,0,0,0,0,0,0,0,0,0,0,0,0,1,0.694891649756882,0.6909112076994723,0.3333333333333333,0.4736842105263157,0.4,1.0,1.0,0.8,0.8,1.0,0.6666666666666665,1.0,1.0,0.0,0.0,0.0,0.0,0.438364824614142,1.0,0.6722222222222223,0.1662510390689941,0.8050541516245489,0.7000000000000001,0.0850955664245642,0.0,1.0,0.0,0.0,0.0,0.0,0.0,0.0,0.0,0.0,0.0,0.0,0.0,0.0,0.0,0.0,1.0,0.5384615384615384,0.4598060023039582,342.398
3 BHK,1128.44,1231.58,13,14,7,1,Semi-Furnished,1,4,2,1,5,Vitrified,1,1,0,1,1,Open,0,Corporation + Borewell,4388.54,Shivajinagar,411005,Society,1.08,7.88,1.4,1.25,38376.87,12440509.05,11024.51973520967,Broker,15,2,1,3,3,0,0,0,0,0,0,0,0,0,0,0,0,1,0,0,0.415616983804893,0.3628259857187209,0.6190476190476191,0.5263157894736842,0.35,1.0,1.0,0.6000000000000001,0.4,0.2,0.4444444444444445,1.0,1.0,0.0,1.0,1.0,0.0,0.4117356843559395,0.071428571429351,0.1222222222222222,0.6384039900249375,0.4332129963898916,0.252,0.1931953938354683,0.1272727272727272,0.5,0.0,0.0,0.0,0.0,0.0,0.0,0.0,0.0,0.0,0.0,0.0,0.0,1.0,0.0,0.0,0.9285714285714286,0.6030319252518763,376.1466666666667
3 BHK,643.31,723.57,9,10,6,1,Semi-Furnished,1,3,4,2,3,Ceramic,0,1,1,1,0,Covered,1,Municipal,4558.03,Koregaon Park,411001,Society,2.24,5.04,1.59,0.91,25912.3,9356008.43,14543.545771090145,Broker,45,1,1,3,3,0,0,0,0,0,0,1,0,0,0,0,0,0,0,0,0.1834440445652589,0.1656783607575288,0.4285714285714285,0.3157894736842105,0.3,1.0,1.0,0.4000000000000001,0.8,0.4,0.2222222222222222,0.0,1.0,1.0,1.0,0.0,1.0,0.4311823342864092,0.0,0.2833333333333334,0.4023275145469658,0.5018050541516246,0.116,0.3018805045976401,0.3999999999999999,0.0,0.0,0.0,0.0,0.0,0.0,0.0,1.0,0.0,0.0,0.0,0.0,0.0,0.0,0.0,0.0,0.9,0.6645097468687002,214.43666666666664
2 BHK,602.66,677.44,4,13,5,1,Fully Furnished,0,2,2,1,4,Marble,0,1,0,1,0,Covered,1,Municipal,3219.91,Aundh,411007,Standalone,3.09,4.54,1.51,1.54,33266.74,6738023.48,11180.472372481998,Owner,24,2,2,2,2,1,0,0,0,0,0,0,0,0,0,0,0,0,0,0,0.1639898158428729,0.1477763117044396,0.1904761904761904,0.4736842105263157,0.25,1.0,0.0,0.2,0.4,0.2,0.3333333333333333,0.0,1.0,0.0,1.0,0.0,1.0,0.2776514403990986,0.107142857143117,0.4013888888888888,0.3607647547797173,0.4729241877256318,0.3680000000000001,0.1980098512917003,0.209090909090909,0.5,1.0,0.0,0.0,0.0,0.0,0.0,0.0,0.0,0.0,0.0,0.0,0.0,0.0,0.0,0.0,0.3076923076923077,0.5725414577417849,301.33
1 BHK,264.89,301.66,0,14,10,1,Semi-Furnished,1,1,1,0,1,Granite,0,0,0,0,0,Bike,0,Municipal,1509.08,Kharadi,411014,Standalone,3.79,0.95,1.68,2.07,13719.23,4218421.21,15925.181056287516,Broker,34,2,1,1,1,0,0,0,0,0,1,0,0,0,0,0,0,0,0,0,0.0023402503924346,0.0019442719652282,0.0,0.5263157894736842,0.5,1.0,1.0,0.0,0.2,0.0,0.0,0.0,0.0,0.0,0.0,0.0,0.0,0.0813571923576467,0.232142857143117,0.4986111111111111,0.0623441396508728,0.5342960288808665,0.58,0.344560787312663,0.3,0.5,0.0,0.0,0.0,0.0,0.0,1.0,0.0,0.0,0.0,0.0,0.0,0.0,0.0,0.0,0.0,0.0,0.5822328193342095,264.89
1 BHK,363.09,415.6,9,12,8,1,Unfurnished,0,2,2,0,2,Vitrified,1,1,1,0,0,Covered,0,Borewell,800.0,Hinjewadi,411057,Society,6.51,1.37,2.18,2.82,10049.22,2800000.0,7711.586658955081,Owner,34,3,0,1,1,0,0,0,1,0,0,0,0,0,0,0,0,0,0,0,0.0493366897660706,0.046161906240298,0.4285714285714285,0.4210526315789473,0.4,1.0,0.0,0.2,0.4,0.0,0.1111111111111111,1.0,1.0,1.0,0.0,0.0,0.0,0.0,1.0,0.8763888888888889,0.0972568578553615,0.7148014440433214,0.8799999999999999,0.0908742743413014,0.3,1.0,0.0,0.0,0.0,1.0,0.0,0.0,0.0,0.0,0.0,0.0,0.0,0.0,0.0,0.0,0.0,0.75,0.3681348308494671,363.09
2 BHK,559.16,663.05,6,16,10,1,Semi-Furnished,1,2,0,1,3,Wooden,1,1,0,0,0,Covered,1,Borewell,2134.42,Aundh,411007,Society,3.51,3.61,1.61,1.67,17596.84,5189088.71,9280.150064382287,Owner,36,2,1,2,2,1,0,0,0,0,0,0,0,0,0,0,0,0,0,0,0.1431716375052643,0.1421918658801614,0.2857142857142857,0.631578947368421,0.5,1.0,1.0,0.2,0.0,0.2,0.2222222222222222,1.0,1.0,0.0,0.0,0.0,1.0,0.1531063696986108,0.107142857143117,0.4597222222222222,0.283458021612635,0.5090252707581228,0.42,0.1393178221405742,0.3181818181818182,0.5,1.0,0.0,0.0,0.0,0.0,0.0,0.0,0.0,0.0,0.0,0.0,0.0,0.0,0.0,0.0,0.375,0.5650811560664382,279.58
3 BHK,1047.6,1300.71,9,10,8,1,Unfurnished,1,3,4,1,4,Wooden,0,1,0,0,0,Covered,1,Corporation + Borewell,2990.89,Hinjewadi,411057,Society,6.67,1.16,2.15,2.96,23758.87,10097289.08,9638.496639938909,Owner,24,3,0,3,3,0,0,0,1,0,0,0,0,0,0,0,0,0,0,0,0.3769286726138059,0.3896538342129774,0.4285714285714285,0.3157894736842105,0.4,1.0,1.0,0.4000000000000001,0.8,0.2,0.3333333333333333,0.0,1.0,0.0,0.0,0.0,1.0,0.2513745404812498,1.0,0.8986111111111111,0.0798004987531171,0.703971119133574,0.936,0.1503850824709026,0.209090909090909,1.0,0.0,0.0,0.0,1.0,0.0,0.0,0.0,0.0,0.0,0.0,0.0,0.0,0.0,0.0,0.0,0.9,0.3516939891020022,349.2
3 BHK,1167.83,1298.96,7,14,10,1,Fully Furnished,1,4,3,2,6,Vitrified,0,1,0,1,0,Stilt,0,Municipal,3045.71,Hadapsar,411028,Standalone,5.87,2.12,1.51,2.64,22396.77,8174951.4,7000.121079266675,Owner,33,3,2,3,3,0,0,1,0,0,0,0,0,0,0,0,0,0,0,0,0.4344682032237069,0.3889746972989755,0.3333333333333333,0.5263157894736842,0.5,1.0,1.0,0.6000000000000001,0.6000000000000001,0.4,0.5555555555555556,0.0,1.0,0.0,1.0,0.0,0.0,0.2576643826500406,0.482142857143117,0.7875000000000001,0.1596009975062344,0.4729241877256318,0.808,0.0688985059986138,0.2909090909090909,1.0,0.0,0.0,1.0,0.0,0.0,0.0,0.0,0.0,0.0,0.0,0.0,0.0,0.0,0.0,0.0,0.5,0.39575289170546735,389.27666666666664
2 BHK,443.67,563.75,4,14,9,1,Semi-Furnished,1,2,2,1,3,Granite,1,1,1,1,0,Bike,0,Tanker,1742.82,Shivajinagar,411005,Society,0.57,6.15,1.31,1.48,12683.49,3662121.15,8254.15545337751,Owner,49,2,1,2,2,0,0,0,0,0,0,0,0,0,0,0,0,1,0,0,0.0879005704659443,0.1036556969885129,0.1904761904761904,0.5263157894736842,0.45,1.0,1.0,0.2,0.4,0.2,0.2222222222222222,1.0,1.0,1.0,1.0,0.0,0.0,0.1081756474567559,0.071428571429351,0.0513888888888888,0.4945968412302576,0.4007220216606498,0.344,0.1076275855934433,0.4363636363636363,0.5,0.0,0.0,0.0,0.0,0.0,0.0,0.0,0.0,0.0,0.0,0.0,0.0,1.0,0.0,0.0,0.2857142857142857,0.648584061135165,221.835
2 BHK,673.67,817.53,2,10,5,1,Semi-Furnished,1,3,1,0,4,Wooden,1,1,0,0,0,Open,0,Corporation + Borewell,1323.83,Viman Nagar,411014,Society,2.5,6.08,1.71,1.48,14176.06,11151522.57,16553.390487924356,Owner,17,2,1,2,2,0,0,0,0,0,0,0,0,0,0,0,0,0,1,0,0.1979736973084727,0.2021421918658801,0.0952380952380952,0.3157894736842105,0.25,1.0,1.0,0.4000000000000001,0.2,0.0,0.3333333333333333,1.0,1.0,0.0,0.0,0.0,0.0,0.0601022988558499,0.232142857143117,0.3194444444444444,0.4887780548628428,0.5451263537906137,0.344,0.3639594557698745,0.1454545454545454,0.5,0.0,0.0,0.0,0.0,0.0,0.0,0.0,0.0,0.0,0.0,0.0,0.0,0.0,1.0,0.0,0.2,0.5635550010038972,336.835
1 RK,480.33,524.67,0,15,6,1,Semi-Furnished,1,1,2,0,1,Marble,1,1,1,0,0,Covered,0,Corporation + Borewell,2045.35,Magarpatta,411013,Society,4.43,1.61,1.59,2.14,9943.87,4959982.1,10326.196781379467,Owner,17,3,1,1,1,0,0,0,0,0,0,0,0,1,0,0,0,0,0,0,0.1054452697270186,0.0884895995032598,0.0,0.5789473684210527,0.3,1.0,1.0,0.0,0.4,0.0,0.0,1.0,1.0,1.0,0.0,0.0,0.0,0.1428868103776659,0.214285714286234,0.5875,0.1172069825436409,0.5018050541516246,0.6080000000000001,0.1716236099906478,0.1454545454545454,1.0,0.0,0.0,0.0,0.0,0.0,0.0,0.0,0.0,1.0,0.0,0.0,0.0,0.0,0.0,0.0,0.0,0.5279368052875821,480.33
4 BHK,1106.02,1196.25,1,8,12,1,Semi-Furnished,1,5,2,4,5,Vitrified,0,0,1,0,1,Covered,1,Corporation + Borewell,5844.59,Kalyani Nagar,411006,Standalone,1.92,4.39,0.86,1.32,48956.46,10570812.14,9557.523498670911,Broker,26,1,1,4,4,0,0,0,0,1,0,0,0,0,0,0,0,0,0,0,0.4048872468318082,0.3491151816206148,0.0476190476190476,0.2105263157894736,0.6000000000000001,1.0,1.0,0.8,0.4,0.8,0.4444444444444445,0.0,0.0,1.0,0.0,1.0,1.0,0.5787974262360538,0.089285714286234,0.2388888888888888,0.3482959268495427,0.2382671480144404,0.28,0.1478864321744619,0.2272727272727272,0.0,0.0,0.0,0.0,0.0,1.0,0.0,0.0,0.0,0.0,0.0,0.0,0.0,0.0,0.0,0.0,0.125,0.6528367413894807,276.505
1 RK,392.21,498.0,10,11,4,1,Unfurnished,1,1,2,0,2,Marble,1,1,0,0,0,Not Specified,0,Municipal,1024.92,Wakad,411057,Society,4.83,3.76,2.1,2.35,7512.95,2800000.0,7139.032661074425,Owner,80,3,0,1,1,0,0,0,0,0,0,0,0,0,0,0,0,0,0,1,0.0632729047819594,0.0781395529338714,0.4761904761904761,0.368421052631579,0.2,1.0,1.0,0.0,0.4,0.0,0.1111111111111111,1.0,1.0,0.0,0.0,0.0,0.0,0.0258064812222625,1.0,0.6430555555555556,0.2959268495428095,0.6859205776173286,0.6920000000000001,0.0731891425768775,0.7181818181818183,1.0,0.0,0.0,0.0,0.0,0.0,0.0,0.0,0.0,0.0,0.0,0.0,0.0,0.0,0.0,1.0,0.9090909090909091,0.4288838165166865,392.21
2 BHK,556.49,601.8,7,12,4,1,Fully Furnished,1,2,2,1,2,Granite,1,1,1,1,1,Bike,0,Corporation + Borewell,4003.02,Aundh,411007,Society,3.58,3.87,1.75,1.87,25341.55,5445775.73,9785.936369027297,Owner,13,2,2,2,2,1,0,0,0,0,0,0,0,0,0,0,0,0,0,0,0.1418938320762663,0.1184220738900962,0.3333333333333333,0.4210526315789473,0.2,1.0,1.0,0.2,0.4,0.2,0.1111111111111111,1.0,1.0,1.0,1.0,1.0,0.0,0.3675025586187589,0.107142857143117,0.4694444444444444,0.3050706566916042,0.5595667870036102,0.5000000000000001,0.1549407180546478,0.109090909090909,0.5,1.0,0.0,0.0,0.0,0.0,0.0,0.0,0.0,0.0,0.0,0.0,0.0,0.0,0.0,0.0,0.5833333333333334,0.5334740819818498,278.245
2 BHK,473.53,548.79,11,13,12,1,Fully Furnished,1,1,2,1,4,Ceramic,1,0,0,1,0,Open,0,Borewell,3352.84,Koregaon Park,411001,Society,2.16,5.96,1.6,1.29,24028.41,14637552.74,30911.56366016937,Broker,5,1,2,2,2,0,0,0,0,0,0,1,0,0,0,0,0,0,0,0,0.1021909338029786,0.0978500465693884,0.5238095238095237,0.4736842105263157,0.6000000000000001,1.0,1.0,0.0,0.4,0.2,0.3333333333333333,1.0,0.0,0.0,1.0,0.0,0.0,0.292903332400145,0.0,0.2722222222222222,0.4788029925187032,0.5054151624548737,0.268,0.8074167600443272,0.0363636363636363,0.0,0.0,0.0,0.0,0.0,0.0,0.0,1.0,0.0,0.0,0.0,0.0,0.0,0.0,0.0,0.0,0.8461538461538461,0.6024401075709334,236.765
2 BHK,631.4,787.29,13,13,5,1,Unfurnished,1,2,2,1,4,Granite,1,1,0,1,0,Stilt,0,Corporation + Borewell,2010.63,Wakad,411057,Society,4.15,2.47,1.42,2.01,18061.28,5401489.37,8554.782024073487,Owner,26,3,0,2,2,0,0,0,0,0,0,0,0,0,0,0,0,0,0,1,0.1777441709100654,0.190406705991928,0.6190476190476191,0.4736842105263157,0.25,1.0,1.0,0.2,0.4,0.2,0.3333333333333333,1.0,1.0,0.0,1.0,0.0,0.0,0.1389031671799202,1.0,0.5486111111111112,0.1886949293433084,0.4404332129963898,0.5559999999999999,0.1169170670478369,0.2272727272727272,1.0,0.0,0.0,0.0,0.0,0.0,0.0,0.0,0.0,0.0,0.0,0.0,0.0,0.0,0.0,1.0,1.0,0.5309986774622915,315.7
2 BHK,473.77,604.77,5,19,8,1,Unfurnished,0,2,0,1,3,Granite,1,1,1,0,0,Covered,0,Borewell,1075.38,Hadapsar,411028,Society,6.22,2.94,2.12,2.01,10689.47,5740433.81,12116.49916626211,Broker,4,3,0,2,2,0,0,1,0,0,0,0,0,0,0,0,0,0,0,0,0.1023057927179447,0.1195746662527165,0.238095238095238,0.7894736842105263,0.4,1.0,0.0,0.2,0.0,0.2,0.2222222222222222,1.0,1.0,1.0,0.0,0.0,0.0,0.0315960732659908,0.482142857143117,0.8361111111111111,0.227763923524522,0.6931407942238268,0.5559999999999999,0.2269188337078735,0.0272727272727272,1.0,0.0,0.0,1.0,0.0,0.0,0.0,0.0,0.0,0.0,0.0,0.0,0.0,0.0,0.0,0.0,0.2631578947368421,0.4249454042381271,236.885
3 BHK,948.75,1027.35,0,22,9,1,Unfurnished,0,3,3,1,5,Vitrified,1,1,0,0,0,Open,0,Municipal,2297.05,Hadapsar,411028,Society,5.96,1.81,2.73,2.12,27806.34,6011386.8,6336.11256916996,Broker,45,3,0,3,3,0,0,1,0,0,0,0,0,0,0,0,0,0,0,0,0.3296211570121368,0.2835687674635206,0.0,0.9473684210526316,0.45,1.0,0.0,0.4000000000000001,0.6000000000000001,0.2,0.4444444444444445,1.0,1.0,0.0,0.0,0.0,0.0,0.1717659288359776,0.482142857143117,0.8,0.1338320864505403,0.9133574007220217,0.6000000000000001,0.0483888801722678,0.3999999999999999,1.0,0.0,0.0,1.0,0.0,0.0,0.0,0.0,0.0,0.0,0.0,0.0,0.0,0.0,0.0,0.0,0.0,0.45570356191778927,316.25
4 BHK,928.94,1098.18,4,18,10,1,Fully Furnished,1,4,3,2,6,Vitrified,1,1,0,0,1,Bike,0,Tanker,2997.39,Kharadi,411014,Society,4.3,0.93,2.0,2.54,56101.27,8519685.56,9171.405645143928,Broker,21,2,2,4,4,0,0,0,0,0,1,0,0,0,0,0,0,0,0,0,0.3201405107393086,0.3110563489599504,0.1904761904761904,0.7368421052631579,0.5,1.0,1.0,0.6000000000000001,0.6000000000000001,0.4,0.5555555555555556,1.0,1.0,0.0,0.0,1.0,0.0,0.2521203262181549,0.232142857143117,0.5694444444444444,0.0606816292601828,0.6498194945848376,0.768,0.1359599326445418,0.1818181818181818,0.5,0.0,0.0,0.0,0.0,0.0,1.0,0.0,0.0,0.0,0.0,0.0,0.0,0.0,0.0,0.0,0.2222222222222222,0.5095912788063237,232.235
1 BHK,393.75,429.69,6,13,7,1,Semi-Furnished,1,1,1,0,2,Marble,1,1,1,0,0,Stilt,0,Tanker,1844.59,Kharadi,411014,Society,3.8,2.47,2.33,2.07,14583.37,3437224.72,8729.459606349206,Owner,62,2,1,1,1,0,0,0,0,0,1,0,0,0,0,0,0,0,0,0,0.064009916152992,0.0516299285936044,0.2857142857142857,0.4736842105263157,0.35,1.0,1.0,0.0,0.2,0.0,0.1111111111111111,1.0,1.0,1.0,0.0,0.0,0.0,0.1198523573713462,0.232142857143117,0.5,0.1886949293433084,0.7689530685920578,0.58,0.1223106307223415,0.5545454545454546,0.5,0.0,0.0,0.0,0.0,0.0,1.0,0.0,0.0,0.0,0.0,0.0,0.0,0.0,0.0,0.0,0.46153846153846156,0.5403541868178008,393.75
1 BHK,456.7,526.22,4,14,12,1,Semi-Furnished,1,1,0,0,2,Vitrified,0,1,0,1,0,Not Specified,1,Municipal,2161.7,Kharadi,411014,Society,4.03,1.87,1.95,1.48,20852.86,4855424.76,10631.540967812569,Broker,70,2,1,1,1,0,0,0,0,0,1,0,0,0,0,0,0,0,0,0,0.0941364523909797,0.0890911207699472,0.1904761904761904,0.5263157894736842,0.6000000000000001,1.0,1.0,0.0,0.0,0.0,0.1111111111111111,0.0,1.0,0.0,1.0,0.0,1.0,0.156236375068268,0.232142857143117,0.5319444444444444,0.1388196176226101,0.631768953068592,0.344,0.1810588717837213,0.6272727272727273,0.5,0.0,0.0,0.0,0.0,0.0,1.0,0.0,0.0,0.0,0.0,0.0,0.0,0.0,0.0,0.0,0.2857142857142857,0.6093812442545068,456.7
3 BHK,866.27,975.43,3,14,1,1,Unfurnished,1,4,3,3,3,Vitrified,1,1,1,1,1,Bike,0,Tanker,4588.77,Baner,411045,Society,3.4,3.9,1.61,1.8,55928.51,20015155.53,23104.985200918883,Owner,18,1,0,3,3,0,1,0,0,0,0,0,0,0,0,0,0,0,0,0,0.2901479765687813,0.2634197454206768,0.1428571428571428,0.5263157894736842,0.05,1.0,1.0,0.6000000000000001,0.6000000000000001,0.6000000000000001,0.2222222222222222,1.0,1.0,1.0,1.0,1.0,0.0,0.4347093271406346,0.7857142857146755,0.4444444444444444,0.3075644222776392,0.5090252707581228,0.4720000000000001,0.5663041101407521,0.1545454545454545,0.0,0.0,1.0,0.0,0.0,0.0,0.0,0.0,0.0,0.0,0.0,0.0,0.0,0.0,0.0,0.0,0.21428571428571427,0.5482431610804466,288.75666666666666
4 BHK,1208.3,1387.29,3,13,13,1,Unfurnished,0,4,5,2,6,Granite,1,1,0,1,1,Not Specified,0,Borewell,3590.54,Magarpatta,411013,Society,5.17,1.94,1.78,2.19,39522.84,14423750.3,11937.226102789044,Broker,28,3,0,4,4,0,0,0,0,0,0,0,0,1,0,0,0,0,0,0,0.4538362877598682,0.4232536479354238,0.1428571428571428,0.4736842105263157,0.65,1.0,0.0,0.6000000000000001,1.0,0.4,0.5555555555555556,1.0,1.0,0.0,1.0,1.0,0.0,0.3201761431174303,0.214285714286234,0.6902777777777778,0.1446384039900249,0.5703971119133574,0.628,0.2213847402577347,0.2454545454545454,1.0,0.0,0.0,0.0,0.0,0.0,0.0,0.0,0.0,1.0,0.0,0.0,0.0,0.0,0.0,0.0,0.23076923076923078,0.48026731524278543,302.075
1 BHK,424.08,495.55,5,15,13,1,Fully Furnished,1,2,1,1,2,Granite,0,0,0,0,0,Not Specified,1,Corporation + Borewell,1881.62,Baner,411045,Standalone,3.66,1.94,1.51,2.52,26084.93,10490720.63,24737.598165440486,Broker,36,1,2,1,1,0,1,0,0,0,0,0,0,0,0,0,0,0,0,0,0.078525211531835,0.0771887612542688,0.238095238095238,0.5789473684210527,0.65,1.0,1.0,0.2,0.2,0.2,0.1111111111111111,0.0,0.0,0.0,0.0,0.0,1.0,0.1241010413463612,0.7857142857146755,0.4805555555555556,0.1446384039900249,0.4729241877256318,0.76,0.6167268113515938,0.3181818181818182,0.0,0.0,1.0,0.0,0.0,0.0,0.0,0.0,0.0,0.0,0.0,0.0,0.0,0.0,0.0,0.0,0.3333333333333333,0.5130289230043932,424.08
1 BHK,489.23,559.44,8,8,8,1,Fully Furnished,1,2,1,1,2,Vitrified,0,0,1,1,0,Covered,1,Municipal,2845.75,Baner,411045,Standalone,3.04,3.5,1.77,1.94,29313.69,11844963.18,24211.44079471823,Builder,45,1,2,1,1,0,1,0,0,0,0,0,0,0,0,0,0,0,0,0,0.1097046211570121,0.1019830797888854,0.3809523809523809,0.2105263157894736,0.4,1.0,1.0,0.2,0.2,0.2,0.1111111111111111,0.0,0.0,1.0,1.0,0.0,1.0,0.2347217186574939,0.7857142857146755,0.3944444444444444,0.2743142144638403,0.5667870036101084,0.528,0.6004874375646283,0.3999999999999999,0.0,0.0,1.0,0.0,0.0,0.0,0.0,0.0,0.0,0.0,0.0,0.0,0.0,0.0,0.0,0.0,1.0,0.5604042655146497,489.23
3 BHK,1120.05,1356.03,10,12,9,1,Semi-Furnished,1,3,3,2,5,Vitrified,1,1,0,0,0,Open,1,Borewell,3033.99,Pune Camp,411001,Society,2.13,6.58,1.9,1.78,22589.67,7221395.17,6447.386429177269,Broker,32,3,1,3,3,0,0,0,0,0,0,0,0,0,0,0,1,0,0,0,0.4116017075692025,0.4111223222601677,0.4761904761904761,0.4210526315789473,0.45,1.0,1.0,0.4000000000000001,0.6000000000000001,0.4,0.4444444444444445,1.0,1.0,0.0,0.0,0.0,1.0,0.256319673598267,0.0,0.2680555555555555,0.5303408146300914,0.6137184115523465,0.4640000000000001,0.0518270723972341,0.2818181818181818,1.0,0.0,0.0,0.0,0.0,0.0,0.0,0.0,0.0,0.0,0.0,0.0,1.0,0.0,0.0,0.0,0.8333333333333334,0.5345426941502167,373.34999999999997
1 BHK,344.48,396.37,9,10,9,1,Semi-Furnished,1,2,3,0,1,Vitrified,1,1,1,0,1,Covered,0,Tanker,1406.47,Kothrud,411038,Society,1.85,7.27,1.53,1.84,12794.82,3645561.23,10582.795024384579,Broker,73,2,1,1,1,0,0,0,0,0,0,0,1,0,0,0,0,0,0,0,0.040430338068073,0.038699161751009,0.4285714285714285,0.3157894736842105,0.45,1.0,1.0,0.2,0.6000000000000001,0.0,0.0,1.0,1.0,1.0,0.0,1.0,0.0,0.0695841039785948,0.6607142857146755,0.2291666666666666,0.5876974231088943,0.48014440433213,0.4880000000000001,0.1795550487561107,0.6545454545454545,0.5,0.0,0.0,0.0,0.0,0.0,0.0,0.0,1.0,0.0,0.0,0.0,0.0,0.0,0.0,0.0,0.9,0.521938836125263,344.48
3 BHK,1082.65,1195.68,1,13,8,1,Semi-Furnished,1,3,1,2,3,Granite,1,1,0,0,0,Covered,0,Not Specified,1294.86,Wakad,411057,Society,4.56,3.7,2.64,2.4,24465.3,9020181.34,8331.576539047706,Owner,24,3,1,3,3,0,0,0,0,0,0,0,0,0,0,0,0,0,0,1,0.3937028599869827,0.3488939770257684,0.0476190476190476,0.4736842105263157,0.4,1.0,1.0,0.4000000000000001,0.2,0.4,0.2222222222222222,1.0,1.0,0.0,0.0,0.0,0.0,0.0567783891945972,1.0,0.6055555555555555,0.2909393183707398,0.8808664259927799,0.712,0.110020606915671,0.209090909090909,1.0,0.0,0.0,0.0,0.0,0.0,0.0,0.0,0.0,0.0,0.0,0.0,0.0,0.0,0.0,1.0,0.07692307692307693,0.4373394213132562,360.8833333333334
2 BHK,598.36,650.05,4,11,0,1,Unfurnished,0,2,2,1,2,Marble,1,1,1,1,0,Covered,1,Corporation + Borewell,1941.86,Kharadi,411014,Society,4.16,1.61,1.89,1.81,29351.02,4889090.94,8170.818470485996,Broker,22,2,0,2,2,0,0,0,0,0,1,0,0,0,0,0,0,0,0,0,0.16193192694973,0.137146848804719,0.1904761904761904,0.368421052631579,0.0,1.0,0.0,0.2,0.4,0.2,0.1111111111111111,1.0,1.0,1.0,1.0,0.0,1.0,0.1310127540834637,0.232142857143117,0.55,0.1172069825436409,0.6101083032490975,0.4760000000000001,0.1050578982675613,0.1909090909090909,0.5,0.0,0.0,0.0,0.0,0.0,1.0,0.0,0.0,0.0,0.0,0.0,0.0,0.0,0.0,0.0,0.36363636363636365,0.5753553777061544,299.18
2 BHK,930.45,1021.26,0,16,4,1,Fully Furnished,1,2,3,0,4,Vitrified,0,0,0,1,0,Covered,0,Municipal,3923.5,Nigdi,411044,Society,3.57,10.05,1.8,2.28,26712.25,7315543.51,7862.371443924982,Owner,11,3,2,2,2,0,0,0,0,0,0,0,0,0,1,0,0,0,0,0,0.3208631647459704,0.2812053710027942,0.0,0.631578947368421,0.2,1.0,1.0,0.2,0.6000000000000001,0.0,0.3333333333333333,0.0,0.0,0.0,1.0,0.0,0.0,0.3583787306497285,0.7678571428577925,0.4680555555555555,0.8187863674147963,0.5776173285198556,0.6639999999999999,0.0955296706229144,0.0909090909090909,1.0,0.0,0.0,0.0,0.0,0.0,0.0,0.0,0.0,0.0,1.0,0.0,0.0,0.0,0.0,0.0,0.0,0.3216828470712363,465.225
4 BHK,1132.05,1265.52,9,12,6,1,Semi-Furnished,1,4,4,3,6,Vitrified,0,1,0,0,1,Covered,1,Municipal,3547.63,Kharadi,411014,Society,3.56,1.21,2.66,1.58,46620.74,11068245.91,9777.170540170488,Owner,36,2,1,4,4,0,0,0,0,0,1,0,0,0,0,0,0,0,0,0,0.4173446533175083,0.3759973610679913,0.4285714285714285,0.4210526315789473,0.3,1.0,1.0,0.6000000000000001,0.8,0.6000000000000001,0.5555555555555556,0.0,1.0,0.0,0.0,1.0,1.0,0.3152528098911841,0.232142857143117,0.4666666666666667,0.083956774729842,0.888086642599278,0.3840000000000001,0.1546686153462221,0.3181818181818182,0.5,0.0,0.0,0.0,0.0,0.0,1.0,0.0,0.0,0.0,0.0,0.0,0.0,0.0,0.0,0.0,0.75,0.6378572074810831,283.0125
1 RK,600.99,703.06,8,12,7,1,Unfurnished,1,1,0,0,2,Wooden,1,1,0,0,0,Covered,1,Municipal,1479.4,Kharadi,411014,Society,4.92,1.2,2.0,2.13,19948.52,7078278.06,11777.69690011481,Not Specified,11,2,0,1,1,0,0,0,0,0,1,0,0,0,0,0,0,0,0,0,0.1631905892262337,0.1577188761254269,0.3809523809523809,0.4210526315789473,0.35,1.0,1.0,0.0,0.0,0.0,0.1111111111111111,1.0,1.0,0.0,0.0,0.0,1.0,0.0779518199466706,0.232142857143117,0.6555555555555556,0.083125519534497,0.6498194945848376,0.604,0.2164541527011985,0.0909090909090909,0.5,0.0,0.0,0.0,0.0,0.0,1.0,0.0,0.0,0.0,0.0,0.0,0.0,0.0,0.0,0.0,0.6666666666666666,0.5181078162885195,600.99
2 BHK,595.63,665.05,7,12,8,1,Semi-Furnished,1,3,2,1,2,Vitrified,1,1,0,1,0,Covered,1,Municipal,800.0,Aundh,411007,Society,4.37,2.93,1.38,1.22,25676.939340542824,4993408.156359034,8383.40606812792,Broker,18,2,1,2,2,1,0,0,0,0,0,0,0,0,0,0,0,0,0,0,0.1606254067919905,0.1429680223533064,0.3333333333333333,0.4210526315789473,0.4,1.0,1.0,0.4000000000000001,0.4,0.2,0.1111111111111111,1.0,1.0,0.0,1.0,0.0,1.0,0.0,0.107142857143117,0.5791666666666667,0.226932668329177,0.4259927797833934,0.24,0.1094967860377027,0.1545454545454545,0.5,1.0,0.0,0.0,0.0,0.0,0.0,0.0,0.0,0.0,0.0,0.0,0.0,0.0,0.0,0.0,0.5833333333333334,0.5929530008025512,297.815
1 BHK,386.81,493.89,0,6,8,1,Fully Furnished,1,1,0,1,1,Ceramic,1,1,0,1,1,Covered,1,Borewell,1725.68,Koregaon Park,411001,Society,3.3,4.35,1.6,1.54,27007.12016130051,10399236.693251528,26884.611807480487,Owner,36,1,2,1,1,0,0,0,0,0,0,1,0,0,0,0,0,0,0,0,0.0606885791952218,0.0765445513815585,0.0,0.1052631578947368,0.4,1.0,1.0,0.0,0.0,0.2,0.0,1.0,1.0,0.0,1.0,1.0,1.0,0.1062090678366706,0.0,0.4305555555555555,0.3449709060681628,0.5054151624548737,0.3680000000000001,0.671189048684456,0.3181818181818182,0.0,0.0,0.0,0.0,0.0,0.0,0.0,1.0,0.0,0.0,0.0,0.0,0.0,0.0,0.0,0.0,0.0,0.5682605210405702,386.81
1 BHK,578.93,718.88,14,17,10,1,Semi-Furnished,1,1,0,0,1,Marble,1,1,0,0,0,Covered,1,Tanker,800.0,Wakad,411057,Society,4.66,3.8,1.99,2.14,12599.28423111464,4337943.424733104,7493.036161078377,Owner,25,3,1,1,1,0,0,0,0,0,0,0,0,0,0,0,0,0,0,1,0.1526331406255981,0.1638582738280037,0.6666666666666666,0.6842105263157894,0.5,1.0,1.0,0.0,0.0,0.0,0.0,1.0,1.0,0.0,0.0,0.0,1.0,0.0,1.0,0.6194444444444445,0.2992518703241895,0.6462093862815884,0.6080000000000001,0.0814677362166543,0.2181818181818181,1.0,0.0,0.0,0.0,0.0,0.0,0.0,0.0,0.0,0.0,0.0,0.0,0.0,0.0,0.0,1.0,0.8235294117647058,0.45788715629271637,578.93
2 BHK,640.35,750.52,11,15,15,1,Semi-Furnished,1,3,2,1,4,Granite,0,0,1,0,1,Covered,0,Corporation + Borewell,2099.48,Kharadi,411014,Standalone,4.61,1.57,2.31,1.84,20221.883631043,5587837.79557035,8726.224401609043,Owner,18,2,1,2,2,0,0,0,0,0,1,0,0,0,0,0,0,0,0,0,0.1820274512806769,0.1761370692331574,0.5238095238095237,0.5789473684210527,0.75,1.0,1.0,0.4000000000000001,0.4,0.2,0.3333333333333333,0.0,0.0,1.0,0.0,1.0,0.0,0.1490974845220775,0.232142857143117,0.6125,0.113881961762261,0.7617328519855596,0.4880000000000001,0.1216990945558456,0.1545454545454545,0.5,0.0,0.0,0.0,0.0,0.0,1.0,0.0,0.0,0.0,0.0,0.0,0.0,0.0,0.0,0.0,0.7333333333333333,0.5529701945482812,320.175
1 BHK,470.32,525.14,15,15,3,1,Semi-Furnished,1,1,0,0,1,Marble,1,1,1,0,1,Open,1,Municipal,971.64,Aundh,411007,Society,3.89,3.9,1.11,1.94,25307.86818431248,4289178.283200952,9119.702081988757,Owner,66,2,1,1,1,1,0,0,0,0,0,0,0,0,0,0,0,0,0,0,0.1006546958153068,0.0886719962744489,0.7142857142857142,0.5789473684210527,0.15,1.0,1.0,0.0,0.0,0.0,0.0,1.0,1.0,1.0,0.0,1.0,1.0,0.0196933329049846,0.107142857143117,0.5125000000000001,0.3075644222776392,0.3285198555956679,0.528,0.130003632154201,0.5909090909090909,0.5,1.0,0.0,0.0,0.0,0.0,0.0,0.0,0.0,0.0,0.0,0.0,0.0,0.0,0.0,0.0,1.0,0.5112138240511095,470.32
3 BHK,809.58,900.82,6,12,9,1,Semi-Furnished,0,3,2,2,6,Granite,0,0,1,1,1,Not Specified,0,Municipal,3587.42,Aundh,411007,Society,3.65,4.15,1.28,1.7,25476.043862162427,8584714.09215427,10603.91078355971,Owner,73,2,1,3,3,1,0,0,0,0,0,0,0,0,0,0,0,0,0,0,0.2630173436961599,0.2344652281900031,0.2857142857142857,0.4210526315789473,0.45,1.0,0.0,0.4000000000000001,0.4,0.4,0.5555555555555556,0.0,0.0,1.0,1.0,1.0,0.0,0.3198181659637158,0.107142857143117,0.4791666666666666,0.3283458021612634,0.3898916967509025,0.432,0.1762116755226163,0.6545454545454545,0.5,1.0,0.0,0.0,0.0,0.0,0.0,0.0,0.0,0.0,0.0,0.0,0.0,0.0,0.0,0.0,0.5,0.5408518147684134,269.86
2 BHK,530.23,633.69,11,14,7,1,Semi-Furnished,1,2,1,1,4,Vitrified,0,0,0,1,0,Covered,0,Municipal,1836.58,Hinjewadi,411057,Society,6.04,1.37,2.76,2.41,11021.624518295192,6480641.9074478205,12222.322213846483,Owner,45,3,1,2,2,0,0,0,1,0,0,0,0,0,0,0,0,0,0,0,0.1293263524637237,0.130797888854393,0.5238095238095237,0.5263157894736842,0.35,1.0,1.0,0.2,0.2,0.2,0.3333333333333333,0.0,0.0,0.0,1.0,0.0,0.0,0.1189333198709446,1.0,0.8111111111111111,0.0972568578553615,0.9241877256317688,0.7160000000000001,0.230219584723703,0.3999999999999999,1.0,0.0,0.0,0.0,1.0,0.0,0.0,0.0,0.0,0.0,0.0,0.0,0.0,0.0,0.0,0.0,0.7857142857142857,0.4331094208240569,265.115
2 BHK,884.31,990.5,7,11,16,1,Unfurnished,1,2,2,1,2,Vitrified,1,1,0,1,1,Covered,0,Municipal,2438.76,Hinjewadi,411057,Society,5.69,1.12,2.57,2.39,22113.99184719936,5383628.295117996,6087.942345012491,Owner,10,3,0,2,2,0,0,0,1,0,0,0,0,0,0,0,0,0,0,0,0.2987815383437344,0.2692680844458243,0.3333333333333333,0.368421052631579,0.8,1.0,1.0,0.2,0.4,0.2,0.1111111111111111,1.0,1.0,0.0,1.0,1.0,0.0,0.188025205263182,1.0,0.7625000000000001,0.0764754779717373,0.855595667870036,0.7080000000000001,0.0404657805363481,0.0818181818181818,1.0,0.0,0.0,0.0,1.0,0.0,0.0,0.0,0.0,0.0,0.0,0.0,0.0,0.0,0.0,0.0,0.6363636363636364,0.45782578446110744,442.155
3 BHK,1396.84,1629.03,8,14,5,1,Unfurnished,1,3,3,2,4,Marble,1,1,0,0,0,Bike,0,Municipal,2543.29,Kothrud,411038,Society,1.78,7.09,1.18,1.64,45203.57806701206,13098118.085059917,9376.963779001115,Broker,20,2,0,3,3,0,0,0,0,0,0,0,1,0,0,0,0,0,0,0,0.5440675370420001,0.5170676808444583,0.3809523809523809,0.5263157894736842,0.25,1.0,1.0,0.4000000000000001,0.6000000000000001,0.4,0.3333333333333333,1.0,1.0,0.0,0.0,0.0,0.0,0.200018587275289,0.6607142857146755,0.2194444444444444,0.5727348295926848,0.3537906137184115,0.408,0.1451107374631997,0.1727272727272727,0.5,0.0,0.0,0.0,0.0,0.0,0.0,0.0,1.0,0.0,0.0,0.0,0.0,0.0,0.0,0.0,0.5714285714285714,0.5513654795748011,465.6133333333333
2 BHK,723.26,854.07,8,8,10,1,Fully Furnished,1,2,1,1,4,Granite,1,1,1,0,0,Covered,1,Borewell,2023.09,Aundh,411007,Standalone,3.7,4.16,1.63,1.51,39365.93763288356,8111741.068729857,11215.525632179102,Broker,27,2,2,2,2,1,0,0,0,0,0,0,0,0,0,0,0,0,0,0,0.2217064206133466,0.2163225706302391,0.3809523809523809,0.2105263157894736,0.5,1.0,1.0,0.2,0.2,0.2,0.3333333333333333,1.0,1.0,1.0,0.0,0.0,1.0,0.1403327810694338,0.107142857143117,0.4861111111111111,0.3291770573566084,0.516245487364621,0.3560000000000001,0.1954874190332292,0.2363636363636363,0.5,1.0,0.0,0.0,0.0,0.0,0.0,0.0,0.0,0.0,0.0,0.0,0.0,0.0,0.0,0.0,1.0,0.558626153985925,361.63
1 RK,463.59,522.41,7,14,17,1,Semi-Furnished,1,2,0,0,1,Marble,0,0,0,0,0,Covered,0,Municipal,1288.37,Magarpatta,411013,Standalone,5.48,1.75,2.29,2.31,17423.39962401373,3463303.167135808,7470.616637839057,Builder,27,3,1,1,1,0,0,0,0,0,0,0,0,1,0,0,0,0,0,0,0.097433860408132,0.087612542688606,0.3333333333333333,0.5263157894736842,0.8500000000000001,1.0,1.0,0.2,0.0,0.0,0.0,0.0,0.0,0.0,0.0,0.0,0.0,0.0560337508203643,0.214285714286234,0.7333333333333334,0.1288445552784704,0.7545126353790614,0.676,0.0831519315277161,0.2363636363636363,1.0,0.0,0.0,0.0,0.0,0.0,0.0,0.0,0.0,1.0,0.0,0.0,0.0,0.0,0.0,0.0,0.5,0.4586613612165533,463.59
2 BHK,618.41,754.73,1,13,13,1,Unfurnished,1,2,2,1,2,Granite,1,1,1,0,0,Covered,1,Borewell,2396.36,Nigdi,411044,Society,3.71,10.12,2.02,3.12,14914.827489930673,7686518.317318663,12429.48580604884,Owner,6,3,0,2,2,0,0,0,0,0,0,0,0,0,1,0,0,0,0,0,0.1715274321375243,0.1777708786091276,0.0476190476190476,0.4736842105263157,0.65,1.0,1.0,0.2,0.4,0.2,0.1111111111111111,1.0,1.0,1.0,0.0,0.0,1.0,0.1831603875332161,0.7678571428577925,0.4875,0.824605153782211,0.6570397111913358,1.0000000000000002,0.2331731808652186,0.0454545454545454,1.0,0.0,0.0,0.0,0.0,0.0,0.0,0.0,0.0,0.0,1.0,0.0,0.0,0.0,0.0,0.0,0.07692307692307693,0.22372507421567123,309.205
1 BHK,321.74,394.86,4,9,3,1,Fully Furnished,1,1,0,1,2,Granite,1,1,0,1,1,Bike,0,Tanker,2008.72,Baner,411045,Society,2.61,2.96,1.41,2.41,33314.48473976604,7285571.569221821,22644.28286573575,Broker,19,1,2,1,1,0,1,0,0,0,0,0,0,0,0,0,0,0,0,0,0.0295474558750335,0.0381131636137845,0.1904761904761904,0.2631578947368421,0.15,1.0,1.0,0.0,0.0,0.2,0.1111111111111111,1.0,1.0,0.0,1.0,1.0,0.0,0.1386840209095373,0.7857142857146755,0.3347222222222222,0.2294264339152119,0.4368231046931408,0.7160000000000001,0.538800116624271,0.1636363636363636,0.0,0.0,1.0,0.0,0.0,0.0,0.0,0.0,0.0,0.0,0.0,0.0,0.0,0.0,0.0,0.0,0.4444444444444444,0.5442778664569343,321.74
4 BHK,1410.5,1751.19,0,13,10,1,Semi-Furnished,1,4,4,3,6,Vitrified,1,1,0,1,0,Stilt,0,Corporation + Borewell,7206.88,Shivajinagar,411005,Society,1.25,7.64,1.08,1.46,60260.67087461741,17212095.9284489,12202.83298720234,Broker,5,2,1,4,4,0,0,0,0,0,0,0,0,0,0,0,0,1,0,0,0.5506049236188216,0.5644753182241542,0.0,0.4736842105263157,0.5,1.0,1.0,0.6000000000000001,0.8,0.6000000000000001,0.5555555555555556,1.0,1.0,0.0,1.0,0.0,0.0,0.7351014957019795,0.071428571429351,0.1458333333333333,0.6184538653366582,0.3176895306859206,0.3359999999999999,0.2285304477062452,0.0363636363636363,0.5,0.0,0.0,0.0,0.0,0.0,0.0,0.0,0.0,0.0,0.0,0.0,0.0,1.0,0.0,0.0,0.0,0.5794796620634723,352.625
2 BHK,448.87,486.99,0,9,5,1,Fully Furnished,1,3,3,1,2,Vitrified,0,0,1,0,1,Covered,0,Corporation + Borewell,1646.52,Kalyani Nagar,411006,Society,2.32,5.56,1.32,1.4,39987.07375542715,13540054.670133565,30164.757435635183,Owner,82,1,2,2,2,0,0,0,0,1,0,0,0,0,0,0,0,0,0,0,0.0903891802902101,0.0738668115492083,0.0,0.2631578947368421,0.25,1.0,1.0,0.4000000000000001,0.6000000000000001,0.2,0.1111111111111111,0.0,0.0,1.0,0.0,1.0,0.0,0.097126544923838,0.089285714286234,0.2944444444444444,0.4455527847049043,0.4043321299638989,0.3119999999999999,0.7748700640074521,0.7363636363636363,0.0,0.0,0.0,0.0,0.0,1.0,0.0,0.0,0.0,0.0,0.0,0.0,0.0,0.0,0.0,0.0,0.0,0.5943829167868415,224.435
2 BHK,447.15,548.14,1,16,9,1,Semi-Furnished,1,3,2,1,3,Marble,0,0,0,1,0,Bike,1,Corporation + Borewell,1456.91,Kothrud,411038,Society,2.06,8.21,1.43,1.68,24890.069297862407,3790518.972524693,8477.063563736314,Owner,7,2,1,2,2,0,0,0,0,0,0,0,1,0,0,0,0,0,0,0,0.089566024732953,0.0975977957156162,0.0476190476190476,0.631578947368421,0.45,1.0,1.0,0.4000000000000001,0.4,0.2,0.2222222222222222,0.0,0.0,0.0,1.0,0.0,1.0,0.0753714012969787,0.6607142857146755,0.2583333333333333,0.6658354114713216,0.4440433212996389,0.424,0.110953662854552,0.0545454545454545,0.5,0.0,0.0,0.0,0.0,0.0,0.0,0.0,1.0,0.0,0.0,0.0,0.0,0.0,0.0,0.0,0.0625,0.503953333797978,223.575
3 BHK,682.08,770.3,7,7,8,1,Semi-Furnished,1,4,1,3,5,Vitrified,1,1,0,1,0,Covered,1,Tanker,2930.85,Baner,411045,Society,3.1,3.69,1.63,2.4,41355.78543292722,16809165.305964366,24643.97916075001,Owner,38,1,1,3,3,0,1,0,0,0,0,0,0,0,0,0,0,0,0,0,0.2019985451204104,0.1838132567525613,0.3333333333333333,0.1578947368421052,0.4,1.0,1.0,0.6000000000000001,0.2,0.6000000000000001,0.4444444444444445,1.0,1.0,0.0,1.0,0.0,1.0,0.2444857749975905,0.7857142857146755,0.4027777777777778,0.2901080631753948,0.516245487364621,0.712,0.6086137648760805,0.3363636363636363,0.0,0.0,1.0,0.0,0.0,0.0,0.0,0.0,0.0,0.0,0.0,0.0,0.0,0.0,0.0,0.0,1.0,0.5033777409084033,227.36
3 BHK,1169.55,1458.02,11,13,3,1,Unfurnished,0,3,2,2,3,Granite,1,1,0,1,1,Covered,1,Municipal,4701.71,Kharadi,411014,Society,4.41,1.56,1.9,2.17,50521.06309513596,9623369.034161538,8228.266456467478,Owner,18,2,0,3,3,0,0,0,0,0,1,0,0,0,0,0,0,0,0,0,0.4352913587809641,0.4507024216081962,0.5238095238095237,0.4736842105263157,0.15,1.0,0.0,0.4000000000000001,0.4,0.4,0.2222222222222222,1.0,1.0,0.0,1.0,1.0,1.0,0.4476676411600296,0.232142857143117,0.5847222222222223,0.113050706566916,0.6137184115523465,0.62,0.1029897941408658,0.1545454545454545,0.5,0.0,0.0,0.0,0.0,0.0,1.0,0.0,0.0,0.0,0.0,0.0,0.0,0.0,0.0,0.0,0.8461538461538461,0.5269953471302613,389.84999999999997
1 BHK,491.3,540.68,8,13,6,1,Semi-Furnished,1,1,1,1,1,Vitrified,0,0,1,1,1,Open,1,Tanker,1705.28,Koregaon Park,411001,Society,2.17,5.09,1.57,0.72,30016.52595575309,9986434.865039865,20326.551730184947,Owner,36,1,1,1,1,0,0,0,0,0,0,1,0,0,0,0,0,0,0,0,0.1106952792985948,0.0947027320707854,0.3809523809523809,0.4736842105263157,0.3,1.0,1.0,0.0,0.2,0.2,0.0,0.0,0.0,1.0,1.0,1.0,1.0,0.1038684479854606,0.0,0.2736111111111111,0.4064837905236907,0.4945848375451264,0.0399999999999999,0.4838301189592272,0.3181818181818182,0.0,0.0,0.0,0.0,0.0,0.0,0.0,1.0,0.0,0.0,0.0,0.0,0.0,0.0,0.0,0.0,0.6153846153846154,0.6865992761740922,491.3
2 BHK,462.45,539.8,1,14,7,1,Semi-Furnished,1,3,2,1,4,Vitrified,1,1,0,1,0,Covered,0,Tanker,1986.69,Aundh,411007,Society,4.84,5.03,1.18,1.47,21261.00273346057,4936619.858719952,10674.926713633804,Owner,5,2,1,2,2,1,0,0,0,0,0,0,0,0,0,0,0,0,0,0,0.0968882805620429,0.0943612232226016,0.0476190476190476,0.5263157894736842,0.35,1.0,1.0,0.4000000000000001,0.4,0.2,0.3333333333333333,1.0,1.0,0.0,1.0,0.0,0.0,0.1361563809427649,0.107142857143117,0.6444444444444445,0.4014962593516209,0.3537906137184115,0.3399999999999999,0.1772126799244413,0.0363636363636363,0.5,1.0,0.0,0.0,0.0,0.0,0.0,0.0,0.0,0.0,0.0,0.0,0.0,0.0,0.0,0.0,0.07142857142857142,0.48783612375190455,231.225
4 BHK,1701.88,1910.24,14,16,10,1,Unfurnished,1,4,4,2,5,Granite,1,1,0,0,0,Covered,1,Municipal,2092.91,Hinjewadi,411057,Society,5.71,0.64,2.07,2.73,29637.854455875666,21548272.68832594,12661.452445722343,Owner,25,3,0,4,4,0,0,0,1,0,0,0,0,0,0,0,0,0,0,0,0.6900532179639345,0.6261991617510092,0.6666666666666666,0.631578947368421,0.5,1.0,1.0,0.6000000000000001,0.8,0.4,0.4444444444444445,1.0,1.0,0.0,0.0,0.0,1.0,0.1483436672464672,1.0,0.7652777777777778,0.0365752285951787,0.6750902527075812,0.8440000000000001,0.2390621506059149,0.2181818181818181,1.0,0.0,0.0,0.0,1.0,0.0,0.0,0.0,0.0,0.0,0.0,0.0,0.0,0.0,0.0,0.0,0.875,0.4336826810457227,425.47
1 BHK,339.02,401.85,8,8,7,1,Semi-Furnished,1,2,0,1,1,Wooden,1,1,1,1,0,Covered,1,Municipal,1066.58,Kalyani Nagar,411006,Society,3.05,3.73,0.87,1.54,26911.400590707268,8494744.790001713,25056.765943017264,Broker,64,1,1,1,1,0,0,0,0,1,0,0,0,0,0,0,0,0,0,0,0.0378172977525938,0.0408258304874263,0.3809523809523809,0.2105263157894736,0.35,1.0,1.0,0.2,0.0,0.2,0.0,1.0,1.0,1.0,1.0,0.0,1.0,0.0305863941144884,0.089285714286234,0.3958333333333333,0.2934330839567747,0.2418772563176895,0.3680000000000001,0.6247854990567517,0.5727272727272728,0.0,0.0,0.0,0.0,0.0,1.0,0.0,0.0,0.0,0.0,0.0,0.0,0.0,0.0,0.0,0.0,1.0,0.5964201197234722,339.02
3 BHK,1115.06,1420.67,7,11,4,1,Fully Furnished,1,3,3,2,5,Vitrified,1,1,0,1,0,Stilt,1,Corporation + Borewell,4640.19,Aundh,411007,Society,4.08,4.29,1.21,1.4,35374.41621775263,21502823.144918304,19284.005474968435,Broker,18,2,2,3,3,1,0,0,0,0,0,0,0,0,0,0,0,0,0,0,0.4092135992955319,0.4362076994722136,0.3333333333333333,0.368421052631579,0.2,1.0,1.0,0.4000000000000001,0.6000000000000001,0.4,0.4444444444444445,1.0,1.0,0.0,1.0,0.0,1.0,0.4406090660008903,0.107142857143117,0.5388888888888889,0.339983374896093,0.3646209386281588,0.3119999999999999,0.451193854493926,0.1545454545454545,0.5,1.0,0.0,0.0,0.0,0.0,0.0,0.0,0.0,0.0,0.0,0.0,0.0,0.0,0.0,0.0,0.6363636363636364,0.5497179738389877,371.68666666666667
3 BHK,1218.45,1506.7,7,19,18,1,Unfurnished,1,4,4,2,6,Vitrified,0,0,0,1,1,Not Specified,0,Municipal,4355.66,Kharadi,411014,Society,4.61,2.69,2.7,2.3,37926.2585888801,13883593.82843629,11394.471524015175,Broker,24,2,0,3,3,0,0,0,0,0,1,0,0,0,0,0,0,0,0,0,0.4586938627053104,0.4695940701645453,0.3333333333333333,0.7894736842105263,0.9,1.0,1.0,0.6000000000000001,0.8,0.4,0.5555555555555556,0.0,0.0,0.0,1.0,1.0,0.0,0.4079631558898715,0.232142857143117,0.6125,0.2069825436408977,0.9025270758122744,0.6719999999999999,0.2025707374384912,0.209090909090909,0.5,0.0,0.0,0.0,0.0,0.0,1.0,0.0,0.0,0.0,0.0,0.0,0.0,0.0,0.0,0.0,0.3684210526315789,0.47329886651227626,406.15000000000003
2 BHK,412.41,493.23,0,13,1,1,Semi-Furnished,1,2,1,1,3,Marble,0,0,1,1,0,Covered,1,Corporation + Borewell,2424.99,Kharadi,411014,Standalone,4.81,1.63,2.48,1.87,12842.803109709645,4425878.042857092,10731.742787170757,Owner,97,2,1,2,2,0,0,0,0,0,1,0,0,0,0,0,0,0,0,0,0.0729401967916076,0.0762884197454207,0.0,0.4736842105263157,0.05,1.0,1.0,0.2,0.2,0.2,0.2222222222222222,0.0,0.0,1.0,1.0,0.0,1.0,0.1864452868636152,0.232142857143117,0.6402777777777777,0.1188694929343308,0.8231046931407943,0.5000000000000001,0.1781966972105303,0.8727272727272727,0.5,0.0,0.0,0.0,0.0,0.0,1.0,0.0,0.0,0.0,0.0,0.0,0.0,0.0,0.0,0.0,0.0,0.5391207343578561,206.205
3 BHK,1080.93,865.89,13,14,14,1,Fully Furnished,1,3,2,1,4,Ceramic,1,1,1,1,0,Covered,1,Corporation + Borewell,3125.8,Wakad,411057,Society,3.76,3.91,2.29,2.09,21809.10160598185,8036729.465244264,7435.013798529289,Owner,10,3,2,3,3,0,0,0,0,0,0,0,0,0,0,0,0,0,0,1,0.3928797044297255,0.2209096553865259,0.6190476190476191,0.5263157894736842,0.7000000000000001,1.0,1.0,0.4000000000000001,0.4,0.2,0.3333333333333333,1.0,1.0,1.0,1.0,0.0,1.0,0.2668536102913842,1.0,0.4944444444444444,0.3083956774729842,0.7545126353790614,0.588,0.0842845088623327,0.0818181818181818,1.0,0.0,0.0,0.0,0.0,0.0,0.0,0.0,0.0,0.0,0.0,0.0,0.0,0.0,0.0,1.0,0.9285714285714286,0.5007714850519429,360.31
3 BHK,733.31,904.46,9,10,12,1,Semi-Furnished,1,3,4,1,3,Vitrified,1,1,0,1,0,Bike,1,Tanker,1998.48,Kothrud,411038,Society,2.2,7.17,0.85,1.55,30342.8496844148,8068344.928286839,11002.638622529135,Owner,25,2,1,3,3,0,0,0,0,0,0,0,1,0,0,0,0,0,0,0,0.2265161376775527,0.235877832971127,0.4285714285714285,0.3157894736842105,0.6000000000000001,1.0,1.0,0.4000000000000001,0.8,0.2,0.2222222222222222,1.0,1.0,0.0,1.0,0.0,1.0,0.1375091215332436,0.6607142857146755,0.2777777777777778,0.5793848711554447,0.2346570397111913,0.3720000000000001,0.1896222312545633,0.2181818181818181,0.5,0.0,0.0,0.0,0.0,0.0,0.0,0.0,1.0,0.0,0.0,0.0,0.0,0.0,0.0,0.0,0.9,0.5398815146362161,244.43666666666664
1 BHK,311.46,354.52,14,17,5,1,Fully Furnished,1,2,2,0,1,Vitrified,1,1,0,0,1,Covered,1,Municipal,1039.54,Pune Camp,411001,Society,2.67,6.94,1.35,1.82,13936.781948027923,4613323.256206013,14811.928517967037,Owner,23,3,2,1,1,0,0,0,0,0,0,0,0,0,0,0,1,0,0,0,0.0246276656839848,0.0224580875504501,0.6666666666666666,0.6842105263157894,0.25,1.0,1.0,0.2,0.4,0.0,0.0,1.0,1.0,0.0,0.0,1.0,1.0,0.027483925448963,0.0,0.3430555555555555,0.5602660016625104,0.4151624548736462,0.4800000000000001,0.3093245675698047,0.1999999999999999,1.0,0.0,0.0,0.0,0.0,0.0,0.0,0.0,0.0,0.0,0.0,0.0,1.0,0.0,0.0,0.0,0.8235294117647058,0.4961329276946612,311.46
4 BHK,1187.1,1367.53,15,16,13,1,Semi-Furnished,1,4,3,3,6,Ceramic,1,1,1,1,0,Covered,1,Municipal,4608.31,Kharadi,411014,Society,4.4,1.78,1.95,2.41,67835.31157400968,18649938.6034419,15710.503414574932,Owner,32,2,1,4,4,0,0,0,0,0,1,0,0,0,0,0,0,0,0,0,0.4436904169378613,0.4155852219807514,0.7142857142857142,0.631578947368421,0.65,1.0,1.0,0.6000000000000001,0.6000000000000001,0.6000000000000001,0.5555555555555556,1.0,1.0,1.0,1.0,0.0,1.0,0.4369512738020387,0.232142857143117,0.5833333333333334,0.1313383208645054,0.631768953068592,0.7160000000000001,0.3288878566213307,0.2818181818181818,0.5,0.0,0.0,0.0,0.0,0.0,1.0,0.0,0.0,0.0,0.0,0.0,0.0,0.0,0.0,0.0,0.9375,0.4958085876932974,296.775
3 BHK,1009.03,1125.19,9,14,14,1,Unfurnished,1,4,2,1,5,Marble,0,1,0,0,0,Covered,0,Corporation + Borewell,3093.96,Hadapsar,411028,Society,5.77,1.27,2.39,2.34,20852.764336404416,7251289.864925661,7186.396702700278,Owner,35,3,0,3,3,0,0,1,0,0,0,0,0,0,0,0,0,0,0,0,0.3584698878211264,0.3215383421297734,0.4285714285714285,0.5263157894736842,0.7000000000000001,1.0,1.0,0.6000000000000001,0.4,0.2,0.4444444444444445,0.0,1.0,0.0,0.0,0.0,0.0,0.2632004075432211,0.482142857143117,0.773611111111111,0.0889443059019118,0.7906137184115524,0.688,0.0768305624773762,0.3090909090909091,1.0,0.0,0.0,1.0,0.0,0.0,0.0,0.0,0.0,0.0,0.0,0.0,0.0,0.0,0.0,0.0,0.6428571428571429,0.45547575375866467,336.3433333333333
2 BHK,818.35,1005.5,9,21,3,1,Unfurnished,0,3,2,1,3,Vitrified,1,1,0,0,0,Bike,0,Corporation + Borewell,2784.66,Pimple Saudagar,411027,Society,3.5,4.64,1.73,2.05,20383.604950131223,6241973.370946837,7627.510687293745,Owner,55,3,0,2,2,0,0,0,0,0,0,0,0,0,0,1,0,0,0,0,0.2672144798805467,0.2750892579944117,0.4285714285714285,0.894736842105263,0.15,1.0,0.0,0.4000000000000001,0.4,0.2,0.2222222222222222,1.0,1.0,0.0,0.0,0.0,0.0,0.2277124800932576,0.464285714286234,0.4583333333333333,0.369077306733167,0.5523465703971119,0.572,0.0856876446221262,0.4909090909090909,1.0,0.0,0.0,0.0,0.0,0.0,0.0,0.0,0.0,0.0,0.0,1.0,0.0,0.0,0.0,0.0,0.42857142857142855,0.4968602714923239,409.175
5 BHK,1946.82,2310.09,10,17,3,1,Semi-Furnished,1,5,5,4,10,Granite,1,1,0,0,0,Covered,0,Municipal,5950.97,Nigdi,411044,Society,3.87,11.07,2.0,2.42,67532.0512249081,16796668.42616778,8627.745978656363,Broker,3,3,1,5,5,0,0,0,0,0,0,0,0,0,1,0,0,0,0,0,0.8072763122631036,0.7813722446445206,0.4761904761904761,0.6842105263157894,0.15,1.0,1.0,0.8,1.0,0.8,1.0,1.0,1.0,0.0,0.0,0.0,0.0,0.5910030703425107,0.7678571428577925,0.5097222222222223,0.9035743973399832,0.6498194945848376,0.72,0.1167237227850963,0.0181818181818181,1.0,0.0,0.0,0.0,0.0,0.0,0.0,0.0,0.0,0.0,1.0,0.0,0.0,0.0,0.0,0.0,0.5882352941176471,0.26541157800356496,389.364
1 BHK,458.44,525.15,13,16,8,1,Unfurnished,0,1,2,0,2,Ceramic,1,1,0,1,0,Covered,1,Municipal,991.59,Hadapsar,411028,Society,5.67,1.68,2.51,2.15,14603.27793298346,3297336.684127863,7192.51523455166,Owner,12,3,0,1,1,0,0,1,0,0,0,0,0,0,0,0,0,0,0,0,0.0949691795244841,0.0886758770568146,0.6190476190476191,0.631578947368421,0.4,1.0,0.0,0.0,0.4,0.0,0.1111111111111111,1.0,1.0,0.0,1.0,0.0,1.0,0.0219823214359473,0.482142857143117,0.7597222222222222,0.1230257689110556,0.8339350180505415,0.612,0.0746997604507824,0.0999999999999999,1.0,0.0,0.0,1.0,0.0,0.0,0.0,0.0,0.0,0.0,0.0,0.0,0.0,0.0,0.0,0.0,0.8125,0.46910469655768106,458.44
1 BHK,415.32,473.79,2,14,10,1,Semi-Furnished,1,2,1,0,2,Granite,0,0,0,1,0,Covered,0,Borewell,800.0,Kothrud,411038,Standalone,1.5,8.7,1.32,1.6,12632.961475829565,3493372.173238086,8411.27846777927,Owner,20,2,1,1,1,0,0,0,0,0,0,0,1,0,0,0,0,0,0,0,0.0743328611355718,0.0687441788264514,0.0952380952380952,0.5263157894736842,0.5,1.0,1.0,0.2,0.2,0.0,0.1111111111111111,0.0,0.0,0.0,1.0,0.0,0.0,0.0,0.6607142857146755,0.1805555555555555,0.7065669160432251,0.4043321299638989,0.3920000000000001,0.1094133947422714,0.1727272727272727,0.5,0.0,0.0,0.0,0.0,0.0,0.0,0.0,1.0,0.0,0.0,0.0,0.0,0.0,0.0,0.0,0.14285714285714285,0.5243704299305281,415.32
3 BHK,997.01,1270.93,2,11,10,1,Semi-Furnished,1,3,4,1,6,Ceramic,1,1,0,1,0,Covered,0,Tanker,2456.15,Wakad,411057,Society,5.14,1.7,2.08,2.16,35225.1132405716,6896516.89244151,6917.199318403537,Broker,23,3,1,3,3,0,0,0,0,0,0,0,0,0,0,0,0,0,0,1,0.3527173704965733,0.3780968643278486,0.0952380952380952,0.368421052631579,0.5,1.0,1.0,0.4000000000000001,0.8,0.2,0.5555555555555556,1.0,1.0,0.0,1.0,0.0,0.0,0.1900204689500714,1.0,0.6861111111111111,0.1246882793017456,0.6787003610108304,0.6160000000000001,0.0669990376026794,0.1999999999999999,1.0,0.0,0.0,0.0,0.0,0.0,0.0,0.0,0.0,0.0,0.0,0.0,0.0,0.0,0.0,1.0,0.18181818181818182,0.49136508670441625,332.33666666666664
3 BHK,1289.97,1567.09,1,15,10,1,Fully Furnished,1,3,4,1,3,Marble,0,1,1,0,1,Open,0,Municipal,3019.06,Wakad,411057,Standalone,5.12,2.96,2.51,2.0,41284.75580619661,11567297.42978674,8967.105769736303,Broker,9,3,2,3,3,0,0,0,0,0,0,0,0,0,0,0,0,0,0,1,0.4929218193652131,0.493030114871158,0.0476190476190476,0.5789473684210527,0.5,1.0,1.0,0.4000000000000001,0.8,0.2,0.2222222222222222,0.0,1.0,1.0,0.0,1.0,0.0,0.2546066611287295,1.0,0.6833333333333333,0.2294264339152119,0.8339350180505415,0.552,0.1308156162863818,0.0727272727272727,1.0,0.0,0.0,0.0,0.0,0.0,0.0,0.0,0.0,0.0,0.0,0.0,0.0,0.0,0.0,1.0,0.06666666666666667,0.4750182221972902,429.99
3 BHK,831.61,900.07,10,16,10,1,Fully Furnished,0,4,3,2,5,Vitrified,1,1,0,0,0,Open,1,Municipal,3504.87,Shivajinagar,411005,Society,0.62,6.14,0.85,1.22,40591.13229792492,16001486.969376516,19241.575942300497,Owner,78,2,2,3,3,0,0,0,0,0,0,0,0,0,0,0,0,1,0,0,0.2735604349324246,0.2341741695125738,0.4761904761904761,0.631578947368421,0.5,1.0,0.0,0.6000000000000001,0.6000000000000001,0.4,0.4444444444444445,1.0,1.0,0.0,0.0,0.0,1.0,0.3103466871050204,0.071428571429351,0.0583333333333333,0.4937655860349126,0.2346570397111913,0.24,0.4408437593043065,0.7000000000000001,0.5,0.0,0.0,0.0,0.0,0.0,0.0,0.0,0.0,0.0,0.0,0.0,0.0,1.0,0.0,0.0,0.625,0.6743821404900718,277.2033333333333
3 BHK,846.48,1064.72,7,11,15,1,Fully Furnished,1,4,3,2,3,Marble,1,1,0,0,0,Stilt,1,Borewell,2156.78,Nigdi,411044,Society,3.28,10.96,1.47,2.39,24451.964160769963,11774164.674860489,13909.560385195738,Owner,8,3,2,3,3,0,0,0,0,0,0,0,0,0,1,0,0,0,0,0,0.2806769018722003,0.2980712511642348,0.3333333333333333,0.368421052631579,0.75,1.0,1.0,0.6000000000000001,0.6000000000000001,0.4,0.2222222222222222,1.0,1.0,0.0,0.0,0.0,1.0,0.1556718726335645,0.7678571428577925,0.4277777777777777,0.8944305901911886,0.4584837545126353,0.7080000000000001,0.2811012469160663,0.0636363636363636,1.0,0.0,0.0,0.0,0.0,0.0,0.0,0.0,0.0,0.0,1.0,0.0,0.0,0.0,0.0,0.0,0.6363636363636364,0.29819137490846404,282.16
1 RK,397.84,435.05,14,15,7,1,Unfurnished,0,1,2,0,1,Vitrified,1,1,0,1,0,Not Specified,1,Municipal,800.0,Hinjewadi,411057,Society,6.1,0.7,2.29,2.75,10010.841922373504,2781393.583370599,6991.236636262314,Owner,28,3,0,1,1,0,0,0,1,0,0,0,0,0,0,0,0,0,0,0,0.0659673034955396,0.053710027941633,0.6666666666666666,0.5789473684210527,0.35,1.0,0.0,0.0,0.4,0.0,0.0,1.0,1.0,0.0,1.0,0.0,1.0,0.0,1.0,0.8194444444444444,0.0415627597672485,0.7545126353790614,0.8520000000000001,0.0700656752780019,0.2454545454545454,1.0,0.0,0.0,0.0,1.0,0.0,0.0,0.0,0.0,0.0,0.0,0.0,0.0,0.0,0.0,0.0,0.9333333333333333,0.4123430383651153,397.84
1 BHK,335.66,401.65,16,18,11,1,Fully Furnished,1,1,1,0,1,Vitrified,1,1,0,0,0,Bike,0,Tanker,800.0,Hadapsar,411028,Society,5.19,2.14,2.44,2.23,7594.871146963381,3823616.251551451,11391.3372208528,Owner,27,3,2,1,1,0,0,1,0,0,0,0,0,0,0,0,0,0,0,0,0.0362092729430682,0.0407482148401117,0.7619047619047619,0.7368421052631579,0.55,1.0,1.0,0.0,0.2,0.0,0.0,1.0,1.0,0.0,0.0,0.0,0.0,0.0,0.482142857143117,0.6930555555555556,0.1612635078969243,0.8086642599277979,0.644,0.2072113086009165,0.2363636363636363,1.0,0.0,0.0,1.0,0.0,0.0,0.0,0.0,0.0,0.0,0.0,0.0,0.0,0.0,0.0,0.0,0.8888888888888888,0.46964183348075406,335.66
1 RK,463.05,513.54,3,15,12,1,Semi-Furnished,1,1,1,0,1,Marble,0,1,1,0,0,Stilt,0,Municipal,1810.74,Hadapsar,411028,Standalone,4.82,1.24,2.77,1.58,13302.581070449143,4066565.662990415,8782.1307914705,Broker,54,3,1,1,1,0,0,1,0,0,0,0,0,0,0,0,0,0,0,0,0.0971754278494582,0.084170288730208,0.1428571428571428,0.5789473684210527,0.6000000000000001,1.0,1.0,0.0,0.2,0.0,0.0,0.0,1.0,1.0,0.0,0.0,0.0,0.1159685347260786,0.482142857143117,0.6416666666666667,0.0864505403158769,0.927797833935018,0.3840000000000001,0.1212021442064052,0.4818181818181818,1.0,0.0,0.0,1.0,0.0,0.0,0.0,0.0,0.0,0.0,0.0,0.0,0.0,0.0,0.0,0.0,0.2,0.5802827892361826,463.05
1 BHK,442.84,538.79,14,14,10,1,Semi-Furnished,1,1,0,0,2,Marble,1,1,1,1,1,Open,0,Municipal,800.0,Kothrud,411038,Society,2.23,7.85,1.21,1.93,15803.957919662334,4792165.437538294,10821.43762428483,Builder,68,2,1,1,1,0,0,0,0,0,0,0,1,0,0,0,0,0,0,0,0.0875033500516865,0.0939692642036634,0.6666666666666666,0.5263157894736842,0.5,1.0,1.0,0.0,0.0,0.0,0.1111111111111111,1.0,1.0,1.0,1.0,1.0,0.0,0.0,0.6607142857146755,0.2819444444444444,0.6359102244389027,0.3646209386281588,0.524,0.1854424742135583,0.6090909090909091,0.5,0.0,0.0,0.0,0.0,0.0,0.0,0.0,1.0,0.0,0.0,0.0,0.0,0.0,0.0,0.0,1.0,0.47939821228864565,442.84
3 BHK,921.11,731.795,3,15,3,1,Semi-Furnished,1,3,4,1,5,Vitrified,0,0,1,1,1,Covered,1,Borewell,3478.43,Aundh,411007,Standalone,3.32,4.4,1.27,1.37,33595.22354626615,8803549.446346663,9557.54410042955,Broker,25,2,1,3,3,1,0,0,0,0,0,0,0,0,0,0,0,0,0,0,0.316393238638539,0.1688703042533375,0.1428571428571428,0.5789473684210527,0.15,1.0,1.0,0.4000000000000001,0.8,0.2,0.4444444444444445,0.0,0.0,1.0,1.0,1.0,1.0,0.3073130601998247,0.107142857143117,0.4333333333333333,0.3491271820448877,0.3862815884476534,0.3,0.1447194160879723,0.2181818181818181,0.5,1.0,0.0,0.0,0.0,0.0,0.0,0.0,0.0,0.0,0.0,0.0,0.0,0.0,0.0,0.0,0.2,0.584159244155156,307.0366666666667
1 BHK,458.13,514.14,0,8,4,1,Semi-Furnished,1,3,0,0,2,Not Specified,0,0,0,1,0,Bike,1,Municipal,2923.82,Kharadi,411014,Standalone,3.9,0.81,2.1,1.79,19467.26592985592,7868762.121741645,17175.828087533333,Owner,6,2,1,1,1,0,0,0,0,0,1,0,0,0,0,0,0,0,0,0,0.0948208200926528,0.0844031356721515,0.0,0.2105263157894736,0.2,1.0,1.0,0.4000000000000001,0.0,0.0,0.1111111111111111,0.0,0.0,0.0,1.0,0.0,1.0,0.2436791790390608,0.232142857143117,0.5138888888888888,0.0507065669160432,0.6859205776173286,0.4680000000000001,0.3791233907024265,0.0454545454545454,0.5,0.0,0.0,0.0,0.0,0.0,1.0,0.0,0.0,0.0,0.0,0.0,0.0,0.0,0.0,0.0,0.0,0.6110081479051226,458.13
4 BHK,1591.76,1984.9,12,14,6,1,Semi-Furnished,1,5,4,3,6,Wooden,1,1,0,0,0,Covered,0,Tanker,4108.95,Hadapsar,411028,Society,5.54,3.1,1.65,2.29,36634.68101551496,12875611.365224386,8088.9150155955585,Broker,17,3,1,4,4,0,0,1,0,0,0,0,0,0,0,0,0,0,0,0,0.6373521191469812,0.6551730828935114,0.5714285714285714,0.5263157894736842,0.3,1.0,1.0,0.8,0.8,0.6000000000000001,0.5555555555555556,1.0,1.0,0.0,0.0,0.0,0.0,0.3796565714049685,0.482142857143117,0.7416666666666667,0.2410640066500415,0.5234657039711191,0.668,0.1014439666088899,0.1454545454545454,1.0,0.0,0.0,1.0,0.0,0.0,0.0,0.0,0.0,0.0,0.0,0.0,0.0,0.0,0.0,0.0,0.8571428571428571,0.4213006436841269,397.94
3 BHK,845.23,1030.24,7,13,10,1,Unfurnished,1,3,2,1,3,Granite,1,1,1,0,0,Covered,1,Corporation + Borewell,1478.93,Hadapsar,411028,Society,4.9,2.3,1.96,1.71,20157.923542593704,9014342.535828944,10664.958101142818,Broker,35,3,0,3,3,0,0,1,0,0,0,0,0,0,0,0,0,0,0,0,0.2800786783567518,0.2846903135672152,0.3333333333333333,0.4736842105263157,0.5,1.0,1.0,0.4000000000000001,0.4,0.2,0.2222222222222222,1.0,1.0,1.0,0.0,0.0,1.0,0.0778978939010789,0.482142857143117,0.6527777777777778,0.1745635910224438,0.6353790613718412,0.436,0.1762002478265758,0.3090909090909091,1.0,0.0,0.0,1.0,0.0,0.0,0.0,0.0,0.0,0.0,0.0,0.0,0.0,0.0,0.0,0.0,0.5384615384615384,0.5338995908292719,281.74333333333334
2 BHK,368.1,412.08,1,19,15,1,Fully Furnished,1,2,2,1,3,Ceramic,1,1,0,0,0,Covered,0,Tanker,800.0,Wakad,411057,Standalone,5.43,3.76,1.7,2.44,13070.601001402276,3004716.2234940347,8162.771593300828,Broker,22,3,2,2,2,0,0,0,0,0,0,0,0,0,0,0,0,0,0,1,0.0517343696159883,0.0447958708475628,0.0476190476190476,0.7894736842105263,0.75,1.0,1.0,0.2,0.4,0.2,0.2222222222222222,1.0,1.0,0.0,0.0,0.0,0.0,0.0,1.0,0.7263888888888889,0.2959268495428095,0.5415162454873647,0.728,0.1052277694249213,0.1909090909090909,1.0,0.0,0.0,0.0,0.0,0.0,0.0,0.0,0.0,0.0,0.0,0.0,0.0,0.0,0.0,1.0,0.05263157894736842,0.39224140487427483,184.05
1 BHK,477.91,565.09,1,10,9,1,Semi-Furnished,1,2,1,1,1,Vitrified,0,0,1,1,1,Covered,0,Corporation + Borewell,2071.1,Koregaon Park,411001,Society,1.71,5.15,1.91,1.35,32994.16782120216,11529708.660943234,24125.271831397615,Broker,9,1,1,1,1,0,0,0,0,0,0,1,0,0,0,0,0,0,0,0,0.1042871090011103,0.10417572182552,0.0476190476190476,0.3157894736842105,0.45,1.0,1.0,0.2,0.2,0.2,0.0,0.0,0.0,1.0,1.0,1.0,0.0,0.1458412692584824,0.0,0.2097222222222222,0.4114713216957605,0.6173285198555957,0.292,0.5898331185750095,0.0727272727272727,0.0,0.0,0.0,0.0,0.0,0.0,0.0,1.0,0.0,0.0,0.0,0.0,0.0,0.0,0.0,0.0,0.1,0.6383769816108329,477.91
1 RK,415.09,477.84,15,15,11,1,Unfurnished,1,2,1,0,2,Vitrified,1,1,0,0,0,Open,1,Municipal,1727.68,Hadapsar,411028,Standalone,5.57,3.04,1.77,1.95,9840.203399945489,2982883.370666114,7186.112338688271,Broker,20,3,0,1,1,0,0,1,0,0,0,0,0,0,0,0,0,0,0,0,0.0742227880087292,0.07031589568457,0.7142857142857142,0.5789473684210527,0.55,1.0,1.0,0.2,0.2,0.0,0.1111111111111111,1.0,1.0,0.0,0.0,0.0,1.0,0.106438540371103,0.482142857143117,0.7458333333333333,0.2360764754779717,0.5667870036101084,0.532,0.0746781404853003,0.1727272727272727,1.0,0.0,0.0,1.0,0.0,0.0,0.0,0.0,0.0,0.0,0.0,0.0,0.0,0.0,0.0,0.0,1.0,0.45790940163384974,415.09
3 BHK,724.17,823.68,11,11,2,1,Unfurnished,1,4,4,2,5,Ceramic,1,1,0,0,0,Stilt,1,Municipal,2578.4,Shivajinagar,411005,Society,0.48,6.74,1.28,1.67,36584.85256381881,7595654.799646768,10488.77307765686,Owner,74,2,0,3,3,0,0,0,0,0,0,0,0,0,0,0,0,1,0,0,0.2221419273325931,0.204528873020801,0.5238095238095237,0.368421052631579,0.1,1.0,1.0,0.6000000000000001,0.8,0.4,0.4444444444444445,1.0,1.0,0.0,0.0,0.0,1.0,0.204046977617249,0.071428571429351,0.0388888888888888,0.543640897755611,0.3898916967509025,0.42,0.1752434099256643,0.6636363636363637,0.5,0.0,0.0,0.0,0.0,0.0,0.0,0.0,0.0,0.0,0.0,0.0,0.0,1.0,0.0,0.0,1.0,0.6162582939565768,241.39
2 BHK,519.12,592.16,8,12,13,1,Semi-Furnished,1,3,2,2,3,Vitrified,1,1,1,1,1,Covered,1,Municipal,2421.59,Baner,411045,Society,2.51,2.23,1.84,1.8,16194.724645124206,6328187.332555288,12190.22062828496,Owner,68,1,1,2,2,0,1,0,0,0,0,0,0,0,0,0,0,0,0,0,0.1240093418584172,0.1146809996895374,0.3809523809523809,0.4210526315789473,0.65,1.0,1.0,0.4000000000000001,0.4,0.4,0.2222222222222222,1.0,1.0,1.0,1.0,1.0,1.0,0.1860551835550803,0.7857142857146755,0.3208333333333333,0.168744804655029,0.5920577617328521,0.4720000000000001,0.2244226542646309,0.6090909090909091,0.0,0.0,1.0,0.0,0.0,0.0,0.0,0.0,0.0,0.0,0.0,0.0,0.0,0.0,0.0,0.0,0.6666666666666666,0.6338497406772141,259.56
