listing_id,source,listing_url,bhk_type,carpet_area_sqft,super_built_up_area_sqft,floor_number,total_floors,building_age_years,lift_available,furnishing_status,modular_kitchen,bathrooms,balconies,ac_units,wardrobes,flooring_type,gated_community,security,clubhouse,gym,swimming_pool,parking_type,power_backup,water_supply,maintenance_charges,locality,pin_code,society_type,distance_to_metro_km,distance_to_it_park_km,distance_to_school_km,distance_to_hospital_km,rental_price,purchase_price,price_per_sqft,brokerage_type,days_since_listed
SYN-00001,synthetic,https://example.com/pune-listing/1,2 BHK,710.05,865.89,5,9,10,1,Semi-Furnished,1,3,2,1,3,Marble,1,1,0,0,0,Covered,0,Tanker,1638.73,Wakad,411057,Society,4.62,3.17,2.11,2.3,18675.03,4857195.42,6840.6,Broker,31
SYN-00002,synthetic,https://example.com/pune-listing/2,2 BHK,521.06,632.55,13,13,10,1,Fully Furnished,1,3,2,2,3,Marble,0,0,1,1,1,Covered,1,Corporation + Borewell,3130.48,Kalyani Nagar,411006,Standalone,1.16,4.57,1.35,1.55,26336.94,14679626.57,28172.5,Owner,37
SYN-00003,synthetic,https://example.com/pune-listing/3,1 BHK,449.83,512.23,2,15,9,1,Semi-Furnished,1,1,1,0,2,Granite,1,1,1,1,0,Covered,1,Municipal,800.0,Kothrud,411038,Society,1.14,6.8,1.32,1.27,14373.3,4462131.72,9919.6,Owner,17
SYN-00004,synthetic,https://example.com/pune-listing/4,2 BHK,412.72,470.99,8,15,7,1,Semi-Furnished,1,2,1,1,2,Granite,0,1,1,0,0,Covered,0,Corporation + Borewell,860.97,Hinjewadi,411057,Standalone,5.41,1.44,2.33,2.23,8032.0,4791774.16,11610.19,Broker,10
SYN-00005,synthetic,https://example.com/pune-listing/5,1 BHK,371.22,439.58,3,11,13,1,Fully Furnished,1,1,2,0,1,Wooden,1,1,0,1,0,Bike,0,Corporation + Borewell,800.0,Kharadi,411014,Society,4.67,1.77,2.05,1.99,23880.3,6013410.56,16198.89,Owner,14
SYN-00006,synthetic,https://example.com/pune-listing/6,4 BHK,1482.88,1695.21,0,15,8,1,Unfurnished,0,5,5,2,5,Granite,0,1,0,0,0,Covered,0,Tanker,3897.54,Hinjewadi,411057,Society,6.27,1.99,2.43,2.76,27826.72,9355337.01,6308.89,Owner,3
SYN-00007,synthetic,https://example.com/pune-listing/7,1 BHK,390.95,,9,18,15,1,Unfurnished,0,1,1,0,2,Vitrified,0,0,0,1,1,Covered,0,Corporation + Borewell,800.0,Pimple Saudagar,411027,Standalone,3.03,5.09,1.18,1.77,7500.0,2800000.0,7162.04,Owner,11
SYN-00008,synthetic,https://example.com/pune-listing/8,1 BHK,349.71,419.26,11,16,16,1,Unfurnished,1,1,1,0,1,Ceramic,1,1,0,0,0,Covered,0,Municipal,,Wakad,411057,Society,4.96,2.73,2.63,2.59,7500.0,2800000.0,8006.73,Owner,30
SYN-00009,synthetic,https://example.com/pune-listing/9,1 BHK,475.65,599.57,3,11,11,1,Semi-Furnished,1,1,1,0,1,Vitrified,0,0,0,0,0,Covered,1,Borewell,1244.38,Hinjewadi,411057,Standalone,5.57,0.77,2.79,2.75,12057.33,3883842.74,8165.4,,66
SYN-00010,synthetic,https://example.com/pune-listing/10,2 BHK,738.75,827.76,14,17,9,1,Semi-Furnished,1,2,1,1,4,Granite,0,1,0,1,0,Bike,1,Tanker,2745.58,Hadapsar,411028,Society,5.8,0.6,2.39,2.12,17739.85,5711568.22,7731.39,Owner,31
SYN-00011,synthetic,https://example.com/pune-listing/11,2 BHK,551.49,669.64,14,18,10,1,Unfurnished,0,2,2,1,3,Vitrified,1,1,0,0,0,Bike,0,Municipal,1849.19,Hadapsar,411028,Society,6.66,2.06,1.7,2.5,9046.2,3462727.15,6278.89,Builder,16
SYN-00012,synthetic,https://example.com/pune-listing/12,4 BHK,1480.78,1631.99,6,6,9,1,Semi-Furnished,1,5,4,1,5,Vitrified,0,1,0,0,1,Stilt,1,,6018.07,Aundh,411007,Standalone,2.5,3.09,1.06,1.02,64816.62,15751724.75,10637.45,Broker,13
SYN-00013,synthetic,https://example.com/pune-listing/13,2 BHK,782.43,943.61,4,8,2,1,Semi-Furnished,1,2,2,2,3,Granite,1,1,0,1,0,Stilt,1,Corporation + Borewell,3969.3,Kalyani Nagar,411006,Society,2.18,5.72,1.2,1.03,53008.65,9219249.35,11782.84,Owner,46
SYN-00014,synthetic,https://example.com/pune-listing/14,1 BHK,429.61,490.16,1,8,9,1,Fully Furnished,1,1,1,1,1,Marble,1,1,1,1,1,Covered,1,Corporation + Borewell,2753.64,Kalyani Nagar,411006,Society,1.43,4.8,2.08,1.46,30564.79,6375895.85,14841.08,,56
SYN-00015,synthetic,https://example.com/pune-listing/15,2 BHK,693.5,758.97,15,18,8,1,Unfurnished,1,2,3,1,3,Vitrified,1,0,0,0,0,Open,0,Municipal,857.82,Wakad,411057,Society,4.65,2.87,1.97,2.4,20270.17,7813221.02,11266.39,Broker,29
SYN-00016,synthetic,https://example.com/pune-listing/16,1 BHK,504.23,584.16,1,19,10,1,Semi-Furnished,1,1,1,0,2,Vitrified,1,1,0,0,0,Covered,0,Tanker,1257.95,Pune Camp,411001,Society,2.3,5.69,1.61,1.97,10475.19,3757511.88,7451.99,Owner,30
SYN-00017,synthetic,https://example.com/pune-listing/17,2 BHK,513.34,595.33,10,16,6,1,Unfurnished,0,2,2,1,3,Vitrified,0,0,0,0,0,Stilt,0,Borewell,800.0,Hinjewadi,411057,Society,5.95,0.25,2.61,3.1,20975.46,4013125.04,7817.61,Owner,8
SYN-00018,synthetic,https://example.com/pune-listing/18,2 BHK,421.79,458.99,8,13,7,1,Fully Furnished,1,2,1,1,4,Ceramic,1,1,1,0,0,Covered,0,Corporation + Borewell,800.0,Pimple Saudagar,411027,Society,3.46,5.7,1.57,1.75,12949.19,5767519.94,13673.95,Owner,57
SYN-00019,synthetic,https://example.com/pune-listing/19,3 BHK,792.69,991.31,15,19,8,1,Semi-Furnished,1,4,2,2,6,Vitrified,1,1,0,0,0,Stilt,0,Municipal,2247.13,Hinjewadi,411057,Society,5.9,2.29,2.35,3.02,21981.88,9348950.29,11793.89,Owner,9
SYN-00020,synthetic,https://example.com/pune-listing/20,3 BHK,817.56,929.5,12,14,3,1,Unfurnished,0,3,2,1,3,Marble,0,0,0,0,0,Open,0,Corporation + Borewell,3021.04,Magarpatta,411013,Standalone,4.74,1.5,1.76,2.3,13626.39,5987643.93,7323.76,Broker,58
SYN-00021,synthetic,https://example.com/pune-listing/21,1 RK,280.78,306.92,2,8,12,1,Unfurnished,1,2,1,1,1,Marble,1,1,1,1,1,Bike,1,Corporation + Borewell,1119.62,Kalyani Nagar,411006,Society,1.49,4.73,1.64,0.83,15974.18,5617884.96,20008.23,Owner,6
SYN-00022,synthetic,https://example.com/pune-listing/22,1 BHK,452.92,501.68,8,15,10,1,Unfurnished,0,1,0,0,2,,1,1,0,1,0,Covered,0,Municipal,2554.59,Pimple Saudagar,411027,Society,4.99,6.0,1.22,2.11,10378.52,3139406.27,6931.41,Broker,36
SYN-00023,synthetic,https://example.com/pune-listing/23,1 RK,386.63,473.63,5,18,14,1,Fully Furnished,0,1,0,0,1,Vitrified,1,1,0,0,0,Bike,1,Corporation + Borewell,1332.34,Aundh,411007,Society,3.13,3.12,1.65,1.7,17334.11,3510242.68,9079.11,Owner,4
SYN-00024,synthetic,https://example.com/pune-listing/24,2 BHK,665.51,815.36,12,16,8,1,Fully Furnished,1,2,1,1,3,Marble,1,0,1,1,0,None,0,Corporation + Borewell,1707.05,Shivajinagar,411005,Society,0.2,5.7,1.01,1.31,30817.61,7735710.76,11623.67,Broker,21
SYN-00025,synthetic,https://example.com/pune-listing/25,3 BHK,921.27,1032.64,9,20,17,1,Unfurnished,0,4,2,2,6,Ceramic,1,1,0,1,0,Covered,0,Municipal,1228.41,Hinjewadi,411057,Society,6.43,0.31,1.97,2.59,20598.27,4812288.36,5223.52,Broker,25
SYN-00026,synthetic,https://example.com/pune-listing/26,2 BHK,706.91,855.72,0,5,0,1,Semi-Furnished,1,2,1,1,2,Granite,1,1,0,1,1,Open,1,Tanker,3418.26,Koregaon Park,411001,Society,2.34,5.73,1.3,0.98,49840.17,21441521.52,30331.16,Builder,32
SYN-00027,synthetic,https://example.com/pune-listing/27,4 BHK,1139.06,1290.45,4,7,9,1,Semi-Furnished,0,5,5,3,5,Granite,0,0,1,1,1,Open,1,Tanker,5316.5,Kalyani Nagar,411006,Society,2.04,4.8,1.43,1.69,57068.96,24677143.14,21664.55,Owner,63
SYN-00028,synthetic,https://example.com/pune-listing/28,2 BHK,678.89,796.34,2,15,8,1,Unfurnished,0,3,1,0,3,Granite,0,0,0,1,0,Open,0,Borewell,1761.69,Hinjewadi,411057,Standalone,6.08,0.2,2.32,2.41,11750.74,7334545.56,10803.7,Owner,42
SYN-00029,synthetic,https://example.com/pune-listing/29,2 BHK,570.52,684.59,10,16,3,1,Unfurnished,1,2,1,1,4,Granite,1,1,0,0,0,None,0,Borewell,2075.84,Pimple Saudagar,411027,Society,4.07,4.69,1.38,2.06,13310.15,4412496.29,7734.17,Broker,23
SYN-00030,synthetic,https://example.com/pune-listing/30,3 BHK,682.08,770.3,7,7,8,1,Semi-Furnished,1,4,1,3,5,Vitrified,1,1,0,1,0,Covered,1,Tanker,2930.85,Baner,411045,Society,3.1,3.69,1.63,2.4,40644.48,16693803.78,24474.75,Owner,36
SYN-00031,synthetic,https://example.com/pune-listing/31,4 BHK,1209.76,1543.22,11,11,10,1,Semi-Furnished,1,5,4,2,7,Vitrified,1,1,0,0,0,Covered,1,Municipal,3138.38,Hinjewadi,411057,Society,5.54,0.84,1.92,2.37,42789.29,10271364.16,8490.4,Owner,27
SYN-00032,synthetic,https://example.com/pune-listing/32,2 BHK,633.25,767.93,8,10,3,1,Unfurnished,0,2,3,0,3,Wooden,1,1,0,1,0,Covered,1,Corporation + Borewell,2165.24,Wakad,411057,Society,4.12,2.24,2.39,2.41,15021.79,5283050.86,8342.79,Broker,58
SYN-00033,synthetic,https://example.com/pune-listing/33,2 BHK,501.36,546.77,1,11,7,1,Unfurnished,1,2,2,2,2,Granite,1,1,0,1,0,Covered,1,Municipal,898.8,Baner,411045,Society,2.1,2.62,1.8,2.37,26666.98,13757190.76,27439.49,Broker,32
SYN-00034,synthetic,https://example.com/pune-listing/34,2 BHK,633.27,794.77,8,19,0,1,Unfurnished,1,2,4,1,2,Wooden,1,1,0,0,0,Covered,0,Corporation + Borewell,1214.56,Hadapsar,411028,Society,5.57,2.46,2.43,1.77,13652.91,5794357.12,9149.85,Broker,41
SYN-00035,synthetic,https://example.com/pune-listing/35,4 BHK,1756.99,2064.85,5,10,15,1,Fully Furnished,1,4,4,3,7,Wooden,1,1,1,1,1,Covered,1,Municipal,8312.69,Baner,411045,Society,2.74,1.14,1.39,1.75,141485.08,30306134.35,17248.88,Owner,2
SYN-00036,synthetic,https://example.com/pune-listing/36,2 BHK,707.45,898.26,0,12,10,1,Semi-Furnished,1,2,1,2,3,Marble,1,1,1,1,1,Covered,1,Tanker,3439.93,Koregaon Park,411001,Standalone,2.29,3.73,1.45,0.81,44764.74,18611407.54,26307.9,Owner,43
SYN-00037,synthetic,https://example.com/pune-listing/37,1 BHK,391.07,478.91,12,13,7,1,Semi-Furnished,1,2,2,0,2,Granite,1,1,0,0,1,Stilt,0,Corporation + Borewell,800.0,Viman Nagar,411014,Society,1.39,6.06,1.72,1.56,12302.08,3715956.81,9502.12,Broker,7
SYN-00038,synthetic,https://example.com/pune-listing/38,2 BHK,721.46,918.21,2,11,4,1,Semi-Furnished,1,2,0,1,3,Vitrified,0,1,0,0,1,Bike,1,Corporation + Borewell,3862.94,Kharadi,411014,Standalone,4.1,1.76,1.65,2.3,21873.22,7690000.44,10658.97,Broker,12
SYN-00039,synthetic,https://example.com/pune-listing/39,1 BHK,464.52,533.66,5,9,10,1,Fully Furnished,0,1,1,0,2,Vitrified,0,1,0,1,0,Covered,1,,2084.21,Kothrud,411038,Standalone,1.15,7.75,1.77,1.62,14516.08,4879303.5,10503.93,Broker,17
SYN-00040,synthetic,https://example.com/pune-listing/40,1 BHK,442.62,563.4,16,16,13,1,Semi-Furnished,0,2,1,0,2,Ceramic,0,0,1,1,0,Open,1,Tanker,2449.37,Aundh,411007,Standalone,2.96,4.24,1.23,1.43,20737.7,5952042.12,13447.39,Owner,58
SYN-00041,synthetic,https://example.com/pune-listing/41,4 BHK,1680.16,1831.07,13,14,7,1,Semi-Furnished,1,5,3,3,5,Marble,0,0,0,0,0,Covered,0,Municipal,4790.27,Magarpatta,411013,Standalone,5.7,1.93,1.63,2.31,28430.74,21281854.24,12666.59,Broker,42
SYN-00042,synthetic,https://example.com/pune-listing/42,2 BHK,567.2,725.43,0,9,13,1,Semi-Furnished,1,3,3,1,3,Wooden,1,1,0,1,0,Covered,0,Corporation + Borewell,,Kharadi,411014,Society,5.09,1.75,2.39,1.82,19705.51,4450508.79,7846.43,Owner,11
SYN-00043,synthetic,https://example.com/pune-listing/43,1 BHK,487.5,587.62,2,8,9,1,Unfurnished,1,1,1,0,1,Vitrified,0,1,0,0,0,Covered,0,Municipal,800.0,Pimple Saudagar,411027,Standalone,3.92,4.43,1.6,1.61,9168.77,2901722.59,5952.22,Broker,37
SYN-00044,synthetic,https://example.com/pune-listing/44,1 BHK,417.41,477.01,12,13,9,1,Semi-Furnished,1,2,1,0,2,Vitrified,0,0,0,1,1,Covered,1,Corporation + Borewell,800.0,Viman Nagar,411014,Society,2.71,5.89,1.79,1.75,23388.35,6820712.4,16340.48,Builder,8
SYN-00045,synthetic,https://example.com/pune-listing/45,2 BHK,648.43,735.08,12,19,2,1,Semi-Furnished,1,2,1,1,2,Vitrified,1,1,0,1,0,Covered,0,Municipal,1139.63,Hinjewadi,411057,Society,5.78,0.2,2.45,2.78,13638.48,5205733.18,8028.15,Builder,5
SYN-00046,synthetic,https://example.com/pune-listing/46,2 BHK,354.3,385.38,14,14,7,1,Fully Furnished,1,2,1,2,4,Marble,1,0,1,1,0,Open,1,Municipal,1006.69,Koregaon Park,411001,Society,2.47,5.79,1.88,0.84,30531.3,11419607.79,32231.69,Owner,18
SYN-00047,synthetic,https://example.com/pune-listing/47,1 BHK,424.72,538.86,13,14,1,1,Semi-Furnished,1,1,2,0,1,Vitrified,1,1,0,0,1,Covered,0,Corporation + Borewell,2276.38,Kothrud,411038,Society,0.92,8.18,1.2,1.45,14134.43,3572694.72,8411.96,Owner,6
SYN-00048,synthetic,https://example.com/pune-listing/48,2 BHK,598.56,740.65,2,11,14,1,Semi-Furnished,1,3,2,1,3,Marble,1,0,1,1,0,Covered,1,Corporation + Borewell,1760.53,Kharadi,411014,Society,4.16,0.38,2.14,2.11,23567.87,5711389.35,9541.86,Builder,19
SYN-00049,synthetic,https://example.com/pune-listing/49,2 BHK,767.41,837.28,13,16,10,1,Unfurnished,1,2,1,1,4,Vitrified,0,1,0,0,0,Open,0,Municipal,2225.95,Pimple Saudagar,411027,Standalone,5.05,4.88,1.58,2.16,13309.56,4742463.44,6179.83,Broker,20
SYN-00050,synthetic,https://example.com/pune-listing/50,2 BHK,692.75,777.52,16,18,4,1,Unfurnished,0,2,2,1,3,Vitrified,0,0,0,0,0,Bike,0,Corporation + Borewell,1942.82,Hinjewadi,411057,Standalone,5.91,2.03,2.55,2.27,12263.82,8281831.3,11954.92,Broker,36
SYN-00051,synthetic,https://example.com/pune-listing/51,2 BHK,552.12,628.3,4,16,19,1,Semi-Furnished,1,2,2,0,2,Granite,1,1,0,0,0,Covered,0,Corporation + Borewell,2599.69,Hinjewadi,411057,Society,6.66,1.21,2.0,2.65,14748.13,5172950.31,9369.19,Owner,9
SYN-00052,synthetic,https://example.com/pune-listing/52,4 BHK,1069.76,1194.04,10,16,2,1,Unfurnished,1,4,3,2,7,Granite,1,1,0,1,0,Open,1,Municipal,3983.9,Kharadi,411014,Society,4.68,0.2,1.51,2.07,56648.93,12592571.83,11771.43,Broker,23
SYN-00053,synthetic,https://example.com/pune-listing/53,4 BHK,1688.78,2002.4,2,12,13,1,Fully Furnished,1,5,4,2,7,Ceramic,0,1,0,1,0,Open,0,Municipal,3708.01,Hinjewadi,411057,Standalone,5.08,1.02,2.06,2.5,28910.14,12056874.67,7139.4,Owner,36
SYN-00054,synthetic,https://example.com/pune-listing/54,3 BHK,1050.81,1262.35,3,12,3,1,Unfurnished,0,3,3,2,5,Ceramic,0,0,1,1,1,None,1,Municipal,3986.92,Koregaon Park,411001,Standalone,2.86,6.0,1.36,1.23,71026.49,27687275.54,26348.56,Builder,3
SYN-00055,synthetic,https://example.com/pune-listing/55,2 BHK,361.28,393.25,6,11,10,1,Unfurnished,0,3,1,0,4,Ceramic,0,0,0,1,0,Covered,1,Tanker,800.0,Kharadi,411014,Standalone,3.89,2.22,2.0,1.63,10953.41,2800000.0,7750.28,,9
SYN-00056,synthetic,https://example.com/pune-listing/56,2 BHK,707.89,795.61,6,13,6,1,Semi-Furnished,0,2,1,1,3,Ceramic,1,1,0,0,1,Covered,0,Tanker,1947.97,Pimple Saudagar,411027,Society,4.22,3.96,1.3,1.95,11603.37,5535276.73,7819.39,Owner,10
SYN-00057,synthetic,https://example.com/pune-listing/57,1 BHK,375.94,409.57,5,11,6,1,Semi-Furnished,1,2,0,1,1,Vitrified,1,1,1,1,1,None,1,Corporation + Borewell,1933.44,Baner,411045,Society,2.72,2.44,1.39,2.3,20681.83,11359687.13,30217.02,Owner,34
SYN-00058,synthetic,https://example.com/pune-listing/58,5 BHK,1723.45,2014.7,2,16,11,1,Unfurnished,1,5,5,3,6,Vitrified,0,1,0,1,0,Covered,0,Corporation + Borewell,4662.87,Hinjewadi,411057,Standalone,5.71,1.09,2.38,2.27,38501.52,10898875.23,6323.86,Owner,6
SYN-00059,synthetic,https://example.com/pune-listing/59,1 RK,426.82,478.06,5,11,5,1,Semi-Furnished,1,1,1,0,2,Vitrified,1,1,1,1,0,Open,1,Borewell,1958.27,Aundh,411007,Society,3.25,2.73,1.32,1.33,20748.69,7089665.23,16610.24,Owner,6
SYN-00060,synthetic,https://example.com/pune-listing/60,4 BHK,1376.88,1497.92,1,6,0,1,Semi-Furnished,1,3,3,2,4,Vitrified,1,0,0,1,1,,1,Municipal,6913.1,Koregaon Park,411001,Society,2.6,5.44,1.54,1.4,66161.94,43219462.78,31389.44,Owner,25
SYN-00061,synthetic,https://example.com/pune-listing/61,3 BHK,1118.94,1380.81,8,9,3,1,Unfurnished,0,4,3,3,4,Marble,1,1,1,1,1,None,1,Borewell,5496.47,Kalyani Nagar,411006,Society,3.1,4.43,1.43,1.67,79310.27,18231448.4,16293.54,Owner,25
SYN-00062,synthetic,https://example.com/pune-listing/62,3 BHK,1206.64,1366.75,6,10,18,1,Fully Furnished,0,3,3,3,3,Vitrified,0,1,1,1,0,Covered,1,Corporation + Borewell,,Baner,411045,Society,2.63,3.91,1.99,2.35,61983.04,19094441.46,15824.46,Owner,51
SYN-00063,synthetic,https://example.com/pune-listing/63,1 BHK,440.1,497.61,9,14,11,1,Semi-Furnished,1,1,1,0,1,Wooden,1,1,1,1,0,Bike,1,Tanker,1511.18,Viman Nagar,411014,Society,2.41,5.35,1.46,1.37,18515.73,4656875.91,10581.34,Broker,20
SYN-00064,synthetic,https://example.com/pune-listing/64,2 BHK,714.85,913.1,1,14,15,1,Fully Furnished,1,2,1,2,4,Granite,1,1,1,0,1,Covered,1,Corporation + Borewell,2730.85,Koregaon Park,411001,Society,1.86,6.11,1.22,0.94,51987.47,16916430.0,23664.4,Broker,22
SYN-00065,synthetic,https://example.com/pune-listing/65,2 BHK,545.54,668.66,9,10,13,1,Fully Furnished,0,2,2,1,4,Marble,1,1,1,1,1,Covered,1,Borewell,1879.21,Aundh,411007,Standalone,2.58,3.68,1.62,1.33,18517.53,12042500.93,22074.55,Owner,35
SYN-00066,synthetic,https://example.com/pune-listing/66,2 BHK,621.6,774.11,0,13,10,1,Semi-Furnished,1,3,3,1,3,Vitrified,0,0,1,1,1,Covered,0,Municipal,800.0,Kharadi,411014,Standalone,3.98,1.76,1.95,2.48,16787.64,10898924.4,17533.59,Owner,23
SYN-00067,synthetic,https://example.com/pune-listing/67,3 BHK,928.11,1080.05,7,21,11,1,Unfurnished,1,4,3,2,6,Vitrified,1,1,1,0,0,Covered,1,Municipal,3188.07,Nigdi,411044,Society,4.02,11.54,1.64,1.89,19048.65,6234527.69,6717.45,Broker,20
SYN-00068,synthetic,https://example.com/pune-listing/68,3 BHK,973.3,1224.9,6,11,1,1,Semi-Furnished,1,3,3,2,3,Vitrified,1,1,0,1,0,Stilt,0,Corporation + Borewell,3663.29,Hadapsar,411028,Society,5.32,0.49,2.45,1.93,31534.48,8206763.68,8431.94,Builder,24
SYN-00069,synthetic,https://example.com/pune-listing/69,2 BHK,700.23,817.46,5,14,12,1,Unfurnished,0,2,2,1,3,Marble,1,1,0,0,1,Covered,1,Municipal,1660.13,Magarpatta,411013,Society,3.81,1.42,1.63,2.49,19498.3,4639191.97,6625.27,Owner,4
SYN-00070,synthetic,https://example.com/pune-listing/70,3 BHK,929.47,1072.28,13,13,10,1,Unfurnished,0,4,2,1,5,Ceramic,1,1,0,0,1,,0,Municipal,2555.14,Hinjewadi,411057,Society,6.39,0.32,2.62,2.8,26996.25,7049511.44,7584.46,Owner,100
SYN-00071,synthetic,https://example.com/pune-listing/71,4 BHK,1329.68,1606.87,12,17,2,1,Unfurnished,0,4,3,3,5,Granite,0,1,0,0,0,Bike,0,Municipal,2269.59,Magarpatta,411013,Society,5.11,2.33,1.82,2.55,34978.77,7704495.12,5794.24,Broker,11
SYN-00072,synthetic,https://example.com/pune-listing/72,1 BHK,433.79,501.05,6,15,6,1,Semi-Furnished,1,1,2,0,1,Marble,1,1,0,0,0,Covered,1,Corporation + Borewell,1405.38,Aundh,411007,Society,3.2,5.19,1.56,1.8,16976.91,3989424.85,9196.72,,25
SYN-00073,synthetic,https://example.com/pune-listing/73,1 BHK,452.61,491.17,3,9,12,1,Unfurnished,1,1,1,0,1,Vitrified,0,1,0,0,0,Covered,0,Borewell,1013.7,Hinjewadi,411057,Society,6.49,0.97,2.25,2.52,7515.99,2800000.0,6186.34,Owner,76
SYN-00074,synthetic,https://example.com/pune-listing/74,2 BHK,368.1,412.08,1,19,15,1,Fully Furnished,1,2,2,1,3,Ceramic,1,1,0,0,0,Covered,0,Tanker,800.0,Wakad,411057,Standalone,5.43,3.76,1.7,2.44,13196.59,3009688.05,8176.38,Broker,22
SYN-00075,synthetic,https://example.com/pune-listing/75,3 BHK,1368.56,1593.05,7,17,6,1,Fully Furnished,1,3,3,1,4,Wooden,0,1,0,0,0,Bike,0,Municipal,3440.16,Nigdi,411044,Society,2.67,10.02,1.7,2.63,48664.62,12300615.03,8988.01,Broker,12
SYN-00076,synthetic,https://example.com/pune-listing/76,3 BHK,1243.92,1510.46,9,12,9,1,Fully Furnished,1,4,3,1,6,Ceramic,1,1,0,0,0,Stilt,0,Tanker,5668.72,Kothrud,411038,Society,1.54,7.7,1.92,1.24,67722.9,21419156.26,17219.13,Owner,3
SYN-00077,synthetic,https://example.com/pune-listing/77,3 BHK,798.5,927.92,3,11,7,1,Unfurnished,0,4,2,2,4,Ceramic,1,1,1,0,1,None,0,Municipal,,Kharadi,411014,Society,3.85,0.46,2.14,1.56,21842.44,8190269.51,10257.01,Broker,19
SYN-00078,synthetic,https://example.com/pune-listing/78,3 BHK,1069.15,1266.96,12,16,6,1,Unfurnished,0,4,1,1,5,Vitrified,1,1,0,0,0,Stilt,1,Borewell,,Hinjewadi,411057,Society,6.62,0.24,2.45,2.92,40108.96,7520171.6,7033.79,,4
SYN-00079,synthetic,https://example.com/pune-listing/79,3 BHK,745.65,931.56,5,9,6,1,Fully Furnished,1,3,2,2,5,Ceramic,1,1,0,1,1,Covered,1,Municipal,2526.73,Kalyani Nagar,411006,Standalone,2.06,5.56,0.94,1.56,67321.08,25505128.33,34205.15,Broker,29
SYN-00080,synthetic,https://example.com/pune-listing/80,3 BHK,652.16,733.28,10,15,12,1,Fully Furnished,1,4,2,1,4,Wooden,1,1,1,1,0,Covered,1,Municipal,2376.29,Kothrud,411038,Society,1.51,7.19,1.64,1.47,27390.27,7763394.65,11904.18,Owner,12
SYN-00081,synthetic,https://example.com/pune-listing/81,1 BHK,404.42,446.8,10,15,5,1,Unfurnished,1,1,1,0,2,Marble,1,1,0,1,0,None,1,Municipal,,Aundh,411007,Society,3.84,3.28,1.5,1.57,14050.06,4707642.45,11640.39,Owner,70
SYN-00082,synthetic,https://example.com/pune-listing/82,2 BHK,607.1,768.73,8,15,14,1,Unfurnished,0,2,1,1,3,Ceramic,1,1,0,1,0,None,0,Tanker,1599.5,Hadapsar,411028,Society,5.56,1.96,2.03,1.73,18451.66,4251840.26,7003.57,,35
SYN-00083,synthetic,https://example.com/pune-listing/83,3 BHK,648.16,741.7,10,11,10,1,Fully Furnished,1,4,3,2,6,,1,1,0,0,0,Covered,1,Municipal,1688.93,Hinjewadi,411057,Society,5.77,0.54,2.04,2.84,18969.07,5363718.55,8275.28,Owner,24
SYN-00084,synthetic,https://example.com/pune-listing/84,1 BHK,488.56,577.05,2,11,12,1,Semi-Furnished,1,2,2,0,1,Ceramic,1,1,0,0,0,Covered,0,Municipal,1499.03,Hadapsar,411028,Society,4.82,1.98,2.08,2.32,13012.61,3511879.97,7188.29,Owner,49
SYN-00085,synthetic,https://example.com/pune-listing/85,1 BHK,495.91,,4,14,10,1,Semi-Furnished,1,1,0,0,2,Granite,1,1,0,0,0,Stilt,0,Municipal,860.38,Hadapsar,411028,Society,5.51,1.08,2.72,1.93,11429.76,3410915.52,6878.1,Owner,76
SYN-00086,synthetic,https://example.com/pune-listing/86,3 BHK,737.98,865.05,11,12,6,1,Semi-Furnished,1,3,3,1,4,Vitrified,0,1,0,1,0,Covered,1,Corporation + Borewell,1943.98,Kharadi,411014,Standalone,5.37,2.07,2.0,2.31,28880.76,7375210.72,9993.81,Broker,37
SYN-00087,synthetic,https://example.com/pune-listing/87,1 BHK,561.59,,9,11,12,1,Unfurnished,1,1,0,0,1,Marble,1,1,1,0,1,Stilt,0,Tanker,2255.29,Kothrud,411038,Society,1.75,7.9,0.83,1.59,25768.05,7163304.0,12755.48,Builder,47
SYN-00088,synthetic,https://example.com/pune-listing/88,1 BHK,390.47,442.84,10,13,11,1,Unfurnished,0,1,0,0,1,Marble,1,1,0,0,0,Covered,1,Municipal,865.71,Hadapsar,411028,Society,5.5,2.38,2.43,2.62,8427.34,3205089.4,8208.39,Broker,12
SYN-00089,synthetic,https://example.com/pune-listing/89,2 BHK,468.94,518.07,4,9,8,1,Unfurnished,1,3,3,2,2,Vitrified,1,1,0,1,0,Stilt,0,Tanker,1590.52,Koregaon Park,411001,Standalone,2.24,5.55,1.82,1.18,22880.77,10566615.07,22532.82,Owner,24
SYN-00090,synthetic,https://example.com/pune-listing/90,3 BHK,1031.71,1173.74,4,12,9,1,Semi-Furnished,1,3,3,2,6,Wooden,1,0,0,1,1,Covered,1,Borewell,,Pimple Saudagar,411027,Society,4.73,5.95,1.66,2.39,23262.12,6155288.06,5966.09,Owner,20
SYN-00091,synthetic,https://example.com/pune-listing/91,3 BHK,1299.81,1439.93,15,15,11,1,Semi-Furnished,1,3,3,2,4,,1,1,0,0,0,Bike,1,Borewell,4201.22,Wakad,411057,Society,5.14,3.48,2.01,2.39,18159.27,8987754.84,6914.67,Owner,4
SYN-00092,synthetic,https://example.com/pune-listing/92,2 BHK,702.81,770.18,7,10,6,1,Semi-Furnished,1,2,3,1,3,Vitrified,1,1,0,1,1,Covered,1,Corporation + Borewell,2377.55,Aundh,411007,Society,3.74,4.22,1.81,1.46,24374.69,6222099.36,8853.16,Builder,24
SYN-00093,synthetic,https://example.com/pune-listing/93,2 BHK,740.22,942.49,13,13,1,1,Unfurnished,1,3,1,0,3,Vitrified,0,0,0,0,1,Covered,1,Tanker,1990.28,Shivajinagar,411005,Standalone,1.56,6.4,1.08,1.36,37521.35,7251339.13,9796.19,Broker,32
SYN-00094,synthetic,https://example.com/pune-listing/94,1 BHK,477.97,542.49,7,14,6,1,Semi-Furnished,1,2,0,0,1,Marble,1,1,0,0,0,Stilt,1,Municipal,,Kharadi,411014,Society,3.63,2.17,1.47,1.81,19456.25,4674939.03,9780.87,Broker,17
SYN-00095,synthetic,https://example.com/pune-listing/95,2 BHK,571.26,696.26,5,14,8,1,Fully Furnished,1,2,2,1,4,Ceramic,1,0,0,1,0,,0,Borewell,1213.4,Hadapsar,411028,Society,5.82,2.08,2.34,2.37,10358.46,4756024.89,8325.44,Owner,41
SYN-00096,synthetic,https://example.com/pune-listing/96,1 BHK,474.61,562.26,2,16,10,1,Semi-Furnished,1,1,1,0,1,Vitrified,1,1,1,0,0,Covered,1,Municipal,1130.4,Hadapsar,411028,Society,5.63,2.32,2.46,1.87,11016.22,2800000.0,5899.63,Broker,24
SYN-00097,synthetic,https://example.com/pune-listing/97,2 BHK,639.87,691.97,2,6,5,1,Unfurnished,1,2,1,1,3,Ceramic,1,0,0,0,0,Covered,1,Corporation + Borewell,2578.71,Shivajinagar,411005,Society,1.94,6.53,0.98,1.41,18434.66,4614110.4,7210.97,Broker,23
SYN-00098,synthetic,https://example.com/pune-listing/98,2 BHK,692.13,824.01,3,12,1,1,Fully Furnished,1,2,2,1,3,Wooden,1,1,0,1,0,Covered,1,Corporation + Borewell,2645.0,Kharadi,411014,Standalone,4.02,0.73,2.12,2.03,34906.1,7330448.81,10591.13,Broker,43
SYN-00099,synthetic,https://example.com/pune-listing/99,3 BHK,1048.55,1190.75,11,18,2,1,Fully Furnished,1,3,3,2,3,Granite,0,0,1,1,0,Covered,1,Municipal,3529.74,Kharadi,411014,Standalone,4.18,0.39,2.31,2.49,47515.57,11114369.59,10599.76,Broker,37
SYN-00100,synthetic,https://example.com/pune-listing/100,1 BHK,341.1,400.51,12,16,18,1,Unfurnished,0,2,1,0,2,Ceramic,0,0,0,0,0,Covered,0,Municipal,1772.49,Hinjewadi,411057,Standalone,6.54,1.76,2.62,2.67,10103.95,2800000.0,8208.78,Broker,25
SYN-00101,synthetic,https://example.com/pune-listing/101,3 BHK,1174.28,1448.06,9,14,14,1,Fully Furnished,1,4,2,2,3,Marble,0,0,0,0,0,Covered,1,Corporation + Borewell,4305.76,Kothrud,411038,Standalone,1.81,7.96,0.98,1.51,47430.8,16197482.98,13793.58,Owner,18
SYN-00102,synthetic,https://example.com/pune-listing/102,2 BHK,597.59,689.08,6,16,11,1,Fully Furnished,1,3,2,1,3,Vitrified,1,0,0,0,0,Covered,1,Corporation + Borewell,2285.47,Hinjewadi,411057,Society,5.25,1.65,2.32,2.55,19875.36,5788027.86,9685.63,Broker,31
SYN-00103,synthetic,https://example.com/pune-listing/103,3 BHK,1109.12,,8,14,11,1,Unfurnished,1,4,3,2,4,Marble,1,1,1,0,0,Open,1,Municipal,4235.84,Kothrud,411038,Society,1.4,7.12,1.19,1.84,27185.01,16839414.52,15182.64,,68
SYN-00104,synthetic,https://example.com/pune-listing/104,1 BHK,565.07,717.9,3,15,8,1,Unfurnished,0,1,0,1,1,Vitrified,1,1,1,1,1,Covered,1,Corporation + Borewell,,Baner,411045,Society,2.79,2.38,2.12,2.18,39347.53,8724535.97,15439.79,Owner,76
SYN-00105,synthetic,https://example.com/pune-listing/105,2 BHK,599.43,749.41,9,12,9,1,Fully Furnished,1,2,3,1,4,Granite,1,1,1,1,1,Open,0,Tanker,2066.52,Kharadi,411014,Society,5.16,0.87,2.1,2.0,24247.15,11132474.4,18571.89,Builder,31
SYN-00106,synthetic,https://example.com/pune-listing/106,1 BHK,449.27,568.59,12,14,1,1,Semi-Furnished,0,1,1,0,2,Vitrified,1,1,0,1,0,None,1,Corporation + Borewell,1606.67,Aundh,411007,Society,2.53,3.07,1.88,1.4,13275.52,5188000.04,11547.54,Broker,13
SYN-00107,synthetic,https://example.com/pune-listing/107,2 BHK,592.14,657.7,1,14,7,1,Fully Furnished,1,3,2,1,3,Vitrified,0,0,0,1,0,None,1,Municipal,2601.98,Kothrud,411038,Society,1.94,7.67,0.98,1.68,16310.85,6734794.88,11373.56,Owner,111
SYN-00108,synthetic,https://example.com/pune-listing/108,2 BHK,529.09,637.48,9,14,20,1,Semi-Furnished,1,2,2,1,3,Vitrified,1,0,0,0,0,Covered,1,Corporation + Borewell,1668.94,Kothrud,411038,Society,2.18,7.71,1.38,1.48,17810.73,4154108.98,7851.47,Owner,49
SYN-00109,synthetic,https://example.com/pune-listing/109,3 BHK,1176.28,1493.71,2,8,7,1,Fully Furnished,1,3,3,2,6,,1,1,0,1,1,Covered,0,Municipal,6049.22,Koregaon Park,411001,Society,1.67,4.26,1.75,1.19,96625.07,33283236.6,28295.22,Owner,18
SYN-00110,synthetic,https://example.com/pune-listing/110,1 BHK,444.2,492.47,7,12,6,1,Semi-Furnished,1,2,1,0,2,Wooden,1,1,0,1,0,Open,1,Tanker,912.15,Viman Nagar,411014,Society,1.92,7.0,1.65,1.31,18752.81,3745963.12,8433.01,Broker,56
SYN-00111,synthetic,https://example.com/pune-listing/111,1 RK,531.03,601.5,1,5,19,1,Unfurnished,1,1,0,0,2,Vitrified,1,0,0,0,1,Covered,1,Corporation + Borewell,1254.64,Kharadi,411014,Society,4.41,2.66,2.19,2.14,10116.32,6406631.65,12064.59,Owner,23
SYN-00112,synthetic,https://example.com/pune-listing/112,4 BHK,1485.2,1759.04,10,15,9,1,Semi-Furnished,1,4,3,3,5,Vitrified,1,1,0,0,0,Covered,1,Corporation + Borewell,7546.49,Baner,411045,Society,3.43,1.93,1.73,1.8,86505.04,41052355.14,27640.88,Owner,93
SYN-00113,synthetic,https://example.com/pune-listing/113,1 BHK,285.78,317.36,3,12,9,1,Unfurnished,1,2,1,0,1,Vitrified,0,0,0,0,0,Covered,0,Borewell,1837.23,Shivajinagar,411005,Standalone,1.23,7.05,1.44,1.33,14941.99,2800000.0,9797.59,Owner,18
SYN-00114,synthetic,https://example.com/pune-listing/114,3 BHK,972.78,1230.5,12,20,8,1,Semi-Furnished,1,3,2,2,6,Vitrified,0,0,0,0,0,Open,1,Tanker,2926.73,Kharadi,411014,Society,3.42,1.65,2.17,2.43,36992.22,9980574.58,10259.82,Broker,14
SYN-00115,synthetic,https://example.com/pune-listing/115,2 BHK,455.87,506.58,2,11,10,1,Semi-Furnished,1,3,1,0,4,Marble,1,1,1,0,0,Stilt,0,Borewell,1486.82,Viman Nagar,411014,Society,2.24,5.83,1.45,1.79,24998.55,4372460.43,9591.47,Broker,30
SYN-00116,synthetic,https://example.com/pune-listing/116,3 BHK,980.93,1210.05,6,16,4,1,Semi-Furnished,1,3,2,1,5,Marble,1,0,0,0,0,Stilt,0,Corporation + Borewell,2708.44,Wakad,411057,Society,4.72,2.78,1.57,1.96,23199.58,6370685.0,6494.51,Broker,21
SYN-00117,synthetic,https://example.com/pune-listing/117,3 BHK,1082.98,1259.65,6,13,10,1,Unfurnished,1,4,2,2,5,Vitrified,1,1,1,1,0,Covered,1,Municipal,3500.36,Koregaon Park,411001,Standalone,2.26,4.72,1.35,1.48,40927.96,14377614.94,13276.01,Broker,41
SYN-00118,synthetic,https://example.com/pune-listing/118,3 BHK,1389.78,1538.18,6,12,5,1,Unfurnished,1,4,3,1,3,Wooden,1,1,0,0,0,Open,1,,4115.43,Hinjewadi,411057,Society,5.78,1.38,2.16,2.45,36942.17,8928871.58,6424.68,Broker,48
SYN-00119,synthetic,https://example.com/pune-listing/119,1 BHK,414.71,475.62,12,14,6,1,Semi-Furnished,1,2,1,0,1,Wooden,1,1,0,0,0,Covered,0,Tanker,1181.01,Nigdi,411044,Society,4.6,10.42,1.18,2.3,11786.7,2852816.47,6879.14,Owner,57
SYN-00120,synthetic,https://example.com/pune-listing/120,1 RK,340.1,432.35,2,12,2,1,Fully Furnished,1,2,1,1,2,Granite,1,1,1,1,1,Covered,0,Borewell,1121.8,Kalyani Nagar,411006,Society,2.6,4.86,0.87,1.99,22403.43,12633692.31,37146.85,Owner,23
SYN-00121,synthetic,https://example.com/pune-listing/121,1 BHK,359.8,431.03,3,8,1,1,Fully Furnished,1,2,1,1,2,Wooden,0,0,1,0,1,Covered,1,Corporation + Borewell,1760.21,Kalyani Nagar,411006,Society,2.69,5.65,1.44,1.83,19434.79,10845105.73,30141.96,Builder,17
SYN-00122,synthetic,https://example.com/pune-listing/122,3 BHK,859.69,1086.71,6,14,10,1,Unfurnished,0,3,3,2,3,Granite,1,1,0,1,0,Bike,1,,4452.05,Koregaon Park,411001,Society,2.19,6.03,1.42,1.09,48299.68,9697643.94,11280.36,Owner,32
SYN-00123,synthetic,https://example.com/pune-listing/123,3 BHK,1181.44,1451.91,4,10,6,1,Unfurnished,0,3,3,2,4,Vitrified,1,1,1,1,0,Bike,0,Borewell,4889.92,Shivajinagar,411005,Society,0.77,6.71,1.51,1.12,42822.36,10704629.31,9060.7,Owner,13
SYN-00124,synthetic,https://example.com/pune-listing/124,1 BHK,404.31,501.19,9,20,9,1,Unfurnished,1,1,2,0,2,Wooden,1,1,0,1,1,Stilt,0,Municipal,1490.13,Pimple Saudagar,411027,Society,3.83,4.54,2.41,1.72,7733.02,4342013.06,10739.19,Broker,25
SYN-00125,synthetic,https://example.com/pune-listing/125,2 BHK,840.43,1003.03,7,19,12,1,Unfurnished,1,3,2,1,3,Vitrified,1,0,0,0,0,Open,1,Tanker,2326.96,Wakad,411057,Society,4.07,2.08,1.77,2.41,12972.98,4742983.13,5643.54,Owner,18
SYN-00126,synthetic,https://example.com/pune-listing/126,1 BHK,446.9,507.55,3,14,12,1,Semi-Furnished,1,1,1,0,1,Marble,1,1,1,0,0,Covered,0,Corporation + Borewell,1603.78,Pune Camp,411001,Society,1.39,7.52,1.45,2.12,7500.0,3199899.99,7160.24,Builder,9
SYN-00127,synthetic,https://example.com/pune-listing/127,1 BHK,392.06,455.71,6,17,14,1,Semi-Furnished,1,2,0,0,1,Ceramic,1,1,0,0,0,Bike,0,Municipal,998.45,Kharadi,411014,Society,3.7,2.01,2.15,1.65,20372.82,3108818.24,7929.35,Owner,20
SYN-00128,synthetic,https://example.com/pune-listing/128,1 RK,469.08,552.91,6,8,9,1,Fully Furnished,1,1,2,1,2,Granite,1,1,1,0,1,Covered,1,Municipal,1877.36,Koregaon Park,411001,Society,2.61,5.27,1.48,1.47,22971.98,16156882.52,34443.46,Broker,14
SYN-00129,synthetic,https://example.com/pune-listing/129,3 BHK,1301.41,1532.86,6,8,9,1,Fully Furnished,1,3,3,2,4,Wooden,1,1,0,1,1,,1,Borewell,6457.03,Baner,411045,Standalone,2.41,2.67,1.15,2.26,73380.33,17557271.46,13490.94,Builder,16
SYN-00130,synthetic,https://example.com/pune-listing/130,3 BHK,814.93,932.78,8,12,8,1,Semi-Furnished,1,3,2,2,6,Marble,1,1,1,1,1,Covered,1,Tanker,3137.89,Aundh,411007,Society,3.15,5.0,1.77,1.67,21260.19,13270632.88,16284.48,Broker,68
SYN-00131,synthetic,https://example.com/pune-listing/131,1 BHK,436.34,511.71,7,12,10,1,Unfurnished,1,1,0,0,1,Ceramic,1,1,0,0,0,Stilt,1,Municipal,1596.81,Hinjewadi,411057,Society,5.73,1.22,2.33,2.73,14523.99,3545234.61,8124.94,Broker,25
SYN-00132,synthetic,https://example.com/pune-listing/132,3 BHK,1036.05,1212.81,15,18,11,1,Semi-Furnished,0,3,4,2,5,Granite,1,1,0,1,0,Open,1,Municipal,2953.37,Wakad,411057,Society,4.65,3.33,2.26,2.11,28308.27,7705611.86,7437.51,Broker,29
SYN-00133,synthetic,https://example.com/pune-listing/133,1 BHK,356.53,390.05,7,9,9,1,Semi-Furnished,1,1,3,0,1,Vitrified,1,1,1,0,1,Stilt,1,Municipal,865.29,Shivajinagar,411005,Society,0.48,5.77,0.53,1.08,16552.93,3303400.33,9265.49,Owner,8
SYN-00134,synthetic,https://example.com/pune-listing/134,1 BHK,472.86,558.13,12,14,6,1,Semi-Furnished,1,2,0,0,1,Vitrified,1,1,0,1,0,Covered,0,Borewell,825.18,Pune Camp,411001,Society,3.46,7.02,1.79,2.0,14870.41,3336154.06,7055.34,Owner,70
SYN-00135,synthetic,https://example.com/pune-listing/135,4 BHK,1504.05,1678.96,4,10,15,1,Semi-Furnished,1,4,4,3,6,Vitrified,1,1,0,0,0,None,1,Borewell,6266.43,Kothrud,411038,Society,1.8,8.05,1.05,1.05,51659.39,12252537.89,8146.35,Broker,28
SYN-00136,synthetic,https://example.com/pune-listing/136,4 BHK,1664.07,1896.83,6,13,16,1,Unfurnished,1,4,4,2,6,Vitrified,0,1,0,1,0,None,1,Municipal,3036.54,Wakad,411057,Standalone,4.61,2.8,1.77,2.42,36246.2,14636326.29,8795.48,Owner,40
SYN-00137,synthetic,https://example.com/pune-listing/137,3 BHK,758.55,863.75,2,9,11,1,Semi-Furnished,1,3,2,1,4,Granite,1,1,0,0,0,Covered,1,Borewell,3088.66,Wakad,411057,Society,4.9,0.94,1.9,2.36,18671.78,4892576.82,6449.88,Broker,19
SYN-00138,synthetic,https://example.com/pune-listing/138,2 BHK,657.58,825.71,3,8,3,1,Fully Furnished,1,2,3,1,4,Wooden,1,0,1,1,1,Covered,1,,2423.73,Kharadi,411014,Society,4.69,1.18,1.7,2.49,37659.07,8128614.98,12361.41,Owner,14
SYN-00139,synthetic,https://example.com/pune-listing/139,2 BHK,845.71,1020.2,5,12,6,1,Fully Furnished,1,2,3,2,3,Marble,0,1,1,0,1,Open,1,Corporation + Borewell,4839.66,Baner,411045,Standalone,3.3,3.13,1.5,1.82,41738.46,22517507.3,26625.72,Broker,9
SYN-00140,synthetic,https://example.com/pune-listing/140,2 BHK,864.46,1034.26,9,10,12,1,Semi-Furnished,1,3,2,2,3,Ceramic,0,1,1,0,0,Stilt,1,Municipal,3370.03,Kalyani Nagar,411006,Standalone,1.48,4.49,1.58,1.54,39763.68,22568668.64,26107.39,Owner,33
SYN-00141,synthetic,https://example.com/pune-listing/141,3 BHK,1266.69,1470.08,11,18,4,1,Semi-Furnished,1,3,2,2,6,Vitrified,1,1,0,0,0,Covered,1,Borewell,3358.42,Wakad,411057,Society,4.41,3.15,2.11,1.93,41000.43,11414730.26,9011.46,Broker,50
SYN-00142,synthetic,https://example.com/pune-listing/142,2 BHK,462.19,591.51,9,16,13,1,Unfurnished,0,3,2,1,3,Vitrified,1,1,1,1,1,Covered,0,Borewell,1605.32,Aundh,411007,Standalone,4.44,4.97,1.61,1.59,26327.5,4352139.49,9416.27,Owner,40
SYN-00143,synthetic,https://example.com/pune-listing/143,2 BHK,693.07,772.69,4,9,9,1,Fully Furnished,0,3,2,2,3,Granite,1,1,1,0,0,Covered,1,Tanker,3708.0,Baner,411045,Society,3.2,1.8,2.37,1.84,37111.46,21691443.25,31297.76,Owner,31
SYN-00144,synthetic,https://example.com/pune-listing/144,1 BHK,445.72,535.0,5,13,13,1,Semi-Furnished,0,1,0,0,2,Vitrified,1,1,0,0,0,Covered,0,Borewell,1431.98,Magarpatta,411013,Society,4.79,1.15,1.75,1.8,7500.0,2800000.0,6281.9,Broker,41
SYN-00145,synthetic,https://example.com/pune-listing/145,2 BHK,718.97,789.14,12,18,15,1,Unfurnished,0,2,2,1,3,Wooden,1,1,1,0,0,Covered,0,Municipal,2603.9,Hinjewadi,411057,Society,6.31,1.1,2.73,2.42,12383.53,4805605.83,6684.02,Builder,24
SYN-00146,synthetic,https://example.com/pune-listing/146,3 BHK,940.72,1115.78,2,12,0,1,Fully Furnished,1,3,4,3,5,Vitrified,1,1,1,1,1,Covered,1,Tanker,4977.12,Koregaon Park,411001,Society,3.15,4.32,1.28,0.84,63314.82,29157229.84,30994.66,Builder,76
SYN-00147,synthetic,https://example.com/pune-listing/147,1 BHK,363.18,399.4,3,8,12,1,Semi-Furnished,1,2,1,1,2,Vitrified,1,1,1,1,1,,1,Corporation + Borewell,1854.55,Kalyani Nagar,411006,Society,1.29,4.57,1.28,1.27,18245.25,7211247.53,19856.06,Builder,58
SYN-00148,synthetic,https://example.com/pune-listing/148,2 BHK,555.26,647.06,8,16,11,1,Semi-Furnished,1,2,2,1,4,Ceramic,1,1,0,0,0,Covered,0,Municipal,930.03,Hinjewadi,411057,Society,5.78,1.35,2.21,2.07,9512.03,6427788.66,11576.25,Owner,22
SYN-00149,synthetic,https://example.com/pune-listing/149,2 BHK,887.81,1077.48,12,12,5,1,Semi-Furnished,1,2,2,1,4,Vitrified,1,1,1,1,0,Covered,1,Corporation + Borewell,2605.79,Aundh,411007,Society,3.55,4.36,1.6,1.74,27312.79,10094159.37,11369.67,Broker,56
SYN-00150,synthetic,https://example.com/pune-listing/150,4 BHK,1158.6,1330.95,8,14,4,1,Unfurnished,0,4,4,2,4,,1,1,1,0,0,Open,0,Corporation + Borewell,3785.22,Hadapsar,411028,Society,5.69,2.23,2.22,2.19,25610.62,7688699.56,6636.22,Broker,18
SYN-00151,synthetic,https://example.com/pune-listing/151,1 BHK,375.82,472.37,3,13,11,1,Fully Furnished,1,1,0,1,2,Vitrified,1,1,1,0,1,Stilt,1,Municipal,1959.41,Kalyani Nagar,411006,Society,2.26,5.43,1.45,1.53,25493.47,5174780.97,13769.16,Broker,10
SYN-00152,synthetic,https://example.com/pune-listing/152,3 BHK,1086.26,1321.28,3,7,9,1,Unfurnished,1,4,3,2,4,Granite,1,1,1,0,1,Covered,1,Municipal,4085.72,Aundh,411007,Society,4.23,3.48,1.49,1.75,46706.02,11509244.51,10595.33,,30
SYN-00153,synthetic,https://example.com/pune-listing/153,2 BHK,782.12,859.06,6,12,11,1,Unfurnished,1,2,2,1,3,Granite,1,1,0,1,0,Open,0,Corporation + Borewell,2363.68,Hadapsar,411028,Society,5.7,2.41,2.81,2.38,23148.14,4414594.89,5644.4,Builder,9
SYN-00154,synthetic,https://example.com/pune-listing/154,1 BHK,415.18,453.62,2,9,14,1,Semi-Furnished,1,1,1,0,1,Vitrified,0,0,1,1,0,Covered,1,Borewell,1725.76,Kharadi,411014,Society,5.2,1.11,2.64,2.0,14183.22,5387478.06,12976.37,Builder,68
SYN-00155,synthetic,https://example.com/pune-listing/155,3 BHK,1229.87,1369.7,13,14,14,1,Unfurnished,1,3,2,1,5,Marble,1,1,0,0,0,Covered,1,Municipal,4084.84,Hadapsar,411028,Society,4.62,3.03,2.21,2.28,23162.38,8274854.6,6728.25,Builder,7
SYN-00156,synthetic,https://example.com/pune-listing/156,2 BHK,774.46,921.71,12,15,14,1,Semi-Furnished,1,2,2,1,3,Marble,1,1,0,1,1,Covered,1,Municipal,2159.26,Shivajinagar,411005,Society,1.51,6.34,0.8,1.15,36089.95,12035954.58,15541.08,Owner,22
SYN-00157,synthetic,https://example.com/pune-listing/157,3 BHK,691.59,850.95,10,18,9,1,Semi-Furnished,1,4,3,2,5,Ceramic,1,1,0,0,0,Covered,0,Municipal,2108.94,Pune Camp,411001,Society,2.66,6.19,1.26,1.92,18096.17,5153936.37,7452.29,Broker,17
SYN-00158,synthetic,https://example.com/pune-listing/158,3 BHK,982.97,1106.2,6,15,12,1,Semi-Furnished,1,3,2,2,5,Marble,1,1,1,1,1,Covered,1,Corporation + Borewell,3154.39,Kothrud,411038,Society,1.84,6.84,1.05,1.19,37339.65,9377222.38,9539.67,Broker,26
SYN-00159,synthetic,https://example.com/pune-listing/159,2 BHK,571.6,718.32,11,15,4,1,Semi-Furnished,1,3,2,2,2,Ceramic,1,1,0,1,0,Open,1,Municipal,1307.24,Kalyani Nagar,411006,Society,2.28,3.95,1.34,1.49,43821.2,7970350.19,13943.82,Broker,35
SYN-00160,synthetic,https://example.com/pune-listing/160,2 BHK,601.04,,8,13,9,1,Fully Furnished,1,3,4,1,4,Vitrified,1,1,1,0,0,Covered,0,Tanker,,Hadapsar,411028,Society,4.72,2.63,2.64,2.08,17328.82,4459599.05,7419.84,Broker,31
SYN-00161,synthetic,https://example.com/pune-listing/161,1 BHK,429.48,469.36,9,13,4,1,Fully Furnished,0,1,0,1,1,Vitrified,1,1,0,1,0,Stilt,1,Municipal,2127.39,Kalyani Nagar,411006,Society,2.11,5.13,1.58,1.23,27520.1,5209123.76,12129.02,Owner,13
SYN-00162,synthetic,https://example.com/pune-listing/162,2 BHK,642.77,757.6,5,5,6,1,Unfurnished,0,3,0,2,3,Granite,0,1,1,1,1,Stilt,1,Borewell,2817.71,Kalyani Nagar,411006,Standalone,1.07,5.28,1.82,1.68,39939.59,16784521.2,26112.76,Owner,3
SYN-00163,synthetic,https://example.com/pune-listing/163,3 BHK,881.33,975.18,7,7,9,1,Semi-Furnished,1,3,3,2,5,Wooden,0,1,0,1,1,Covered,0,Municipal,2191.16,Kharadi,411014,Standalone,4.39,1.66,2.35,1.87,42050.51,9766150.12,11081.13,,72
SYN-00164,synthetic,https://example.com/pune-listing/164,3 BHK,1306.03,1547.74,8,10,13,1,Semi-Furnished,1,3,4,2,4,Wooden,1,1,1,0,0,Covered,1,Municipal,4233.2,Baner,411045,Society,3.29,4.8,1.35,2.14,72276.65,17337031.17,13274.62,Broker,23
SYN-00165,synthetic,https://example.com/pune-listing/165,1 RK,431.72,529.67,8,13,4,1,Semi-Furnished,1,2,1,0,2,Vitrified,1,1,0,1,0,Covered,0,Municipal,800.0,Hadapsar,411028,Society,5.13,2.11,2.42,2.18,15569.79,3246855.17,7520.8,Owner,47
SYN-00166,synthetic,https://example.com/pune-listing/166,3 BHK,1081.95,1181.74,5,16,6,1,Semi-Furnished,1,4,3,3,3,Marble,0,1,1,0,0,Stilt,0,Corporation + Borewell,4423.86,Kalyani Nagar,411006,Standalone,1.74,4.76,1.83,1.53,77649.45,15996487.76,14784.82,Broker,11
SYN-00167,synthetic,https://example.com/pune-listing/167,2 BHK,892.72,1062.81,6,10,7,1,Fully Furnished,1,2,1,1,3,Wooden,1,1,1,1,0,Bike,0,Corporation + Borewell,3588.06,Kothrud,411038,Society,1.97,7.23,0.8,1.54,32547.34,17022283.67,19067.91,Owner,20
SYN-00168,synthetic,https://example.com/pune-listing/168,3 BHK,1016.42,1107.25,5,14,2,1,Fully Furnished,1,3,3,2,4,Granite,1,1,0,0,0,Covered,1,Municipal,1798.82,Hadapsar,411028,Society,5.08,2.01,2.53,2.09,28930.99,10049829.0,9887.5,Broker,48
SYN-00169,synthetic,https://example.com/pune-listing/169,3 BHK,1218.45,1506.7,7,19,18,1,Unfurnished,1,4,4,2,6,Vitrified,0,0,0,1,1,None,0,Municipal,4355.66,Kharadi,411014,Society,4.61,2.69,2.7,2.3,38253.75,13802751.05,11328.1,Broker,24
SYN-00170,synthetic,https://example.com/pune-listing/170,5 BHK,1695.05,1962.28,12,15,16,1,Unfurnished,0,5,5,2,8,Marble,0,0,0,1,0,Covered,1,Corporation + Borewell,6338.49,Wakad,411057,Society,4.2,1.92,1.71,2.17,47377.66,14528656.41,8571.23,Owner,42
SYN-00171,synthetic,https://example.com/pune-listing/171,1 BHK,352.71,394.46,1,13,1,1,Unfurnished,0,1,2,0,2,Marble,0,1,0,0,1,Covered,1,Municipal,1812.36,Aundh,411007,Standalone,2.78,4.87,1.38,1.25,10201.78,3262752.98,9250.63,Broker,61
SYN-00172,synthetic,https://example.com/pune-listing/172,2 BHK,641.16,742.04,8,14,15,1,Unfurnished,1,3,2,1,2,Vitrified,1,1,0,0,0,Covered,0,Municipal,1889.08,Magarpatta,411013,Society,4.84,1.12,1.46,2.16,19029.77,4560552.7,7113.03,Owner,62
SYN-00173,synthetic,https://example.com/pune-listing/173,3 BHK,799.37,920.63,12,14,3,1,Semi-Furnished,1,3,4,2,5,Vitrified,1,1,0,0,0,Stilt,0,Corporation + Borewell,1739.87,Pimple Saudagar,411027,Society,4.53,3.66,1.6,2.3,24987.18,9927976.06,12419.69,Broker,57
SYN-00174,synthetic,https://example.com/pune-listing/174,3 BHK,968.86,1167.07,4,10,13,1,Unfurnished,0,3,2,2,5,Marble,1,1,1,0,0,None,1,Municipal,2277.45,Pimple Saudagar,411027,Society,3.66,5.31,1.65,2.31,17643.92,5154016.83,5319.67,Broker,30
SYN-00175,synthetic,https://example.com/pune-listing/175,1 BHK,424.77,468.39,3,19,17,1,Semi-Furnished,1,1,1,0,2,Marble,0,1,1,0,1,Open,1,Municipal,2215.84,Shivajinagar,411005,Standalone,0.58,7.7,0.99,1.22,25388.38,4002759.7,9423.36,Owner,13
SYN-00176,synthetic,https://example.com/pune-listing/176,1 BHK,403.58,447.04,4,13,6,1,Semi-Furnished,1,2,2,0,1,Vitrified,0,1,0,0,1,Open,0,Municipal,1401.1,Kharadi,411014,Standalone,4.29,2.12,1.66,2.18,18578.32,4856179.95,12032.66,Owner,23
SYN-00177,synthetic,https://example.com/pune-listing/177,1 BHK,477.2,592.15,10,13,1,1,Unfurnished,1,1,2,0,2,Marble,1,0,1,0,0,Covered,0,Corporation + Borewell,2337.7,Pune Camp,411001,Society,2.47,6.87,0.6,1.78,16534.73,3721440.66,7798.52,Owner,78
SYN-00178,synthetic,https://example.com/pune-listing/178,2 BHK,527.86,623.85,1,5,4,1,Semi-Furnished,1,2,2,1,3,Vitrified,0,0,0,0,0,Bike,0,Corporation + Borewell,1862.81,Kothrud,411038,Society,2.22,7.89,0.98,1.53,18649.03,4210685.71,7976.83,Broker,58
SYN-00179,synthetic,https://example.com/pune-listing/179,1 BHK,382.72,467.07,3,12,13,1,Semi-Furnished,1,2,0,0,2,Vitrified,1,1,1,1,0,Covered,1,,1334.0,Viman Nagar,411014,Society,2.41,6.11,1.67,1.95,19891.69,5599023.58,14629.66,Owner,21
SYN-00180,synthetic,https://example.com/pune-listing/180,2 BHK,767.18,939.68,0,14,4,1,Fully Furnished,1,2,2,2,2,Vitrified,1,1,1,1,0,Open,1,Borewell,3715.99,Koregaon Park,411001,Society,1.93,5.3,1.84,1.18,55114.07,25991868.76,33879.57,Builder,20
SYN-00181,synthetic,https://example.com/pune-listing/181,3 BHK,1155.49,1362.3,9,14,11,1,Semi-Furnished,1,3,2,2,4,Granite,1,1,0,1,0,Covered,1,Corporation + Borewell,5296.18,Aundh,411007,Society,3.14,3.83,1.18,1.85,61202.51,11372762.22,9842.34,Broker,79
SYN-00182,synthetic,https://example.com/pune-listing/182,3 BHK,1079.05,1218.64,14,16,7,1,Semi-Furnished,1,3,3,3,4,Granite,0,1,0,1,1,Stilt,1,Tanker,4126.6,Koregaon Park,411001,Standalone,1.58,5.27,1.09,1.51,50245.47,31912376.49,29574.58,Owner,24
SYN-00183,synthetic,https://example.com/pune-listing/183,1 BHK,458.49,564.13,0,16,18,1,Semi-Furnished,1,1,2,0,1,Vitrified,1,1,0,0,0,Stilt,1,Borewell,2285.0,Wakad,411057,Society,5.11,4.28,1.86,2.23,10196.24,3320631.85,7242.6,Owner,14
SYN-00184,synthetic,https://example.com/pune-listing/184,2 BHK,479.47,544.67,8,17,13,1,Fully Furnished,1,2,3,2,3,Vitrified,0,0,1,1,1,Covered,1,Tanker,2183.66,Koregaon Park,411001,Society,2.92,4.7,1.43,0.92,34311.41,14056816.88,29317.46,Owner,14
SYN-00185,synthetic,https://example.com/pune-listing/185,3 BHK,954.35,1122.13,8,14,12,1,Semi-Furnished,1,4,3,1,4,Vitrified,1,1,1,0,1,Covered,0,Borewell,3499.4,Hadapsar,411028,Society,5.8,2.32,2.67,2.08,25033.9,6497327.42,6808.1,Broker,24
SYN-00186,synthetic,https://example.com/pune-listing/186,3 BHK,1039.71,1123.48,0,11,9,1,Fully Furnished,1,4,3,2,5,Wooden,1,1,0,1,1,Covered,0,Corporation + Borewell,2716.57,Kothrud,411038,Society,1.36,7.47,0.57,1.36,56964.32,19166397.82,18434.45,Broker,19
SYN-00187,synthetic,https://example.com/pune-listing/187,2 BHK,527.85,671.29,4,16,4,1,Fully Furnished,1,3,3,1,3,Granite,1,1,0,1,0,Covered,0,Corporation + Borewell,1529.29,Kharadi,411014,Society,3.86,1.79,2.06,1.52,32216.96,7216600.78,13671.81,Broker,6
SYN-00188,synthetic,https://example.com/pune-listing/188,1 BHK,432.58,537.97,6,15,10,1,Semi-Furnished,1,1,2,0,1,Granite,1,1,1,1,0,Covered,1,Municipal,1574.82,Kharadi,411014,Society,4.18,2.68,1.25,1.76,17672.4,3969520.21,9176.37,Broker,23
SYN-00189,synthetic,https://example.com/pune-listing/189,1 RK,410.05,504.52,5,7,7,1,Fully Furnished,1,1,2,0,1,Vitrified,1,1,1,0,0,,1,Municipal,1226.78,Viman Nagar,411014,Standalone,2.48,5.79,1.66,1.41,19337.32,5644645.18,13765.61,Broker,40
SYN-00190,synthetic,https://example.com/pune-listing/190,4 BHK,1304.68,1491.84,12,14,5,1,Semi-Furnished,1,4,4,2,6,Marble,0,0,0,0,0,Covered,1,Corporation + Borewell,3575.63,Hadapsar,411028,Standalone,5.48,2.97,2.12,2.06,37703.12,10273116.71,7874.05,,9
SYN-00191,synthetic,https://example.com/pune-listing/191,1 BHK,380.74,423.24,4,13,4,1,Unfurnished,1,2,1,0,1,Granite,0,1,0,1,0,Covered,0,Tanker,800.0,Wakad,411057,Standalone,4.38,2.03,2.13,2.54,7500.0,3581769.77,9407.3,Owner,17
SYN-00192,synthetic,https://example.com/pune-listing/192,4 BHK,1361.75,1514.9,10,15,8,1,Fully Furnished,0,4,4,2,5,Granite,0,0,0,1,1,Stilt,1,Corporation + Borewell,5571.05,Kothrud,411038,Standalone,1.26,8.55,1.75,1.44,53412.32,23911356.37,17559.28,Owner,31
SYN-00193,synthetic,https://example.com/pune-listing/193,2 BHK,525.76,627.47,1,11,5,1,Semi-Furnished,0,2,2,1,4,Vitrified,1,1,0,0,0,Covered,1,Municipal,1039.19,Hadapsar,411028,Society,4.8,2.52,1.6,2.38,10383.01,3512066.97,6679.94,Owner,20
SYN-00194,synthetic,https://example.com/pune-listing/194,3 BHK,1301.32,1615.84,4,11,4,1,Semi-Furnished,1,4,3,1,5,Wooden,1,1,0,1,1,Open,1,Corporation + Borewell,5132.69,Kharadi,411014,Society,3.97,0.65,2.62,2.39,75421.7,14451786.06,11105.46,Broker,41
SYN-00195,synthetic,https://example.com/pune-listing/195,3 BHK,728.29,866.45,19,19,7,1,Semi-Furnished,1,4,3,2,4,Granite,1,1,0,1,1,Stilt,1,Corporation + Borewell,2450.66,Kothrud,411038,Society,1.98,6.99,1.22,1.98,38238.2,7084644.75,9727.79,,18
SYN-00196,synthetic,https://example.com/pune-listing/196,1 BHK,392.85,479.69,4,12,13,1,Unfurnished,0,1,0,0,1,Vitrified,0,0,0,0,0,Covered,0,Corporation + Borewell,800.0,Wakad,411057,Standalone,3.52,2.52,1.59,2.14,7500.0,2800000.0,7127.34,Owner,27
SYN-00197,synthetic,https://example.com/pune-listing/197,1 RK,526.45,,9,17,8,1,Unfurnished,1,2,1,0,2,Ceramic,1,1,1,1,0,Stilt,1,Municipal,2426.6,Pune Camp,411001,Society,2.24,6.2,1.54,1.65,11489.33,3530692.77,6706.59,Broker,26
SYN-00198,synthetic,https://example.com/pune-listing/198,1 BHK,367.45,428.4,6,15,10,1,Semi-Furnished,1,1,0,0,2,Wooden,0,0,0,0,0,Covered,1,Municipal,800.0,Pune Camp,411001,Society,1.6,5.68,0.96,1.53,11002.06,2800000.0,7620.09,Owner,54
SYN-00199,synthetic,https://example.com/pune-listing/199,3 BHK,1093.48,1220.56,6,17,3,1,Semi-Furnished,1,3,3,1,4,Wooden,1,1,1,0,0,Covered,1,Borewell,3027.49,Pimple Saudagar,411027,Standalone,4.19,6.21,1.37,1.72,25111.56,8887706.51,8127.94,Owner,15
SYN-00200,synthetic,https://example.com/pune-listing/200,4 BHK,1850.21,2105.85,7,15,11,1,Semi-Furnished,1,4,4,4,5,Vitrified,0,1,1,1,0,Covered,1,Corporation + Borewell,8073.86,Koregaon Park,411001,Standalone,3.7,5.76,1.56,1.56,112652.31,29316570.06,15845.02,Owner,8
SYN-00201,synthetic,https://example.com/pune-listing/201,4 BHK,1296.92,1443.59,4,11,11,1,Semi-Furnished,1,4,4,3,7,Marble,0,1,1,0,0,Open,1,Municipal,3366.59,Hinjewadi,411057,Standalone,5.72,1.49,1.92,2.21,36235.35,7800529.06,6014.67,Broker,18
SYN-00202,synthetic,https://example.com/pune-listing/202,2 BHK,678.58,862.61,6,13,9,1,Semi-Furnished,1,3,2,1,2,Vitrified,1,1,0,0,0,Covered,0,Municipal,1977.76,Shivajinagar,411005,Society,1.55,6.09,1.04,1.59,28480.63,5664502.27,8347.53,Builder,2
SYN-00203,synthetic,https://example.com/pune-listing/203,1 BHK,525.65,599.56,14,18,1,1,Semi-Furnished,1,2,1,0,2,Vitrified,0,0,1,0,0,Covered,1,Borewell,1976.63,Aundh,411007,Standalone,4.09,2.4,1.68,1.52,29384.68,4852986.31,9232.3,Broker,11
SYN-00204,synthetic,https://example.com/pune-listing/204,2 BHK,543.77,622.12,2,10,3,1,Semi-Furnished,1,2,2,2,3,Ceramic,0,1,1,1,0,None,0,Municipal,2988.63,Koregaon Park,411001,Standalone,2.78,4.31,1.8,1.49,37307.41,14243156.67,26193.26,Broker,26
SYN-00205,synthetic,https://example.com/pune-listing/205,2 BHK,422.51,512.05,13,14,8,1,Semi-Furnished,1,2,2,1,3,Granite,1,0,0,0,1,Bike,1,,1003.64,Hinjewadi,411057,Society,5.88,2.13,2.57,2.84,16703.69,3487968.52,8255.43,,31
SYN-00206,synthetic,https://example.com/pune-listing/206,4 BHK,1450.19,1707.82,6,12,9,1,Semi-Furnished,1,4,5,2,5,Ceramic,1,0,0,1,0,None,0,Municipal,5413.68,Viman Nagar,411014,Society,2.3,5.74,1.57,1.56,42205.17,18144737.65,12511.95,Broker,27
SYN-00207,synthetic,https://example.com/pune-listing/207,2 BHK,503.71,598.03,5,18,9,1,Unfurnished,0,2,1,0,4,Marble,1,1,0,1,1,Covered,1,Municipal,800.0,Hinjewadi,411057,Standalone,5.32,0.74,2.37,2.38,9652.27,3561421.67,7070.33,Owner,36
SYN-00208,synthetic,https://example.com/pune-listing/208,2 BHK,730.19,900.32,9,16,4,1,Semi-Furnished,1,2,3,1,3,Granite,1,1,0,1,0,Covered,0,Tanker,2071.88,Shivajinagar,411005,Society,0.76,6.32,0.97,1.33,40115.63,6560577.14,8984.78,Owner,18
SYN-00209,synthetic,https://example.com/pune-listing/209,1 BHK,453.3,548.85,5,13,7,1,Semi-Furnished,1,2,0,0,1,Vitrified,1,1,1,0,0,Covered,1,Corporation + Borewell,800.0,Pimple Saudagar,411027,Society,4.37,4.92,1.96,1.75,12817.15,2940837.58,6487.56,Builder,46
SYN-00210,synthetic,https://example.com/pune-listing/210,4 BHK,1430.77,1807.45,4,11,9,1,Semi-Furnished,1,4,3,3,7,Vitrified,0,0,1,1,0,None,1,Municipal,4684.78,Viman Nagar,411014,Standalone,2.26,3.71,1.36,1.87,42837.44,13165192.58,9201.5,Owner,40
SYN-00211,synthetic,https://example.com/pune-listing/211,3 BHK,914.28,1053.74,11,12,15,1,Semi-Furnished,1,3,3,1,3,Vitrified,1,1,0,1,0,Covered,1,Corporation + Borewell,3513.3,Kharadi,411014,Society,3.68,1.6,1.99,1.66,26885.42,7219631.12,7896.5,Broker,36
SYN-00212,synthetic,https://example.com/pune-listing/212,2 BHK,781.92,951.29,1,17,12,1,Unfurnished,0,2,2,1,2,Ceramic,0,0,0,0,1,Stilt,1,Municipal,2052.25,Nigdi,411044,Standalone,2.98,10.42,1.48,2.5,21003.57,3981765.58,5092.3,Owner,7
SYN-00213,synthetic,https://example.com/pune-listing/213,5 BHK,1435.23,1676.17,12,19,0,1,Fully Furnished,1,6,4,6,8,Ceramic,0,0,0,1,1,Covered,0,Corporation + Borewell,7023.44,Baner,411045,Society,2.38,3.34,1.7,2.16,119216.47,48056849.75,33483.78,Owner,46
SYN-00214,synthetic,https://example.com/pune-listing/214,1 BHK,375.29,409.46,8,8,6,1,Unfurnished,0,2,1,1,2,Marble,0,1,0,1,0,Covered,1,Tanker,1767.29,Kalyani Nagar,411006,Standalone,2.18,4.69,1.61,1.2,23584.41,7909815.68,21076.65,Broker,25
SYN-00215,synthetic,https://example.com/pune-listing/215,2 BHK,544.31,695.79,9,12,8,1,Semi-Furnished,1,2,2,2,3,Vitrified,0,0,0,0,0,Covered,1,Borewell,3593.32,Baner,411045,Standalone,2.96,3.15,1.65,1.75,27664.21,10835893.89,19907.67,Builder,43
SYN-00216,synthetic,https://example.com/pune-listing/216,2 BHK,530.15,660.59,14,15,4,1,Unfurnished,1,3,1,1,3,Wooden,1,1,1,1,1,Covered,1,Borewell,3078.73,Kothrud,411038,Society,1.64,7.04,0.75,1.89,14277.77,4981070.66,9395.6,Broker,31
SYN-00217,synthetic,https://example.com/pune-listing/217,3 BHK,874.34,1002.76,1,15,7,1,Fully Furnished,1,4,3,3,5,Vitrified,1,1,0,0,1,Covered,0,Borewell,,Baner,411045,Society,2.77,3.19,2.18,2.34,48785.46,28706953.0,32832.88,,1
SYN-00218,synthetic,https://example.com/pune-listing/218,3 BHK,976.46,1245.52,11,13,10,1,Unfurnished,1,4,2,3,5,Ceramic,1,1,1,0,0,Covered,0,Borewell,4852.24,Koregaon Park,411001,Society,1.76,5.6,1.5,1.06,61895.15,10298357.79,10546.61,Owner,38
SYN-00219,synthetic,https://example.com/pune-listing/219,3 BHK,701.9,825.92,11,14,6,1,Semi-Furnished,1,3,3,2,5,Vitrified,0,0,1,1,1,,1,Corporation + Borewell,4536.6,Baner,411045,Standalone,3.43,2.71,1.87,2.11,51583.28,14787055.49,21067.07,Broker,41
SYN-00220,synthetic,https://example.com/pune-listing/220,3 BHK,439.69,503.64,8,12,8,1,Unfurnished,0,3,3,2,6,Vitrified,1,1,0,1,1,Covered,0,Borewell,2428.85,Kothrud,411038,Society,2.32,7.08,1.21,1.18,11363.35,4340967.96,9872.81,Owner,20
SYN-00221,synthetic,https://example.com/pune-listing/221,2 BHK,437.67,529.43,0,12,4,1,Semi-Furnished,1,2,3,2,3,Vitrified,0,1,1,1,1,Covered,1,Municipal,1345.22,Kalyani Nagar,411006,Society,1.72,4.17,1.13,1.66,28127.03,5573954.38,12735.46,Owner,58
SYN-00222,synthetic,https://example.com/pune-listing/222,5 BHK,1897.78,2205.57,6,6,7,1,Fully Furnished,1,5,4,3,9,Vitrified,1,1,1,0,1,Stilt,1,Borewell,5691.59,Aundh,411007,Standalone,3.72,2.27,1.43,1.81,81780.16,19734681.11,10398.85,Broker,35
SYN-00223,synthetic,https://example.com/pune-listing/223,1 BHK,438.69,510.09,7,16,7,1,Semi-Furnished,1,1,1,0,1,Vitrified,0,0,1,0,0,Open,0,Corporation + Borewell,2843.01,Hadapsar,411028,Standalone,4.96,2.15,2.4,2.17,16827.24,3414937.86,7784.47,Owner,20
SYN-00224,synthetic,https://example.com/pune-listing/224,4 BHK,1319.8,1682.18,11,12,7,1,Fully Furnished,1,5,3,1,5,Wooden,0,1,0,0,0,Open,1,Borewell,5128.4,Viman Nagar,411014,Standalone,2.64,4.85,1.41,1.68,64438.9,15607242.03,11825.44,Builder,14
SYN-00225,synthetic,https://example.com/pune-listing/225,3 BHK,1265.74,1450.79,8,12,8,1,Fully Furnished,1,4,2,2,4,Vitrified,1,1,0,1,0,Covered,1,Municipal,5330.0,Kothrud,411038,Society,2.09,7.78,0.75,1.65,59261.84,15774427.03,12462.64,Broker,35
SYN-00226,synthetic,https://example.com/pune-listing/226,4 BHK,1646.07,2085.88,2,11,5,1,Unfurnished,1,4,5,2,5,Ceramic,1,0,0,0,0,Covered,0,Municipal,4067.46,Pimple Saudagar,411027,Society,4.53,5.24,1.96,1.61,40174.51,9371168.36,5693.05,Broker,6
SYN-00227,synthetic,https://example.com/pune-listing/227,1 BHK,519.02,571.14,8,11,9,1,Fully Furnished,1,2,1,0,2,Ceramic,1,1,0,0,0,Bike,0,Borewell,964.35,Magarpatta,411013,Society,5.06,2.21,2.58,2.09,15482.95,4056399.27,7815.46,Owner,47
SYN-00228,synthetic,https://example.com/pune-listing/228,1 BHK,387.75,446.39,1,17,7,1,Semi-Furnished,1,1,1,0,1,Wooden,1,1,0,0,0,Stilt,0,Corporation + Borewell,2115.54,Pimple Saudagar,411027,Society,4.09,5.42,1.38,1.48,16110.65,2800000.0,7221.22,Broker,21
SYN-00229,synthetic,https://example.com/pune-listing/229,1 BHK,363.95,421.57,2,14,15,1,Semi-Furnished,1,2,0,0,2,Wooden,0,0,0,1,0,Stilt,1,Municipal,1302.06,Kothrud,411038,Society,1.75,7.24,1.24,1.34,16255.52,2800000.0,7693.26,Owner,102
SYN-00230,synthetic,https://example.com/pune-listing/230,2 BHK,768.36,898.67,3,13,10,1,Fully Furnished,0,2,2,1,3,Wooden,1,1,0,1,0,Covered,0,Municipal,2559.54,Hinjewadi,411057,Society,5.85,0.35,2.58,2.84,16988.95,10558270.73,13741.29,Owner,42
SYN-00231,synthetic,https://example.com/pune-listing/231,1 BHK,412.12,495.2,0,13,7,1,Semi-Furnished,1,1,2,0,1,Vitrified,1,1,1,1,0,None,0,Tanker,2513.87,Kothrud,411038,Society,2.49,7.21,0.91,1.82,24240.04,4326051.19,10496.98,Builder,33
SYN-00232,synthetic,https://example.com/pune-listing/232,2 BHK,454.16,504.75,2,21,6,1,Unfurnished,1,3,1,1,3,Marble,1,1,0,0,0,Open,0,Tanker,1668.52,Pimple Saudagar,411027,Society,4.45,5.27,1.11,1.74,9610.71,4439213.38,9774.61,Owner,20
SYN-00233,synthetic,https://example.com/pune-listing/233,3 BHK,669.23,815.36,10,16,5,1,Fully Furnished,1,4,2,1,4,Vitrified,1,1,0,0,1,Covered,0,Municipal,3334.48,Kharadi,411014,Society,4.63,1.02,1.86,1.95,39476.08,13723246.28,20506.03,Broker,7
SYN-00234,synthetic,https://example.com/pune-listing/234,1 BHK,483.51,587.16,6,17,4,1,Semi-Furnished,1,1,0,0,2,Vitrified,1,1,0,1,0,None,0,Municipal,2335.48,Pimple Saudagar,411027,Society,3.52,5.69,2.16,2.17,13001.7,5352834.62,11070.67,Builder,23
SYN-00235,synthetic,https://example.com/pune-listing/235,2 BHK,471.46,588.05,5,14,17,1,Semi-Furnished,1,3,1,1,3,,1,1,1,0,0,Covered,0,Municipal,800.0,Hadapsar,411028,Society,4.98,2.24,2.41,1.67,10683.21,2800000.0,5938.94,Builder,32
SYN-00236,synthetic,https://example.com/pune-listing/236,2 BHK,601.8,685.37,5,11,4,1,Fully Furnished,1,2,1,1,3,Vitrified,0,0,0,1,1,Bike,0,Municipal,1786.07,Nigdi,411044,Standalone,3.64,10.39,1.61,2.29,19369.41,4893774.4,8131.91,Broker,27
SYN-00237,synthetic,https://example.com/pune-listing/237,2 BHK,646.92,712.96,8,8,13,1,Semi-Furnished,1,2,2,2,3,Vitrified,0,0,1,1,1,Bike,1,Tanker,3974.49,Koregaon Park,411001,Standalone,1.91,4.76,1.7,1.32,30827.15,7674336.31,11862.87,Broker,32
SYN-00238,synthetic,https://example.com/pune-listing/238,3 BHK,1052.59,1299.66,9,9,7,1,Unfurnished,0,3,4,3,3,Granite,0,1,1,1,1,Covered,1,Tanker,4663.35,Baner,411045,Standalone,3.38,3.22,1.38,2.33,76324.35,25041835.75,23790.79,Owner,6
SYN-00239,synthetic,https://example.com/pune-listing/239,1 BHK,447.28,492.51,1,7,12,1,Semi-Furnished,0,1,1,0,1,Granite,1,1,1,0,0,Open,1,Corporation + Borewell,1965.9,Hinjewadi,411057,Society,6.05,0.2,2.85,2.88,13372.92,2820562.84,6306.07,Broker,23
SYN-00240,synthetic,https://example.com/pune-listing/240,3 BHK,1022.9,1134.52,6,17,4,1,Unfurnished,0,3,2,2,4,Vitrified,0,0,0,0,0,Covered,0,Tanker,3055.46,Wakad,411057,Standalone,4.56,2.89,2.42,2.16,30062.27,4878611.84,4769.37,Owner,42
SYN-00241,synthetic,https://example.com/pune-listing/241,2 BHK,594.46,704.38,5,13,10,1,Unfurnished,0,2,1,1,4,Wooden,0,1,0,1,1,Covered,1,Borewell,2683.04,Viman Nagar,411014,Standalone,2.45,4.34,2.0,1.48,28978.25,8868934.96,14919.33,Owner,39
SYN-00242,synthetic,https://example.com/pune-listing/242,2 BHK,670.8,765.02,12,13,10,1,Semi-Furnished,1,3,2,1,3,Marble,1,0,1,0,0,None,1,Corporation + Borewell,1169.61,Nigdi,411044,Society,4.27,11.52,1.78,2.58,12208.15,7614862.42,11351.97,Owner,39
SYN-00243,synthetic,https://example.com/pune-listing/243,2 BHK,586.61,666.23,5,15,4,1,Semi-Furnished,1,3,1,1,2,Wooden,1,1,0,0,1,Covered,1,Tanker,2302.53,Shivajinagar,411005,Society,2.02,6.1,1.01,1.24,20616.8,5801854.96,9890.5,Owner,25
SYN-00244,synthetic,https://example.com/pune-listing/244,2 BHK,653.09,752.17,15,16,12,1,Unfurnished,0,2,2,0,3,Vitrified,1,1,0,1,1,Covered,1,Borewell,1522.74,Wakad,411057,Society,4.64,2.37,2.28,1.72,21671.19,4760616.05,7289.33,Owner,3
SYN-00245,synthetic,https://example.com/pune-listing/245,1 BHK,400.55,462.9,20,20,11,1,Semi-Furnished,1,1,2,0,1,Granite,1,1,0,0,0,Covered,0,Municipal,2899.92,Aundh,411007,Society,3.55,5.28,1.56,1.66,12934.84,3507038.26,8755.64,Broker,18
SYN-00246,synthetic,https://example.com/pune-listing/246,3 BHK,1178.62,1406.11,10,13,4,1,Fully Furnished,1,4,1,1,5,Granite,0,1,0,1,0,Covered,0,Municipal,3718.07,Viman Nagar,411014,Society,1.8,5.42,2.07,1.65,55863.62,12855655.05,10907.36,Owner,13
SYN-00247,synthetic,https://example.com/pune-listing/247,2 BHK,622.69,698.97,2,11,9,1,Fully Furnished,1,2,2,2,4,Ceramic,0,0,1,1,1,Open,1,Tanker,3026.06,Baner,411045,Standalone,3.11,3.73,2.19,2.15,45176.87,14420601.49,23158.6,Broker,40
SYN-00248,synthetic,https://example.com/pune-listing/248,3 BHK,845.23,1030.24,7,13,10,1,Unfurnished,1,3,2,1,3,Granite,1,1,1,0,0,Covered,1,Corporation + Borewell,1478.93,Hadapsar,411028,Society,4.9,2.3,1.96,1.71,20262.19,8853165.03,10474.29,Broker,35
SYN-00249,synthetic,https://example.com/pune-listing/249,1 RK,405.57,439.85,13,13,13,1,Unfurnished,1,1,1,0,2,Granite,1,1,0,1,0,Stilt,1,Corporation + Borewell,800.0,Hinjewadi,411057,Society,5.91,1.41,2.12,2.53,10698.67,2994616.49,7383.72,Owner,20
SYN-00250,synthetic,https://example.com/pune-listing/250,1 BHK,347.17,409.71,14,16,6,1,Semi-Furnished,1,1,2,0,1,Marble,1,1,0,1,0,Covered,1,Tanker,,Kharadi,411014,Society,4.04,2.17,2.31,2.33,12003.59,4352449.25,12536.87,Broker,14
SYN-00251,synthetic,https://example.com/pune-listing/251,3 BHK,823.72,898.4,7,19,12,1,Unfurnished,1,4,3,1,5,Vitrified,1,1,0,0,0,Stilt,0,Borewell,3013.58,Wakad,411057,Society,4.63,2.32,2.43,2.21,11125.47,4565987.77,5543.14,Owner,47
SYN-00252,synthetic,https://example.com/pune-listing/252,2 BHK,735.15,887.86,4,10,3,1,Semi-Furnished,0,3,2,1,3,Ceramic,1,1,0,0,0,None,1,Municipal,2643.25,Hadapsar,411028,Society,5.68,2.32,2.71,2.4,21690.72,8427491.39,11463.7,Broker,48
SYN-00253,synthetic,https://example.com/pune-listing/253,3 BHK,845.11,978.96,14,16,7,1,Fully Furnished,1,3,3,1,4,Marble,0,0,0,0,0,Open,0,Borewell,1123.32,Pune Camp,411001,Standalone,2.54,5.23,1.36,1.51,23612.75,9222510.6,10912.81,Broker,56
SYN-00254,synthetic,https://example.com/pune-listing/254,2 BHK,550.97,681.74,12,14,12,1,Fully Furnished,1,2,1,2,3,Vitrified,0,0,1,1,1,Open,1,Tanker,1899.92,Kalyani Nagar,411006,Standalone,3.02,4.78,1.72,1.62,27142.35,14594674.61,26488.87,Builder,15
SYN-00255,synthetic,https://example.com/pune-listing/255,1 BHK,339.02,401.85,8,8,7,1,Semi-Furnished,1,2,0,1,1,Wooden,1,1,1,1,0,Covered,1,Municipal,1066.58,Kalyani Nagar,411006,Society,3.05,3.73,0.87,1.54,26413.99,8475046.14,24998.35,Broker,62
SYN-00256,synthetic,https://example.com/pune-listing/256,2 BHK,681.68,866.89,9,14,12,1,Unfurnished,1,2,1,1,3,Vitrified,1,1,0,1,0,Open,1,Municipal,2889.48,Hinjewadi,411057,Society,6.63,0.2,2.81,2.94,20577.31,5006990.69,7345.04,Broker,8
SYN-00257,synthetic,https://example.com/pune-listing/257,1 BHK,394.97,452.27,0,14,2,1,Semi-Furnished,1,1,0,1,1,Wooden,0,0,1,1,1,Bike,1,Municipal,1161.59,Kalyani Nagar,411006,Society,2.16,3.87,1.28,1.11,24695.1,5731354.67,14510.96,Owner,9
SYN-00258,synthetic,https://example.com/pune-listing/258,2 BHK,644.86,769.36,11,16,6,1,Semi-Furnished,1,3,2,1,2,Ceramic,0,0,1,1,1,Covered,0,Municipal,3157.44,Kothrud,411038,Society,3.16,7.84,1.01,0.87,30775.39,5874771.16,9110.2,Owner,5
SYN-00259,synthetic,https://example.com/pune-listing/259,2 BHK,544.68,674.61,13,16,18,1,Unfurnished,0,3,2,1,3,Wooden,1,1,0,1,0,Open,0,Tanker,1835.55,Wakad,411057,Society,5.42,1.99,1.85,2.22,13489.32,2800000.0,5140.6,Owner,20
SYN-00260,synthetic,https://example.com/pune-listing/260,2 BHK,674.24,850.55,19,20,7,1,Semi-Furnished,0,2,2,1,4,Wooden,0,1,0,1,0,Covered,0,Municipal,1540.83,Pimple Saudagar,411027,Standalone,3.56,4.83,1.35,1.73,21538.31,4318070.69,6404.33,Broker,13
SYN-00261,synthetic,https://example.com/pune-listing/261,2 BHK,431.44,515.13,12,15,2,1,Fully Furnished,1,3,2,1,4,Wooden,1,1,0,0,0,Covered,0,,1705.25,Wakad,411057,Society,5.04,2.59,2.28,1.98,9966.61,5879105.95,13626.83,Owner,7
SYN-00262,synthetic,https://example.com/pune-listing/262,2 BHK,496.42,567.11,5,11,8,1,Fully Furnished,1,2,2,1,3,Wooden,1,1,1,0,0,Covered,1,Municipal,2224.09,Viman Nagar,411014,Society,2.19,4.84,1.72,1.56,26055.94,6001886.23,12090.35,Broker,25
SYN-00263,synthetic,https://example.com/pune-listing/263,3 BHK,1210.66,1446.41,8,14,6,1,Semi-Furnished,1,3,3,3,5,Marble,1,1,0,1,1,Covered,1,Borewell,5516.28,Kalyani Nagar,411006,Society,2.52,5.9,1.07,1.18,79404.6,30439785.41,25143.17,Builder,34
SYN-00264,synthetic,https://example.com/pune-listing/264,3 BHK,926.51,1064.05,15,15,16,1,Fully Furnished,1,4,2,2,5,Wooden,0,0,1,1,0,Covered,0,Corporation + Borewell,3529.43,Kalyani Nagar,411006,Standalone,3.05,3.8,1.69,1.44,43063.32,12561362.11,13557.7,Broker,16
SYN-00265,synthetic,https://example.com/pune-listing/265,2 BHK,482.0,547.81,11,16,17,1,Unfurnished,0,2,1,1,3,Vitrified,0,1,0,1,0,Open,1,Corporation + Borewell,2094.32,Pimple Saudagar,411027,Standalone,3.82,5.64,1.7,1.67,14897.39,4585278.65,9512.97,Broker,8
SYN-00266,synthetic,https://example.com/pune-listing/266,3 BHK,1403.39,1616.08,3,6,8,1,Semi-Furnished,1,3,4,2,5,Wooden,1,1,1,0,1,Covered,0,Tanker,5296.36,Aundh,411007,Society,3.48,3.28,1.73,1.6,58078.07,11570402.42,8244.61,Builder,13
SYN-00267,synthetic,https://example.com/pune-listing/267,1 BHK,454.48,571.24,4,12,9,1,Fully Furnished,1,1,0,0,1,Vitrified,1,0,0,0,0,Covered,0,Municipal,800.0,Wakad,411057,Society,4.09,2.44,2.65,2.62,14842.51,3039439.79,6687.73,Broker,37
SYN-00268,synthetic,https://example.com/pune-listing/268,4 BHK,994.09,1198.71,2,8,6,1,Unfurnished,0,4,3,4,7,Wooden,1,1,1,1,1,Covered,1,Corporation + Borewell,4563.58,Baner,411045,Society,2.48,3.27,1.65,2.11,45640.93,26480860.24,26638.29,Broker,15
SYN-00269,synthetic,https://example.com/pune-listing/269,3 BHK,1113.49,1320.16,14,14,13,1,Unfurnished,1,4,3,2,5,,0,0,1,0,0,Covered,0,Borewell,4747.62,Wakad,411057,Standalone,4.03,3.47,1.74,2.23,19605.07,5563101.41,4996.11,Owner,98
SYN-00270,synthetic,https://example.com/pune-listing/270,3 BHK,740.75,910.11,1,10,1,1,Semi-Furnished,1,4,2,3,3,Ceramic,1,1,1,1,1,Covered,0,,4042.4,Baner,411045,Society,2.52,4.41,1.57,2.2,39075.99,11754806.72,15868.88,,8
SYN-00271,synthetic,https://example.com/pune-listing/271,4 BHK,1333.55,1536.51,7,11,2,1,Unfurnished,1,4,3,4,6,Ceramic,1,1,1,1,1,Stilt,1,Tanker,6174.28,Koregaon Park,411001,Society,3.32,5.28,1.58,1.23,73264.35,29371041.1,22024.75,Broker,66
SYN-00272,synthetic,https://example.com/pune-listing/272,2 BHK,640.24,750.99,2,8,6,1,Semi-Furnished,1,2,2,2,4,Vitrified,1,1,0,0,1,Stilt,1,Municipal,3144.33,Koregaon Park,411001,Society,1.66,5.49,1.43,1.66,44074.64,17309540.97,27036.01,Owner,46
SYN-00273,synthetic,https://example.com/pune-listing/273,4 BHK,1380.47,1594.93,7,18,5,1,Semi-Furnished,1,4,4,3,7,Vitrified,1,1,0,1,0,Covered,0,,2843.68,Hadapsar,411028,Society,5.62,1.12,1.99,1.6,41829.5,8934137.14,6471.79,Broker,20
SYN-00274,synthetic,https://example.com/pune-listing/274,1 BHK,382.03,465.57,2,15,13,1,Semi-Furnished,1,1,1,0,1,Marble,1,1,0,0,1,Open,1,Municipal,800.0,Shivajinagar,411005,Society,0.87,5.54,0.64,1.46,13877.72,3216599.07,8419.84,Owner,19
SYN-00275,synthetic,https://example.com/pune-listing/275,2 BHK,575.83,706.12,1,7,11,1,Unfurnished,1,3,1,2,2,Granite,1,1,0,0,1,Covered,1,Municipal,2736.45,Koregaon Park,411001,Society,2.83,5.59,1.53,1.44,22858.17,13865510.73,24079.19,Broker,38
SYN-00276,synthetic,https://example.com/pune-listing/276,4 BHK,1701.88,1910.24,14,16,10,1,Unfurnished,1,4,4,2,5,Granite,1,1,0,0,0,Covered,1,Municipal,,Hinjewadi,411057,Society,5.71,0.64,2.07,2.73,29322.83,21289880.97,12509.6,Owner,23
SYN-00277,synthetic,https://example.com/pune-listing/277,1 BHK,342.74,426.94,4,8,15,1,Semi-Furnished,1,1,0,0,2,Wooden,1,1,0,1,0,Covered,0,Municipal,800.0,Kothrud,411038,Society,2.28,7.96,1.53,1.22,14202.47,3282725.15,9577.92,Broker,4
SYN-00278,synthetic,https://example.com/pune-listing/278,1 BHK,409.95,515.73,2,15,14,1,Unfurnished,0,2,2,0,1,Marble,1,1,0,0,1,Bike,0,Tanker,2021.51,Hinjewadi,411057,Society,6.4,0.98,2.56,2.67,7500.0,3188213.3,7776.99,Owner,30
SYN-00279,synthetic,https://example.com/pune-listing/279,1 RK,470.36,530.67,2,12,9,1,Fully Furnished,1,1,2,0,1,Marble,1,0,1,1,0,Covered,1,Borewell,1418.38,Aundh,411007,Standalone,3.25,4.68,2.04,1.88,24767.47,8504634.57,18080.97,Broker,8
SYN-00280,synthetic,https://example.com/pune-listing/280,1 RK,511.15,613.21,8,14,4,1,Fully Furnished,1,1,1,0,1,Vitrified,1,1,0,0,0,,1,Municipal,1582.9,Kothrud,411038,Standalone,2.06,7.35,1.27,1.21,15214.17,5830482.21,11406.71,Owner,35
SYN-00281,synthetic,https://example.com/pune-listing/281,2 BHK,647.95,734.18,10,14,9,1,Semi-Furnished,1,2,2,2,4,Vitrified,1,0,0,0,1,Bike,1,Tanker,3691.84,Kalyani Nagar,411006,Standalone,2.11,3.65,1.1,1.02,42301.25,19268422.5,29737.71,Owner,5
SYN-00282,synthetic,https://example.com/pune-listing/282,2 BHK,461.44,514.32,2,15,9,1,Semi-Furnished,1,3,1,1,4,Ceramic,1,1,0,0,0,Covered,1,Corporation + Borewell,800.0,Nigdi,411044,Standalone,3.87,10.01,1.92,2.73,14336.15,5762961.45,12489.13,Owner,20
SYN-00283,synthetic,https://example.com/pune-listing/283,1 BHK,320.76,389.21,2,12,10,1,Semi-Furnished,1,2,1,0,2,Vitrified,1,1,0,0,0,Stilt,1,Municipal,800.0,Wakad,411057,Society,5.55,4.24,2.07,2.04,7500.0,2800000.0,8729.38,Owner,20
SYN-00284,synthetic,https://example.com/pune-listing/284,1 BHK,382.5,413.94,1,12,15,1,Semi-Furnished,1,2,1,1,1,,1,1,1,1,1,Covered,0,Corporation + Borewell,1997.15,Kalyani Nagar,411006,Standalone,2.22,5.1,1.01,0.99,20113.69,7953989.18,20794.76,Broker,28
SYN-00285,synthetic,https://example.com/pune-listing/285,3 BHK,916.21,1092.25,7,13,2,1,Fully Furnished,1,4,3,1,4,,1,1,1,0,0,Stilt,1,Municipal,4149.97,Aundh,411007,Standalone,3.27,3.88,1.81,1.8,29166.55,20001084.41,21830.28,Broker,45
SYN-00286,synthetic,https://example.com/pune-listing/286,4 BHK,1563.81,1902.36,5,10,7,1,Fully Furnished,1,4,2,3,5,Marble,0,1,1,1,1,Covered,1,Corporation + Borewell,7506.48,Koregaon Park,411001,Standalone,2.98,5.64,1.74,1.28,118054.49,26838365.58,17162.21,Broker,38
SYN-00287,synthetic,https://example.com/pune-listing/287,2 BHK,630.23,722.84,11,12,12,1,Semi-Furnished,1,2,2,0,3,Vitrified,0,0,0,0,1,None,0,Municipal,2203.18,Aundh,411007,Society,3.38,4.29,1.5,1.46,20850.47,8368023.93,13277.73,Owner,51
SYN-00288,synthetic,https://example.com/pune-listing/288,3 BHK,1355.79,1653.12,7,8,4,1,Semi-Furnished,0,4,3,2,4,Vitrified,1,1,0,0,0,Open,1,Borewell,5668.8,Aundh,411007,Society,3.51,3.42,1.13,1.4,68213.3,13633672.47,10055.9,Owner,30
SYN-00289,synthetic,https://example.com/pune-listing/289,3 BHK,802.18,947.84,4,20,9,1,Unfurnished,0,4,3,2,4,Wooden,1,1,0,1,1,Stilt,1,Corporation + Borewell,2367.29,Shivajinagar,411005,Society,0.36,6.91,1.06,1.17,28515.36,13131109.25,16369.32,Broker,39
SYN-00290,synthetic,https://example.com/pune-listing/290,3 BHK,670.48,726.56,7,9,10,1,Semi-Furnished,1,3,2,2,4,Wooden,1,1,0,0,0,Covered,0,Corporation + Borewell,1289.1,Pimple Saudagar,411027,Society,4.5,4.05,1.1,1.75,7711.61,4545471.76,6779.39,Owner,37
SYN-00291,synthetic,https://example.com/pune-listing/291,3 BHK,798.98,903.65,9,15,13,1,Semi-Furnished,0,5,3,1,5,Granite,1,1,0,0,1,,0,Municipal,2082.74,Pimple Saudagar,411027,Society,4.55,4.57,1.28,1.89,21681.71,5870767.77,7347.85,Broker,4
SYN-00292,synthetic,https://example.com/pune-listing/292,1 RK,415.96,492.35,0,11,5,1,Semi-Furnished,1,1,1,0,1,Vitrified,1,1,0,1,0,Open,1,Municipal,3291.28,Kharadi,411014,Society,3.99,1.81,1.87,2.13,17135.64,5144276.24,12367.31,Owner,41
SYN-00293,synthetic,https://example.com/pune-listing/293,1 BHK,371.87,422.07,13,19,9,1,Unfurnished,0,1,0,0,1,Granite,1,1,0,1,0,Covered,1,Municipal,800.0,Wakad,411057,Society,3.98,2.98,2.41,2.22,13152.09,2800000.0,7529.43,Owner,40
SYN-00294,synthetic,https://example.com/pune-listing/294,2 BHK,595.72,719.05,13,14,14,1,Fully Furnished,1,2,3,1,3,Vitrified,1,1,1,1,0,Covered,0,,1572.12,Wakad,411057,Society,4.09,3.1,1.92,2.33,25376.13,7096387.46,11912.34,Owner,31
SYN-00295,synthetic,https://example.com/pune-listing/295,2 BHK,834.02,1051.94,5,6,8,1,Semi-Furnished,1,3,2,1,2,,0,0,0,0,0,Bike,0,Borewell,1727.77,Hadapsar,411028,Standalone,5.38,2.66,2.68,1.76,17015.54,6001483.64,7195.87,Broker,14
SYN-00296,synthetic,https://example.com/pune-listing/296,4 BHK,1362.91,1491.86,5,11,6,1,Unfurnished,0,5,5,2,8,Granite,1,1,0,0,0,Covered,0,Corporation + Borewell,4224.33,Wakad,411057,Society,4.87,2.4,1.79,2.3,34826.55,9170945.61,6728.96,Owner,22
SYN-00297,synthetic,https://example.com/pune-listing/297,1 BHK,390.79,470.23,5,13,1,1,Semi-Furnished,0,2,2,0,2,Vitrified,1,1,1,0,1,Stilt,1,Corporation + Borewell,,Shivajinagar,411005,Society,1.2,6.47,0.59,1.15,12611.09,3650224.38,9340.57,Broker,82
SYN-00298,synthetic,https://example.com/pune-listing/298,3 BHK,1321.62,1470.93,7,8,1,1,Fully Furnished,0,3,3,3,5,Vitrified,1,1,1,0,1,Stilt,1,Tanker,6079.32,Koregaon Park,411001,Society,2.31,5.92,1.54,1.46,89339.02,21170417.31,16018.52,Broker,29
SYN-00299,synthetic,https://example.com/pune-listing/299,3 BHK,559.18,673.6,14,16,5,1,Unfurnished,1,4,4,2,3,Granite,1,1,0,0,0,Covered,0,Corporation + Borewell,1912.79,Pune Camp,411001,Society,3.06,5.19,1.01,1.6,13182.63,6082989.61,10878.45,Builder,38
SYN-00300,synthetic,https://example.com/pune-listing/300,2 BHK,591.08,717.53,0,17,10,1,Fully Furnished,1,4,2,1,3,Wooden,1,1,0,1,0,Covered,1,Corporation + Borewell,1383.46,Wakad,411057,Society,4.14,3.96,1.84,2.44,19887.59,4609014.96,7797.64,Owner,28
SYN-00301,synthetic,https://example.com/pune-listing/301,2 BHK,570.7,698.69,8,13,8,1,Unfurnished,0,3,2,1,3,Granite,1,1,0,0,0,Covered,0,Borewell,2432.97,Kharadi,411014,Standalone,4.45,0.93,1.63,1.49,25477.57,8436694.02,14783.11,Broker,24
SYN-00302,synthetic,https://example.com/pune-listing/302,2 BHK,700.41,777.39,8,8,9,1,Semi-Furnished,1,3,1,1,2,Marble,0,0,0,0,1,Covered,1,Corporation + Borewell,3261.15,Aundh,411007,Society,3.87,3.27,1.11,1.36,21876.47,6300817.78,8995.86,Owner,34
SYN-00303,synthetic,https://example.com/pune-listing/303,2 BHK,551.62,673.27,6,10,0,1,Semi-Furnished,1,2,2,1,3,Vitrified,1,1,0,1,1,Stilt,0,Municipal,1679.33,Viman Nagar,411014,Society,3.17,6.42,1.9,1.29,29394.87,5689218.48,10313.6,Owner,10
SYN-00304,synthetic,https://example.com/pune-listing/304,1 BHK,437.99,517.39,1,16,12,1,Semi-Furnished,1,2,2,0,2,Ceramic,1,1,0,1,1,Covered,0,Corporation + Borewell,800.0,Pimple Saudagar,411027,Society,4.87,5.4,1.33,1.87,7500.0,2990753.51,6828.34,Broker,47
SYN-00305,synthetic,https://example.com/pune-listing/305,3 BHK,1169.72,1472.68,0,10,22,1,Unfurnished,1,3,4,1,5,Vitrified,1,1,0,0,0,Covered,1,Tanker,3698.62,Hinjewadi,411057,Society,5.91,0.82,2.65,2.95,36605.14,6849807.53,5855.93,Owner,33
SYN-00306,synthetic,https://example.com/pune-listing/306,3 BHK,984.13,1166.59,7,13,17,1,Unfurnished,0,2,3,2,5,Vitrified,1,1,0,0,0,Covered,0,Tanker,2306.44,Hadapsar,411028,Society,5.84,1.18,2.16,1.8,19164.04,5751590.42,5844.36,Broker,14
SYN-00307,synthetic,https://example.com/pune-listing/307,3 BHK,1115.06,1420.67,7,11,4,1,Fully Furnished,1,3,3,2,5,Vitrified,1,1,0,1,0,Stilt,1,Corporation + Borewell,4640.19,Aundh,411007,Society,4.08,4.29,1.21,1.4,35460.57,21607449.29,19377.89,Broker,17
SYN-00308,synthetic,https://example.com/pune-listing/308,2 BHK,835.61,996.2,8,15,4,1,Semi-Furnished,1,2,2,1,3,Granite,1,1,0,0,0,Covered,0,Tanker,1879.92,Hinjewadi,411057,Society,6.44,1.76,2.11,2.62,30496.22,5945516.12,7115.15,Broker,34
SYN-00309,synthetic,https://example.com/pune-listing/309,3 BHK,1042.77,1298.54,1,15,8,1,Semi-Furnished,1,3,3,2,6,Marble,0,1,0,0,0,Open,1,Tanker,2742.54,Kothrud,411038,Standalone,1.84,7.54,1.76,1.19,31082.46,8211795.16,7874.99,Broker,17
SYN-00310,synthetic,https://example.com/pune-listing/310,2 BHK,468.27,532.05,11,11,5,1,Fully Furnished,1,2,1,1,3,Marble,1,1,0,0,0,Covered,1,Tanker,,Viman Nagar,411014,Society,1.98,6.44,1.52,1.38,26115.91,4626614.16,9880.3,Owner,9
SYN-00311,synthetic,https://example.com/pune-listing/311,3 BHK,897.46,1046.9,8,15,5,1,Fully Furnished,1,4,3,3,3,Vitrified,0,0,1,1,1,Open,1,Borewell,4398.18,Koregaon Park,411001,Standalone,2.16,5.83,2.12,0.92,71334.77,21721534.09,24203.32,Owner,37
SYN-00312,synthetic,https://example.com/pune-listing/312,4 BHK,1340.91,1697.57,1,15,9,1,Semi-Furnished,1,4,3,2,4,Vitrified,1,1,1,1,0,Covered,1,Corporation + Borewell,6047.57,Baner,411045,Society,2.97,3.01,1.57,2.15,93190.86,39345921.15,29342.6,Owner,41
SYN-00313,synthetic,https://example.com/pune-listing/313,3 BHK,912.75,998.88,19,20,14,1,Semi-Furnished,1,3,3,2,6,Marble,1,0,0,1,0,Covered,0,Tanker,2941.75,Hinjewadi,411057,Society,5.71,0.2,2.43,2.16,26456.68,9375218.56,10271.4,Broker,18
SYN-00314,synthetic,https://example.com/pune-listing/314,1 BHK,479.81,566.98,8,10,0,1,Semi-Furnished,1,2,1,1,2,Granite,1,1,1,1,1,Covered,1,Municipal,2148.1,Baner,411045,Society,2.6,2.54,2.38,2.03,34592.61,8765748.59,18269.12,Owner,2
SYN-00315,synthetic,https://example.com/pune-listing/315,1 BHK,457.29,501.06,5,14,6,1,Semi-Furnished,1,2,2,0,1,Marble,1,1,0,1,0,Covered,0,Borewell,823.82,Pimple Saudagar,411027,Society,4.24,5.67,1.57,1.68,8180.48,3509943.77,7675.46,Owner,16
SYN-00316,synthetic,https://example.com/pune-listing/316,2 BHK,600.26,663.48,7,10,12,1,Unfurnished,0,2,3,2,2,Marble,1,1,1,1,0,Bike,1,Tanker,2892.53,Koregaon Park,411001,Society,1.88,4.92,1.5,0.94,27568.22,7413820.29,12351.0,Owner,29
SYN-00317,synthetic,https://example.com/pune-listing/317,2 BHK,451.68,538.48,12,13,14,1,Semi-Furnished,1,2,4,1,3,Granite,1,1,0,0,0,Covered,1,,1469.19,Kothrud,411038,Society,2.57,7.71,0.28,2.11,11781.29,3463666.53,7668.47,Owner,26
SYN-00318,synthetic,https://example.com/pune-listing/318,3 BHK,863.4,1005.92,1,16,7,1,Semi-Furnished,1,3,4,1,5,Vitrified,0,1,0,0,1,Covered,0,Municipal,3115.8,Kharadi,411014,Society,4.59,2.38,2.36,1.99,27064.27,14180348.63,16423.93,Broker,12
SYN-00319,synthetic,https://example.com/pune-listing/319,1 BHK,446.03,529.31,10,12,11,1,Semi-Furnished,1,1,0,0,2,Vitrified,1,0,0,0,0,Covered,1,Borewell,2306.54,Hadapsar,411028,Society,5.23,1.67,1.89,2.13,7981.43,5665657.22,12702.29,Broker,6
SYN-00320,synthetic,https://example.com/pune-listing/320,3 BHK,903.38,1106.06,4,15,8,1,Unfurnished,0,3,3,1,5,Granite,1,1,1,1,0,Open,0,Municipal,4266.32,Kharadi,411014,Society,4.09,1.28,1.84,2.08,35589.33,13896180.86,15382.38,Owner,18
SYN-00321,synthetic,https://example.com/pune-listing/321,1 BHK,350.92,394.64,0,11,8,1,Semi-Furnished,1,1,0,0,2,Wooden,1,1,1,1,1,Covered,1,Tanker,2718.68,Aundh,411007,Society,3.35,3.27,1.04,2.04,13483.9,5204550.86,14831.1,Broker,67
SYN-00322,synthetic,https://example.com/pune-listing/322,1 BHK,447.26,485.57,15,16,3,1,Unfurnished,1,1,0,0,2,Ceramic,1,1,0,0,0,Covered,0,Municipal,1651.41,Pimple Saudagar,411027,Society,3.48,5.24,1.26,1.8,7500.0,2800000.0,6260.27,Broker,48
SYN-00323,synthetic,https://example.com/pune-listing/323,3 BHK,888.88,1088.63,8,15,9,1,Unfurnished,1,4,3,2,3,Vitrified,1,1,0,0,0,Covered,1,Borewell,2145.86,Hinjewadi,411057,Society,6.04,0.31,2.35,2.32,22232.03,6469035.33,7277.75,Owner,45
SYN-00324,synthetic,https://example.com/pune-listing/324,2 BHK,647.07,718.69,6,10,3,1,Semi-Furnished,1,3,2,0,3,Wooden,1,1,0,0,1,Open,1,Tanker,800.0,Shivajinagar,411005,Society,0.22,6.77,1.71,0.85,28030.06,12104129.16,18706.09,Owner,8
SYN-00325,synthetic,https://example.com/pune-listing/325,2 BHK,706.91,776.1,15,15,8,1,Fully Furnished,1,2,1,1,2,Vitrified,1,1,1,1,1,Covered,1,Municipal,1997.43,Viman Nagar,411014,Society,2.94,4.69,1.9,1.68,37186.09,7284323.64,10304.42,Owner,16
SYN-00326,synthetic,https://example.com/pune-listing/326,1 BHK,351.18,415.16,1,11,4,1,Fully Furnished,1,1,1,0,1,Granite,0,0,0,0,0,Bike,1,Municipal,800.0,Kothrud,411038,Standalone,2.29,7.2,1.24,1.15,14724.1,5568794.9,15857.5,Broker,14
SYN-00327,synthetic,https://example.com/pune-listing/327,2 BHK,749.41,875.54,1,15,11,1,Unfurnished,0,3,1,1,4,Vitrified,1,1,0,0,0,Stilt,1,Borewell,3017.49,Hinjewadi,411057,Society,5.42,1.19,2.55,2.38,18817.34,5164194.03,6891.01,Owner,37
SYN-00328,synthetic,https://example.com/pune-listing/328,1 BHK,450.46,533.37,7,15,12,1,Semi-Furnished,0,2,0,0,2,Vitrified,1,1,0,1,1,Bike,1,Municipal,2585.45,Kharadi,411014,Society,4.49,0.86,1.73,2.29,19282.08,7517951.28,16689.62,Broker,23
SYN-00329,synthetic,https://example.com/pune-listing/329,3 BHK,814.57,948.88,7,18,8,1,Fully Furnished,1,4,2,2,5,Vitrified,0,1,1,0,0,Covered,1,Corporation + Borewell,3256.87,Aundh,411007,Society,3.59,3.65,1.74,1.86,35499.5,13638939.86,16743.82,Broker,22
SYN-00330,synthetic,https://example.com/pune-listing/330,1 RK,417.67,479.95,4,15,6,1,Unfurnished,0,1,0,0,1,Wooden,1,1,1,0,0,Covered,1,Corporation + Borewell,2362.63,Kothrud,411038,Society,1.99,7.16,1.23,1.6,13789.98,3961697.24,9485.13,Owner,15
SYN-00331,synthetic,https://example.com/pune-listing/331,4 BHK,1821.5,2307.19,0,18,12,1,Semi-Furnished,1,4,4,3,5,Vitrified,1,1,1,1,0,Covered,0,Corporation + Borewell,5472.61,Wakad,411057,Society,4.68,1.97,1.9,2.34,47617.14,14397353.5,7904.13,Owner,26
SYN-00332,synthetic,https://example.com/pune-listing/332,3 BHK,1016.65,1133.77,5,11,9,1,Semi-Furnished,0,4,2,2,6,Ceramic,1,1,1,0,0,Covered,0,Municipal,4408.46,Kharadi,411014,Society,3.65,0.65,1.72,2.24,25403.16,10471605.97,10300.14,Owner,22
SYN-00333,synthetic,https://example.com/pune-listing/333,3 BHK,1083.98,1376.52,10,11,17,1,Unfurnished,1,4,2,1,4,Vitrified,0,0,1,0,0,Covered,1,Municipal,2780.44,Hadapsar,411028,Standalone,4.92,0.89,2.1,2.01,22115.13,7038987.68,6493.64,Broker,6
SYN-00334,synthetic,https://example.com/pune-listing/334,3 BHK,1328.5,1552.1,2,6,5,1,Semi-Furnished,1,4,3,2,5,Vitrified,0,0,0,0,0,Covered,1,Municipal,,Wakad,411057,Standalone,4.43,2.52,2.62,1.86,36111.82,14309224.01,10770.97,,17
SYN-00335,synthetic,https://example.com/pune-listing/335,1 BHK,411.8,507.04,2,13,5,1,Semi-Furnished,1,1,0,0,1,Granite,1,0,1,1,1,Covered,1,Municipal,1958.39,Kharadi,411014,Society,4.2,1.65,2.03,1.85,11530.47,6050848.25,14693.63,Owner,62
SYN-00336,synthetic,https://example.com/pune-listing/336,4 BHK,1401.17,1753.43,16,21,10,1,Semi-Furnished,1,4,4,4,5,Marble,1,0,0,0,0,Open,1,Corporation + Borewell,,Nigdi,411044,Society,3.3,10.44,2.09,3.02,34867.95,9569174.05,6829.42,Broker,38
SYN-00337,synthetic,https://example.com/pune-listing/337,2 BHK,655.05,,10,10,5,1,Semi-Furnished,1,3,1,1,2,Vitrified,0,1,1,0,0,Covered,1,Tanker,2180.19,Hadapsar,411028,Standalone,5.11,2.14,2.23,2.36,23339.01,4668449.8,7126.81,Broker,14
SYN-00338,synthetic,https://example.com/pune-listing/338,3 BHK,683.68,846.97,6,11,6,1,Semi-Furnished,1,3,3,3,6,Vitrified,0,1,1,0,0,Covered,1,Corporation + Borewell,2857.41,Kalyani Nagar,411006,Standalone,1.85,4.97,1.3,1.45,41727.48,15313325.16,22398.45,Owner,6
SYN-00339,synthetic,https://example.com/pune-listing/339,2 BHK,501.57,628.53,7,9,7,1,Semi-Furnished,1,2,2,1,3,Wooden,1,1,1,1,0,Covered,1,Corporation + Borewell,968.95,Viman Nagar,411014,Society,2.26,5.61,2.02,1.3,22911.99,4330233.6,8633.37,Owner,57
SYN-00340,synthetic,https://example.com/pune-listing/340,3 BHK,817.88,968.32,1,10,9,1,Fully Furnished,1,3,3,1,5,Marble,0,1,0,0,0,Covered,0,Tanker,4337.44,Aundh,411007,Standalone,3.94,5.08,1.04,1.24,27983.25,15035929.79,18384.05,Owner,18
SYN-00341,synthetic,https://example.com/pune-listing/341,2 BHK,518.84,614.16,1,21,8,1,Fully Furnished,1,3,1,1,3,Marble,1,1,1,1,0,Stilt,0,Municipal,1234.28,Pune Camp,411001,Society,1.4,6.35,0.78,1.71,19461.41,4667492.85,8996.01,Owner,27
SYN-00342,synthetic,https://example.com/pune-listing/342,2 BHK,651.37,757.11,6,22,9,1,Semi-Furnished,1,2,1,1,3,Wooden,1,1,0,1,0,Open,1,Borewell,1799.71,Hinjewadi,411057,Society,6.09,2.08,2.4,2.44,15664.34,5622107.66,8631.15,Owner,34
SYN-00343,synthetic,https://example.com/pune-listing/343,3 BHK,1495.21,1768.26,3,13,15,1,Semi-Furnished,1,3,3,1,6,Marble,1,1,0,0,0,Covered,0,Municipal,4633.94,Wakad,411057,Society,5.56,1.91,2.03,2.1,26396.02,8636363.27,5776.03,Owner,19
SYN-00344,synthetic,https://example.com/pune-listing/344,4 BHK,1327.2,1574.43,11,12,12,1,Fully Furnished,1,4,3,2,7,Vitrified,0,0,0,0,0,Covered,1,Municipal,4171.73,Kharadi,411014,Standalone,4.14,1.76,1.56,1.99,69115.45,12855385.97,9686.09,Broker,9
SYN-00345,synthetic,https://example.com/pune-listing/345,2 BHK,684.75,805.71,11,13,13,1,Semi-Furnished,1,1,2,1,3,,1,1,0,0,0,Covered,1,Municipal,1946.63,Hinjewadi,411057,Society,5.46,1.08,3.18,3.01,25806.52,6247597.18,9123.91,Owner,43
SYN-00346,synthetic,https://example.com/pune-listing/346,2 BHK,754.92,847.78,4,11,6,1,Semi-Furnished,1,3,3,1,4,Ceramic,0,1,0,1,1,None,1,Borewell,3268.14,Kharadi,411014,Standalone,4.01,0.61,1.62,2.05,28228.0,8024390.12,10629.43,Owner,24
SYN-00347,synthetic,https://example.com/pune-listing/347,2 BHK,618.12,760.68,2,7,8,1,Unfurnished,1,3,1,2,3,Vitrified,0,0,1,1,1,Covered,1,Municipal,3107.62,Baner,411045,Society,3.3,3.37,1.72,2.22,27450.58,14704457.15,23788.84,Owner,66
SYN-00348,synthetic,https://example.com/pune-listing/348,1 RK,372.57,404.54,7,14,8,1,Fully Furnished,1,2,1,0,1,Vitrified,1,1,0,1,1,Open,1,Municipal,1219.67,Kharadi,411014,Society,3.83,0.71,2.33,1.68,18738.87,4646745.0,12472.17,Builder,25
SYN-00349,synthetic,https://example.com/pune-listing/349,1 BHK,473.31,544.55,13,14,5,1,Semi-Furnished,1,1,1,0,2,Vitrified,1,1,0,0,0,Covered,0,,800.0,Wakad,411057,Society,5.2,4.37,1.93,2.34,7500.0,3582287.17,7568.63,Broker,17
SYN-00350,synthetic,https://example.com/pune-listing/350,4 BHK,1366.81,1582.99,1,12,6,1,Semi-Furnished,1,4,4,3,7,Vitrified,1,1,0,0,0,Stilt,0,Borewell,3430.16,Hadapsar,411028,Society,5.03,1.67,2.18,2.35,40927.34,8713271.16,6374.89,Owner,47
SYN-00351,synthetic,https://example.com/pune-listing/351,1 BHK,501.83,579.66,6,8,12,1,Semi-Furnished,1,2,1,1,2,Ceramic,1,1,1,1,1,Covered,1,Municipal,2301.42,Baner,411045,Society,2.67,3.23,1.71,1.97,31543.46,12309991.91,24530.05,Broker,45
SYN-00352,synthetic,https://example.com/pune-listing/352,2 BHK,509.24,650.81,5,16,7,1,Fully Furnished,1,1,2,2,2,Vitrified,1,1,1,1,1,Covered,1,Municipal,2483.79,Baner,411045,Society,3.28,3.09,2.46,2.09,34287.96,9764462.79,19174.58,Owner,62
SYN-00353,synthetic,https://example.com/pune-listing/353,4 BHK,1688.48,1876.61,12,12,9,1,Fully Furnished,1,5,4,3,6,Granite,1,0,0,0,0,Covered,0,Municipal,5055.04,Pimple Saudagar,411027,Society,3.42,5.37,1.44,1.8,48963.99,15151356.72,8973.35,Owner,52
SYN-00354,synthetic,https://example.com/pune-listing/354,3 BHK,900.36,1060.58,6,7,6,1,Semi-Furnished,1,4,3,2,5,Marble,1,1,1,1,0,Stilt,0,Municipal,4805.73,Koregaon Park,411001,Society,1.8,4.35,1.66,1.04,51138.59,24844143.99,27593.47,Owner,11
SYN-00355,synthetic,https://example.com/pune-listing/355,1 BHK,388.33,443.3,7,16,11,1,Unfurnished,1,1,0,0,1,Ceramic,1,1,0,0,0,Covered,0,Municipal,984.89,Hinjewadi,411057,Society,6.09,1.14,2.19,2.55,10304.68,2800000.0,7210.43,Owner,49
SYN-00356,synthetic,https://example.com/pune-listing/356,1 BHK,430.71,485.07,1,14,9,1,Unfurnished,1,1,0,0,2,Marble,1,1,0,1,0,Open,0,Municipal,1225.08,Aundh,411007,Society,4.26,3.01,1.65,2.03,15281.75,3966372.75,9208.82,Owner,37
SYN-00357,synthetic,https://example.com/pune-listing/357,3 BHK,947.47,1184.5,10,12,5,1,Fully Furnished,1,5,3,1,4,Wooden,1,1,0,0,0,Bike,1,Tanker,2750.69,Hadapsar,411028,Society,5.41,1.53,2.26,2.31,18021.74,11704109.45,12353.07,Broker,16
SYN-00358,synthetic,https://example.com/pune-listing/358,3 BHK,787.23,929.66,7,17,5,1,Fully Furnished,1,3,3,2,5,Granite,1,1,1,0,1,Covered,1,Corporation + Borewell,3605.1,Kalyani Nagar,411006,Standalone,2.07,6.0,1.46,1.18,41799.54,24947216.6,31689.91,Owner,6
SYN-00359,synthetic,https://example.com/pune-listing/359,4 BHK,1175.25,1338.24,4,12,6,1,Unfurnished,1,5,4,2,6,Wooden,1,1,1,0,1,,1,Tanker,2434.91,Viman Nagar,411014,Society,3.24,5.29,1.45,1.22,33559.55,12524533.45,10656.88,Owner,18
SYN-00360,synthetic,https://example.com/pune-listing/360,1 BHK,426.28,463.63,2,13,8,1,Semi-Furnished,1,1,1,0,1,Ceramic,0,1,1,0,0,Covered,0,Municipal,1509.0,Pune Camp,411001,Society,2.64,6.26,1.74,2.1,16835.11,3666543.9,8601.26,Broker,55
SYN-00361,synthetic,https://example.com/pune-listing/361,2 BHK,791.24,985.43,0,14,9,1,Semi-Furnished,1,3,2,1,4,Vitrified,0,1,0,0,0,Covered,0,Corporation + Borewell,1909.08,Hinjewadi,411057,Standalone,6.54,0.95,2.89,2.43,18976.93,4130505.64,5220.31,Broker,27
SYN-00362,synthetic,https://example.com/pune-listing/362,1 BHK,500.07,599.8,1,12,12,1,Semi-Furnished,1,1,0,0,1,Ceramic,1,1,0,1,0,Covered,1,Municipal,894.56,Hadapsar,411028,Society,5.56,2.16,1.96,2.03,16043.2,3021910.07,6042.96,Owner,34
SYN-00363,synthetic,https://example.com/pune-listing/363,3 BHK,930.43,1095.84,4,14,7,1,Unfurnished,0,4,2,2,3,Marble,1,1,0,0,0,Open,0,Corporation + Borewell,2268.74,Hadapsar,411028,Society,5.71,2.22,2.69,1.7,17310.49,6701123.34,7202.15,Owner,38
SYN-00364,synthetic,https://example.com/pune-listing/364,2 BHK,635.59,775.93,3,14,2,1,Semi-Furnished,1,2,3,1,3,Wooden,1,1,0,0,0,Covered,0,,1157.32,Wakad,411057,Society,4.35,3.6,2.3,2.08,15430.21,5173869.05,8140.24,Owner,4
SYN-00365,synthetic,https://example.com/pune-listing/365,1 RK,385.08,487.61,5,6,1,1,Fully Furnished,1,1,2,1,1,Vitrified,1,1,1,1,1,Open,1,Tanker,2305.66,Kalyani Nagar,411006,Society,1.9,4.57,1.02,1.25,32438.63,9670277.69,25112.57,Broker,56
SYN-00366,synthetic,https://example.com/pune-listing/366,3 BHK,1039.66,1237.72,2,21,11,1,Semi-Furnished,1,4,2,2,4,Granite,1,1,0,0,0,Open,0,Tanker,3765.18,Hadapsar,411028,Society,5.46,2.31,2.14,1.99,15527.75,5818562.7,5596.61,Owner,12
SYN-00367,synthetic,https://example.com/pune-listing/367,3 BHK,1246.07,1430.77,7,10,5,1,Unfurnished,0,4,2,2,4,Vitrified,1,0,0,1,0,Bike,1,Corporation + Borewell,5141.03,Aundh,411007,Society,2.81,4.19,1.74,1.14,39596.73,9443790.54,7578.85,Broker,19
SYN-00368,synthetic,https://example.com/pune-listing/368,1 RK,387.75,476.94,1,13,9,1,Fully Furnished,1,1,1,0,2,Marble,1,1,1,1,0,Covered,0,Corporation + Borewell,800.0,Pimple Saudagar,411027,Society,3.78,5.17,1.27,1.64,14101.97,2943895.11,7592.3,Broker,2
SYN-00369,synthetic,https://example.com/pune-listing/369,2 BHK,847.06,954.57,7,11,4,1,Semi-Furnished,1,2,2,2,4,Wooden,1,1,1,0,0,Covered,1,Municipal,3891.56,Kalyani Nagar,411006,Society,1.7,4.8,1.13,1.38,54811.29,25358716.88,29937.26,Owner,31
SYN-00370,synthetic,https://example.com/pune-listing/370,2 BHK,636.26,792.6,7,15,6,1,Semi-Furnished,1,1,2,1,3,Marble,1,1,1,0,0,Covered,0,Corporation + Borewell,838.5,Aundh,411007,Society,2.68,4.83,1.69,1.28,20955.47,11966854.68,18808.02,Broker,14
SYN-00371,synthetic,https://example.com/pune-listing/371,1 BHK,423.47,469.12,8,14,7,1,Unfurnished,1,1,0,0,1,Vitrified,1,1,0,0,0,Covered,0,Corporation + Borewell,1342.1,Magarpatta,411013,Society,4.23,1.95,1.67,2.31,10865.42,2800000.0,6611.97,Owner,34
SYN-00372,synthetic,https://example.com/pune-listing/372,1 BHK,491.34,594.82,0,13,6,1,Semi-Furnished,1,1,1,0,1,Granite,0,0,0,0,0,Covered,0,Corporation + Borewell,1730.66,Pune Camp,411001,Standalone,2.74,5.97,1.34,1.75,11689.89,6102964.92,12421.01,Owner,34
SYN-00373,synthetic,https://example.com/pune-listing/373,3 BHK,1108.4,1240.63,1,13,3,1,Semi-Furnished,1,3,2,2,4,Ceramic,1,1,0,0,1,Covered,1,Municipal,,Aundh,411007,Society,2.82,4.6,1.38,1.76,57370.84,11670871.9,10529.49,Broker,43
SYN-00374,synthetic,https://example.com/pune-listing/374,3 BHK,837.06,939.69,10,12,6,1,Unfurnished,0,3,3,1,5,Vitrified,1,1,1,0,0,Covered,0,Tanker,1945.67,Pimple Saudagar,411027,Society,3.7,5.03,2.06,1.88,18075.99,10047057.57,12002.83,Owner,9
SYN-00375,synthetic,https://example.com/pune-listing/375,5 BHK,1767.99,2216.78,11,13,7,1,Semi-Furnished,1,5,5,3,6,Vitrified,1,1,0,1,0,,1,Borewell,5797.56,Kharadi,411014,Society,3.92,1.47,2.15,1.47,70225.33,20474374.66,11580.62,Owner,20
SYN-00376,synthetic,https://example.com/pune-listing/376,2 BHK,724.02,922.29,1,10,12,1,Unfurnished,1,3,0,1,2,Granite,1,1,0,0,0,Covered,0,Municipal,2354.77,Pune Camp,411001,Society,2.55,6.46,1.73,1.71,19051.48,8461403.17,11686.69,Owner,6
SYN-00377,synthetic,https://example.com/pune-listing/377,2 BHK,585.44,711.61,14,16,18,1,Unfurnished,0,3,2,1,3,Wooden,0,1,1,1,1,Open,1,Municipal,1653.75,Kharadi,411014,Society,4.07,1.6,2.07,2.39,22487.66,4337823.25,7409.5,Owner,45
SYN-00378,synthetic,https://example.com/pune-listing/378,1 BHK,359.87,448.34,2,11,6,1,Semi-Furnished,1,2,0,0,2,Wooden,1,1,1,1,0,Bike,1,Corporation + Borewell,800.0,Viman Nagar,411014,Society,1.95,5.23,1.6,1.47,14053.91,6192563.87,17207.89,Owner,45
SYN-00379,synthetic,https://example.com/pune-listing/379,4 BHK,1767.42,2070.61,1,14,7,1,Fully Furnished,1,4,3,3,5,Ceramic,1,1,1,0,0,Covered,1,Municipal,8674.9,Baner,411045,Society,2.35,4.09,1.38,2.11,131787.48,53297625.75,30155.52,Owner,7
SYN-00380,synthetic,https://example.com/pune-listing/380,3 BHK,1143.6,1249.41,9,10,10,1,Semi-Furnished,1,3,2,2,5,Marble,0,0,0,0,0,Stilt,1,Tanker,3829.01,Viman Nagar,411014,Standalone,2.49,7.28,2.05,1.43,36947.53,8142220.63,7119.84,Owner,15
SYN-00381,synthetic,https://example.com/pune-listing/381,1 RK,461.5,534.91,15,17,13,1,Semi-Furnished,1,1,0,0,2,,0,1,0,0,0,Bike,0,Municipal,1747.44,Hadapsar,411028,Society,5.39,2.79,2.54,2.25,13932.78,4506433.61,9764.85,Builder,23
SYN-00382,synthetic,https://example.com/pune-listing/382,2 BHK,582.58,655.98,14,15,14,1,Semi-Furnished,1,2,3,1,4,Marble,1,1,0,0,0,Open,0,Municipal,1432.17,Pimple Saudagar,411027,Society,4.29,4.16,1.12,1.9,8056.41,3324135.34,5705.9,Owner,50
SYN-00383,synthetic,https://example.com/pune-listing/383,2 BHK,504.65,551.53,2,9,8,1,Semi-Furnished,1,3,2,1,2,Vitrified,1,1,1,1,1,Covered,1,Municipal,2559.06,Kharadi,411014,Society,3.87,3.34,2.16,1.45,18545.19,6180629.12,12247.25,Owner,30
SYN-00384,synthetic,https://example.com/pune-listing/384,2 BHK,682.03,757.37,2,13,10,1,Semi-Furnished,1,2,1,1,3,Marble,0,0,0,0,0,Covered,0,Corporation + Borewell,2468.79,Pune Camp,411001,Society,2.07,5.1,1.17,1.78,13594.95,4830453.61,7082.46,Broker,12
SYN-00385,synthetic,https://example.com/pune-listing/385,1 BHK,468.34,563.96,6,11,15,1,Semi-Furnished,1,1,1,0,1,Ceramic,0,0,1,1,0,Covered,0,Municipal,1866.91,Kharadi,411014,Standalone,4.42,1.68,2.11,2.54,17097.01,6622606.93,14140.47,Owner,13
SYN-00386,synthetic,https://example.com/pune-listing/386,3 BHK,1244.78,1484.02,14,15,8,1,Fully Furnished,1,3,2,2,4,,1,1,1,1,1,Covered,1,Corporation + Borewell,6355.77,Koregaon Park,411001,Society,2.66,4.26,1.89,1.44,112538.15,37692673.15,30280.56,Owner,11
SYN-00387,synthetic,https://example.com/pune-listing/387,3 BHK,615.35,776.58,0,11,10,1,Semi-Furnished,1,3,3,2,5,Wooden,1,1,0,1,1,Covered,1,Municipal,2574.31,Kothrud,411038,Society,0.74,8.1,1.67,1.46,27772.86,9302979.69,15118.16,Owner,52
SYN-00388,synthetic,https://example.com/pune-listing/388,2 BHK,659.47,753.98,9,10,18,1,Semi-Furnished,1,2,3,2,4,Marble,0,0,0,1,1,Covered,1,Municipal,3008.22,Baner,411045,Standalone,2.87,4.53,2.07,1.96,43647.03,14773516.35,22402.17,Owner,77
SYN-00389,synthetic,https://example.com/pune-listing/389,4 BHK,1403.0,1764.05,3,14,8,1,Semi-Furnished,1,4,4,2,8,Marble,1,1,1,1,1,Covered,0,Municipal,5775.96,Baner,411045,Society,2.81,3.79,1.57,2.0,89535.62,42116991.57,30019.18,Broker,24
SYN-00390,synthetic,https://example.com/pune-listing/390,3 BHK,1279.46,1598.86,2,16,11,1,Semi-Furnished,1,3,3,1,5,Marble,1,1,0,1,0,Open,1,Municipal,4338.64,Aundh,411007,Standalone,3.73,4.14,1.77,1.81,40553.2,12305499.15,9617.73,Broker,23
SYN-00391,synthetic,https://example.com/pune-listing/391,2 BHK,565.01,718.5,8,16,5,1,Semi-Furnished,1,2,2,1,4,Vitrified,0,1,0,0,0,None,1,Borewell,849.64,Hinjewadi,411057,Standalone,5.16,0.89,2.02,2.6,7554.98,3720033.37,6583.98,Owner,47
SYN-00392,synthetic,https://example.com/pune-listing/392,2 BHK,785.93,955.25,7,10,10,1,Fully Furnished,1,3,2,1,4,Ceramic,0,1,1,0,0,Stilt,1,Corporation + Borewell,3171.02,Kharadi,411014,Standalone,4.17,1.19,1.6,1.97,35207.35,7777143.41,9895.43,Broker,70
SYN-00393,synthetic,https://example.com/pune-listing/393,3 BHK,803.12,916.32,8,21,11,1,Semi-Furnished,1,3,2,1,4,Ceramic,0,0,0,1,0,Open,1,Municipal,1501.56,Hadapsar,411028,Society,6.43,2.31,2.62,2.11,20436.26,6495869.83,8088.33,Builder,25
SYN-00394,synthetic,https://example.com/pune-listing/394,3 BHK,1293.23,1543.3,5,17,10,1,Unfurnished,1,4,3,2,4,Marble,1,1,1,0,0,Covered,0,Borewell,3777.82,Pimple Saudagar,411027,Society,4.21,5.18,1.68,1.97,42790.17,12290178.88,9503.51,Owner,36
SYN-00395,synthetic,https://example.com/pune-listing/395,3 BHK,1158.26,1339.99,16,18,6,1,Semi-Furnished,1,3,3,2,4,Marble,1,1,0,1,0,Bike,0,Tanker,4631.3,Aundh,411007,Society,3.87,4.39,1.97,1.85,39419.92,13283056.17,11468.15,Owner,103
SYN-00396,synthetic,https://example.com/pune-listing/396,2 BHK,536.73,640.72,10,10,11,1,Fully Furnished,1,2,2,2,3,Granite,1,0,1,1,0,Covered,1,Borewell,2018.74,Baner,411045,Society,3.59,2.33,1.78,2.0,32620.52,16465222.4,30677.15,Builder,20
SYN-00397,synthetic,https://example.com/pune-listing/397,3 BHK,1256.79,1377.67,5,6,4,1,Semi-Furnished,1,3,2,2,5,Vitrified,0,0,1,1,0,Covered,1,Borewell,4858.73,Shivajinagar,411005,Standalone,1.3,6.92,1.27,1.32,51224.4,21885138.59,17413.56,Broker,9
SYN-00398,synthetic,https://example.com/pune-listing/398,2 BHK,626.82,759.96,15,17,9,1,Semi-Furnished,0,2,3,1,3,Ceramic,1,1,1,1,0,Stilt,0,Borewell,1495.36,Aundh,411007,Society,3.47,3.89,1.25,1.68,25558.89,10181733.23,16243.59,Builder,53
SYN-00399,synthetic,https://example.com/pune-listing/399,3 BHK,1242.35,1517.75,0,13,12,1,Unfurnished,0,4,2,2,5,Marble,1,1,0,0,0,Open,0,Borewell,3826.91,Kharadi,411014,Society,4.45,2.03,2.4,2.17,47803.08,8780584.93,7067.7,Broker,21
SYN-00400,synthetic,https://example.com/pune-listing/400,1 BHK,352.38,406.81,11,12,7,1,Semi-Furnished,1,2,1,0,2,Marble,0,0,0,1,0,Stilt,1,Municipal,2490.44,Shivajinagar,411005,Standalone,1.34,7.3,0.91,1.04,14063.71,3710189.61,10528.9,Owner,15
SYN-00401,synthetic,https://example.com/pune-listing/401,3 BHK,1030.78,1208.0,1,14,8,1,Fully Furnished,1,3,2,1,5,Vitrified,1,1,0,0,0,Covered,1,Municipal,2709.93,Nigdi,411044,Society,3.65,10.37,2.02,2.96,38519.73,7365218.79,7145.3,Owner,26
SYN-00402,synthetic,https://example.com/pune-listing/402,1 BHK,361.8,402.24,5,15,13,1,Semi-Furnished,1,1,1,0,2,Granite,1,1,0,0,0,Open,0,Tanker,800.0,Magarpatta,411013,Society,5.27,0.57,1.47,2.23,7500.0,2800000.0,7739.16,Builder,20
SYN-00403,synthetic,https://example.com/pune-listing/403,4 BHK,1264.98,1421.69,10,14,6,1,Semi-Furnished,1,4,4,3,6,Vitrified,1,1,1,0,1,Stilt,1,Corporation + Borewell,3204.69,Kharadi,411014,Society,5.24,1.72,1.92,2.09,52985.09,10991712.99,8689.26,Builder,10
SYN-00404,synthetic,https://example.com/pune-listing/404,3 BHK,1152.2,1446.6,1,12,9,1,Unfurnished,0,3,3,2,4,Vitrified,1,1,0,0,0,Covered,1,Municipal,3626.95,Aundh,411007,Society,2.63,5.0,1.62,1.52,44325.31,9948618.06,8634.48,Broker,15
SYN-00405,synthetic,https://example.com/pune-listing/405,1 BHK,384.98,438.96,2,11,11,1,Unfurnished,0,1,0,0,2,Marble,1,1,0,1,0,Open,1,Borewell,1541.65,Nigdi,411044,Society,3.79,8.75,1.65,2.43,7500.0,2800000.0,7273.04,Broker,18
SYN-00406,synthetic,https://example.com/pune-listing/406,2 BHK,590.89,711.59,4,14,9,1,Unfurnished,1,2,2,1,3,Ceramic,1,1,0,0,0,Stilt,0,,1172.69,Hinjewadi,411057,Society,6.12,0.66,2.36,2.84,15447.01,6001728.8,10157.18,Broker,33
SYN-00407,synthetic,https://example.com/pune-listing/407,5 BHK,1647.77,2036.19,3,12,12,1,Fully Furnished,1,6,4,2,7,Wooden,1,1,1,0,1,Covered,1,Municipal,6215.01,Aundh,411007,Society,2.96,3.05,1.66,1.22,96408.37,25768990.5,15638.72,Owner,19
SYN-00408,synthetic,https://example.com/pune-listing/408,1 BHK,297.43,334.53,11,11,14,1,Unfurnished,0,1,1,0,1,Granite,1,0,0,0,0,Covered,1,Borewell,1395.88,Kothrud,411038,Society,1.28,7.8,1.28,1.05,15773.3,2800000.0,9414.05,Broker,68
SYN-00409,synthetic,https://example.com/pune-listing/409,3 BHK,831.61,900.07,10,16,10,1,Fully Furnished,0,4,3,2,5,Vitrified,1,1,0,0,0,Open,1,Municipal,3504.87,Shivajinagar,411005,Society,0.62,6.14,0.85,1.22,40184.38,15836118.95,19042.78,Owner,77
SYN-00410,synthetic,https://example.com/pune-listing/410,1 BHK,372.18,423.22,3,10,9,1,Semi-Furnished,1,1,2,0,1,Vitrified,1,1,0,0,1,Covered,0,Corporation + Borewell,922.75,Pimple Saudagar,411027,Society,4.77,4.09,2.31,1.81,7500.0,2815603.79,7565.25,Owner,37
SYN-00411,synthetic,https://example.com/pune-listing/411,2 BHK,787.18,963.6,4,10,0,1,Fully Furnished,1,2,2,2,2,Ceramic,0,0,0,1,1,Stilt,1,Municipal,4306.24,Kalyani Nagar,411006,Standalone,1.75,4.05,1.65,1.5,44581.52,28102012.09,35699.8,Broker,44
SYN-00412,synthetic,https://example.com/pune-listing/412,3 BHK,928.5,1064.74,11,12,4,1,Semi-Furnished,1,4,1,2,4,Vitrified,1,1,1,0,0,Open,1,Borewell,2887.34,Shivajinagar,411005,Society,0.3,6.9,0.9,1.15,47095.79,9328910.36,10047.3,Owner,8
SYN-00413,synthetic,https://example.com/pune-listing/413,2 BHK,612.82,775.52,0,14,8,1,Unfurnished,1,3,2,0,3,,1,1,0,1,1,Covered,0,Borewell,2711.41,Kothrud,411038,Society,1.89,7.47,1.0,0.97,30547.65,8393038.11,13695.74,Owner,6
SYN-00414,synthetic,https://example.com/pune-listing/414,3 BHK,970.82,1212.34,3,13,9,1,Semi-Furnished,1,3,2,2,5,Granite,1,1,1,0,1,Covered,0,Municipal,3529.89,Shivajinagar,411005,Society,0.48,6.04,1.04,1.11,39289.18,15322208.17,15782.71,Broker,27
SYN-00415,synthetic,https://example.com/pune-listing/415,3 BHK,1080.93,,13,14,14,1,Fully Furnished,1,3,2,1,4,Ceramic,1,1,1,1,0,Covered,1,Corporation + Borewell,3125.8,Wakad,411057,Society,3.76,3.91,2.29,2.09,21396.04,8105149.71,7498.29,Owner,10
SYN-00416,synthetic,https://example.com/pune-listing/416,2 BHK,675.71,750.25,6,15,8,1,Unfurnished,0,3,1,1,4,Vitrified,1,1,1,0,1,Covered,1,Tanker,2119.8,Nigdi,411044,Society,4.02,10.91,1.97,2.8,19168.28,4399065.59,6510.33,Broker,50
SYN-00417,synthetic,https://example.com/pune-listing/417,2 BHK,681.51,790.91,11,12,11,1,Fully Furnished,1,2,3,2,2,Vitrified,1,1,0,1,1,Covered,1,Corporation + Borewell,,Koregaon Park,411001,Society,3.09,5.44,1.68,0.98,41782.06,18276464.36,26817.78,Owner,41
SYN-00418,synthetic,https://example.com/pune-listing/418,1 RK,410.28,447.89,5,13,12,1,Semi-Furnished,1,1,2,0,1,,0,0,0,0,0,Covered,1,Corporation + Borewell,800.0,Hinjewadi,411057,Standalone,6.1,1.47,2.71,2.58,10981.6,2800000.0,6824.6,Owner,38
SYN-00419,synthetic,https://example.com/pune-listing/419,3 BHK,810.02,,11,13,15,1,Semi-Furnished,1,3,3,2,6,Wooden,0,0,0,1,0,None,1,Corporation + Borewell,2381.91,Magarpatta,411013,Standalone,4.52,2.37,2.1,2.46,14028.86,5544889.05,6845.35,,67
SYN-00420,synthetic,https://example.com/pune-listing/420,2 BHK,649.34,740.83,0,10,8,1,Semi-Furnished,1,3,2,1,3,Marble,0,1,0,0,0,Open,0,Municipal,1816.5,Viman Nagar,411014,Standalone,1.9,4.86,2.16,1.48,24732.12,5870322.7,9040.51,Owner,5
SYN-00421,synthetic,https://example.com/pune-listing/421,2 BHK,649.37,713.48,3,11,13,1,Fully Furnished,1,2,3,1,2,Marble,0,0,1,1,0,Covered,0,Tanker,2847.02,Kharadi,411014,Standalone,4.3,0.85,2.0,2.04,28198.6,7303561.78,11247.13,Broker,15
SYN-00422,synthetic,https://example.com/pune-listing/422,2 BHK,743.5,851.33,7,11,11,1,Fully Furnished,0,2,3,2,3,Granite,1,1,0,1,1,Covered,1,,2165.27,Kalyani Nagar,411006,Society,2.16,4.04,1.42,1.11,45153.6,8927610.83,12007.61,Owner,68
SYN-00423,synthetic,https://example.com/pune-listing/423,2 BHK,558.02,705.77,2,7,8,1,Fully Furnished,1,3,1,2,4,Granite,1,1,1,1,1,Covered,1,Borewell,2715.43,Koregaon Park,411001,Society,2.3,5.77,1.57,1.44,50190.06,18644871.82,33412.53,Broker,33
SYN-00424,synthetic,https://example.com/pune-listing/424,5 BHK,1636.16,1837.19,6,15,7,1,Semi-Furnished,1,5,3,4,6,Wooden,1,1,1,1,0,Bike,1,Municipal,7079.92,Koregaon Park,411001,Society,2.88,5.13,1.58,1.33,116912.86,46642050.26,28507.06,Owner,14
SYN-00425,synthetic,https://example.com/pune-listing/425,1 RK,330.67,371.76,3,12,6,1,Semi-Furnished,1,1,3,0,1,Wooden,1,1,0,0,0,Open,1,Tanker,,Kharadi,411014,Society,4.21,0.38,2.79,1.94,11350.15,3562697.47,10774.04,Owner,24
SYN-00426,synthetic,https://example.com/pune-listing/426,3 BHK,978.23,1162.54,1,14,14,1,Semi-Furnished,1,3,2,2,5,Granite,1,1,0,0,1,Covered,0,Tanker,2857.18,Hadapsar,411028,Society,5.19,1.67,2.15,2.28,21068.84,11954697.01,12220.69,Owner,11
SYN-00427,synthetic,https://example.com/pune-listing/427,1 BHK,383.35,427.03,2,12,20,1,Unfurnished,0,1,0,0,1,Vitrified,1,1,1,0,0,Covered,0,Municipal,800.0,Pimple Saudagar,411027,Society,4.58,5.35,1.26,2.14,11008.25,3408846.4,8892.15,Owner,45
SYN-00428,synthetic,https://example.com/pune-listing/428,2 BHK,662.73,740.72,19,20,16,1,Unfurnished,0,3,1,1,4,Vitrified,0,0,0,0,0,Covered,0,Corporation + Borewell,,Pimple Saudagar,411027,Standalone,4.19,4.44,1.14,1.67,10672.64,6895241.87,10404.26,Owner,9
SYN-00429,synthetic,https://example.com/pune-listing/429,1 BHK,483.04,587.65,3,12,4,1,Unfurnished,0,1,0,0,2,Vitrified,1,1,0,1,1,Stilt,1,Borewell,2009.25,Shivajinagar,411005,Society,0.24,7.62,1.11,1.31,17883.66,7955211.33,16468.99,Owner,48
SYN-00430,synthetic,https://example.com/pune-listing/430,4 BHK,1550.81,1850.76,7,13,11,1,Fully Furnished,1,5,4,2,7,Ceramic,1,1,0,1,0,Covered,1,Corporation + Borewell,4906.83,Nigdi,411044,Society,4.43,8.98,2.17,2.42,57766.79,14521921.86,9364.09,Owner,45
SYN-00431,synthetic,https://example.com/pune-listing/431,2 BHK,612.12,681.26,2,9,9,1,Semi-Furnished,1,3,4,1,2,Vitrified,1,1,1,0,1,Bike,1,Tanker,2390.54,Kothrud,411038,Society,1.88,7.41,1.18,1.29,27674.93,6354707.46,10381.54,Broker,28
SYN-00432,synthetic,https://example.com/pune-listing/432,2 BHK,631.59,802.58,9,16,12,1,Fully Furnished,1,2,3,1,3,Vitrified,0,1,1,0,0,Stilt,1,Municipal,910.07,Viman Nagar,411014,Society,2.84,5.11,1.97,1.6,16986.55,11996229.67,18993.8,Broker,35
SYN-00433,synthetic,https://example.com/pune-listing/433,2 BHK,553.51,696.61,5,12,10,1,Fully Furnished,1,2,2,1,2,Vitrified,1,1,0,1,0,Bike,1,,2697.41,Kothrud,411038,Society,2.02,6.47,1.16,1.1,32651.12,5541022.61,10010.67,Broker,36
SYN-00434,synthetic,https://example.com/pune-listing/434,3 BHK,1171.77,1342.04,6,11,15,1,Fully Furnished,1,3,3,1,5,Vitrified,1,1,0,0,0,Covered,0,Borewell,3396.67,Hinjewadi,411057,Society,6.41,1.42,2.15,2.82,36894.27,7049229.11,6015.89,Broker,28
SYN-00435,synthetic,https://example.com/pune-listing/435,1 BHK,387.79,481.06,3,7,16,1,Semi-Furnished,1,1,1,0,1,Granite,0,1,0,0,0,Covered,1,Corporation + Borewell,2489.82,Kharadi,411014,Society,4.88,1.33,1.71,1.99,15429.54,5938404.48,15313.28,Broker,23
SYN-00436,synthetic,https://example.com/pune-listing/436,2 BHK,784.47,859.23,8,15,0,1,Semi-Furnished,1,2,1,1,3,Wooden,0,1,1,1,0,Bike,1,Municipal,3609.9,Koregaon Park,411001,Standalone,1.79,4.43,1.6,0.98,50957.61,19004784.61,24226.37,,28
SYN-00437,synthetic,https://example.com/pune-listing/437,1 RK,523.83,644.35,7,9,14,1,Semi-Furnished,1,2,2,0,2,Marble,0,0,1,0,0,Covered,0,Corporation + Borewell,2419.62,Kharadi,411014,Standalone,4.81,0.97,2.05,1.89,15752.4,8338729.33,15918.72,Owner,15
SYN-00438,synthetic,https://example.com/pune-listing/438,1 BHK,349.7,430.67,4,20,5,1,Unfurnished,1,1,0,0,2,Vitrified,1,1,0,1,0,Open,0,Corporation + Borewell,800.0,Hadapsar,411028,Society,5.44,2.35,2.14,2.23,10790.29,2846965.63,8141.09,Broker,10
SYN-00439,synthetic,https://example.com/pune-listing/439,1 BHK,443.29,562.7,10,11,7,1,Unfurnished,0,1,1,0,1,Marble,0,1,0,0,1,Open,0,Tanker,1880.23,Wakad,411057,Society,4.2,2.81,2.37,2.27,7500.0,2800000.0,6316.35,Broker,34
SYN-00440,synthetic,https://example.com/pune-listing/440,3 BHK,911.59,1141.2,4,15,6,1,Unfurnished,0,3,3,2,6,Wooden,1,0,1,0,0,Stilt,0,Tanker,2374.15,Nigdi,411044,Society,4.18,9.96,1.89,2.23,25989.9,5411666.78,5936.5,Owner,34
SYN-00441,synthetic,https://example.com/pune-listing/441,1 BHK,455.36,516.55,3,11,9,1,Semi-Furnished,1,2,2,0,2,Vitrified,1,1,1,0,0,None,1,Tanker,1545.4,Kothrud,411038,Society,1.62,6.11,1.61,1.24,21001.27,3810664.79,8368.47,Owner,26
SYN-00442,synthetic,https://example.com/pune-listing/442,1 BHK,430.31,523.84,12,12,6,1,Unfurnished,1,2,0,0,1,Granite,1,1,0,0,0,Covered,1,Borewell,1386.59,Magarpatta,411013,Standalone,5.8,2.03,1.81,2.28,7500.0,2802285.7,6512.29,Builder,20
SYN-00443,synthetic,https://example.com/pune-listing/443,3 BHK,855.47,1060.72,15,19,4,1,Unfurnished,0,4,2,1,3,Vitrified,1,1,1,0,0,Open,1,Tanker,,Hinjewadi,411057,Society,5.47,0.83,2.93,2.7,21232.43,7359084.8,8602.38,Broker,27
SYN-00444,synthetic,https://example.com/pune-listing/444,3 BHK,1244.42,1463.2,16,17,9,1,Fully Furnished,1,3,3,2,5,Ceramic,1,1,0,0,0,Bike,0,Corporation + Borewell,3637.88,Pune Camp,411001,Society,2.67,7.01,2.2,2.1,48600.38,10962524.45,8809.35,Builder,22
SYN-00445,synthetic,https://example.com/pune-listing/445,2 BHK,603.79,690.56,0,7,4,1,Unfurnished,1,2,2,2,4,Vitrified,1,1,1,0,1,Covered,1,Borewell,2053.58,Koregaon Park,411001,Society,2.9,4.47,0.97,1.41,29728.41,14663672.24,24286.2,Builder,32
SYN-00446,synthetic,https://example.com/pune-listing/446,1 RK,390.22,466.48,16,16,10,1,Semi-Furnished,1,1,1,0,2,Vitrified,1,1,1,1,0,Covered,0,Municipal,1155.55,Aundh,411007,Society,3.3,5.31,1.01,1.92,10077.03,3141299.82,8050.02,,63
SYN-00447,synthetic,https://example.com/pune-listing/447,3 BHK,1179.8,1400.75,5,14,10,1,Unfurnished,1,3,3,2,5,Vitrified,0,1,0,1,0,Covered,0,,4031.41,Nigdi,411044,Standalone,3.08,11.43,1.57,2.93,34354.9,14312137.69,12130.97,Owner,13
SYN-00448,synthetic,https://example.com/pune-listing/448,2 BHK,698.58,854.84,5,10,10,1,Unfurnished,0,3,3,1,4,Granite,1,0,0,0,0,Covered,0,Tanker,1026.39,Pimple Saudagar,411027,Society,4.54,5.14,2.13,2.06,14457.94,8342624.28,11942.27,,40
SYN-00449,synthetic,https://example.com/pune-listing/449,2 BHK,584.86,670.44,9,15,13,1,Semi-Furnished,1,3,2,1,3,Granite,0,0,0,0,0,Covered,0,Tanker,1244.56,Wakad,411057,Standalone,4.4,3.06,1.91,1.89,14971.08,2800000.0,4787.46,Broker,73
SYN-00450,synthetic,https://example.com/pune-listing/450,3 BHK,858.32,1074.85,9,11,5,1,Semi-Furnished,1,3,3,3,4,Wooden,1,1,0,1,1,Covered,1,Municipal,5309.46,Baner,411045,Society,4.24,3.04,1.94,2.4,61408.42,11988742.0,13967.7,Builder,52
SYN-00451,synthetic,https://example.com/pune-listing/451,1 BHK,320.9,,7,12,11,1,Unfurnished,1,1,0,0,2,Wooden,1,1,0,0,1,Open,1,Tanker,1540.36,Viman Nagar,411014,Society,2.16,6.08,1.5,1.13,11095.97,4474728.57,13944.15,Owner,59
SYN-00452,synthetic,https://example.com/pune-listing/452,2 BHK,888.1,1040.02,2,8,8,1,Fully Furnished,1,2,1,1,3,,0,0,0,1,1,Covered,1,Municipal,4983.82,Kalyani Nagar,411006,Standalone,1.49,5.11,1.6,1.29,42737.18,13008610.21,14647.67,Broker,12
SYN-00453,synthetic,https://example.com/pune-listing/453,3 BHK,804.41,896.98,7,12,2,1,Semi-Furnished,1,3,2,2,4,Wooden,1,1,0,0,0,Covered,1,Municipal,992.95,Hadapsar,411028,Society,5.51,1.36,2.3,2.42,23005.73,6706244.67,8336.8,Owner,32
SYN-00454,synthetic,https://example.com/pune-listing/454,3 BHK,847.82,989.59,0,15,9,1,Semi-Furnished,1,4,4,2,4,Vitrified,0,0,0,0,1,Open,1,Municipal,3645.7,Kharadi,411014,Standalone,4.34,1.96,2.06,2.3,29513.07,6649542.86,7843.11,Owner,35
SYN-00455,synthetic,https://example.com/pune-listing/455,3 BHK,894.28,980.15,10,11,6,1,Fully Furnished,1,2,5,2,5,Wooden,1,1,0,1,1,Covered,0,Corporation + Borewell,4579.23,Kalyani Nagar,411006,Society,1.81,4.13,1.89,1.16,57456.7,27069918.01,30269.98,Broker,9
SYN-00456,synthetic,https://example.com/pune-listing/456,2 BHK,697.21,775.18,13,13,15,1,Semi-Furnished,0,2,2,1,4,Granite,1,1,0,0,1,Covered,0,Municipal,1795.14,Hadapsar,411028,Society,5.11,1.57,2.4,1.99,17700.91,7422980.7,10646.72,Broker,6
SYN-00457,synthetic,https://example.com/pune-listing/457,1 BHK,531.31,672.82,11,12,12,1,Semi-Furnished,1,2,1,1,1,Marble,0,0,1,1,1,Bike,1,Borewell,2512.55,Kalyani Nagar,411006,Standalone,0.91,5.06,1.33,1.12,36080.03,11781535.0,22174.4,Broker,21
SYN-00458,synthetic,https://example.com/pune-listing/458,2 BHK,619.28,719.15,7,9,11,1,Fully Furnished,1,3,2,2,4,Wooden,0,1,1,1,1,Covered,1,Corporation + Borewell,2819.74,Koregaon Park,411001,Standalone,3.23,5.5,1.4,0.71,38793.21,16755161.74,27055.83,Owner,7
SYN-00459,synthetic,https://example.com/pune-listing/459,2 BHK,655.24,780.79,0,10,12,1,Unfurnished,0,3,2,1,3,Marble,0,1,0,0,0,Bike,0,Corporation + Borewell,2465.29,Hinjewadi,411057,Standalone,6.11,1.26,3.01,2.53,12042.02,3869406.72,5905.29,Broker,23
SYN-00460,synthetic,https://example.com/pune-listing/460,2 BHK,618.37,704.27,4,13,6,1,Semi-Furnished,1,2,2,1,2,Wooden,1,1,0,0,0,Covered,1,Municipal,1721.21,Hinjewadi,411057,Society,6.36,0.81,2.53,2.4,12397.75,4350765.56,7035.83,Owner,25
SYN-00461,synthetic,https://example.com/pune-listing/461,4 BHK,1383.03,1710.29,14,17,6,1,Semi-Furnished,1,5,2,4,6,Granite,0,1,0,0,1,Covered,1,Municipal,5807.94,Kothrud,411038,Standalone,1.9,6.85,1.22,1.9,67522.1,13340082.29,9645.56,Builder,33
SYN-00462,synthetic,https://example.com/pune-listing/462,1 BHK,443.7,493.94,5,11,8,1,Unfurnished,0,2,1,0,1,Wooden,1,1,1,1,1,Covered,1,Borewell,1825.78,Shivajinagar,411005,Society,1.52,7.36,1.23,1.23,22538.4,2846548.19,6415.53,,35
SYN-00463,synthetic,https://example.com/pune-listing/463,2 BHK,493.45,580.55,6,17,16,1,Semi-Furnished,1,3,2,0,4,Ceramic,1,1,0,0,0,Open,0,Municipal,1251.07,Hinjewadi,411057,Standalone,6.55,1.15,2.13,2.68,7668.48,2800000.0,5674.37,Owner,30
SYN-00464,synthetic,https://example.com/pune-listing/464,3 BHK,951.86,1182.21,4,9,8,1,Semi-Furnished,1,3,3,2,4,Granite,1,1,0,0,0,,1,Tanker,3604.97,Wakad,411057,Standalone,4.8,1.37,2.25,2.09,15670.88,6473815.77,6801.23,Broker,17
SYN-00465,synthetic,https://example.com/pune-listing/465,2 BHK,612.37,737.61,0,13,4,1,Semi-Furnished,1,4,1,0,2,Vitrified,1,1,0,0,0,Covered,1,Municipal,1898.01,Wakad,411057,Society,5.35,2.02,2.75,2.07,21217.08,4016471.15,6558.88,Broker,18
SYN-00466,synthetic,https://example.com/pune-listing/466,3 BHK,1379.37,1513.93,10,14,12,1,Unfurnished,0,3,3,1,5,Marble,1,1,0,0,0,Bike,1,Tanker,3838.88,Wakad,411057,Society,4.61,1.65,2.02,2.17,33747.18,8779499.33,6364.87,Owner,23
SYN-00467,synthetic,https://example.com/pune-listing/467,2 BHK,611.7,749.26,9,13,12,1,Unfurnished,0,3,2,0,2,Marble,0,0,0,0,0,Covered,0,Municipal,1372.51,Magarpatta,411013,Standalone,4.49,1.06,1.98,2.55,12953.66,4415679.46,7218.71,Broker,31
SYN-00468,synthetic,https://example.com/pune-listing/468,1 BHK,449.66,524.46,8,10,13,1,Fully Furnished,1,1,0,0,2,Vitrified,0,0,0,0,0,Covered,1,Corporation + Borewell,800.0,Viman Nagar,411014,Standalone,1.71,5.91,1.78,1.33,18080.67,4201256.36,9343.26,Broker,8
SYN-00469,synthetic,https://example.com/pune-listing/469,3 BHK,1019.2,,9,15,6,1,Fully Furnished,1,3,3,1,4,Wooden,1,1,0,1,0,Covered,0,Municipal,3722.81,Kharadi,411014,Society,3.97,1.75,2.3,1.6,51045.41,20023330.57,19646.11,Builder,30
SYN-00470,synthetic,https://example.com/pune-listing/470,2 BHK,404.03,471.59,0,17,14,1,Semi-Furnished,0,3,2,1,4,Vitrified,1,1,0,0,0,Open,1,Municipal,800.0,Nigdi,411044,Society,3.45,10.03,1.57,2.41,9211.53,4573153.5,11318.83,Builder,12
SYN-00471,synthetic,https://example.com/pune-listing/471,3 BHK,754.47,888.08,1,10,4,1,Fully Furnished,1,3,3,2,3,Marble,1,1,1,1,0,Covered,1,Corporation + Borewell,2488.97,Baner,411045,Society,2.99,2.74,1.49,2.06,49043.12,25890769.34,34316.46,Broker,25
SYN-00472,synthetic,https://example.com/pune-listing/472,2 BHK,501.49,609.38,6,15,11,1,Fully Furnished,1,3,2,2,3,Wooden,1,1,0,1,0,None,1,,3024.42,Koregaon Park,411001,Society,3.06,4.33,2.12,1.24,25879.53,7126134.85,14209.9,Broker,27
SYN-00473,synthetic,https://example.com/pune-listing/473,1 BHK,504.5,589.15,13,14,4,1,Semi-Furnished,1,1,1,0,1,Marble,1,1,0,0,0,Open,0,Corporation + Borewell,1189.52,Hinjewadi,411057,Society,6.06,1.28,2.27,2.93,20430.31,4173993.69,8273.53,Owner,3
SYN-00474,synthetic,https://example.com/pune-listing/474,3 BHK,809.71,910.59,3,6,4,1,Fully Furnished,1,3,4,3,5,Marble,1,1,0,1,0,Covered,1,,3264.68,Kalyani Nagar,411006,Standalone,2.05,6.82,0.55,1.46,68593.72,25981451.19,32087.17,Broker,28
SYN-00475,synthetic,https://example.com/pune-listing/475,1 BHK,454.18,558.54,9,13,13,1,Unfurnished,1,2,0,0,1,Vitrified,1,1,0,1,0,Covered,0,Borewell,800.0,Pune Camp,411001,Society,2.52,6.98,1.39,1.87,8682.77,3156512.83,6949.97,,67
SYN-00476,synthetic,https://example.com/pune-listing/476,1 BHK,473.99,571.03,13,13,9,1,Fully Furnished,1,1,0,1,1,Wooden,1,1,0,1,1,Covered,1,Corporation + Borewell,1917.49,Koregaon Park,411001,Society,1.78,4.97,1.18,1.12,24905.42,15305827.71,32291.22,Owner,28
SYN-00477,synthetic,https://example.com/pune-listing/477,1 BHK,387.91,448.84,0,14,11,1,Semi-Furnished,1,1,2,0,1,Marble,1,1,0,0,0,Covered,1,Corporation + Borewell,800.0,Pune Camp,411001,Society,1.57,7.55,1.55,1.91,10192.82,4486294.66,11565.15,Builder,18
SYN-00478,synthetic,https://example.com/pune-listing/478,2 BHK,512.14,644.46,7,13,16,1,Semi-Furnished,1,3,0,1,3,Wooden,1,0,1,0,0,Bike,0,Tanker,957.46,Aundh,411007,Society,3.53,2.51,1.49,1.49,22687.54,3671511.24,7169.02,Broker,48
SYN-00479,synthetic,https://example.com/pune-listing/479,1 RK,436.01,538.96,5,10,15,1,Fully Furnished,1,2,0,0,2,Ceramic,1,0,0,1,0,Covered,1,Corporation + Borewell,800.0,Viman Nagar,411014,Society,2.6,4.88,1.89,1.74,21473.78,6531572.85,14980.33,Owner,47
SYN-00480,synthetic,https://example.com/pune-listing/480,5 BHK,1867.63,2222.02,3,11,12,1,Semi-Furnished,1,6,5,2,9,Wooden,0,0,1,1,0,Covered,1,Municipal,7320.58,Aundh,411007,Standalone,3.68,2.64,1.69,1.21,88989.69,16179018.37,8662.88,Broker,54
SYN-00481,synthetic,https://example.com/pune-listing/481,2 BHK,651.56,743.33,3,13,6,1,Unfurnished,1,2,1,1,4,Ceramic,0,0,0,0,0,Stilt,0,Municipal,996.97,Hadapsar,411028,Society,5.53,3.14,1.92,2.39,11869.75,2980576.69,4574.55,Broker,62
SYN-00482,synthetic,https://example.com/pune-listing/482,2 BHK,514.32,637.18,13,15,8,1,Fully Furnished,1,3,2,1,3,Marble,1,1,1,1,1,Bike,1,Corporation + Borewell,2834.15,Viman Nagar,411014,Society,2.44,6.83,1.25,1.1,19964.72,5919331.47,11508.94,Broker,44
SYN-00483,synthetic,https://example.com/pune-listing/483,1 BHK,330.03,405.23,1,15,10,1,Fully Furnished,1,1,2,0,1,Vitrified,0,0,1,0,1,Covered,1,Borewell,1786.07,Aundh,411007,Society,2.51,4.2,1.51,1.47,12059.56,3424518.22,10376.51,Broker,30
SYN-00484,synthetic,https://example.com/pune-listing/484,2 BHK,599.2,701.98,0,13,10,1,Semi-Furnished,1,3,2,1,4,Ceramic,1,1,0,1,0,Stilt,0,Corporation + Borewell,1119.97,Kothrud,411038,Standalone,1.59,7.34,1.4,1.49,18779.59,4484342.87,7483.92,Owner,40
SYN-00485,synthetic,https://example.com/pune-listing/485,4 BHK,1415.42,1705.68,5,14,10,1,Unfurnished,0,4,4,2,6,Vitrified,1,1,0,0,0,Covered,0,Corporation + Borewell,3854.03,Wakad,411057,Society,5.28,2.29,2.42,2.02,38695.27,7466740.22,5275.29,Owner,32
SYN-00486,synthetic,https://example.com/pune-listing/486,3 BHK,1177.17,1370.51,9,15,11,1,Fully Furnished,1,3,3,1,5,Marble,1,0,0,1,0,Stilt,1,Borewell,3836.38,Kharadi,411014,Society,4.32,1.48,2.46,1.77,40473.86,12647780.0,10744.24,Builder,76
SYN-00487,synthetic,https://example.com/pune-listing/487,2 BHK,447.15,548.14,1,16,9,1,Semi-Furnished,1,3,2,1,3,Marble,0,0,0,1,0,Bike,1,Corporation + Borewell,1456.91,Kothrud,411038,Society,2.06,8.21,1.43,1.68,24916.88,3738942.28,8361.77,Owner,6
SYN-00488,synthetic,https://example.com/pune-listing/488,3 BHK,820.39,,7,7,12,1,Semi-Furnished,1,3,2,2,5,Vitrified,1,1,0,0,0,None,0,Tanker,1861.15,Hadapsar,411028,Society,5.43,3.57,2.35,2.23,17497.89,5972338.27,7279.88,Owner,16
SYN-00489,synthetic,https://example.com/pune-listing/489,2 BHK,905.69,1050.95,16,19,0,1,Fully Furnished,1,1,2,1,2,Marble,1,0,0,1,0,Covered,0,Borewell,1934.15,Hadapsar,411028,Society,4.78,2.97,2.57,2.13,39280.76,6801763.45,7510.08,Broker,17
SYN-00490,synthetic,https://example.com/pune-listing/490,2 BHK,606.91,724.53,2,13,7,1,Semi-Furnished,1,2,2,1,3,Marble,1,1,1,0,0,Open,1,Municipal,2038.28,Aundh,411007,Society,3.38,3.08,1.59,1.41,28666.61,8119444.29,13378.25,Builder,15
SYN-00491,synthetic,https://example.com/pune-listing/491,1 BHK,561.23,651.05,10,14,8,1,Fully Furnished,1,1,2,0,1,Wooden,1,1,0,1,0,Bike,0,Corporation + Borewell,3565.51,Viman Nagar,411014,Society,2.31,6.14,1.65,2.05,16352.94,5670134.4,10103.1,Broker,15
SYN-00492,synthetic,https://example.com/pune-listing/492,1 BHK,490.18,543.84,1,18,13,1,Unfurnished,1,1,0,0,1,Ceramic,1,1,0,0,0,Covered,0,Municipal,800.0,Hinjewadi,411057,Society,5.94,0.42,2.38,2.22,9276.27,3062696.58,6248.16,Builder,37
SYN-00493,synthetic,https://example.com/pune-listing/493,3 BHK,1071.66,1365.48,10,16,6,1,Fully Furnished,1,4,3,2,6,Wooden,0,0,1,0,1,Open,1,Municipal,5234.76,Baner,411045,Standalone,2.74,2.46,1.89,2.31,84148.06,15077871.05,14069.62,Builder,18
SYN-00494,synthetic,https://example.com/pune-listing/494,1 BHK,519.15,581.51,5,13,3,1,Unfurnished,0,1,2,0,1,Vitrified,1,1,0,0,0,Covered,0,Borewell,1751.1,Kothrud,411038,Society,1.62,7.3,0.88,1.66,16102.48,4186206.17,8063.54,Broker,28
SYN-00495,synthetic,https://example.com/pune-listing/495,2 BHK,696.97,801.76,12,14,7,1,Fully Furnished,0,2,3,1,3,Vitrified,0,0,0,0,0,None,1,Corporation + Borewell,1965.66,Shivajinagar,411005,Standalone,0.3,8.18,1.4,1.25,29031.85,12414872.89,17812.53,Owner,30
SYN-00496,synthetic,https://example.com/pune-listing/496,2 BHK,505.04,624.05,10,14,11,1,Fully Furnished,1,3,2,1,3,Wooden,0,0,0,1,0,Covered,1,Borewell,1350.04,Kharadi,411014,Society,4.21,0.99,1.98,2.32,23196.88,9350333.21,18513.89,Owner,21
SYN-00497,synthetic,https://example.com/pune-listing/497,2 BHK,567.06,678.56,7,10,9,1,Semi-Furnished,1,2,0,2,2,Vitrified,1,0,1,1,1,Open,1,Municipal,2285.33,Baner,411045,Society,3.73,3.62,1.51,2.49,30217.93,16988250.35,29958.3,Broker,21
SYN-00498,synthetic,https://example.com/pune-listing/498,3 BHK,1078.74,1324.3,6,10,11,1,Unfurnished,1,3,3,2,4,Ceramic,0,0,1,1,0,Open,1,Borewell,4233.36,Shivajinagar,411005,Standalone,0.2,6.33,1.0,1.21,39903.27,8295094.39,7689.63,Owner,7
SYN-00499,synthetic,https://example.com/pune-listing/499,2 BHK,851.36,932.19,6,11,9,1,Semi-Furnished,1,1,2,1,2,Ceramic,1,1,0,1,0,Bike,0,Municipal,2383.53,Kharadi,411014,Society,4.27,1.64,1.95,2.45,43124.08,8650542.34,10160.85,Broker,34
SYN-00500,synthetic,https://example.com/pune-listing/500,1 BHK,375.25,410.63,11,14,8,1,Semi-Furnished,1,1,1,0,2,Vitrified,1,1,0,1,0,Covered,0,Municipal,1600.8,Hadapsar,411028,Society,5.29,1.96,2.19,2.41,13196.73,4593085.48,12240.14,Owner,11
SYN-00501,synthetic,https://example.com/pune-listing/501,3 BHK,988.01,1263.23,0,16,10,1,Unfurnished,0,3,2,1,4,Vitrified,1,1,0,0,1,Covered,0,Tanker,3686.37,Pimple Saudagar,411027,Society,3.58,4.43,1.4,1.99,22102.04,7996358.87,8093.43,Builder,20
SYN-00502,synthetic,https://example.com/pune-listing/502,2 BHK,388.86,,5,11,9,1,Unfurnished,1,3,3,1,4,,0,0,0,0,0,Covered,1,Corporation + Borewell,1801.4,Aundh,411007,Society,3.07,3.36,1.49,1.6,13246.73,4208297.09,10822.02,Builder,15
SYN-00503,synthetic,https://example.com/pune-listing/503,4 BHK,1437.66,1738.87,3,11,10,1,Semi-Furnished,1,4,4,3,6,Vitrified,0,1,0,0,0,Covered,0,Corporation + Borewell,5434.26,Shivajinagar,411005,Standalone,1.35,7.31,1.45,1.63,35684.24,11040133.95,7679.22,Owner,28
SYN-00504,synthetic,https://example.com/pune-listing/504,3 BHK,1044.02,1313.32,0,9,13,1,Semi-Furnished,1,4,3,2,4,Ceramic,0,1,0,0,0,Covered,1,Municipal,4512.58,Viman Nagar,411014,Standalone,2.02,6.14,1.76,1.45,37187.43,9505216.57,9104.46,Broker,42
SYN-00505,synthetic,https://example.com/pune-listing/505,1 RK,311.74,348.25,15,17,11,1,Semi-Furnished,1,2,1,0,2,Vitrified,1,0,0,0,0,Open,0,Municipal,800.0,Pune Camp,411001,Society,1.59,6.97,1.57,1.86,7500.0,3199196.28,10262.52,Broker,14
SYN-00506,synthetic,https://example.com/pune-listing/506,2 BHK,497.09,576.42,7,16,9,1,Unfurnished,1,2,2,1,3,Granite,1,1,0,0,0,Covered,0,Municipal,2134.06,Pimple Saudagar,411027,Society,4.8,4.66,1.7,1.92,11888.39,3882211.36,7809.81,Broker,70
SYN-00507,synthetic,https://example.com/pune-listing/507,2 BHK,606.05,773.26,7,14,8,1,Unfurnished,0,2,1,1,3,Ceramic,1,1,1,0,0,Covered,0,Municipal,1590.92,Kharadi,411014,Society,3.56,1.65,2.18,2.17,27160.3,6073272.07,10021.15,Builder,75
SYN-00508,synthetic,https://example.com/pune-listing/508,5 BHK,1903.07,2163.25,8,15,16,1,Semi-Furnished,1,6,5,2,5,Granite,0,0,0,0,0,Open,0,Corporation + Borewell,5230.48,Pimple Saudagar,411027,Standalone,3.96,6.27,1.71,1.98,39100.03,16812207.39,8834.25,Builder,37
SYN-00509,synthetic,https://example.com/pune-listing/509,1 BHK,491.3,540.68,8,13,6,1,Semi-Furnished,1,1,1,1,1,Vitrified,0,0,1,1,1,Open,1,Tanker,1705.28,Koregaon Park,411001,Society,2.17,5.09,1.57,0.72,29492.56,10039512.91,20434.57,Owner,35
SYN-00510,synthetic,https://example.com/pune-listing/510,3 BHK,1027.7,1252.57,4,15,9,1,Unfurnished,0,3,3,2,5,Marble,1,1,1,0,0,None,0,Borewell,2390.45,Wakad,411057,Society,3.77,2.42,2.33,2.4,23484.72,7132238.58,6939.97,Owner,33
SYN-00511,synthetic,https://example.com/pune-listing/511,1 BHK,393.69,431.24,1,10,9,1,Semi-Furnished,1,1,0,0,1,Vitrified,1,1,0,1,0,Open,1,Municipal,800.0,Viman Nagar,411014,Society,2.27,6.45,2.27,1.4,14881.86,3247532.96,8248.92,Owner,20
SYN-00512,synthetic,https://example.com/pune-listing/512,3 BHK,907.91,1091.11,1,11,7,1,Semi-Furnished,1,4,3,2,4,Vitrified,0,0,0,1,0,Covered,0,Municipal,3671.43,Kharadi,411014,Society,4.37,1.73,2.55,1.72,35119.15,7992443.41,8803.15,Owner,17
SYN-00513,synthetic,https://example.com/pune-listing/513,2 BHK,784.78,964.46,8,11,8,1,Unfurnished,1,2,2,1,3,Granite,1,1,1,1,0,Bike,0,Municipal,2594.91,Wakad,411057,Society,4.48,2.63,1.99,2.61,17760.1,6087504.34,7756.94,Owner,34
SYN-00514,synthetic,https://example.com/pune-listing/514,2 BHK,515.62,,5,8,9,1,Semi-Furnished,1,2,1,2,4,Vitrified,1,1,0,1,0,Covered,1,Corporation + Borewell,1771.41,Koregaon Park,411001,Society,2.42,4.4,0.99,1.03,31958.86,13516642.65,26214.29,Owner,71
SYN-00515,synthetic,https://example.com/pune-listing/515,3 BHK,1021.1,1105.99,4,15,13,1,Semi-Furnished,1,3,4,2,6,Ceramic,1,1,0,0,0,None,0,Corporation + Borewell,1878.05,Hadapsar,411028,Society,4.74,1.82,2.72,2.16,27907.45,11396742.9,11161.25,Owner,12
SYN-00516,synthetic,https://example.com/pune-listing/516,2 BHK,478.44,529.83,3,12,8,1,Fully Furnished,1,2,2,2,3,Ceramic,0,0,1,1,0,Open,1,Municipal,1467.98,Koregaon Park,411001,Standalone,2.58,5.73,1.55,1.17,20728.18,14101061.3,29473.1,Broker,53
SYN-00517,synthetic,https://example.com/pune-listing/517,3 BHK,912.54,,5,8,12,1,Unfurnished,0,4,4,2,6,Ceramic,1,1,0,1,0,None,0,Tanker,3354.62,Kharadi,411014,Society,4.46,1.38,2.52,2.19,32311.17,12216113.66,13387.01,Owner,24
SYN-00518,synthetic,https://example.com/pune-listing/518,2 BHK,677.26,743.59,3,17,9,1,Semi-Furnished,1,3,2,0,4,Vitrified,1,1,0,0,0,Covered,0,Corporation + Borewell,2812.6,Hadapsar,411028,Society,6.43,2.6,2.48,2.04,21327.54,5388350.82,7956.11,Owner,23
SYN-00519,synthetic,https://example.com/pune-listing/519,3 BHK,1314.55,1584.42,4,19,9,1,Semi-Furnished,1,3,3,2,4,Vitrified,1,1,0,0,0,None,0,Corporation + Borewell,4688.48,Nigdi,411044,Society,3.88,11.0,2.18,2.33,21512.03,12083940.5,9192.48,Broker,25
SYN-00520,synthetic,https://example.com/pune-listing/520,2 BHK,344.79,376.7,5,15,10,1,Semi-Furnished,1,2,4,0,4,Vitrified,0,0,0,0,0,Stilt,0,Municipal,1867.73,Aundh,411007,Society,3.1,3.94,1.05,1.68,16725.68,2800000.0,8120.81,Owner,27
SYN-00521,synthetic,https://example.com/pune-listing/521,1 BHK,379.21,470.6,4,9,3,1,Unfurnished,1,1,1,0,2,Granite,0,0,1,0,1,Open,1,Corporation + Borewell,1728.6,Viman Nagar,411014,Standalone,2.76,4.96,1.46,1.49,19553.91,5137733.63,13548.62,Broker,5
SYN-00522,synthetic,https://example.com/pune-listing/522,3 BHK,794.46,937.58,10,13,5,1,Semi-Furnished,1,4,3,2,3,Ceramic,1,0,0,1,0,Covered,0,Municipal,1829.64,Shivajinagar,411005,Society,0.54,6.04,1.01,1.07,31781.98,7821193.46,9844.64,Broker,16
SYN-00523,synthetic,https://example.com/pune-listing/523,2 BHK,565.02,673.04,14,15,11,1,Unfurnished,0,3,2,0,3,Marble,0,0,1,1,0,Covered,0,Tanker,1818.93,Nigdi,411044,Society,3.88,9.99,2.24,2.09,17365.81,3653827.5,6466.78,Broker,29
SYN-00524,synthetic,https://example.com/pune-listing/524,4 BHK,1413.53,1589.09,11,11,6,1,Unfurnished,1,4,4,2,4,Vitrified,0,0,0,1,1,Covered,0,Tanker,4379.77,Hinjewadi,411057,Standalone,6.23,0.92,1.93,2.52,35510.84,9797179.72,6931.01,Owner,26
SYN-00525,synthetic,https://example.com/pune-listing/525,3 BHK,783.14,913.53,17,18,7,1,Semi-Furnished,1,3,3,1,4,Vitrified,1,1,0,0,0,None,0,Municipal,2139.99,Nigdi,411044,Society,4.15,10.58,1.18,2.51,15217.67,5327459.71,6802.69,Broker,10
SYN-00526,synthetic,https://example.com/pune-listing/526,2 BHK,665.73,720.77,5,10,5,1,Semi-Furnished,1,1,1,1,4,Ceramic,0,0,0,1,0,Bike,1,Borewell,2229.9,Viman Nagar,411014,Standalone,1.86,5.19,1.7,1.34,16430.46,10991201.94,16510.1,Builder,10
SYN-00527,synthetic,https://example.com/pune-listing/527,3 BHK,1083.4,1260.41,0,9,11,1,Fully Furnished,1,3,4,2,4,Ceramic,0,1,0,0,1,Bike,0,Municipal,4973.59,Kharadi,411014,Standalone,4.3,1.48,2.03,2.13,48140.66,9458481.57,8730.37,Owner,41
SYN-00528,synthetic,https://example.com/pune-listing/528,1 BHK,351.57,413.84,6,19,8,1,Semi-Furnished,1,1,0,0,2,Granite,0,0,0,0,0,Covered,1,Municipal,800.0,Shivajinagar,411005,Society,0.99,6.75,1.4,1.26,10823.26,4884069.3,13892.01,Broker,8
SYN-00529,synthetic,https://example.com/pune-listing/529,3 BHK,1023.58,1133.12,8,10,10,1,Semi-Furnished,1,4,3,2,5,Vitrified,0,0,0,0,0,Stilt,0,Municipal,1674.5,Pune Camp,411001,Standalone,1.1,6.43,0.64,1.84,32813.02,6218052.67,6074.83,Owner,35
SYN-00530,synthetic,https://example.com/pune-listing/530,3 BHK,1005.45,1165.3,10,15,7,1,Semi-Furnished,1,4,2,2,4,Marble,0,0,0,1,1,None,1,Corporation + Borewell,3475.31,Shivajinagar,411005,Standalone,1.82,5.65,0.86,1.03,36232.81,16516535.11,16427.03,Owner,20
SYN-00531,synthetic,https://example.com/pune-listing/531,3 BHK,1417.93,1551.59,7,7,8,1,Semi-Furnished,1,4,2,3,5,Wooden,0,0,1,1,0,Open,0,Municipal,6032.46,Koregaon Park,411001,Society,2.58,4.58,1.7,1.33,82677.58,33977835.16,23962.95,Broker,62
SYN-00532,synthetic,https://example.com/pune-listing/532,3 BHK,736.77,893.12,6,12,4,1,Semi-Furnished,1,3,2,2,6,Vitrified,1,1,0,0,0,None,1,Corporation + Borewell,1918.84,Kothrud,411038,Society,2.02,7.2,0.94,1.31,22336.34,7323285.97,9939.72,Broker,33
SYN-00533,synthetic,https://example.com/pune-listing/533,2 BHK,786.47,901.62,13,14,4,1,Fully Furnished,0,2,2,2,3,Ceramic,0,0,1,1,1,Covered,1,Corporation + Borewell,4635.87,Koregaon Park,411001,Society,3.21,4.47,1.07,1.43,59271.81,24476318.55,31121.57,Broker,55
SYN-00534,synthetic,https://example.com/pune-listing/534,2 BHK,549.53,671.85,5,16,6,1,Semi-Furnished,1,1,1,0,2,Vitrified,1,1,0,1,0,Covered,0,Municipal,800.0,Wakad,411057,Society,4.44,2.19,1.8,2.11,19737.94,3589119.57,6531.29,Owner,14
SYN-00535,synthetic,https://example.com/pune-listing/535,1 BHK,433.8,491.3,12,16,5,1,Semi-Furnished,1,1,0,0,2,Vitrified,1,1,0,0,0,Open,1,Tanker,1496.9,Wakad,411057,Society,5.4,3.48,1.97,2.16,9529.4,3239942.37,7468.78,Broker,68
SYN-00536,synthetic,https://example.com/pune-listing/536,2 BHK,757.51,945.72,5,12,12,1,Semi-Furnished,1,3,3,1,4,Granite,0,0,0,0,0,Covered,0,Municipal,2489.12,Wakad,411057,Standalone,4.57,2.64,2.19,2.01,21237.83,5709337.81,7536.94,Broker,15
SYN-00537,synthetic,https://example.com/pune-listing/537,2 BHK,878.21,1041.74,5,17,9,1,Semi-Furnished,1,2,3,1,3,Granite,0,0,0,0,0,Covered,1,Tanker,3140.37,Pimple Saudagar,411027,Society,3.49,5.9,1.78,1.74,26406.65,9854712.03,11221.35,Broker,3
SYN-00538,synthetic,https://example.com/pune-listing/538,1 RK,361.34,407.39,10,16,17,1,Semi-Furnished,1,1,0,0,1,,0,0,0,1,1,Open,1,Corporation + Borewell,856.18,Magarpatta,411013,Standalone,5.35,2.52,1.86,1.87,10773.67,4612649.41,12765.39,Owner,29
SYN-00539,synthetic,https://example.com/pune-listing/539,1 RK,337.74,414.66,5,9,7,1,Unfurnished,0,1,0,1,2,Marble,1,1,1,1,0,,1,Borewell,1760.47,Koregaon Park,411001,Society,2.37,4.85,1.54,1.13,27004.48,8917676.62,26404.0,Owner,26
SYN-00540,synthetic,https://example.com/pune-listing/540,1 BHK,469.91,566.53,3,16,15,1,Fully Furnished,1,1,2,0,1,Wooden,0,0,0,1,0,Covered,1,Municipal,963.88,Aundh,411007,Standalone,4.61,4.96,1.61,1.39,28552.33,7577969.01,16126.45,Broker,20
SYN-00541,synthetic,https://example.com/pune-listing/541,2 BHK,569.31,713.42,4,14,12,1,Unfurnished,1,3,0,0,2,Granite,0,0,0,0,0,Covered,1,Municipal,800.0,Hadapsar,411028,Standalone,6.96,2.91,2.37,2.11,20505.39,3594340.76,6313.49,Broker,22
SYN-00542,synthetic,https://example.com/pune-listing/542,4 BHK,1473.36,1821.18,5,11,13,1,Semi-Furnished,1,5,4,2,5,Vitrified,1,1,0,1,1,Stilt,0,Corporation + Borewell,5783.12,Viman Nagar,411014,Society,2.56,6.16,1.61,1.6,57203.87,12209459.77,8286.83,Owner,14
SYN-00543,synthetic,https://example.com/pune-listing/543,2 BHK,630.8,,0,12,10,1,Semi-Furnished,1,3,2,2,3,Ceramic,0,1,0,1,1,Open,0,Tanker,3188.5,Kalyani Nagar,411006,Standalone,1.83,2.29,1.76,1.23,28777.12,15425032.85,24453.2,Builder,19
SYN-00544,synthetic,https://example.com/pune-listing/544,4 BHK,1125.12,1397.72,7,15,6,1,Unfurnished,1,5,5,3,6,Ceramic,1,0,1,0,0,Covered,1,Tanker,4047.23,Kothrud,411038,Society,1.96,7.0,1.5,1.71,38465.24,9422882.18,8375.03,Broker,66
SYN-00545,synthetic,https://example.com/pune-listing/545,3 BHK,811.94,1018.27,15,16,9,1,Fully Furnished,1,4,3,2,4,Granite,0,1,0,0,0,Covered,0,Municipal,1681.79,Pune Camp,411001,Society,3.54,7.27,1.48,1.49,19603.0,5954915.17,7334.18,Builder,10
SYN-00546,synthetic,https://example.com/pune-listing/546,2 BHK,516.58,657.68,10,15,12,1,Semi-Furnished,0,2,1,1,3,Vitrified,0,0,0,1,0,Covered,1,Corporation + Borewell,2103.7,Pune Camp,411001,Standalone,2.79,5.89,1.54,1.8,13401.88,2886304.33,5587.31,Broker,10
SYN-00547,synthetic,https://example.com/pune-listing/547,1 BHK,353.14,382.4,3,10,9,1,Unfurnished,0,1,2,1,2,Vitrified,0,0,1,1,1,,1,Municipal,1546.31,Baner,411045,Standalone,2.53,2.7,2.01,2.11,16233.21,7063340.34,20001.8,Broker,18
SYN-00548,synthetic,https://example.com/pune-listing/548,2 BHK,567.13,675.44,8,9,15,1,Unfurnished,0,3,2,1,4,Marble,1,1,1,0,0,Covered,1,Tanker,2469.13,Pune Camp,411001,Society,2.29,6.37,1.58,2.16,8940.71,4012450.35,7075.0,,45
SYN-00549,synthetic,https://example.com/pune-listing/549,4 BHK,1893.95,2341.37,9,17,13,1,Unfurnished,1,4,4,2,5,Granite,1,1,0,0,0,Covered,1,Tanker,5336.67,Pimple Saudagar,411027,Standalone,3.87,6.16,1.52,1.68,46950.45,10683811.19,5641.02,Owner,9
SYN-00550,synthetic,https://example.com/pune-listing/550,1 BHK,464.18,588.27,11,11,4,1,Unfurnished,1,1,2,0,2,Vitrified,1,1,0,1,0,Stilt,1,Municipal,2417.32,Kharadi,411014,Society,3.66,1.54,1.98,1.96,16588.79,4586940.9,9881.77,Broker,15
SYN-00551,synthetic,https://example.com/pune-listing/551,2 BHK,482.26,587.27,6,11,9,1,Fully Furnished,1,2,0,2,2,Granite,1,0,0,1,1,Covered,1,Corporation + Borewell,1748.57,Kalyani Nagar,411006,Society,1.96,3.45,1.98,1.43,28306.78,8002096.49,16592.83,Owner,41
SYN-00552,synthetic,https://example.com/pune-listing/552,2 BHK,602.04,765.13,1,17,12,1,Unfurnished,1,2,3,1,4,Vitrified,0,1,0,0,0,Covered,1,Municipal,1604.3,Hadapsar,411028,Standalone,6.05,2.62,2.39,2.26,13317.5,4558604.74,7571.88,Broker,47
SYN-00553,synthetic,https://example.com/pune-listing/553,1 BHK,477.91,565.09,1,10,9,1,Semi-Furnished,1,2,1,1,1,Vitrified,0,0,1,1,1,Covered,0,Corporation + Borewell,2071.1,Koregaon Park,411001,Society,1.71,5.15,1.91,1.35,32679.34,11406104.14,23866.68,Broker,9
SYN-00554,synthetic,https://example.com/pune-listing/554,1 BHK,447.56,494.47,0,18,10,1,Fully Furnished,1,1,1,0,2,Vitrified,1,1,0,0,0,Covered,1,Municipal,1307.2,Pimple Saudagar,411027,Society,4.83,5.26,1.31,1.65,9008.82,3471715.83,7756.96,Owner,21
SYN-00555,synthetic,https://example.com/pune-listing/555,2 BHK,467.76,538.5,3,16,16,1,Semi-Furnished,1,3,3,1,4,Ceramic,1,1,0,0,0,Covered,0,Corporation + Borewell,800.0,Pune Camp,411001,Society,1.59,6.15,1.85,1.77,13146.12,2800000.0,5985.96,Owner,6
SYN-00556,synthetic,https://example.com/pune-listing/556,2 BHK,519.12,592.16,8,12,13,1,Semi-Furnished,1,3,2,2,3,Vitrified,1,1,1,1,1,Covered,1,Municipal,2421.59,Baner,411045,Society,2.51,2.23,1.84,1.8,16250.16,6247932.25,12035.61,Owner,68
SYN-00557,synthetic,https://example.com/pune-listing/557,1 BHK,370.33,402.63,9,13,15,1,Unfurnished,0,1,1,0,2,Granite,0,1,1,0,0,Covered,0,Municipal,1535.48,Wakad,411057,Standalone,4.3,2.84,2.2,1.99,11833.9,3415142.21,9221.92,Broker,39
SYN-00558,synthetic,https://example.com/pune-listing/558,3 BHK,1134.02,1334.65,0,10,0,1,Fully Furnished,1,4,4,2,4,,1,1,0,1,0,None,0,Tanker,3214.71,Hinjewadi,411057,Society,6.14,0.54,2.65,2.34,35702.69,8655129.29,7632.29,Broker,13
SYN-00559,synthetic,https://example.com/pune-listing/559,2 BHK,658.11,796.31,6,11,12,1,Unfurnished,0,2,2,1,3,Vitrified,1,1,0,0,0,Open,0,Corporation + Borewell,2169.83,Hadapsar,411028,Society,5.99,1.11,2.69,2.41,15565.33,4500565.26,6838.65,Broker,22
SYN-00560,synthetic,https://example.com/pune-listing/560,3 BHK,1160.93,1257.9,9,21,5,1,Unfurnished,1,3,3,2,4,Granite,1,1,0,0,1,Covered,0,Municipal,4246.39,Hinjewadi,411057,Society,6.87,1.42,1.93,2.68,40233.52,8263107.56,7117.65,Broker,30
SYN-00561,synthetic,https://example.com/pune-listing/561,4 BHK,1497.48,1817.18,9,18,11,1,Unfurnished,1,5,4,3,8,Marble,1,1,0,1,1,Covered,1,Borewell,7537.46,Koregaon Park,411001,Society,3.29,5.06,1.39,0.87,76675.31,15930973.23,10638.53,Broker,17
SYN-00562,synthetic,https://example.com/pune-listing/562,2 BHK,611.21,681.52,14,17,5,1,Unfurnished,0,3,2,1,3,Vitrified,1,1,0,0,0,Bike,0,Tanker,2239.01,Pimple Saudagar,411027,Society,4.1,7.14,1.22,2.01,21384.1,5087099.59,8323.07,Owner,52
SYN-00563,synthetic,https://example.com/pune-listing/563,1 RK,327.16,377.32,8,13,8,1,Semi-Furnished,1,1,1,0,2,Vitrified,1,1,0,1,0,None,1,Corporation + Borewell,1376.02,Shivajinagar,411005,Society,2.23,8.42,1.17,1.63,12855.47,6035179.3,18447.06,Broker,53
SYN-00564,synthetic,https://example.com/pune-listing/564,2 BHK,647.8,704.19,15,18,11,1,Unfurnished,0,3,3,1,3,Ceramic,1,1,0,0,0,Covered,0,Municipal,,Pimple Saudagar,411027,Society,4.79,4.91,2.01,1.57,19915.36,4124802.42,6367.4,Broker,29
SYN-00565,synthetic,https://example.com/pune-listing/565,3 BHK,1124.06,1245.63,0,11,4,1,Fully Furnished,1,4,3,2,5,,0,0,0,0,1,Covered,0,Corporation + Borewell,4056.42,Shivajinagar,411005,Standalone,1.72,6.94,0.89,1.23,60707.47,10133930.01,9015.44,Builder,16
SYN-00566,synthetic,https://example.com/pune-listing/566,2 BHK,775.42,991.8,14,16,10,1,Fully Furnished,1,2,2,0,3,Vitrified,0,1,1,1,1,Covered,0,Corporation + Borewell,3480.28,Kothrud,411038,Society,2.78,8.08,0.9,1.19,22796.81,9514408.89,12270.03,Owner,18
SYN-00567,synthetic,https://example.com/pune-listing/567,3 BHK,708.89,765.91,3,10,9,1,Semi-Furnished,1,3,3,2,4,Vitrified,1,1,1,0,0,Open,1,Municipal,1958.83,Aundh,411007,Society,3.92,3.98,1.93,1.83,31704.66,7752666.66,10936.27,Broker,14
SYN-00568,synthetic,https://example.com/pune-listing/568,4 BHK,947.99,1029.95,10,12,0,1,Semi-Furnished,1,5,4,3,7,Marble,0,0,1,0,0,Stilt,0,Corporation + Borewell,3329.38,Kothrud,411038,Standalone,0.96,7.87,1.2,1.85,25887.9,15786699.72,16652.88,Broker,24
SYN-00569,synthetic,https://example.com/pune-listing/569,1 BHK,482.56,607.23,3,19,19,1,Unfurnished,0,1,1,0,1,Marble,1,1,0,1,0,Covered,0,Municipal,800.0,Hinjewadi,411057,Standalone,5.88,1.55,2.52,2.73,10184.3,2959693.98,6133.34,Owner,23
SYN-00570,synthetic,https://example.com/pune-listing/570,2 BHK,785.39,963.15,13,13,7,1,Semi-Furnished,0,2,2,1,3,Ceramic,0,1,0,1,0,None,1,Municipal,2275.18,Shivajinagar,411005,Standalone,0.91,5.67,1.17,1.51,19340.77,7766389.16,9888.53,Broker,10
SYN-00571,synthetic,https://example.com/pune-listing/571,1 BHK,485.25,604.29,6,16,7,1,Semi-Furnished,1,1,3,0,1,Granite,0,0,0,0,0,Covered,0,Corporation + Borewell,1481.14,Magarpatta,411013,Society,4.98,2.02,1.88,2.01,7500.0,3474112.18,7159.45,Broker,41
SYN-00572,synthetic,https://example.com/pune-listing/572,3 BHK,1373.2,1502.5,2,9,10,1,Semi-Furnished,1,3,2,1,3,Granite,0,1,0,1,0,Open,0,Tanker,4812.25,Aundh,411007,Standalone,3.33,4.63,1.21,1.79,44162.6,12214765.6,8895.1,Broker,34
SYN-00573,synthetic,https://example.com/pune-listing/573,4 BHK,1207.75,1354.25,11,12,12,1,Semi-Furnished,1,5,4,2,8,Ceramic,1,0,0,0,0,Covered,0,Corporation + Borewell,2571.24,Wakad,411057,Society,4.19,3.36,1.92,2.49,41099.46,7692069.26,6368.95,Broker,26
SYN-00574,synthetic,https://example.com/pune-listing/574,1 BHK,508.31,569.73,6,11,8,1,Semi-Furnished,1,1,2,0,1,Marble,1,1,1,1,0,Stilt,0,Corporation + Borewell,1201.74,Hinjewadi,411057,Society,6.8,2.03,2.27,2.35,8802.4,3932402.07,7736.23,Owner,5
SYN-00575,synthetic,https://example.com/pune-listing/575,3 BHK,1183.13,1511.8,5,10,17,1,Semi-Furnished,1,3,2,2,5,Wooden,1,1,0,1,0,Covered,1,Corporation + Borewell,2772.52,Pimple Saudagar,411027,Society,4.2,6.33,1.84,1.84,25799.89,11287887.66,9540.72,Builder,33
SYN-00576,synthetic,https://example.com/pune-listing/576,2 BHK,530.04,669.9,12,22,11,1,Semi-Furnished,0,2,2,1,2,,1,1,0,1,0,None,1,Tanker,2686.03,Pune Camp,411001,Society,2.43,6.41,2.06,2.06,7500.0,4338947.44,8186.0,Broker,67
SYN-00577,synthetic,https://example.com/pune-listing/577,4 BHK,1625.96,1930.0,2,16,8,1,Semi-Furnished,1,4,5,2,7,Vitrified,1,1,0,1,0,Bike,1,Borewell,3854.36,Pimple Saudagar,411027,Society,4.04,5.11,2.25,1.82,40695.58,11409110.64,7016.86,Broker,44
SYN-00578,synthetic,https://example.com/pune-listing/578,3 BHK,1446.55,1841.33,10,11,10,1,Semi-Furnished,1,3,3,2,4,Ceramic,1,1,0,1,0,None,0,Borewell,4269.88,Hinjewadi,411057,Society,5.47,0.93,2.0,2.56,37016.73,10653388.04,7364.68,Broker,36
SYN-00579,synthetic,https://example.com/pune-listing/579,4 BHK,1503.38,1788.12,5,8,4,1,Semi-Furnished,1,4,4,3,4,Ceramic,1,0,1,1,0,Covered,1,Tanker,4357.93,Nigdi,411044,Society,3.44,10.93,1.83,2.07,52196.89,10426239.96,6935.22,Owner,45
SYN-00580,synthetic,https://example.com/pune-listing/580,3 BHK,1193.13,1473.22,12,18,15,1,Fully Furnished,1,3,3,2,6,Vitrified,1,1,0,0,0,Bike,1,Tanker,3518.57,Hadapsar,411028,Society,4.28,1.97,2.3,1.99,25474.01,16522983.32,13848.49,Owner,45
SYN-00581,synthetic,https://example.com/pune-listing/581,3 BHK,1036.97,1236.04,8,14,13,1,Semi-Furnished,1,3,3,2,4,Ceramic,1,1,0,1,0,Covered,0,Corporation + Borewell,2539.98,Hinjewadi,411057,Society,6.15,0.82,2.17,2.15,30002.94,7889385.14,7608.14,Broker,13
SYN-00582,synthetic,https://example.com/pune-listing/582,3 BHK,866.81,966.63,3,9,2,1,Fully Furnished,1,2,3,3,4,Ceramic,0,0,1,0,1,Covered,1,Tanker,4306.33,Baner,411045,Standalone,3.78,2.66,2.02,2.04,44261.52,12604492.02,14541.29,,16
SYN-00583,synthetic,https://example.com/pune-listing/583,3 BHK,1031.34,1238.71,14,14,8,1,Fully Furnished,1,3,3,1,4,Wooden,1,1,1,1,1,Covered,1,Borewell,3571.12,Viman Nagar,411014,Society,1.86,4.56,1.47,1.19,64909.3,13776929.86,13358.34,Owner,61
SYN-00584,synthetic,https://example.com/pune-listing/584,1 RK,402.39,460.59,6,21,5,1,Unfurnished,0,2,2,0,2,Wooden,1,1,0,1,0,Covered,1,Municipal,1292.13,Wakad,411057,Society,4.37,2.05,1.49,2.32,7500.0,2893597.41,7191.09,Broker,22
SYN-00585,synthetic,https://example.com/pune-listing/585,1 BHK,400.2,479.95,10,10,8,1,Fully Furnished,1,2,1,1,2,Marble,0,1,0,1,1,Covered,1,Borewell,2726.76,Koregaon Park,411001,Standalone,1.81,4.84,1.5,1.35,29970.55,9406725.04,23505.0,Owner,20
SYN-00586,synthetic,https://example.com/pune-listing/586,1 BHK,440.17,483.26,8,14,13,1,Fully Furnished,1,2,0,1,1,Vitrified,0,0,1,1,0,Covered,1,Municipal,1235.7,Koregaon Park,411001,Society,3.54,5.77,1.61,1.36,32381.73,11602114.46,26358.3,Broker,8
SYN-00587,synthetic,https://example.com/pune-listing/587,1 BHK,511.36,642.45,2,12,0,1,Semi-Furnished,1,2,1,0,2,,0,0,0,0,0,Open,0,Municipal,1243.1,Kharadi,411014,Standalone,4.24,1.57,2.29,1.66,28953.82,8576738.34,16772.55,Owner,1
SYN-00588,synthetic,https://example.com/pune-listing/588,2 BHK,656.41,806.58,8,10,7,1,Unfurnished,0,3,1,1,3,,1,1,0,1,0,Bike,1,Corporation + Borewell,1783.39,Kharadi,411014,Standalone,4.49,2.39,1.9,1.82,26321.81,5020880.08,7648.95,Broker,12
SYN-00589,synthetic,https://example.com/pune-listing/589,2 BHK,470.15,541.94,11,14,8,1,Unfurnished,0,2,2,1,2,Ceramic,1,1,0,1,0,Bike,0,Tanker,2662.0,Kharadi,411014,Society,4.04,1.49,2.06,2.06,10371.79,3881798.47,8256.48,Broker,17
SYN-00590,synthetic,https://example.com/pune-listing/590,3 BHK,886.56,1031.43,0,19,12,1,Semi-Furnished,1,3,2,1,5,Ceramic,1,1,0,1,0,Covered,1,Borewell,2250.22,Hinjewadi,411057,Society,5.96,0.69,2.23,2.93,25496.17,5466398.69,6165.88,Owner,24
SYN-00591,synthetic,https://example.com/pune-listing/591,3 BHK,929.71,1031.9,10,17,16,1,Semi-Furnished,1,3,4,2,3,Ceramic,0,0,0,0,0,Covered,1,Corporation + Borewell,3011.23,Hadapsar,411028,Standalone,4.6,1.26,2.1,2.14,17879.4,9576135.1,10300.14,Owner,40
SYN-00592,synthetic,https://example.com/pune-listing/592,2 BHK,484.21,539.02,1,12,7,1,Fully Furnished,1,2,2,0,3,Granite,1,1,0,0,0,None,0,Corporation + Borewell,1120.87,Shivajinagar,411005,Society,0.63,5.72,1.39,1.77,15350.91,4374581.43,9034.49,Broker,5
SYN-00593,synthetic,https://example.com/pune-listing/593,2 BHK,486.06,592.85,6,9,7,1,Unfurnished,1,2,2,1,2,Vitrified,1,0,0,1,0,Covered,1,Corporation + Borewell,1588.39,Magarpatta,411013,Society,5.83,1.78,2.25,1.81,13494.4,3261498.24,6710.01,Owner,14
SYN-00594,synthetic,https://example.com/pune-listing/594,2 BHK,712.77,823.32,0,12,7,1,Fully Furnished,1,2,2,2,2,Vitrified,0,1,1,1,1,Open,1,Municipal,2718.97,Koregaon Park,411001,Society,3.62,4.73,1.27,1.41,55858.25,23290186.3,32675.4,Broker,42
SYN-00595,synthetic,https://example.com/pune-listing/595,1 BHK,385.31,457.1,8,12,7,1,Fully Furnished,1,1,1,0,1,Granite,1,1,0,0,0,Bike,0,Corporation + Borewell,800.0,Wakad,411057,Society,5.78,2.99,1.82,1.95,16881.73,2800000.0,7266.88,Broker,5
SYN-00596,synthetic,https://example.com/pune-listing/596,3 BHK,924.49,1155.59,10,18,15,1,Semi-Furnished,1,3,2,2,5,Ceramic,1,1,0,1,0,Open,0,Borewell,2511.45,Hinjewadi,411057,Society,6.08,0.94,2.17,2.4,25358.51,7346577.64,7946.63,Broker,33
SYN-00597,synthetic,https://example.com/pune-listing/597,4 BHK,1582.34,1778.64,15,20,13,1,Semi-Furnished,1,4,4,3,7,Vitrified,1,1,0,0,0,Stilt,0,Corporation + Borewell,4593.64,Hadapsar,411028,Society,5.8,1.76,2.05,2.19,56183.9,17218760.07,10881.87,Owner,20
SYN-00598,synthetic,https://example.com/pune-listing/598,1 BHK,364.17,452.19,10,16,7,1,Unfurnished,1,2,2,0,2,Granite,1,1,0,1,1,Covered,1,Municipal,1498.33,Kothrud,411038,Society,1.41,7.34,0.93,1.65,16289.51,3679237.19,10103.12,,27
SYN-00599,synthetic,https://example.com/pune-listing/599,4 BHK,1648.21,,0,17,13,1,Semi-Furnished,1,4,3,2,6,Granite,1,1,1,1,1,Stilt,1,Municipal,5866.43,Viman Nagar,411014,Society,2.24,6.33,2.34,1.42,42552.72,14007772.82,8498.79,Broker,7
SYN-00600,synthetic,https://example.com/pune-listing/600,3 BHK,886.03,1131.0,13,16,14,1,Unfurnished,1,4,1,2,3,,0,0,0,0,0,Stilt,0,Municipal,2411.91,Hinjewadi,411057,Standalone,6.39,0.86,2.43,2.61,16203.34,5309141.61,5992.04,Owner,13
SYN-00601,synthetic,https://example.com/pune-listing/601,4 BHK,1317.85,1467.53,9,17,15,1,Semi-Furnished,1,4,3,2,7,Vitrified,0,0,0,0,1,Covered,1,Corporation + Borewell,5187.72,Shivajinagar,411005,Society,1.09,7.28,1.21,1.26,52313.72,12925144.17,9807.74,Broker,20
SYN-00602,synthetic,https://example.com/pune-listing/602,3 BHK,752.56,962.85,6,10,9,1,Unfurnished,1,3,2,1,3,Vitrified,1,1,0,0,0,Covered,0,Municipal,800.0,Wakad,411057,Society,4.52,3.08,2.05,2.07,20235.37,8613765.47,11445.98,Owner,22
SYN-00603,synthetic,https://example.com/pune-listing/603,2 BHK,828.92,997.0,6,6,7,1,Fully Furnished,1,3,3,2,3,Marble,1,1,0,1,1,Open,1,Municipal,2605.67,Kalyani Nagar,411006,Society,1.48,5.01,1.1,1.32,63648.85,22874326.15,27595.5,Broker,35
SYN-00604,synthetic,https://example.com/pune-listing/604,2 BHK,638.14,799.71,6,9,11,1,Semi-Furnished,1,3,1,1,3,Ceramic,1,1,0,0,0,Covered,1,Borewell,1115.35,Hinjewadi,411057,Society,5.31,1.44,2.53,2.74,7500.0,6166998.96,9663.95,Owner,13
SYN-00605,synthetic,https://example.com/pune-listing/605,1 BHK,477.51,586.52,5,13,8,1,Semi-Furnished,1,2,0,0,2,Marble,1,1,1,1,1,Bike,1,Borewell,1751.5,Aundh,411007,Society,2.9,2.11,1.88,1.45,20724.04,7909868.48,16564.78,Broker,4
SYN-00606,synthetic,https://example.com/pune-listing/606,2 BHK,367.68,407.45,8,15,12,1,Fully Furnished,1,2,1,0,4,Vitrified,1,0,0,1,0,Covered,0,Municipal,1830.09,Aundh,411007,Society,2.59,4.99,0.75,1.86,17552.13,6657630.32,18106.97,Broker,14
SYN-00607,synthetic,https://example.com/pune-listing/607,3 BHK,406.13,453.02,11,11,5,1,Semi-Furnished,1,4,3,2,4,Granite,0,1,1,0,0,Covered,0,Municipal,1324.33,Kothrud,411038,Society,1.44,7.92,1.16,1.86,9816.64,5259910.43,12951.18,Owner,67
SYN-00608,synthetic,https://example.com/pune-listing/608,1 RK,447.79,526.78,11,13,10,1,Semi-Furnished,1,2,1,0,2,Marble,1,1,0,0,0,Stilt,1,Borewell,1576.64,Pimple Saudagar,411027,Society,4.29,4.94,1.35,2.41,12852.24,2956637.67,6602.8,Broker,15
SYN-00609,synthetic,https://example.com/pune-listing/609,2 BHK,529.07,617.65,0,11,7,1,Fully Furnished,0,3,1,2,4,Granite,0,1,0,1,1,Covered,1,Borewell,3048.28,Koregaon Park,411001,Standalone,3.02,4.89,1.27,0.62,30454.87,15036246.49,28419.96,Broker,40
SYN-00610,synthetic,https://example.com/pune-listing/610,2 BHK,631.16,791.77,8,18,7,1,Unfurnished,0,2,2,0,2,Vitrified,0,1,0,0,0,,0,Municipal,2285.7,Wakad,411057,Standalone,5.43,3.63,2.46,2.72,7500.0,4472972.27,7086.9,Owner,40
SYN-00611,synthetic,https://example.com/pune-listing/611,4 BHK,1194.3,1324.07,4,14,15,1,Fully Furnished,1,3,4,3,5,Marble,1,1,0,0,0,Stilt,1,Corporation + Borewell,4802.81,Kothrud,411038,Society,2.15,7.35,1.38,1.41,52139.25,11400990.54,9546.18,Broker,46
SYN-00612,synthetic,https://example.com/pune-listing/612,4 BHK,1168.69,,2,10,7,1,Fully Furnished,1,4,4,4,5,Vitrified,1,0,1,1,1,Stilt,1,Corporation + Borewell,5478.35,Baner,411045,Society,3.25,3.14,1.75,2.57,78415.07,34145872.15,29217.2,Owner,25
SYN-00613,synthetic,https://example.com/pune-listing/613,2 BHK,545.06,689.26,11,14,6,1,Semi-Furnished,1,3,2,1,2,Wooden,1,1,0,1,0,Covered,1,Borewell,2690.01,Kothrud,411038,Society,1.44,6.26,0.99,1.11,19474.43,10005939.18,18357.5,Broker,29
SYN-00614,synthetic,https://example.com/pune-listing/614,2 BHK,653.8,800.4,0,13,14,1,Unfurnished,1,2,2,1,2,Wooden,1,1,0,1,1,Covered,1,Corporation + Borewell,800.0,Hadapsar,411028,Society,6.01,2.49,1.89,2.01,18651.54,5191002.19,7939.73,Owner,12
SYN-00615,synthetic,https://example.com/pune-listing/615,3 BHK,1014.54,1292.44,10,11,19,1,Semi-Furnished,1,4,4,3,6,Marble,0,0,1,1,1,Covered,1,Municipal,4987.91,Kalyani Nagar,411006,Society,2.79,5.78,1.4,2.09,65736.86,14953483.37,14739.25,Owner,19
SYN-00616,synthetic,https://example.com/pune-listing/616,3 BHK,840.55,1038.87,3,9,12,1,Semi-Furnished,1,3,3,1,4,Marble,1,1,1,1,0,Covered,0,Tanker,2204.35,Aundh,411007,Society,3.2,5.02,0.77,1.4,37512.25,8408295.84,10003.28,Owner,40
SYN-00617,synthetic,https://example.com/pune-listing/617,1 BHK,534.32,627.83,9,12,7,1,Unfurnished,0,1,0,0,2,Vitrified,1,1,0,1,0,Covered,1,Corporation + Borewell,2600.5,Viman Nagar,411014,Society,1.51,4.81,1.48,1.55,19593.31,5170975.7,9677.66,Broker,12
SYN-00618,synthetic,https://example.com/pune-listing/618,1 BHK,464.09,508.43,11,12,17,1,Unfurnished,0,2,1,0,1,Marble,0,0,0,0,0,None,0,Corporation + Borewell,1365.85,Hinjewadi,411057,Standalone,7.09,0.2,2.61,2.34,12287.03,2800000.0,6033.33,Broker,46
SYN-00619,synthetic,https://example.com/pune-listing/619,1 BHK,496.54,633.18,0,11,4,1,Semi-Furnished,1,1,1,1,2,Ceramic,0,1,0,1,1,Covered,1,Tanker,1390.58,Baner,411045,Standalone,4.14,3.34,1.85,1.91,35457.0,11332553.5,22823.12,Owner,23
SYN-00620,synthetic,https://example.com/pune-listing/620,4 BHK,1162.94,1466.8,9,11,7,1,Unfurnished,1,4,3,2,8,Vitrified,0,0,1,0,0,Covered,1,Corporation + Borewell,4402.2,Aundh,411007,Standalone,2.83,4.0,1.61,1.97,53153.2,10976184.68,9438.33,Builder,27
SYN-00621,synthetic,https://example.com/pune-listing/621,3 BHK,1124.69,1371.18,0,9,4,1,Fully Furnished,1,3,2,2,4,Granite,1,1,1,1,1,Bike,1,Corporation + Borewell,5195.16,Kalyani Nagar,411006,Society,2.47,4.9,1.38,0.85,60225.31,35842683.53,31868.97,Broker,10
SYN-00622,synthetic,https://example.com/pune-listing/622,2 BHK,577.6,649.47,8,10,9,1,Unfurnished,0,2,1,1,4,Ceramic,1,1,1,1,0,Covered,0,Borewell,1953.53,Kharadi,411014,Society,3.95,1.74,1.74,2.03,20938.79,7305207.71,12647.5,Broker,36
SYN-00623,synthetic,https://example.com/pune-listing/623,1 BHK,487.71,601.32,7,14,10,1,Unfurnished,1,1,1,0,1,Granite,1,1,0,1,0,None,0,Municipal,800.0,Wakad,411057,Society,4.51,2.41,1.91,2.07,12832.45,3617281.92,7416.92,Broker,41
SYN-00624,synthetic,https://example.com/pune-listing/624,2 BHK,731.3,911.58,9,18,8,1,Semi-Furnished,1,3,0,1,3,Vitrified,0,1,0,0,0,Open,0,Municipal,2928.21,Wakad,411057,Standalone,4.16,1.78,1.54,1.79,26573.66,5085705.53,6954.3,,29
SYN-00625,synthetic,https://example.com/pune-listing/625,3 BHK,1029.7,1225.14,9,13,4,1,Unfurnished,1,3,2,2,5,Vitrified,1,1,0,0,0,Covered,1,Corporation + Borewell,2309.04,Hinjewadi,411057,Society,6.43,0.75,2.37,2.77,17857.7,7375770.44,7163.05,Broker,13
SYN-00626,synthetic,https://example.com/pune-listing/626,1 RK,396.54,478.71,12,13,13,1,Unfurnished,1,1,0,0,1,Wooden,0,0,0,0,0,Bike,0,Corporation + Borewell,800.0,Magarpatta,411013,Standalone,5.05,0.57,2.07,1.82,12969.72,2822279.24,7117.18,Owner,49
SYN-00627,synthetic,https://example.com/pune-listing/627,2 BHK,524.41,586.82,0,10,0,1,Fully Furnished,1,2,2,2,3,Wooden,1,1,1,1,0,Open,1,Municipal,1983.3,Kalyani Nagar,411006,Standalone,1.74,5.13,1.14,1.64,26338.07,15769442.7,30070.63,Broker,10
SYN-00628,synthetic,https://example.com/pune-listing/628,1 BHK,419.57,454.38,7,8,8,1,Semi-Furnished,1,2,1,0,1,Ceramic,1,1,0,0,0,Bike,0,Corporation + Borewell,986.83,Hinjewadi,411057,Society,7.02,1.11,2.38,2.63,10977.77,2806197.67,6688.3,Broker,18
SYN-00629,synthetic,https://example.com/pune-listing/629,1 RK,436.03,523.64,13,13,13,1,Semi-Furnished,1,1,1,0,1,Vitrified,1,1,0,0,0,Covered,0,Municipal,1493.04,Nigdi,411044,Society,4.26,10.46,1.18,2.38,7500.0,3128929.42,7175.9,Owner,25
SYN-00630,synthetic,https://example.com/pune-listing/630,2 BHK,767.98,860.63,11,14,9,1,Semi-Furnished,1,2,0,1,4,Granite,1,1,0,0,1,Covered,0,Corporation + Borewell,1665.3,Pimple Saudagar,411027,Society,4.08,6.41,1.57,1.99,18738.22,6089033.85,7928.65,Owner,17
SYN-00631,synthetic,https://example.com/pune-listing/631,2 BHK,625.37,752.35,2,11,13,1,Fully Furnished,1,2,3,1,4,Marble,1,1,0,0,0,Covered,1,Municipal,2113.82,Kharadi,411014,Society,3.81,1.75,1.73,1.72,24877.96,11240316.6,17973.82,Owner,42
SYN-00632,synthetic,https://example.com/pune-listing/632,2 BHK,596.59,737.3,6,14,9,1,Semi-Furnished,1,1,2,0,3,Wooden,1,1,0,0,1,Covered,0,Tanker,2161.13,Hinjewadi,411057,Society,6.12,1.18,2.36,2.61,15203.84,4098286.78,6869.56,Broker,22
SYN-00633,synthetic,https://example.com/pune-listing/633,2 BHK,600.94,677.11,7,18,9,1,Fully Furnished,1,2,2,1,2,Marble,0,1,0,1,0,Covered,0,Tanker,,Aundh,411007,Standalone,3.06,3.86,1.85,1.39,32542.73,5104184.46,8493.69,Broker,32
SYN-00634,synthetic,https://example.com/pune-listing/634,2 BHK,487.45,566.38,5,12,11,1,Semi-Furnished,1,3,2,1,2,Vitrified,0,0,0,1,0,Covered,0,Borewell,2195.72,Viman Nagar,411014,Society,2.05,5.26,0.9,1.47,18831.47,6602639.25,13545.26,Broker,39
SYN-00635,synthetic,https://example.com/pune-listing/635,2 BHK,567.99,621.49,2,15,8,1,Unfurnished,1,2,1,1,3,Wooden,1,0,0,1,0,Covered,1,Corporation + Borewell,1529.36,Hinjewadi,411057,Society,5.12,0.2,2.63,2.63,7901.62,3124740.7,5501.38,Owner,58
SYN-00636,synthetic,https://example.com/pune-listing/636,4 BHK,1458.42,1844.83,8,13,13,1,Semi-Furnished,1,4,3,3,5,Vitrified,1,1,0,0,0,Open,1,Corporation + Borewell,4025.6,Kharadi,411014,Society,4.36,2.04,1.93,2.3,41839.8,19469158.85,13349.47,Owner,11
SYN-00637,synthetic,https://example.com/pune-listing/637,2 BHK,653.51,793.86,12,13,1,1,Unfurnished,0,2,2,1,2,Wooden,1,1,0,0,0,Covered,0,Municipal,823.28,Nigdi,411044,Society,3.9,11.48,1.58,2.79,15045.17,4408630.09,6746.08,Broker,5
SYN-00638,synthetic,https://example.com/pune-listing/638,3 BHK,859.84,1017.57,0,13,5,1,Semi-Furnished,1,4,1,2,3,Vitrified,1,1,0,1,0,Covered,0,Borewell,2592.04,Hadapsar,411028,Society,5.83,2.48,2.32,2.17,29790.64,6947156.32,8079.56,Builder,8
SYN-00639,synthetic,https://example.com/pune-listing/639,3 BHK,916.35,1053.93,1,10,4,1,Semi-Furnished,1,4,3,2,3,,1,1,0,0,0,Open,0,Corporation + Borewell,2018.11,Nigdi,411044,Society,3.33,10.96,1.25,2.65,25934.1,6885591.24,7514.14,Owner,5
SYN-00640,synthetic,https://example.com/pune-listing/640,1 BHK,440.39,493.21,4,10,6,1,Semi-Furnished,1,1,2,0,1,Vitrified,1,1,1,0,0,Covered,1,Corporation + Borewell,2503.31,Kothrud,411038,Society,2.04,8.12,1.22,1.43,11548.98,4746680.63,10778.3,Owner,38
SYN-00641,synthetic,https://example.com/pune-listing/641,1 BHK,435.8,489.96,4,13,7,1,Semi-Furnished,1,1,1,1,1,Granite,1,1,1,1,1,Covered,1,Borewell,2580.21,Kalyani Nagar,411006,Society,1.76,5.33,1.48,1.31,31638.7,7453933.23,17103.87,Owner,69
SYN-00642,synthetic,https://example.com/pune-listing/642,2 BHK,423.91,474.69,6,9,11,1,Semi-Furnished,1,2,1,0,3,Marble,1,1,1,0,0,Covered,1,Municipal,1692.8,Shivajinagar,411005,Society,0.54,7.4,0.91,1.35,11092.95,4699808.08,11086.82,Broker,27
SYN-00643,synthetic,https://example.com/pune-listing/643,2 BHK,642.98,796.97,7,12,8,1,Unfurnished,0,2,1,0,4,Marble,0,0,0,1,1,Open,0,Tanker,1340.33,Aundh,411007,Standalone,3.77,5.0,1.4,1.31,20175.09,5436376.55,8454.99,Owner,17
SYN-00644,synthetic,https://example.com/pune-listing/644,1 BHK,375.2,453.39,11,13,2,1,Fully Furnished,1,1,2,0,1,Vitrified,1,1,0,0,1,Covered,1,Municipal,800.0,Aundh,411007,Society,2.1,5.76,1.52,0.86,14142.84,4773435.23,12722.27,Builder,29
SYN-00645,synthetic,https://example.com/pune-listing/645,3 BHK,938.82,1051.15,5,14,10,1,Semi-Furnished,1,3,3,2,4,Vitrified,0,1,1,1,0,Covered,0,Municipal,,Hadapsar,411028,Standalone,5.44,1.88,2.17,2.01,28616.5,11754301.23,12520.31,Builder,9
SYN-00646,synthetic,https://example.com/pune-listing/646,1 BHK,412.96,508.77,0,13,11,1,Semi-Furnished,0,1,2,0,1,Vitrified,0,1,1,1,0,Bike,1,Municipal,800.0,Aundh,411007,Society,4.56,3.07,1.18,1.8,20223.59,6039877.44,14625.9,Owner,32
SYN-00647,synthetic,https://example.com/pune-listing/647,2 BHK,688.71,759.83,9,12,11,1,Semi-Furnished,1,2,2,1,3,Vitrified,0,0,1,1,1,Covered,1,Corporation + Borewell,2456.2,Kharadi,411014,Standalone,4.06,1.9,2.13,1.8,28517.18,5937733.66,8621.58,Broker,20
SYN-00648,synthetic,https://example.com/pune-listing/648,2 BHK,592.35,748.72,1,13,17,1,Fully Furnished,1,2,2,1,4,Wooden,0,0,0,0,0,Covered,1,Municipal,2140.21,Wakad,411057,Standalone,4.28,3.44,2.18,1.67,18213.31,6302564.16,10639.98,Broker,6
SYN-00649,synthetic,https://example.com/pune-listing/649,4 BHK,1041.72,1210.15,8,9,12,1,Semi-Furnished,1,3,4,2,7,Vitrified,0,1,0,0,0,Stilt,1,Tanker,2164.27,Wakad,411057,Standalone,4.49,2.7,2.09,2.12,29150.65,7508391.62,7207.69,Owner,50
SYN-00650,synthetic,https://example.com/pune-listing/650,1 BHK,461.09,569.83,5,9,0,1,Semi-Furnished,1,2,0,0,2,Ceramic,1,1,0,0,0,None,1,Corporation + Borewell,1060.39,Pimple Saudagar,411027,Society,3.71,6.07,1.32,1.92,13011.4,4012900.77,8703.05,Owner,44
SYN-00651,synthetic,https://example.com/pune-listing/651,1 BHK,377.96,439.64,7,15,9,1,Unfurnished,0,1,1,0,1,Vitrified,1,1,0,0,0,Covered,0,Municipal,1006.42,Wakad,411057,Society,5.39,2.57,2.09,2.06,12121.14,2800000.0,7408.18,Owner,43
SYN-00652,synthetic,https://example.com/pune-listing/652,2 BHK,530.23,633.69,11,14,7,1,Semi-Furnished,1,2,1,1,4,Vitrified,0,0,0,1,0,Covered,0,Municipal,1836.58,Hinjewadi,411057,Society,6.04,1.37,2.76,2.41,11017.38,6481190.1,12223.3,Owner,43
SYN-00653,synthetic,https://example.com/pune-listing/653,3 BHK,1014.14,1132.78,4,12,7,1,Semi-Furnished,0,3,3,2,5,Marble,1,0,1,1,0,Covered,1,Municipal,4272.68,Kothrud,411038,Society,1.93,7.36,0.67,1.11,32396.62,10683564.53,10534.64,Builder,17
SYN-00654,synthetic,https://example.com/pune-listing/654,3 BHK,723.87,843.1,6,7,10,1,Semi-Furnished,1,3,3,2,4,Vitrified,1,0,1,1,0,Covered,1,Borewell,5100.46,Koregaon Park,411001,Standalone,2.68,4.14,1.44,1.53,47066.39,14316252.66,19777.33,Owner,24
SYN-00655,synthetic,https://example.com/pune-listing/655,1 RK,448.79,529.65,0,7,10,1,Semi-Furnished,1,1,1,1,1,Granite,1,1,1,0,1,Bike,1,Tanker,1864.25,Kalyani Nagar,411006,Society,2.2,5.2,2.02,1.69,18052.27,11873628.94,26456.8,Broker,5
SYN-00656,synthetic,https://example.com/pune-listing/656,1 BHK,401.22,459.12,4,17,11,1,Semi-Furnished,1,1,0,0,1,,1,1,0,0,1,Covered,0,Tanker,800.0,Pimple Saudagar,411027,Society,4.25,5.76,1.66,2.03,7500.0,5161887.8,12865.49,Broker,4
SYN-00657,synthetic,https://example.com/pune-listing/657,1 BHK,450.65,515.48,9,12,10,1,Fully Furnished,1,2,2,1,2,Marble,1,1,1,1,1,Stilt,1,Corporation + Borewell,1461.69,Kalyani Nagar,411006,Society,3.09,6.03,1.45,1.72,24745.72,15864166.97,35202.8,Broker,19
SYN-00658,synthetic,https://example.com/pune-listing/658,4 BHK,1533.52,1888.5,10,14,10,1,Unfurnished,1,4,3,3,7,Ceramic,1,1,0,1,0,Open,1,Tanker,4622.16,Nigdi,411044,Society,2.93,11.67,1.84,2.22,35403.03,11290942.57,7362.76,Owner,9
SYN-00659,synthetic,https://example.com/pune-listing/659,1 RK,562.62,615.42,6,13,9,1,Fully Furnished,1,2,1,1,1,Vitrified,1,1,1,1,1,Open,1,Borewell,3024.5,Koregaon Park,411001,Society,3.11,4.72,1.62,1.1,43116.25,16344049.92,29049.88,Owner,37
SYN-00660,synthetic,https://example.com/pune-listing/660,2 BHK,559.84,671.42,14,14,13,1,Unfurnished,0,2,3,1,3,Granite,1,1,0,1,0,Stilt,0,Municipal,1912.88,Hadapsar,411028,Society,5.33,2.34,2.59,2.48,10349.61,4278062.33,7641.53,Broker,28
SYN-00661,synthetic,https://example.com/pune-listing/661,3 BHK,1141.2,1427.62,5,13,13,1,Unfurnished,0,3,3,2,6,Marble,1,1,0,1,0,Covered,1,Tanker,4825.01,Kothrud,411038,Society,2.74,8.11,1.4,1.59,31182.13,10198093.91,8936.3,Owner,20
SYN-00662,synthetic,https://example.com/pune-listing/662,4 BHK,1328.68,,17,17,11,1,Unfurnished,0,5,4,4,5,Ceramic,1,1,0,0,0,None,0,Borewell,4666.71,Pimple Saudagar,411027,Society,4.66,4.59,1.6,2.48,18814.62,7883663.19,5933.44,Owner,14
SYN-00663,synthetic,https://example.com/pune-listing/663,3 BHK,836.33,1031.39,6,12,5,1,Semi-Furnished,0,4,3,2,5,Vitrified,1,1,1,1,1,Stilt,1,Municipal,3717.68,Baner,411045,Society,3.43,3.52,1.89,2.13,57104.33,19348833.13,23135.44,Broker,16
SYN-00664,synthetic,https://example.com/pune-listing/664,2 BHK,645.06,739.52,9,14,9,1,Fully Furnished,1,1,1,1,3,Vitrified,0,1,1,1,1,Stilt,0,Borewell,2893.48,Baner,411045,Standalone,3.03,2.77,1.91,1.96,31640.59,15522273.02,24063.41,Broker,12
SYN-00665,synthetic,https://example.com/pune-listing/665,2 BHK,726.84,789.61,5,13,10,1,Fully Furnished,1,2,2,1,3,Ceramic,1,1,1,1,0,Bike,1,Municipal,4183.03,Baner,411045,Society,2.97,3.68,1.96,2.41,59002.67,9117524.54,12544.07,Broker,24
SYN-00666,synthetic,https://example.com/pune-listing/666,1 RK,321.66,364.15,14,14,12,1,Semi-Furnished,1,1,1,0,1,Vitrified,1,1,1,1,0,None,1,Tanker,1015.91,Kharadi,411014,Society,3.86,1.48,2.13,1.84,13655.8,5470663.67,17007.83,Broker,26
SYN-00667,synthetic,https://example.com/pune-listing/667,1 RK,294.78,336.71,3,10,10,1,Semi-Furnished,1,1,1,0,2,Granite,1,1,0,1,0,Stilt,0,Municipal,800.0,Kothrud,411038,Society,1.47,7.97,1.5,1.6,9018.68,4584478.27,15551.96,Owner,2
SYN-00668,synthetic,https://example.com/pune-listing/668,3 BHK,921.6,1091.19,0,17,1,1,Semi-Furnished,1,3,3,1,4,Marble,0,1,0,0,0,Stilt,0,Tanker,3723.08,Aundh,411007,Society,4.02,5.55,1.93,1.35,33112.52,8391831.92,9105.75,Owner,41
SYN-00669,synthetic,https://example.com/pune-listing/669,2 BHK,412.41,493.23,0,13,1,1,Semi-Furnished,1,2,1,1,3,Marble,0,0,1,1,0,Covered,1,Corporation + Borewell,2424.99,Kharadi,411014,Standalone,4.81,1.63,2.48,1.87,12767.87,4346377.16,10538.93,Owner,95
SYN-00670,synthetic,https://example.com/pune-listing/670,1 BHK,486.32,573.4,12,13,15,1,Semi-Furnished,1,1,0,0,2,Marble,1,1,1,1,0,Covered,1,Corporation + Borewell,800.0,Hadapsar,411028,Society,6.17,1.48,2.43,1.84,10382.87,3597576.86,7397.55,Owner,15
SYN-00671,synthetic,https://example.com/pune-listing/671,4 BHK,1384.19,1593.4,7,14,5,1,Fully Furnished,0,4,5,2,7,Vitrified,1,0,1,0,0,Covered,0,Municipal,6301.14,Shivajinagar,411005,Society,1.01,6.92,0.75,1.79,57166.62,15021015.36,10851.87,Owner,21
SYN-00672,synthetic,https://example.com/pune-listing/672,2 BHK,708.05,871.54,4,12,9,1,Unfurnished,1,3,2,1,4,Granite,0,1,1,1,1,Open,0,Municipal,3209.65,Kharadi,411014,Society,3.56,0.49,2.45,2.45,31926.11,5404701.31,7633.24,Owner,14
SYN-00673,synthetic,https://example.com/pune-listing/673,3 BHK,1190.43,1333.82,13,14,17,1,Semi-Furnished,1,3,1,2,5,Granite,1,1,0,0,0,Bike,0,Corporation + Borewell,2542.82,Pimple Saudagar,411027,Society,4.05,4.96,1.5,2.31,28008.31,8886785.23,7465.2,Broker,27
SYN-00674,synthetic,https://example.com/pune-listing/674,2 BHK,561.63,652.43,10,13,7,1,Unfurnished,1,2,3,0,4,Wooden,1,1,0,1,1,None,1,Municipal,1956.7,Aundh,411007,Society,4.38,3.89,1.8,1.66,23128.21,4135186.3,7362.83,Owner,73
SYN-00675,synthetic,https://example.com/pune-listing/675,1 BHK,387.83,438.75,13,13,15,1,Fully Furnished,0,2,0,0,1,Marble,1,1,1,0,1,Covered,1,Municipal,1351.93,Viman Nagar,411014,Society,2.24,6.08,1.81,1.8,14074.45,4420296.74,11397.53,Broker,18
SYN-00676,synthetic,https://example.com/pune-listing/676,2 BHK,864.19,,9,11,7,1,Semi-Furnished,1,3,2,0,4,Wooden,0,1,0,1,0,Stilt,0,Borewell,3338.73,Viman Nagar,411014,Standalone,2.57,5.6,0.98,1.52,27715.42,8097807.57,9370.38,Owner,21
SYN-00677,synthetic,https://example.com/pune-listing/677,3 BHK,1366.18,1540.25,2,9,7,1,Semi-Furnished,1,3,3,2,5,Vitrified,1,1,1,1,1,Covered,0,Borewell,,Kharadi,411014,Society,4.55,1.49,2.0,1.69,49385.53,14407101.74,10545.57,Owner,13
SYN-00678,synthetic,https://example.com/pune-listing/678,1 BHK,358.57,432.94,10,11,11,1,Semi-Furnished,1,2,2,0,2,Marble,1,1,0,0,0,Open,0,Borewell,2794.87,Kothrud,411038,Society,2.01,8.13,1.46,1.18,17002.41,5548768.46,15474.61,Owner,37
SYN-00679,synthetic,https://example.com/pune-listing/679,5 BHK,2175.39,2440.3,7,15,13,1,Unfurnished,0,5,4,2,7,Vitrified,1,1,0,1,0,Covered,0,Tanker,5519.48,Nigdi,411044,Society,4.47,10.8,1.49,2.49,58211.3,14995741.77,6893.37,Owner,11
SYN-00680,synthetic,https://example.com/pune-listing/680,4 BHK,1523.66,1665.18,9,11,9,1,Unfurnished,1,4,5,2,6,Granite,0,0,1,0,0,Bike,1,Municipal,4429.08,Hadapsar,411028,Society,4.62,2.11,2.56,2.17,37916.91,15420232.33,10120.54,Broker,32
SYN-00681,synthetic,https://example.com/pune-listing/681,3 BHK,1024.02,1229.83,4,14,10,1,Fully Furnished,1,3,3,2,3,Ceramic,1,0,0,1,1,Bike,1,Corporation + Borewell,3785.2,Aundh,411007,Society,4.17,4.33,1.49,1.81,48586.62,8965039.97,8754.76,Broker,24
SYN-00682,synthetic,https://example.com/pune-listing/682,2 BHK,641.52,697.4,15,15,9,1,Unfurnished,1,2,2,1,4,Ceramic,1,1,1,1,1,Covered,1,Borewell,1344.23,Kothrud,411038,Society,1.81,7.41,1.23,1.52,19651.17,7661190.4,11942.34,Owner,22
SYN-00683,synthetic,https://example.com/pune-listing/683,4 BHK,1355.81,1653.91,15,16,15,1,Semi-Furnished,1,4,5,3,6,Granite,0,1,0,1,0,Covered,0,Municipal,3000.5,Hinjewadi,411057,Standalone,7.03,0.27,2.23,2.69,22873.44,8656076.97,6384.41,Owner,20
SYN-00684,synthetic,https://example.com/pune-listing/684,2 BHK,462.5,564.92,10,15,7,1,Semi-Furnished,1,3,2,1,4,Vitrified,1,1,0,0,0,Covered,0,Municipal,1695.2,Wakad,411057,Society,4.5,3.94,1.93,2.0,14645.61,3796645.39,8208.88,Builder,15
SYN-00685,synthetic,https://example.com/pune-listing/685,2 BHK,631.65,768.19,0,15,2,1,Semi-Furnished,1,2,2,2,2,Wooden,1,1,1,0,0,Covered,0,Corporation + Borewell,2478.25,Kalyani Nagar,411006,Society,2.49,4.39,1.25,1.81,42840.85,11001423.67,17416.86,Builder,10
SYN-00686,synthetic,https://example.com/pune-listing/686,2 BHK,638.13,761.58,3,12,0,1,Fully Furnished,1,2,2,1,3,Vitrified,1,1,1,1,0,Covered,0,,2554.88,Kharadi,411014,Society,4.57,0.84,2.2,1.34,24308.16,14625133.73,22918.74,Owner,3
SYN-00687,synthetic,https://example.com/pune-listing/687,3 BHK,1112.98,1212.4,12,17,11,1,Semi-Furnished,1,4,4,1,4,Vitrified,1,1,0,0,0,Stilt,0,Borewell,2777.49,Hadapsar,411028,Society,5.45,1.54,2.53,2.36,34955.64,7749504.28,6962.83,Owner,46
SYN-00688,synthetic,https://example.com/pune-listing/688,2 BHK,406.23,484.4,5,7,13,1,Semi-Furnished,1,2,2,1,4,Vitrified,0,0,1,1,0,Covered,1,Municipal,800.0,Viman Nagar,411014,Standalone,1.64,6.96,1.72,1.25,20505.84,6107267.87,15034.06,Owner,27
SYN-00689,synthetic,https://example.com/pune-listing/689,1 BHK,418.45,489.29,5,10,10,1,Fully Furnished,1,1,0,0,2,Wooden,1,1,0,0,0,Covered,0,Tanker,1871.41,Viman Nagar,411014,Society,2.71,4.42,1.51,1.74,16549.32,6736179.38,16097.8,Owner,15
SYN-00690,synthetic,https://example.com/pune-listing/690,3 BHK,1238.16,1572.73,5,15,10,1,Unfurnished,0,4,4,2,5,Vitrified,1,1,0,0,0,Stilt,1,Corporation + Borewell,3470.23,Pimple Saudagar,411027,Society,3.98,5.31,1.16,1.99,23770.29,7974999.32,6441.01,,27
SYN-00691,synthetic,https://example.com/pune-listing/691,2 BHK,824.76,976.82,5,8,11,1,Semi-Furnished,1,2,1,2,2,Wooden,0,0,1,1,0,Covered,1,,3946.88,Koregaon Park,411001,Standalone,2.77,5.49,1.12,0.98,46733.66,15701394.31,19037.52,Owner,35
SYN-00692,synthetic,https://example.com/pune-listing/692,3 BHK,906.05,1016.78,8,9,6,1,Fully Furnished,1,3,3,2,6,Vitrified,1,1,1,0,1,Covered,0,Municipal,5095.07,Kalyani Nagar,411006,Society,2.2,4.78,0.71,1.33,46209.25,22235428.0,24541.04,Broker,11
SYN-00693,synthetic,https://example.com/pune-listing/693,4 BHK,1319.93,1500.87,11,12,13,1,Semi-Furnished,1,4,4,4,8,Granite,0,0,1,1,1,Covered,1,Municipal,6163.07,Baner,411045,Society,3.65,3.87,2.48,2.19,52943.45,28769287.69,21796.05,Owner,32
SYN-00694,synthetic,https://example.com/pune-listing/694,1 BHK,442.34,478.65,5,20,16,1,Unfurnished,1,1,0,0,1,Granite,0,1,1,0,0,Covered,1,,1322.34,Magarpatta,411013,Standalone,5.07,2.52,2.15,1.75,10042.51,3362851.19,7602.38,Owner,9
SYN-00695,synthetic,https://example.com/pune-listing/695,4 BHK,1240.21,1546.93,4,4,12,1,Fully Furnished,1,5,4,4,7,Granite,0,1,1,1,1,Covered,1,Corporation + Borewell,5399.87,Koregaon Park,411001,Standalone,2.93,4.21,1.53,1.59,96817.83,32009764.42,25809.96,Owner,4
SYN-00696,synthetic,https://example.com/pune-listing/696,1 BHK,389.2,482.83,2,19,11,1,Unfurnished,1,2,0,0,2,Granite,1,1,0,1,0,Stilt,1,Municipal,1122.91,Hinjewadi,411057,Society,6.0,1.36,2.71,2.81,7500.0,2976488.7,7647.62,Broker,16
SYN-00697,synthetic,https://example.com/pune-listing/697,1 RK,393.98,472.16,0,8,7,1,Unfurnished,0,2,2,1,2,Vitrified,1,1,1,0,1,Bike,1,Tanker,1921.85,Kalyani Nagar,411006,Society,1.45,3.44,1.0,1.61,21506.15,10638845.13,27003.79,Owner,6
SYN-00698,synthetic,https://example.com/pune-listing/698,1 BHK,443.93,534.65,13,15,7,1,Unfurnished,1,2,2,0,1,Marble,0,0,0,0,0,Open,1,Corporation + Borewell,1193.62,Hadapsar,411028,Society,5.16,1.5,2.26,2.11,14440.79,3085491.2,6950.38,Owner,22
SYN-00699,synthetic,https://example.com/pune-listing/699,3 BHK,1001.97,1085.67,10,12,10,1,Semi-Furnished,1,3,3,2,3,Wooden,1,1,0,1,0,Stilt,1,Tanker,2212.04,Pune Camp,411001,Society,2.2,5.99,2.01,1.52,20850.54,8343870.39,8327.46,Broker,29
SYN-00700,synthetic,https://example.com/pune-listing/700,3 BHK,880.88,977.68,0,16,12,1,Semi-Furnished,1,4,3,1,4,Vitrified,1,1,0,1,0,Covered,0,Borewell,2249.0,Wakad,411057,Society,5.05,1.58,2.0,2.22,20819.98,6586847.55,7477.57,Broker,24
SYN-00701,synthetic,https://example.com/pune-listing/701,1 BHK,434.6,532.2,5,16,12,1,Fully Furnished,1,2,0,0,1,Vitrified,1,1,1,0,0,Covered,0,Municipal,1344.69,Pune Camp,411001,Society,2.37,7.58,0.91,1.78,20665.36,3052527.57,7023.82,Broker,27
SYN-00702,synthetic,https://example.com/pune-listing/702,2 BHK,686.32,810.83,7,17,4,1,Unfurnished,0,2,2,1,3,Granite,1,1,1,0,1,,1,Tanker,2869.41,Viman Nagar,411014,Society,2.69,5.34,1.89,1.78,31786.94,6765030.27,9856.94,Owner,20
SYN-00703,synthetic,https://example.com/pune-listing/703,2 BHK,865.09,,8,13,6,1,Fully Furnished,1,2,1,1,4,Vitrified,1,1,0,1,0,Open,1,Borewell,1985.29,Aundh,411007,Society,2.88,3.73,1.91,1.73,43172.79,18321340.8,21178.51,Broker,25
SYN-00704,synthetic,https://example.com/pune-listing/704,1 BHK,318.41,370.16,13,17,4,1,Unfurnished,0,2,0,0,1,Marble,1,1,0,0,1,None,1,Municipal,1067.32,Aundh,411007,Society,3.65,4.56,1.66,1.49,9775.65,3581782.11,11248.98,Owner,51
SYN-00705,synthetic,https://example.com/pune-listing/705,3 BHK,1019.6,1179.63,4,13,9,1,Unfurnished,0,3,1,1,3,Marble,0,1,0,0,0,Covered,1,Municipal,3904.34,Hadapsar,411028,Standalone,6.61,1.99,2.04,2.56,26036.73,6635918.76,6508.37,Owner,10
SYN-00706,synthetic,https://example.com/pune-listing/706,3 BHK,981.2,1098.68,15,16,9,1,Semi-Furnished,1,4,3,2,4,Ceramic,1,1,0,0,1,Bike,1,Tanker,3087.74,Magarpatta,411013,Standalone,5.47,2.22,1.84,1.62,23410.75,8695267.29,8861.9,Builder,58
SYN-00707,synthetic,https://example.com/pune-listing/707,3 BHK,828.23,1037.54,3,10,5,1,Fully Furnished,0,3,3,3,5,Vitrified,1,1,0,1,1,Covered,1,Corporation + Borewell,,Baner,411045,Society,3.77,2.95,1.52,1.99,61846.58,14141065.05,17073.83,Broker,29
SYN-00708,synthetic,https://example.com/pune-listing/708,2 BHK,769.59,833.33,11,15,12,1,Unfurnished,1,3,3,1,3,Ceramic,1,1,0,0,0,Bike,0,Corporation + Borewell,2785.2,Magarpatta,411013,Society,4.08,1.64,2.24,2.25,9909.35,4022710.54,5227.1,Builder,18
SYN-00709,synthetic,https://example.com/pune-listing/709,1 BHK,454.84,536.15,8,13,13,1,Fully Furnished,1,1,2,1,1,Marble,1,1,1,0,0,Stilt,1,Municipal,3103.61,Koregaon Park,411001,Society,2.24,4.61,1.29,1.67,31157.33,14938678.76,32844.06,Owner,14
SYN-00710,synthetic,https://example.com/pune-listing/710,1 BHK,517.5,628.79,1,6,1,1,Fully Furnished,1,2,0,0,1,Ceramic,1,1,1,0,0,Open,0,Corporation + Borewell,800.0,Kharadi,411014,Society,4.12,2.07,1.93,2.05,24578.31,6134774.6,11854.69,Owner,8
SYN-00711,synthetic,https://example.com/pune-listing/711,2 BHK,687.73,834.11,13,15,8,1,Semi-Furnished,1,3,1,1,3,Vitrified,1,0,1,1,1,Covered,1,Municipal,2390.6,Kharadi,411014,Society,4.61,0.68,1.23,2.08,28186.48,6950754.8,10106.87,Owner,22
SYN-00712,synthetic,https://example.com/pune-listing/712,1 BHK,420.99,511.87,11,15,10,1,Semi-Furnished,1,1,1,0,2,Vitrified,0,0,0,1,1,Open,0,Municipal,1428.55,Kharadi,411014,Standalone,4.63,1.23,1.41,1.94,7500.0,4940634.04,11735.72,Builder,27
SYN-00713,synthetic,https://example.com/pune-listing/713,2 BHK,749.58,921.04,1,11,7,1,Unfurnished,1,1,2,2,4,Vitrified,1,1,0,0,1,Stilt,0,Borewell,2741.88,Koregaon Park,411001,Society,3.04,5.4,1.96,1.36,28460.98,14751250.45,19679.35,Broker,23
SYN-00714,synthetic,https://example.com/pune-listing/714,1 RK,367.31,463.88,10,10,11,1,Unfurnished,0,1,1,0,1,Vitrified,1,1,1,1,1,None,0,Corporation + Borewell,1166.4,Shivajinagar,411005,Society,1.08,7.03,1.14,1.27,12759.75,5232338.83,14245.03,Owner,55
SYN-00715,synthetic,https://example.com/pune-listing/715,1 BHK,418.85,472.53,3,12,8,1,Semi-Furnished,1,1,0,1,1,Vitrified,1,1,0,0,0,Covered,1,Municipal,3171.44,Baner,411045,Society,3.7,2.23,1.72,2.19,22856.45,11311145.7,27005.15,Broker,23
SYN-00716,synthetic,https://example.com/pune-listing/716,3 BHK,999.16,1217.87,3,8,2,1,Unfurnished,0,3,4,3,5,Granite,0,0,0,0,1,Covered,0,Municipal,4346.63,Kalyani Nagar,411006,Standalone,1.21,4.76,1.54,0.94,60413.02,22390624.35,22409.34,Broker,11
SYN-00717,synthetic,https://example.com/pune-listing/717,3 BHK,952.96,1183.98,3,13,7,1,Semi-Furnished,1,3,1,3,5,Marble,1,1,0,0,1,Covered,1,Corporation + Borewell,3922.04,Baner,411045,Society,3.24,3.05,1.44,2.16,65355.61,13973508.79,14663.31,Owner,22
SYN-00718,synthetic,https://example.com/pune-listing/718,3 BHK,715.1,846.41,16,18,15,1,Unfurnished,0,4,2,1,3,Vitrified,0,1,0,0,0,Covered,0,Tanker,1096.55,Nigdi,411044,Standalone,3.02,11.52,1.75,1.97,16803.82,4963007.94,6940.27,Broker,40
SYN-00719,synthetic,https://example.com/pune-listing/719,1 BHK,412.1,526.08,4,14,6,1,Semi-Furnished,1,1,0,0,1,Vitrified,0,0,0,0,0,Covered,1,Corporation + Borewell,1068.37,Pimple Saudagar,411027,Standalone,3.95,5.47,2.05,1.92,8971.66,3936116.28,9551.44,Broker,19
SYN-00720,synthetic,https://example.com/pune-listing/720,1 RK,311.95,343.12,0,13,9,1,Semi-Furnished,1,1,0,0,2,Vitrified,0,1,0,0,1,Covered,0,Municipal,800.0,Pimple Saudagar,411027,Standalone,4.52,5.5,1.22,2.1,7500.0,2800000.0,8975.89,Owner,5
SYN-00721,synthetic,https://example.com/pune-listing/721,3 BHK,1008.0,1264.49,9,16,9,1,Unfurnished,0,3,2,2,5,Granite,1,0,0,0,0,Covered,1,Tanker,4803.11,Nigdi,411044,Standalone,2.37,10.71,1.72,2.35,25883.23,6840824.31,6786.53,Owner,33
SYN-00722,synthetic,https://example.com/pune-listing/722,2 BHK,663.14,776.81,7,9,8,1,Fully Furnished,1,2,3,2,2,Wooden,0,0,0,1,1,Covered,1,Municipal,2904.26,Koregaon Park,411001,Society,2.19,5.13,1.3,1.0,40315.45,11074635.44,16700.26,Broker,5
SYN-00723,synthetic,https://example.com/pune-listing/723,3 BHK,1275.95,1615.93,5,17,8,1,Fully Furnished,1,4,3,2,5,,1,0,0,0,0,Covered,1,,3901.31,Aundh,411007,Society,4.1,3.89,1.3,1.75,68070.6,22785345.97,17857.5,Owner,16
SYN-00724,synthetic,https://example.com/pune-listing/724,3 BHK,1116.64,,2,6,8,1,Semi-Furnished,1,2,4,2,6,,0,0,1,1,1,Covered,1,Tanker,5545.16,Koregaon Park,411001,Standalone,2.47,6.04,1.39,1.11,57036.37,28645983.86,25653.7,Broker,29
SYN-00725,synthetic,https://example.com/pune-listing/725,3 BHK,1103.4,1318.09,9,10,6,1,Semi-Furnished,1,4,3,2,4,Wooden,1,1,0,0,0,Bike,1,Municipal,5259.47,Kothrud,411038,Society,2.23,9.05,1.34,1.53,43303.17,15766057.66,14288.61,Broker,40
SYN-00726,synthetic,https://example.com/pune-listing/726,2 BHK,710.01,859.59,8,10,6,1,Unfurnished,0,2,2,1,3,Granite,1,1,1,1,1,Stilt,1,Municipal,1864.62,Aundh,411007,Society,3.54,3.48,1.35,1.7,32849.34,5971932.76,8411.08,Broker,5
SYN-00727,synthetic,https://example.com/pune-listing/727,2 BHK,652.77,787.82,4,14,9,1,Unfurnished,1,1,1,1,3,Vitrified,0,1,0,0,0,Covered,1,Municipal,1159.1,Viman Nagar,411014,Society,1.9,6.46,1.62,2.06,18999.02,9500994.66,14554.93,Owner,7
SYN-00728,synthetic,https://example.com/pune-listing/728,2 BHK,588.1,651.29,4,4,6,1,Fully Furnished,1,2,2,2,4,Granite,1,0,1,1,1,Covered,1,Municipal,1450.52,Kalyani Nagar,411006,Society,2.95,4.19,1.06,0.91,28199.72,18882962.65,32108.69,Owner,41
SYN-00729,synthetic,https://example.com/pune-listing/729,2 BHK,653.04,749.43,4,17,11,1,Fully Furnished,1,2,1,1,3,Granite,1,1,1,0,0,Open,1,Corporation + Borewell,3312.23,Kharadi,411014,Society,4.41,1.56,2.48,1.72,28461.54,7850393.1,12021.34,Owner,16
SYN-00730,synthetic,https://example.com/pune-listing/730,2 BHK,786.81,861.19,2,14,19,1,Semi-Furnished,1,3,2,1,4,Ceramic,1,1,0,1,0,Covered,0,Municipal,2223.49,Wakad,411057,Society,4.23,1.89,2.2,2.38,20159.21,4601849.39,5848.76,Broker,16
SYN-00731,synthetic,https://example.com/pune-listing/731,3 BHK,740.41,838.02,13,17,12,1,Semi-Furnished,0,3,4,1,5,Vitrified,1,1,0,0,0,Bike,0,Borewell,2068.33,Wakad,411057,Society,5.11,2.52,2.11,2.22,23582.51,5272753.55,7121.36,,7
SYN-00732,synthetic,https://example.com/pune-listing/732,3 BHK,489.31,592.79,3,17,9,1,Semi-Furnished,1,3,2,2,4,Granite,1,1,1,0,0,Covered,0,Corporation + Borewell,1449.58,Hinjewadi,411057,Society,6.6,1.42,2.46,2.68,16042.33,3164941.52,6468.13,Broker,9
SYN-00733,synthetic,https://example.com/pune-listing/733,3 BHK,588.15,685.49,7,9,7,1,Fully Furnished,1,4,4,3,6,Granite,1,1,1,1,1,Covered,0,Corporation + Borewell,3514.15,Kalyani Nagar,411006,Society,2.27,3.77,1.48,1.43,33381.89,16811004.58,28583.01,Owner,17
SYN-00734,synthetic,https://example.com/pune-listing/734,2 BHK,531.87,645.7,5,11,2,1,Unfurnished,1,2,3,1,4,Marble,1,1,0,0,0,Covered,0,Municipal,800.0,Hadapsar,411028,Society,5.85,3.39,2.75,2.58,12133.2,6210561.84,11676.77,Owner,24
SYN-00735,synthetic,https://example.com/pune-listing/735,4 BHK,1373.43,1586.65,14,15,4,1,Unfurnished,1,5,5,2,6,Granite,1,1,0,0,0,Bike,0,Municipal,5184.16,Wakad,411057,Standalone,4.6,1.67,1.92,2.21,40896.21,10176102.9,7409.24,Owner,53
SYN-00736,synthetic,https://example.com/pune-listing/736,1 BHK,357.61,386.76,2,21,16,1,Fully Furnished,1,2,0,0,1,Vitrified,1,1,0,0,0,Covered,1,Tanker,800.0,Aundh,411007,Society,3.04,3.28,1.59,1.58,12604.11,3998442.82,11181.03,Owner,31
SYN-00737,synthetic,https://example.com/pune-listing/737,2 BHK,697.07,781.14,0,13,5,1,Unfurnished,1,3,3,1,3,Vitrified,0,0,0,0,0,Covered,1,Corporation + Borewell,1814.6,Hinjewadi,411057,Standalone,6.0,1.02,2.14,2.71,22759.14,4394860.29,6304.8,Owner,24
SYN-00738,synthetic,https://example.com/pune-listing/738,2 BHK,726.48,876.53,1,15,14,1,Fully Furnished,1,2,0,1,4,Ceramic,1,1,0,0,0,,1,Corporation + Borewell,3888.11,Kothrud,411038,Society,1.56,5.92,1.73,1.29,35784.69,13213029.24,18187.62,Builder,42
SYN-00739,synthetic,https://example.com/pune-listing/739,1 BHK,304.25,331.38,12,21,9,1,Semi-Furnished,1,1,1,0,1,Wooden,0,1,1,0,0,Covered,1,Municipal,1973.49,Kharadi,411014,Society,4.06,2.07,1.71,1.44,14374.93,2800000.0,9202.97,Owner,28
SYN-00740,synthetic,https://example.com/pune-listing/740,1 BHK,472.11,560.2,15,15,8,1,Semi-Furnished,1,1,1,0,2,Vitrified,0,1,1,0,0,Stilt,0,Corporation + Borewell,1941.32,Viman Nagar,411014,Society,2.43,5.66,1.39,1.38,19378.43,6173721.72,13076.82,,48
SYN-00741,synthetic,https://example.com/pune-listing/741,1 RK,314.62,351.97,4,12,6,1,Fully Furnished,1,2,1,1,2,Granite,0,0,0,1,1,Covered,1,Corporation + Borewell,1292.92,Kalyani Nagar,411006,Standalone,1.94,4.58,0.59,1.79,22717.51,5112788.38,16250.43,Broker,6
SYN-00742,synthetic,https://example.com/pune-listing/742,1 BHK,442.84,538.79,14,14,10,1,Semi-Furnished,1,1,0,0,2,Marble,1,1,1,1,1,Open,0,Municipal,800.0,Kothrud,411038,Society,2.23,7.85,1.21,1.93,15603.28,4770995.38,10773.53,Builder,67
SYN-00743,synthetic,https://example.com/pune-listing/743,1 BHK,311.46,354.52,14,17,5,1,Fully Furnished,1,2,2,0,1,Vitrified,1,1,0,0,1,Covered,1,Municipal,1039.54,Pune Camp,411001,Society,2.67,6.94,1.35,1.82,13776.85,4604783.9,14784.52,Owner,21
SYN-00744,synthetic,https://example.com/pune-listing/744,2 BHK,664.34,808.83,3,13,10,1,Unfurnished,1,2,2,1,2,Vitrified,1,1,0,0,0,Covered,0,Borewell,800.0,Nigdi,411044,Standalone,3.65,10.92,2.17,1.95,11734.08,7160072.29,10777.69,,9
SYN-00745,synthetic,https://example.com/pune-listing/745,1 BHK,432.4,536.18,10,11,15,1,Semi-Furnished,1,1,1,0,1,Vitrified,0,0,1,0,0,Covered,0,Tanker,2158.82,Magarpatta,411013,Standalone,4.66,2.45,2.04,2.05,10530.63,2800000.0,6475.5,Broker,30
SYN-00746,synthetic,https://example.com/pune-listing/746,2 BHK,587.2,739.06,10,15,6,1,Semi-Furnished,1,2,2,1,3,Granite,1,0,1,0,1,Bike,1,Corporation + Borewell,2123.96,Aundh,411007,Society,3.41,5.6,1.34,1.3,22457.95,5068569.55,8631.82,Builder,17
SYN-00747,synthetic,https://example.com/pune-listing/747,5 BHK,1946.82,2310.09,10,17,3,1,Semi-Furnished,1,5,5,4,10,Granite,1,1,0,0,0,Covered,0,Municipal,5950.97,Nigdi,411044,Society,3.87,11.07,2.0,2.42,67049.28,16642586.38,8548.59,Broker,2
SYN-00748,synthetic,https://example.com/pune-listing/748,3 BHK,979.87,1165.09,10,13,5,1,Semi-Furnished,1,4,2,1,5,Vitrified,0,0,1,0,0,Bike,0,Corporation + Borewell,1668.45,Kharadi,411014,Standalone,4.54,0.86,2.31,2.43,30538.28,8651822.35,8829.57,Broker,19
SYN-00749,synthetic,https://example.com/pune-listing/749,2 BHK,719.66,816.23,12,15,9,1,Semi-Furnished,1,2,1,1,4,Marble,1,1,0,1,1,Covered,1,Municipal,1231.11,Kothrud,411038,Society,1.55,7.8,1.19,1.55,28084.14,7052927.77,9800.34,Owner,37
SYN-00750,synthetic,https://example.com/pune-listing/750,1 RK,400.56,503.24,5,14,10,1,Unfurnished,0,1,1,0,2,Marble,1,1,0,0,1,Covered,1,Corporation + Borewell,952.62,Shivajinagar,411005,Society,1.19,7.83,1.62,1.65,17821.84,3647700.9,9106.56,Owner,26
SYN-00751,synthetic,https://example.com/pune-listing/751,4 BHK,1349.06,1549.43,7,8,13,1,Fully Furnished,1,4,4,4,6,Vitrified,1,1,1,1,1,Covered,1,Municipal,6146.28,Baner,411045,Society,3.51,2.82,1.89,2.23,64389.62,35505665.05,26318.83,Builder,23
SYN-00752,synthetic,https://example.com/pune-listing/752,3 BHK,979.13,1213.74,1,14,16,1,Unfurnished,1,3,3,2,6,Vitrified,1,1,1,1,0,Covered,0,Tanker,2081.32,Wakad,411057,Society,5.06,4.11,2.46,1.94,18390.24,6118187.44,6248.58,Broker,21
SYN-00753,synthetic,https://example.com/pune-listing/753,2 BHK,739.04,842.54,7,17,13,1,Semi-Furnished,1,3,1,0,3,,1,1,0,1,0,Stilt,1,Borewell,2233.65,Pune Camp,411001,Society,2.17,7.38,1.45,1.99,23285.75,5019742.0,6792.29,Broker,33
SYN-00754,synthetic,https://example.com/pune-listing/754,3 BHK,1276.73,1600.82,2,17,14,1,Unfurnished,0,4,3,2,5,Wooden,0,0,0,0,0,Covered,0,Municipal,4637.62,Hadapsar,411028,Society,6.17,2.54,2.27,2.01,31681.0,6704464.67,5251.28,Owner,34
SYN-00755,synthetic,https://example.com/pune-listing/755,2 BHK,587.53,732.2,8,10,7,1,Semi-Furnished,1,2,1,0,3,Ceramic,1,1,0,1,0,Covered,0,Municipal,2883.35,Viman Nagar,411014,Society,1.96,4.33,1.56,1.82,27257.18,6562502.53,11169.72,Owner,14
SYN-00756,synthetic,https://example.com/pune-listing/756,1 BHK,396.82,477.46,15,16,3,1,Semi-Furnished,1,1,0,0,1,Marble,0,0,0,0,0,Bike,0,Corporation + Borewell,1569.2,Pimple Saudagar,411027,Standalone,3.78,5.69,2.0,1.54,13301.09,3105824.11,7826.74,Owner,18
SYN-00757,synthetic,https://example.com/pune-listing/757,3 BHK,1181.27,1458.38,3,11,15,1,Unfurnished,1,3,3,2,4,Granite,0,1,1,0,0,Open,0,Tanker,3251.44,Magarpatta,411013,Standalone,4.84,0.66,2.17,1.66,27127.96,7802255.74,6604.96,Owner,13
SYN-00758,synthetic,https://example.com/pune-listing/758,1 BHK,424.31,528.0,3,6,11,1,Semi-Furnished,1,1,0,0,2,Vitrified,1,1,0,0,1,Open,0,Municipal,2457.49,Aundh,411007,Society,3.14,4.08,1.19,2.19,15436.08,6021542.19,14191.26,Broker,69
SYN-00759,synthetic,https://example.com/pune-listing/759,4 BHK,1318.61,1463.42,2,13,8,1,Unfurnished,0,5,5,3,5,Marble,0,1,0,0,0,Stilt,1,Municipal,4980.85,Nigdi,411044,Standalone,3.21,10.77,1.58,2.61,34754.41,12565909.87,9529.68,Builder,8
SYN-00760,synthetic,https://example.com/pune-listing/760,1 BHK,424.72,473.8,8,15,20,1,Unfurnished,0,1,1,0,2,Granite,1,1,0,1,0,Covered,0,Municipal,1920.07,Pimple Saudagar,411027,Society,4.11,4.82,0.99,2.1,9205.68,2800000.0,6592.52,Broker,13
SYN-00761,synthetic,https://example.com/pune-listing/761,1 BHK,428.79,531.56,0,8,10,1,Semi-Furnished,1,1,1,1,2,Ceramic,1,1,1,1,1,Covered,1,Corporation + Borewell,1804.35,Kalyani Nagar,411006,Society,1.85,5.87,1.34,0.95,23939.73,11430880.62,26658.34,Broker,43
SYN-00762,synthetic,https://example.com/pune-listing/762,1 BHK,444.25,540.85,4,16,10,1,Unfurnished,0,1,0,0,1,Marble,0,0,1,1,1,Open,1,Borewell,1781.74,Kharadi,411014,Society,3.53,1.72,2.23,2.25,16649.48,3934813.16,8857.16,Builder,42
SYN-00763,synthetic,https://example.com/pune-listing/763,2 BHK,560.96,629.35,3,15,12,1,Semi-Furnished,1,2,2,1,3,Vitrified,1,1,1,1,0,Covered,1,Corporation + Borewell,1694.98,Kothrud,411038,Society,1.3,8.25,1.43,1.48,20456.5,6958911.77,12405.46,Owner,28
SYN-00764,synthetic,https://example.com/pune-listing/764,4 BHK,1663.32,1961.1,6,15,6,1,Unfurnished,0,4,4,3,7,Wooden,0,0,0,0,0,Open,0,Tanker,4783.33,Magarpatta,411013,Standalone,4.55,1.69,2.32,1.75,46172.81,12772847.27,7679.12,Builder,73
SYN-00765,synthetic,https://example.com/pune-listing/765,4 BHK,1835.64,2037.82,1,15,5,1,Semi-Furnished,1,4,4,3,6,Granite,0,0,0,0,0,Covered,1,Municipal,5838.39,Hinjewadi,411057,Standalone,5.9,0.2,2.13,2.79,59795.57,11569174.46,6302.54,Broker,79
SYN-00766,synthetic,https://example.com/pune-listing/766,1 BHK,467.66,547.57,5,10,7,1,Semi-Furnished,1,1,2,0,2,Vitrified,1,1,0,1,0,Stilt,1,Municipal,1798.42,Wakad,411057,Society,4.25,3.2,2.23,2.48,11563.98,3872155.25,8279.82,Owner,41
SYN-00767,synthetic,https://example.com/pune-listing/767,1 BHK,343.38,396.41,4,13,9,1,Semi-Furnished,1,1,1,1,2,Granite,1,1,1,1,1,Covered,1,Municipal,3251.56,Baner,411045,Society,2.61,3.05,2.17,2.36,19061.51,5038352.68,14672.66,Broker,39
SYN-00768,synthetic,https://example.com/pune-listing/768,2 BHK,824.74,995.55,4,14,2,1,Unfurnished,1,3,0,1,2,Granite,1,1,0,0,0,Stilt,0,Borewell,1422.51,Hinjewadi,411057,Society,7.08,0.5,2.48,2.66,21178.37,6197917.26,7515.03,Owner,25
SYN-00769,synthetic,https://example.com/pune-listing/769,1 BHK,427.73,498.6,6,17,15,1,Semi-Furnished,1,2,2,0,2,Marble,1,1,0,0,0,Covered,0,Municipal,1416.11,Wakad,411057,Society,4.9,2.96,1.83,2.13,14658.9,2800000.0,6546.18,Owner,5
SYN-00770,synthetic,https://example.com/pune-listing/770,3 BHK,885.14,1125.48,3,9,9,1,Semi-Furnished,1,4,4,2,4,Wooden,1,1,0,1,1,Covered,1,Municipal,2724.54,Kharadi,411014,Society,4.19,1.67,2.17,1.82,40151.26,13442903.28,15187.29,Broker,44
SYN-00771,synthetic,https://example.com/pune-listing/771,2 BHK,525.15,609.9,12,12,8,1,Semi-Furnished,1,2,1,1,3,Granite,1,0,0,1,1,Covered,0,Municipal,1838.31,Aundh,411007,Society,3.81,4.58,1.71,1.9,28027.16,9862659.62,18780.73,Broker,73
SYN-00772,synthetic,https://example.com/pune-listing/772,2 BHK,884.31,990.5,7,11,16,1,Unfurnished,1,2,2,1,2,Vitrified,1,1,0,1,1,Covered,0,Municipal,2438.76,Hinjewadi,411057,Society,5.69,1.12,2.57,2.39,22268.74,5376204.75,6079.55,Owner,10
SYN-00773,synthetic,https://example.com/pune-listing/773,4 BHK,1193.34,1513.6,13,17,9,1,Fully Furnished,1,4,2,2,8,Granite,1,1,0,0,0,Covered,1,Tanker,2957.12,Hadapsar,411028,Society,5.88,2.74,2.43,2.52,46239.18,9403576.44,7880.07,Broker,13
SYN-00774,synthetic,https://example.com/pune-listing/774,1 BHK,400.28,501.06,2,20,11,1,Unfurnished,1,2,1,0,1,Granite,1,1,0,0,0,Stilt,1,Municipal,1292.59,Hadapsar,411028,Society,5.57,3.03,1.85,1.9,8093.45,3027889.1,7564.46,Owner,31
SYN-00775,synthetic,https://example.com/pune-listing/775,2 BHK,587.38,718.37,8,12,12,1,Fully Furnished,1,2,0,0,3,Granite,1,1,1,0,0,Open,0,Municipal,2643.09,Viman Nagar,411014,Society,2.98,5.08,1.38,1.88,25727.58,6761995.55,11512.15,Broker,6
SYN-00776,synthetic,https://example.com/pune-listing/776,2 BHK,1061.9,1325.61,2,9,13,1,Unfurnished,0,2,1,1,3,Ceramic,1,1,1,0,0,Open,0,Borewell,3820.37,Pimple Saudagar,411027,Society,4.56,5.4,0.85,2.08,21365.01,8857723.64,8341.38,Owner,9
SYN-00777,synthetic,https://example.com/pune-listing/777,1 BHK,509.31,636.31,5,12,13,1,Semi-Furnished,1,1,0,0,1,,1,1,0,1,0,Covered,0,Municipal,1386.9,Magarpatta,411013,Society,5.01,0.71,1.63,2.38,12269.8,3696908.84,7258.73,Owner,16
SYN-00778,synthetic,https://example.com/pune-listing/778,2 BHK,769.25,840.38,9,12,8,1,Semi-Furnished,1,3,2,1,3,Wooden,1,1,0,0,0,Stilt,1,Tanker,3127.8,Shivajinagar,411005,Society,0.71,7.76,0.71,1.29,28195.91,8941740.61,11623.92,Builder,14
SYN-00779,synthetic,https://example.com/pune-listing/779,4 BHK,1764.36,2007.37,4,9,12,1,Semi-Furnished,1,4,3,3,6,Marble,1,1,0,0,0,Covered,1,Municipal,5724.07,Pimple Saudagar,411027,Society,3.85,6.35,1.91,1.96,56785.18,11179746.79,6336.44,Owner,16
SYN-00780,synthetic,https://example.com/pune-listing/780,3 BHK,1098.52,1303.87,8,14,7,1,Semi-Furnished,1,4,3,2,5,Vitrified,1,1,1,0,1,Covered,1,Corporation + Borewell,5482.6,Baner,411045,Society,2.8,2.89,1.94,2.03,77122.48,15428013.29,14044.3,Broker,29
SYN-00781,synthetic,https://example.com/pune-listing/781,1 RK,460.95,568.11,11,12,15,1,Unfurnished,1,2,0,0,2,Vitrified,1,1,0,0,0,Covered,1,Borewell,1470.98,Hadapsar,411028,Society,4.35,1.67,2.22,1.83,14477.04,3218840.21,6983.06,Broker,5
SYN-00782,synthetic,https://example.com/pune-listing/782,3 BHK,1304.06,1461.22,6,6,5,1,Semi-Furnished,1,4,3,1,4,Vitrified,0,0,1,0,0,Covered,1,Municipal,5301.28,Kothrud,411038,Standalone,1.75,6.96,1.41,1.73,54322.26,14531557.39,11143.33,Owner,16
SYN-00783,synthetic,https://example.com/pune-listing/783,2 BHK,595.88,647.81,14,17,9,1,Unfurnished,0,3,2,1,4,Vitrified,1,1,0,1,0,Covered,0,Corporation + Borewell,2604.46,Pimple Saudagar,411027,Society,3.85,6.14,1.71,2.05,7500.0,4109667.34,6896.82,Broker,21
SYN-00784,synthetic,https://example.com/pune-listing/784,2 BHK,733.29,865.52,18,22,7,1,Unfurnished,0,3,2,1,2,Ceramic,1,1,0,0,0,Bike,1,Municipal,1977.91,Hadapsar,411028,Society,5.15,2.3,2.18,2.25,17595.46,6846844.6,9337.21,Broker,41
SYN-00785,synthetic,https://example.com/pune-listing/785,2 BHK,569.14,640.14,10,13,13,1,Fully Furnished,1,2,2,1,3,Ceramic,1,0,1,0,0,Stilt,1,Corporation + Borewell,2719.82,Kharadi,411014,Society,4.15,1.22,2.59,1.3,19321.87,5315904.54,9340.28,Owner,24
SYN-00786,synthetic,https://example.com/pune-listing/786,2 BHK,764.72,967.88,13,14,8,1,Fully Furnished,1,3,2,1,3,Vitrified,1,1,1,1,0,Bike,1,Borewell,3233.26,Kharadi,411014,Society,4.48,3.84,2.41,2.08,37356.71,15298214.42,20005.08,Owner,28
SYN-00787,synthetic,https://example.com/pune-listing/787,4 BHK,1251.58,1420.75,10,13,3,1,Unfurnished,0,5,4,2,6,Wooden,1,0,1,1,0,None,1,Municipal,5373.63,Aundh,411007,Society,3.24,4.47,1.0,1.51,49602.63,10685591.08,8537.68,Broker,11
SYN-00788,synthetic,https://example.com/pune-listing/788,2 BHK,842.6,1028.64,4,10,8,1,Unfurnished,1,2,1,2,3,Wooden,1,1,0,0,0,Covered,1,Tanker,4179.14,Kalyani Nagar,411006,Society,2.25,4.77,1.4,1.41,33605.38,18795921.39,22307.18,Broker,14
SYN-00789,synthetic,https://example.com/pune-listing/789,2 BHK,654.53,833.67,18,19,11,1,Unfurnished,0,2,2,1,3,Vitrified,1,1,0,0,1,Covered,1,Municipal,,Aundh,411007,Society,3.3,4.65,1.79,1.53,28962.23,6863355.81,10485.93,Broker,15
SYN-00790,synthetic,https://example.com/pune-listing/790,1 BHK,384.72,445.22,3,4,6,1,Semi-Furnished,1,1,0,1,2,Vitrified,0,1,0,1,0,Covered,1,Corporation + Borewell,2185.64,Kalyani Nagar,411006,Standalone,2.52,5.43,1.42,1.75,25933.3,9581014.42,24903.77,Owner,22
SYN-00791,synthetic,https://example.com/pune-listing/791,4 BHK,1698.28,2000.01,4,13,12,1,Unfurnished,0,4,4,3,6,Wooden,1,1,0,0,0,Covered,0,Corporation + Borewell,4051.03,Hinjewadi,411057,Society,6.9,1.37,2.08,3.12,32306.91,18230623.9,10734.73,Builder,28
SYN-00792,synthetic,https://example.com/pune-listing/792,4 BHK,1551.93,1845.05,3,13,7,1,Unfurnished,0,4,3,3,8,Vitrified,1,1,0,0,0,None,0,Corporation + Borewell,4216.14,Wakad,411057,Society,5.13,2.95,1.89,2.01,31346.07,8657423.91,5578.48,Broker,23
SYN-00793,synthetic,https://example.com/pune-listing/793,2 BHK,462.45,539.8,1,14,7,1,Semi-Furnished,1,3,2,1,4,Vitrified,1,1,0,1,0,Covered,0,Tanker,1986.69,Aundh,411007,Society,4.84,5.03,1.18,1.47,20905.86,4858958.43,10507.07,Owner,3
SYN-00794,synthetic,https://example.com/pune-listing/794,2 BHK,825.75,968.32,7,9,7,1,Fully Furnished,1,2,1,1,3,Wooden,1,1,1,0,1,Covered,0,Corporation + Borewell,3327.64,Aundh,411007,Society,2.54,4.2,1.24,1.52,45106.19,7998898.66,9686.79,Broker,5
SYN-00795,synthetic,https://example.com/pune-listing/795,3 BHK,607.66,677.08,10,13,6,1,Semi-Furnished,0,3,2,1,5,Granite,1,0,0,0,0,Covered,0,Municipal,2629.86,Kharadi,411014,Standalone,3.96,3.41,2.24,2.09,18459.45,4752535.43,7821.02,Broker,44
SYN-00796,synthetic,https://example.com/pune-listing/796,3 BHK,888.39,1120.74,4,8,14,1,Unfurnished,0,3,3,1,4,Wooden,0,1,1,1,0,Covered,1,Municipal,3791.05,Kothrud,411038,Society,2.5,7.93,1.26,1.72,38357.7,10972675.84,12351.16,Owner,14
SYN-00797,synthetic,https://example.com/pune-listing/797,2 BHK,688.83,853.38,1,9,5,1,Semi-Furnished,1,1,1,1,2,Wooden,0,1,0,1,0,Bike,1,Corporation + Borewell,3168.72,Kharadi,411014,Society,4.25,0.42,2.32,2.11,32199.77,6516947.78,9460.85,Broker,13
SYN-00798,synthetic,https://example.com/pune-listing/798,1 BHK,420.63,497.65,5,17,5,1,Fully Furnished,1,2,2,0,2,,1,1,0,0,0,Stilt,1,Municipal,1501.02,Kothrud,411038,Society,1.78,6.54,1.31,1.64,19242.72,4937636.2,11738.68,Owner,14
SYN-00799,synthetic,https://example.com/pune-listing/799,2 BHK,562.22,708.1,8,10,12,1,Fully Furnished,1,3,1,2,3,Marble,1,1,1,1,1,Stilt,1,Municipal,3763.49,Kalyani Nagar,411006,Society,2.43,3.88,1.16,1.43,39519.59,17014142.61,30262.61,Broker,15
SYN-00800,synthetic,https://example.com/pune-listing/800,1 RK,355.57,,0,12,8,1,Semi-Furnished,1,2,2,0,2,Granite,1,1,0,1,0,Covered,1,Corporation + Borewell,946.49,Viman Nagar,411014,Society,2.01,5.11,1.31,1.36,18227.2,2917750.46,8205.95,Owner,13
SYN-00801,synthetic,https://example.com/pune-listing/801,4 BHK,1311.98,1480.26,4,15,16,1,Unfurnished,0,4,3,2,8,Ceramic,1,1,0,1,0,Bike,0,Municipal,4049.06,Wakad,411057,Standalone,4.58,3.06,1.61,2.38,28552.21,8347409.93,6362.43,Broker,15
SYN-00802,synthetic,https://example.com/pune-listing/802,2 BHK,486.29,608.62,0,9,6,1,Fully Furnished,1,2,3,2,2,Wooden,0,1,1,1,1,Covered,1,Tanker,1556.03,Kalyani Nagar,411006,Society,0.86,4.61,1.3,1.11,29979.59,15817072.36,32526.06,Broker,8
SYN-00803,synthetic,https://example.com/pune-listing/803,1 BHK,416.98,471.7,1,12,9,1,Fully Furnished,1,1,0,0,2,Vitrified,1,1,1,0,0,Covered,1,Corporation + Borewell,800.0,Viman Nagar,411014,Society,2.81,6.34,1.67,1.49,15633.66,3782822.28,9071.95,Owner,35
SYN-00804,synthetic,https://example.com/pune-listing/804,3 BHK,942.58,1196.15,7,11,7,1,Semi-Furnished,1,3,2,1,5,Granite,1,1,0,0,1,Covered,1,Borewell,3343.26,Kothrud,411038,Society,1.59,7.71,1.07,2.1,33030.89,8842794.39,9381.44,Broker,14
SYN-00805,synthetic,https://example.com/pune-listing/805,3 BHK,772.0,868.17,4,12,6,1,Semi-Furnished,1,4,4,3,4,Marble,1,1,1,0,1,,1,Municipal,3736.51,Koregaon Park,411001,Society,2.42,4.89,1.4,1.4,37681.33,16950944.88,21957.22,,24
SYN-00806,synthetic,https://example.com/pune-listing/806,2 BHK,681.57,828.77,6,13,14,1,Semi-Furnished,0,3,1,1,2,Ceramic,1,1,1,0,0,,0,Tanker,3467.66,Hadapsar,411028,Society,5.62,3.08,2.06,2.11,19646.26,4912642.72,7207.88,Broker,16
SYN-00807,synthetic,https://example.com/pune-listing/807,1 RK,395.09,427.49,3,15,11,1,Semi-Furnished,0,2,0,0,2,,1,1,1,0,0,Covered,0,Municipal,2301.32,Kharadi,411014,Society,4.24,1.6,2.35,1.69,12438.86,3440026.36,8707.04,Broker,14
SYN-00808,synthetic,https://example.com/pune-listing/808,2 BHK,837.13,1009.53,6,15,9,1,Semi-Furnished,1,2,1,1,4,Vitrified,1,1,0,0,0,Covered,0,Borewell,3446.62,Nigdi,411044,Society,3.91,10.82,1.5,2.47,18415.41,7274101.88,8689.34,Owner,23
SYN-00809,synthetic,https://example.com/pune-listing/809,2 BHK,730.2,813.79,6,6,16,1,Fully Furnished,1,3,2,2,2,Vitrified,1,1,1,1,1,None,1,Tanker,2311.94,Koregaon Park,411001,Society,2.12,4.11,1.5,1.47,39673.23,19441887.83,26625.49,Broker,32
SYN-00810,synthetic,https://example.com/pune-listing/810,2 BHK,614.7,728.93,5,15,10,1,Semi-Furnished,1,2,1,1,2,Granite,0,0,1,0,0,Stilt,0,Municipal,1577.61,Hinjewadi,411057,Standalone,6.09,0.63,2.95,2.67,16154.14,7511534.94,12219.86,Broker,11
SYN-00811,synthetic,https://example.com/pune-listing/811,1 BHK,444.07,489.43,4,7,14,1,Semi-Furnished,1,1,0,0,2,Vitrified,1,1,0,0,0,Bike,0,Tanker,882.32,Hadapsar,411028,Standalone,5.75,2.56,2.62,2.36,13600.21,3798509.06,8553.8,Broker,20
SYN-00812,synthetic,https://example.com/pune-listing/812,2 BHK,605.45,747.53,8,14,16,1,Semi-Furnished,0,3,1,1,3,Vitrified,0,0,0,0,1,Bike,1,Municipal,2491.54,Aundh,411007,Standalone,3.74,2.9,1.38,1.54,19740.46,9864910.92,16293.61,Builder,17
SYN-00813,synthetic,https://example.com/pune-listing/813,2 BHK,528.02,655.35,4,10,11,1,Fully Furnished,1,2,1,1,3,,1,1,1,0,0,Open,1,Corporation + Borewell,1718.02,Viman Nagar,411014,Standalone,3.05,5.67,1.63,1.6,22604.97,7809368.77,14789.84,Owner,35
SYN-00814,synthetic,https://example.com/pune-listing/814,1 BHK,347.16,415.28,4,13,14,1,Unfurnished,0,2,1,0,2,Vitrified,1,1,0,1,0,,0,Tanker,800.0,Pimple Saudagar,411027,Society,4.03,4.13,2.03,1.84,7500.0,2800000.0,8065.5,Owner,3
SYN-00815,synthetic,https://example.com/pune-listing/815,2 BHK,611.89,700.71,10,15,4,1,Semi-Furnished,1,3,2,1,3,Wooden,1,1,1,1,0,Covered,0,Municipal,2949.86,Kothrud,411038,Society,1.54,6.87,0.69,1.44,26563.06,12058223.74,19706.58,Owner,52
SYN-00816,synthetic,https://example.com/pune-listing/816,2 BHK,467.49,589.17,8,8,3,1,Semi-Furnished,1,3,1,2,3,Marble,0,0,1,1,0,None,1,Corporation + Borewell,3090.71,Kalyani Nagar,411006,Standalone,2.0,5.57,1.49,1.68,25955.94,7112671.61,15214.51,Owner,15
SYN-00817,synthetic,https://example.com/pune-listing/817,2 BHK,737.31,888.51,12,18,12,1,Unfurnished,0,2,3,1,2,Granite,1,0,0,0,0,Open,0,Municipal,1311.05,Magarpatta,411013,Society,5.1,2.51,2.06,2.47,21363.05,3889868.42,5275.73,Broker,12
SYN-00818,synthetic,https://example.com/pune-listing/818,1 BHK,378.43,418.59,6,8,0,1,Fully Furnished,0,2,1,1,2,Vitrified,1,1,0,0,1,Covered,1,Corporation + Borewell,1657.45,Koregaon Park,411001,Society,1.87,6.81,1.09,1.18,25999.37,12630858.98,33377.08,Broker,12
SYN-00819,synthetic,https://example.com/pune-listing/819,2 BHK,635.14,704.84,16,17,11,1,Semi-Furnished,0,2,1,1,2,Granite,1,1,1,0,0,Covered,1,Municipal,2226.62,Kothrud,411038,Society,1.53,7.45,1.12,1.32,27252.65,5304794.31,8352.16,Broker,21
SYN-00820,synthetic,https://example.com/pune-listing/820,5 BHK,2144.14,2624.38,3,9,11,1,Unfurnished,1,5,5,4,7,Ceramic,0,0,0,0,0,,0,Municipal,8744.87,Kothrud,411038,Standalone,1.17,7.34,1.93,1.42,77622.82,28976037.46,13514.07,Builder,15
SYN-00821,synthetic,https://example.com/pune-listing/821,1 BHK,528.48,588.54,9,11,8,1,Semi-Furnished,1,2,1,0,2,Wooden,0,1,0,1,0,Open,1,Tanker,1369.11,Aundh,411007,Standalone,3.67,4.0,1.57,2.11,22427.52,4557287.69,8623.43,Broker,53
SYN-00822,synthetic,https://example.com/pune-listing/822,3 BHK,759.5,858.54,11,12,4,1,Semi-Furnished,1,3,4,2,4,Ceramic,1,1,0,0,0,Covered,0,Tanker,2662.7,Viman Nagar,411014,Standalone,1.88,5.61,1.72,1.64,35994.71,7966898.37,10489.68,Broker,16
SYN-00823,synthetic,https://example.com/pune-listing/823,1 BHK,414.04,487.95,4,17,11,1,Semi-Furnished,1,1,0,0,2,Ceramic,0,0,0,1,0,Covered,0,Municipal,828.77,Wakad,411057,Standalone,4.95,2.89,2.1,1.96,14278.4,3027707.88,7312.67,Broker,28
SYN-00824,synthetic,https://example.com/pune-listing/824,2 BHK,665.06,760.89,10,11,3,1,Fully Furnished,1,2,2,1,4,Vitrified,1,1,0,1,1,Covered,1,Municipal,3102.57,Kothrud,411038,Standalone,1.94,8.42,1.74,1.42,36218.14,7975978.7,11992.89,Broker,31
SYN-00825,synthetic,https://example.com/pune-listing/825,1 BHK,455.4,582.68,6,11,9,1,Unfurnished,1,1,1,0,1,Wooden,1,1,1,0,0,Open,0,Corporation + Borewell,852.14,Hadapsar,411028,Society,5.96,2.87,2.35,2.12,8339.97,3278232.49,7198.63,Broker,13
SYN-00826,synthetic,https://example.com/pune-listing/826,2 BHK,686.39,824.64,4,18,13,1,Semi-Furnished,1,3,1,1,3,Ceramic,1,0,0,0,0,Covered,1,Corporation + Borewell,1883.32,Wakad,411057,Society,5.37,3.05,2.0,1.95,17149.7,4466424.47,6507.16,Owner,42
SYN-00827,synthetic,https://example.com/pune-listing/827,4 BHK,1384.37,1520.57,8,9,7,1,Semi-Furnished,1,4,2,4,8,Marble,1,1,0,0,0,Covered,0,Municipal,4445.42,Hadapsar,411028,Society,5.51,2.68,1.94,2.14,33057.78,11981349.82,8654.76,Owner,34
SYN-00828,synthetic,https://example.com/pune-listing/828,1 BHK,494.01,576.53,7,13,8,1,Semi-Furnished,1,2,1,0,1,Wooden,1,1,1,1,0,Covered,1,Municipal,800.0,Magarpatta,411013,Society,5.01,1.38,2.52,1.91,17021.34,6322091.76,12797.61,Broker,24
SYN-00829,synthetic,https://example.com/pune-listing/829,3 BHK,1165.4,1359.73,8,13,6,1,Unfurnished,0,3,4,2,3,Marble,1,1,0,1,0,Covered,0,Corporation + Borewell,4863.93,Nigdi,411044,Society,3.16,9.59,1.42,2.46,39254.27,8762163.21,7518.58,Broker,32
SYN-00830,synthetic,https://example.com/pune-listing/830,4 BHK,1316.67,1594.19,4,9,10,1,Semi-Furnished,1,5,3,2,5,Marble,1,1,0,0,0,Covered,1,Corporation + Borewell,3349.17,Nigdi,411044,Society,3.69,10.55,1.55,2.31,39277.39,8464395.04,6428.64,Broker,4
SYN-00831,synthetic,https://example.com/pune-listing/831,3 BHK,812.33,,1,18,17,1,Semi-Furnished,1,3,3,1,5,Granite,0,1,0,1,0,Covered,1,Corporation + Borewell,1713.35,Shivajinagar,411005,Standalone,1.15,6.12,1.12,1.26,35824.05,10159406.53,12506.57,Owner,6
SYN-00832,synthetic,https://example.com/pune-listing/832,3 BHK,1162.35,1401.04,6,16,8,1,Semi-Furnished,1,3,3,2,4,Vitrified,0,1,0,0,1,Stilt,1,Tanker,4858.73,Kharadi,411014,Standalone,3.6,1.47,2.55,2.18,36256.97,20659444.28,17773.92,Builder,22
SYN-00833,synthetic,https://example.com/pune-listing/833,2 BHK,565.87,641.66,9,16,3,1,Semi-Furnished,1,3,1,1,3,Vitrified,0,0,0,0,0,Open,1,Corporation + Borewell,2384.03,Kothrud,411038,Standalone,2.36,8.12,0.71,1.39,20915.13,8403544.53,14850.69,Broker,37
SYN-00834,synthetic,https://example.com/pune-listing/834,2 BHK,795.25,961.57,0,14,11,1,Semi-Furnished,1,3,2,1,2,Vitrified,1,1,0,1,0,Open,1,Municipal,1288.24,Hadapsar,411028,Society,5.73,2.48,2.37,2.19,23733.15,8797123.45,11062.04,Owner,6
SYN-00835,synthetic,https://example.com/pune-listing/835,2 BHK,742.59,805.59,7,15,9,1,Unfurnished,0,2,2,0,3,Vitrified,0,0,0,0,1,Open,0,Tanker,3547.76,Pimple Saudagar,411027,Standalone,4.16,5.12,1.47,2.07,19043.3,5700030.41,7675.9,Owner,34
SYN-00836,synthetic,https://example.com/pune-listing/836,1 BHK,431.31,495.15,2,12,1,1,Semi-Furnished,1,2,1,1,2,Ceramic,0,0,0,1,1,Open,1,Tanker,2198.33,Koregaon Park,411001,Standalone,2.73,3.17,1.16,1.07,27804.27,9845188.76,22826.34,Broker,36
SYN-00837,synthetic,https://example.com/pune-listing/837,2 BHK,681.59,743.1,4,16,4,1,Fully Furnished,1,2,2,1,4,Vitrified,1,1,0,0,1,Open,1,,3081.02,Kothrud,411038,Society,1.66,8.39,1.02,1.38,30327.98,15160734.55,22243.22,Broker,39
SYN-00838,synthetic,https://example.com/pune-listing/838,4 BHK,1376.06,1588.45,7,13,8,1,Fully Furnished,1,5,5,3,5,Vitrified,1,1,1,0,1,Covered,1,Municipal,3444.99,Wakad,411057,Society,4.74,4.25,1.49,2.28,37677.2,17198895.73,12498.63,Owner,13
SYN-00839,synthetic,https://example.com/pune-listing/839,4 BHK,1726.36,1995.79,0,15,5,1,Semi-Furnished,1,4,4,2,7,Vitrified,0,0,0,0,1,Covered,1,Borewell,5285.18,Aundh,411007,Standalone,4.04,4.16,1.4,1.63,53938.13,30767079.91,17821.91,Builder,31
SYN-00840,synthetic,https://example.com/pune-listing/840,4 BHK,1083.86,1324.46,13,17,7,1,Fully Furnished,0,4,5,2,4,Marble,1,0,1,0,0,Covered,0,Corporation + Borewell,2977.92,Hinjewadi,411057,Society,6.04,1.95,2.49,2.46,40418.69,9295353.39,8576.12,,26
SYN-00841,synthetic,https://example.com/pune-listing/841,1 RK,511.15,637.87,9,13,10,1,Unfurnished,1,1,0,0,1,Vitrified,1,1,0,1,0,Covered,0,Tanker,1895.2,Nigdi,411044,Society,3.23,11.26,1.87,2.4,9047.54,3808881.44,7451.66,Owner,59
SYN-00842,synthetic,https://example.com/pune-listing/842,3 BHK,1044.92,1311.44,5,15,6,1,Unfurnished,1,2,3,2,3,Granite,1,1,0,0,0,Stilt,0,Borewell,2151.48,Hadapsar,411028,Standalone,5.97,2.46,2.33,2.42,19228.72,6920430.66,6622.91,Builder,7
SYN-00843,synthetic,https://example.com/pune-listing/843,2 BHK,671.65,789.19,2,12,12,1,Semi-Furnished,1,2,2,1,2,Granite,0,1,0,1,1,Stilt,1,Corporation + Borewell,2908.08,Aundh,411007,Standalone,3.02,3.95,1.75,1.52,26569.49,10080490.12,15008.65,Broker,39
SYN-00844,synthetic,https://example.com/pune-listing/844,2 BHK,607.2,691.3,8,18,5,1,Unfurnished,0,2,3,0,3,Vitrified,0,0,1,0,0,Covered,1,Corporation + Borewell,,Nigdi,411044,Society,4.1,10.28,2.24,2.31,14843.44,3321212.28,5469.73,Builder,32
SYN-00845,synthetic,https://example.com/pune-listing/845,3 BHK,725.43,867.22,9,10,6,1,Fully Furnished,1,3,2,2,5,Marble,1,1,0,1,0,None,0,,1982.19,Viman Nagar,411014,Society,2.89,5.65,2.0,0.89,31245.05,10857040.98,14966.39,Owner,13
SYN-00846,synthetic,https://example.com/pune-listing/846,2 BHK,618.3,714.79,8,13,10,1,Semi-Furnished,1,1,2,2,3,Wooden,0,1,1,1,1,None,0,Tanker,3653.17,Baner,411045,Society,3.95,1.76,1.99,2.42,31855.65,15767442.38,25501.35,Builder,20
SYN-00847,synthetic,https://example.com/pune-listing/847,2 BHK,626.82,683.19,8,15,0,1,Semi-Furnished,1,2,2,1,3,Vitrified,1,1,0,0,0,Covered,0,Borewell,800.0,Nigdi,411044,Society,3.38,10.93,1.67,2.42,18501.97,4940954.17,7882.52,Broker,6
SYN-00848,synthetic,https://example.com/pune-listing/848,2 BHK,736.94,903.91,2,11,15,1,Unfurnished,1,3,2,2,2,Vitrified,1,1,0,0,0,Covered,1,Corporation + Borewell,3252.76,Baner,411045,Society,2.98,2.13,1.06,2.49,37201.35,10477773.81,14218.04,Broker,34
SYN-00849,synthetic,https://example.com/pune-listing/849,3 BHK,1045.59,1230.8,1,14,7,1,Unfurnished,0,3,3,2,5,Vitrified,0,0,1,1,0,None,1,Borewell,3225.22,Kharadi,411014,Standalone,4.4,1.37,2.36,1.76,45837.9,9525394.1,9110.07,Broker,48
SYN-00850,synthetic,https://example.com/pune-listing/850,2 BHK,476.47,535.18,3,12,8,1,Fully Furnished,1,2,1,1,3,Vitrified,1,1,1,0,0,Covered,1,Municipal,2221.54,Kharadi,411014,Society,4.47,0.81,1.73,1.99,16688.94,7594236.28,15938.63,Owner,20
SYN-00851,synthetic,https://example.com/pune-listing/851,1 BHK,365.22,410.91,3,18,12,1,Unfurnished,0,2,0,0,2,Wooden,1,1,1,0,0,Covered,0,Borewell,1544.59,Wakad,411057,Society,4.54,1.63,1.31,1.94,7500.0,2800000.0,7666.67,Owner,7
SYN-00852,synthetic,https://example.com/pune-listing/852,3 BHK,914.22,1062.33,5,9,1,1,Semi-Furnished,1,3,3,2,5,Vitrified,1,1,0,1,0,Bike,1,Municipal,1934.71,Pimple Saudagar,411027,Standalone,3.64,4.83,1.51,1.43,37136.06,7314481.86,8000.77,Builder,43
SYN-00853,synthetic,https://example.com/pune-listing/853,2 BHK,581.24,703.95,0,7,12,1,Semi-Furnished,1,2,1,1,3,Vitrified,0,0,0,0,0,Bike,1,Municipal,2146.84,Kharadi,411014,Society,3.88,1.72,1.83,2.01,15089.94,4993261.05,8590.67,Owner,21
SYN-00854,synthetic,https://example.com/pune-listing/854,2 BHK,492.21,539.07,7,14,14,1,Semi-Furnished,1,3,2,1,3,Wooden,0,0,0,0,0,Covered,0,Corporation + Borewell,,Magarpatta,411013,Standalone,4.91,2.86,2.14,1.9,14114.73,3407153.28,6922.14,Broker,22
SYN-00855,synthetic,https://example.com/pune-listing/855,4 BHK,1612.63,1781.64,8,15,0,1,Semi-Furnished,1,4,2,4,5,Vitrified,1,1,0,0,0,Covered,1,Corporation + Borewell,5402.21,Kothrud,411038,Society,2.79,7.26,1.44,1.45,84410.9,29622497.37,18369.07,Broker,18
SYN-00856,synthetic,https://example.com/pune-listing/856,2 BHK,684.51,778.72,5,15,12,1,Semi-Furnished,1,3,2,1,2,Marble,0,1,0,0,0,Covered,0,Municipal,1730.86,Hadapsar,411028,Standalone,5.87,2.5,1.76,1.83,15554.51,4079101.86,5959.14,Builder,12
SYN-00857,synthetic,https://example.com/pune-listing/857,1 RK,502.61,622.43,11,15,15,1,Semi-Furnished,1,1,1,0,2,Vitrified,0,1,0,1,0,,0,Corporation + Borewell,1615.01,Hinjewadi,411057,Standalone,6.92,1.69,2.8,2.38,8821.64,4304401.31,8564.12,Broker,50
SYN-00858,synthetic,https://example.com/pune-listing/858,4 BHK,1409.57,1652.77,11,12,9,1,Fully Furnished,1,4,3,2,7,Vitrified,1,1,1,0,0,Covered,1,Municipal,3953.03,Wakad,411057,Society,4.97,2.57,2.63,2.7,61205.85,13091337.14,9287.45,Broker,17
SYN-00859,synthetic,https://example.com/pune-listing/859,3 BHK,546.72,598.13,2,16,11,1,Fully Furnished,1,4,3,1,4,Vitrified,1,1,1,1,1,,1,Corporation + Borewell,2498.05,Aundh,411007,Society,3.42,4.6,0.86,1.81,23805.2,8635188.02,15794.54,,54
SYN-00860,synthetic,https://example.com/pune-listing/860,2 BHK,523.97,618.09,13,17,15,1,Unfurnished,0,3,2,1,2,Vitrified,1,0,0,1,0,Covered,1,Corporation + Borewell,1657.25,Pune Camp,411001,Society,1.71,6.4,1.31,1.54,8622.41,3373105.4,6437.61,Broker,16
SYN-00861,synthetic,https://example.com/pune-listing/861,2 BHK,668.3,747.68,3,12,10,1,Fully Furnished,1,2,2,1,4,Granite,1,1,0,0,0,None,0,Municipal,1025.24,Wakad,411057,Society,4.41,2.59,1.91,2.05,17059.48,5655966.11,8463.22,Broker,23
SYN-00862,synthetic,https://example.com/pune-listing/862,4 BHK,1602.14,1965.64,10,11,14,1,Semi-Furnished,1,4,4,3,7,Ceramic,1,1,0,0,0,None,1,Tanker,4264.33,Hinjewadi,411057,Society,6.24,0.47,2.73,2.22,33561.08,12013967.62,7498.72,Broker,16
SYN-00863,synthetic,https://example.com/pune-listing/863,3 BHK,1073.59,1286.89,4,10,8,1,Semi-Furnished,1,3,2,3,4,Granite,1,1,1,1,0,Covered,1,Municipal,4148.41,Baner,411045,Society,3.6,3.6,1.2,1.87,46616.26,31131779.89,28997.88,Owner,10
SYN-00864,synthetic,https://example.com/pune-listing/864,2 BHK,659.25,713.89,10,14,8,1,Unfurnished,1,2,1,1,2,Ceramic,1,1,0,0,0,Covered,0,Borewell,2330.16,Wakad,411057,Society,5.51,4.15,2.1,2.13,20586.99,4602663.22,6981.67,Broker,27
SYN-00865,synthetic,https://example.com/pune-listing/865,2 BHK,880.81,1016.79,9,15,9,1,Fully Furnished,1,2,2,1,2,Vitrified,1,1,1,0,0,Covered,0,Borewell,4300.93,Shivajinagar,411005,Society,1.05,6.67,0.66,1.62,30988.31,8159128.62,9263.18,Owner,17
SYN-00866,synthetic,https://example.com/pune-listing/866,3 BHK,916.91,1003.11,9,14,15,1,Semi-Furnished,1,4,3,2,4,Ceramic,1,1,1,0,1,Covered,0,Municipal,3097.84,Wakad,411057,Society,5.36,3.68,2.03,2.59,13499.07,9384281.32,10234.66,Broker,14
SYN-00867,synthetic,https://example.com/pune-listing/867,3 BHK,1078.83,1357.93,4,12,10,1,Semi-Furnished,1,3,3,2,3,Ceramic,0,0,1,0,0,Covered,0,Tanker,2651.88,Wakad,411057,Standalone,4.8,3.43,1.94,2.98,36343.25,7726617.17,7162.06,Owner,16
SYN-00868,synthetic,https://example.com/pune-listing/868,1 BHK,391.02,427.1,4,6,9,1,Unfurnished,0,2,3,1,2,Ceramic,0,0,1,1,0,Bike,1,Municipal,2223.82,Koregaon Park,411001,Standalone,2.05,5.64,0.96,1.17,22860.7,5798627.72,14829.5,Owner,4
SYN-00869,synthetic,https://example.com/pune-listing/869,1 BHK,423.84,493.48,3,17,3,1,Semi-Furnished,1,1,1,0,2,Granite,1,1,0,0,0,Covered,0,Corporation + Borewell,834.4,Nigdi,411044,Society,4.08,9.58,1.83,1.85,11025.78,3513445.81,8289.47,Owner,35
SYN-00870,synthetic,https://example.com/pune-listing/870,1 BHK,363.79,400.65,6,11,5,1,Fully Furnished,1,1,2,1,1,Marble,1,1,0,1,1,None,1,Borewell,800.0,Baner,411045,Society,3.31,3.72,1.92,2.34,19348.35,10592425.61,29116.52,Broker,19
SYN-00871,synthetic,https://example.com/pune-listing/871,2 BHK,674.82,836.96,5,7,10,1,Semi-Furnished,1,2,2,2,2,Vitrified,1,0,1,1,0,None,1,Municipal,3540.87,Kalyani Nagar,411006,Society,2.59,3.72,1.33,1.38,48569.12,17835818.09,26430.3,Owner,24
SYN-00872,synthetic,https://example.com/pune-listing/872,3 BHK,886.5,1120.56,6,15,11,1,Unfurnished,0,3,2,1,5,Wooden,1,1,0,0,1,Covered,0,Corporation + Borewell,3349.01,Shivajinagar,411005,Society,0.3,7.07,1.34,1.35,33562.84,7505284.64,8466.19,Owner,87
SYN-00873,synthetic,https://example.com/pune-listing/873,1 BHK,492.31,620.24,3,11,0,1,Semi-Furnished,1,1,0,0,2,Vitrified,0,0,0,0,0,Covered,0,Municipal,1560.38,Hinjewadi,411057,Society,7.07,0.36,2.6,2.28,20480.46,3571525.69,7254.68,Owner,36
SYN-00874,synthetic,https://example.com/pune-listing/874,2 BHK,639.3,794.86,6,13,13,1,Semi-Furnished,0,2,4,1,3,Marble,1,1,0,1,0,Covered,1,Municipal,2396.7,Viman Nagar,411014,Society,1.49,6.15,1.61,1.38,18166.33,5767031.01,9020.79,Owner,21
SYN-00875,synthetic,https://example.com/pune-listing/875,2 BHK,451.49,570.47,12,17,8,1,Semi-Furnished,1,3,2,1,3,Vitrified,0,0,0,1,1,Bike,0,Corporation + Borewell,1723.92,Kothrud,411038,Society,2.25,7.22,0.87,1.5,19625.07,3520139.13,7796.78,Owner,34
SYN-00876,synthetic,https://example.com/pune-listing/876,1 BHK,590.98,723.5,14,15,11,1,Semi-Furnished,1,1,1,0,2,Granite,0,1,0,1,0,Covered,0,Corporation + Borewell,1670.2,Pune Camp,411001,Standalone,2.32,5.46,1.55,1.51,13989.84,4005826.87,6778.27,Owner,37
SYN-00877,synthetic,https://example.com/pune-listing/877,1 RK,489.94,543.44,8,9,1,1,Semi-Furnished,0,1,1,1,2,Marble,1,1,1,1,0,Covered,1,Municipal,1891.66,Baner,411045,Society,2.58,3.94,1.82,2.76,29424.96,14482418.38,29559.41,Broker,30
SYN-00878,synthetic,https://example.com/pune-listing/878,3 BHK,1059.16,1297.43,10,11,10,1,Unfurnished,1,2,3,2,5,Vitrified,1,1,1,1,0,Open,1,,5056.59,Baner,411045,Society,2.77,3.02,2.11,2.23,53114.4,30040920.58,28363.05,Broker,18
SYN-00879,synthetic,https://example.com/pune-listing/879,2 BHK,474.6,516.09,7,11,15,1,Semi-Furnished,1,3,1,1,3,Ceramic,1,1,0,0,0,Covered,0,Tanker,2795.18,Kothrud,411038,Society,1.71,7.99,1.82,1.81,15778.76,7220789.64,15214.55,Owner,18
SYN-00880,synthetic,https://example.com/pune-listing/880,4 BHK,1490.34,1849.29,9,14,5,1,Unfurnished,0,4,4,3,5,Vitrified,0,0,0,1,0,Covered,0,Municipal,4843.12,Viman Nagar,411014,Standalone,2.22,5.21,2.16,1.24,44394.08,23869747.37,16016.35,Broker,38
SYN-00881,synthetic,https://example.com/pune-listing/881,2 BHK,399.0,445.36,0,14,7,1,Semi-Furnished,1,3,3,1,3,Vitrified,1,1,0,0,0,Covered,0,Borewell,800.0,Wakad,411057,Society,4.26,2.18,2.3,2.65,7803.01,2957829.16,7413.19,Owner,70
SYN-00882,synthetic,https://example.com/pune-listing/882,1 BHK,556.67,670.13,6,14,10,1,Fully Furnished,1,2,1,0,2,Vitrified,1,1,0,1,0,Covered,1,Borewell,3254.59,Aundh,411007,Society,3.94,2.6,1.48,1.53,31864.31,5081193.71,9127.82,Owner,13
SYN-00883,synthetic,https://example.com/pune-listing/883,2 BHK,686.97,860.71,7,12,16,1,Unfurnished,1,3,1,1,3,Marble,1,1,1,0,0,Bike,0,Borewell,2424.4,Hadapsar,411028,Society,4.7,3.27,2.75,2.17,19427.11,6059753.75,8820.99,Owner,5
SYN-00884,synthetic,https://example.com/pune-listing/884,2 BHK,757.82,928.88,0,15,9,1,Semi-Furnished,1,3,1,1,3,Vitrified,1,0,1,1,0,Covered,0,Municipal,3675.07,Kharadi,411014,Society,3.7,2.7,2.48,1.59,18764.13,6843515.66,9030.51,Broker,10
SYN-00885,synthetic,https://example.com/pune-listing/885,2 BHK,377.62,443.96,4,14,7,1,Semi-Furnished,1,2,1,1,2,Wooden,0,1,1,1,1,Bike,1,Tanker,1893.19,Koregaon Park,411001,Standalone,2.45,4.89,1.16,0.95,17412.65,10412778.84,27574.56,Owner,16
SYN-00886,synthetic,https://example.com/pune-listing/886,4 BHK,1128.23,1245.04,11,15,2,1,Semi-Furnished,1,5,4,2,8,Ceramic,1,1,1,1,1,Open,1,Corporation + Borewell,3653.57,Kharadi,411014,Standalone,4.56,1.43,1.74,1.96,54134.04,19118153.1,16945.29,Owner,53
SYN-00887,synthetic,https://example.com/pune-listing/887,1 RK,519.88,595.33,6,9,4,1,Semi-Furnished,1,1,1,1,2,Vitrified,1,1,1,1,1,Covered,1,Borewell,2784.58,Baner,411045,Standalone,3.36,2.44,1.4,2.22,34176.92,7269389.64,13982.83,Owner,38
SYN-00888,synthetic,https://example.com/pune-listing/888,1 BHK,404.0,487.26,7,10,5,1,Unfurnished,0,1,1,0,2,Wooden,1,1,0,1,1,Stilt,0,Corporation + Borewell,,Hinjewadi,411057,Society,6.72,0.88,2.76,2.7,7500.0,3990562.3,9877.59,Owner,34
SYN-00889,synthetic,https://example.com/pune-listing/889,3 BHK,846.69,1010.05,1,14,9,1,Semi-Furnished,1,4,2,1,5,Granite,1,1,1,0,0,Stilt,1,Municipal,1557.29,Viman Nagar,411014,Society,1.5,6.06,1.74,1.32,39469.43,11316304.85,13365.32,Owner,44
SYN-00890,synthetic,https://example.com/pune-listing/890,2 BHK,548.72,651.28,7,10,16,1,Unfurnished,0,1,2,2,3,,0,1,0,1,1,Covered,1,Tanker,2299.13,Koregaon Park,411001,Standalone,2.87,4.76,1.54,1.15,29278.94,11934702.34,21750.12,Broker,15
SYN-00891,synthetic,https://example.com/pune-listing/891,2 BHK,581.79,738.09,0,7,1,1,Semi-Furnished,1,2,2,2,2,Vitrified,1,1,0,0,0,Covered,1,Corporation + Borewell,2479.53,Kalyani Nagar,411006,Society,1.33,4.51,1.72,0.83,46482.62,16907664.69,29061.3,Broker,25
SYN-00892,synthetic,https://example.com/pune-listing/892,2 BHK,576.86,626.46,7,14,4,1,Fully Furnished,1,2,3,0,4,Vitrified,1,1,0,0,0,Covered,0,Corporation + Borewell,1834.64,Aundh,411007,Society,2.9,5.51,1.37,1.27,26108.74,5960598.07,10332.83,Broker,84
SYN-00893,synthetic,https://example.com/pune-listing/893,1 BHK,499.43,553.44,8,11,12,1,Semi-Furnished,1,2,2,0,1,Granite,1,1,0,0,0,Open,1,Tanker,1144.08,Shivajinagar,411005,Society,1.17,6.54,0.29,1.55,25058.35,8073753.67,16165.78,Broker,46
SYN-00894,synthetic,https://example.com/pune-listing/894,3 BHK,717.32,877.56,0,11,14,1,Unfurnished,1,5,3,2,4,Granite,1,1,0,0,0,Covered,1,Municipal,1947.6,Nigdi,411044,Society,3.44,10.95,1.67,2.38,21869.52,5243184.43,7309.43,Owner,32
SYN-00895,synthetic,https://example.com/pune-listing/895,2 BHK,448.85,568.2,2,10,0,1,Fully Furnished,1,3,2,2,3,Granite,0,0,0,0,0,Covered,1,Municipal,1585.3,Baner,411045,Society,3.54,3.84,1.52,2.22,24661.42,11480772.53,25578.04,Owner,50
SYN-00896,synthetic,https://example.com/pune-listing/896,1 BHK,381.77,,2,11,16,1,Fully Furnished,1,1,0,0,1,Granite,0,1,1,1,1,Covered,1,Municipal,1830.65,Kharadi,411014,Standalone,4.71,1.55,1.98,1.66,13833.13,3607706.52,9449.83,Owner,49
SYN-00897,synthetic,https://example.com/pune-listing/897,5 BHK,2331.0,,1,7,5,1,Unfurnished,0,5,5,4,6,Vitrified,0,0,0,0,0,Stilt,1,Corporation + Borewell,6333.26,Wakad,411057,Standalone,4.8,1.92,1.79,2.17,42143.04,15765407.74,6763.38,Owner,33
SYN-00898,synthetic,https://example.com/pune-listing/898,1 BHK,362.82,398.81,7,13,10,1,Fully Furnished,0,2,1,0,2,Ceramic,1,1,0,1,1,Open,1,Corporation + Borewell,2614.07,Kothrud,411038,Society,2.38,7.13,1.12,1.0,19668.04,3474296.7,9575.86,Owner,32
SYN-00899,synthetic,https://example.com/pune-listing/899,1 BHK,364.11,412.62,3,14,6,1,Semi-Furnished,1,1,1,0,1,Vitrified,1,1,0,0,0,Covered,0,Corporation + Borewell,,Pimple Saudagar,411027,Society,4.12,3.87,1.62,2.3,12192.77,3584393.99,9844.32,Owner,24
SYN-00900,synthetic,https://example.com/pune-listing/900,2 BHK,444.21,559.77,14,16,10,1,Unfurnished,1,3,2,1,3,Ceramic,1,1,0,1,0,Stilt,0,Corporation + Borewell,800.0,Nigdi,411044,Society,3.38,9.92,2.0,2.78,10766.61,2800000.0,6303.27,Owner,73
SYN-00901,synthetic,https://example.com/pune-listing/901,3 BHK,1169.55,1458.02,11,13,3,1,Unfurnished,0,3,2,2,3,Granite,1,1,0,1,1,Covered,1,Municipal,4701.71,Kharadi,411014,Society,4.41,1.56,1.9,2.17,50887.46,9477973.61,8103.92,Owner,17
SYN-00902,synthetic,https://example.com/pune-listing/902,1 BHK,422.63,,6,17,10,1,Semi-Furnished,1,1,1,0,2,Granite,0,0,0,0,0,Covered,0,Municipal,2149.98,Pimple Saudagar,411027,Standalone,4.78,6.8,1.64,2.06,13098.72,3678210.09,8703.12,Owner,21
SYN-00903,synthetic,https://example.com/pune-listing/903,1 BHK,518.17,582.7,16,17,6,1,Semi-Furnished,1,1,0,1,2,Vitrified,0,0,0,0,1,None,1,Municipal,3251.53,Kalyani Nagar,411006,Society,2.2,5.95,1.29,1.55,23412.63,13318669.15,25703.1,Owner,37
SYN-00904,synthetic,https://example.com/pune-listing/904,1 BHK,366.85,412.11,0,12,4,1,Fully Furnished,1,1,1,1,1,Granite,0,1,1,1,1,Open,0,Corporation + Borewell,1572.11,Koregaon Park,411001,Society,2.91,4.38,1.31,0.89,16666.11,10499225.13,28619.93,Broker,12
SYN-00905,synthetic,https://example.com/pune-listing/905,2 BHK,392.94,452.65,10,13,10,1,Semi-Furnished,1,3,2,1,3,Vitrified,1,1,0,0,1,Covered,0,Municipal,1172.09,Wakad,411057,Society,5.31,3.45,1.79,2.45,11256.01,2800000.0,7125.7,Owner,23
SYN-00906,synthetic,https://example.com/pune-listing/906,4 BHK,1563.04,1789.95,9,10,6,1,Semi-Furnished,1,4,3,2,7,Ceramic,0,0,1,1,0,Open,0,Corporation + Borewell,7822.33,Koregaon Park,411001,Society,1.99,5.03,1.02,1.19,111845.55,35466733.54,22690.84,Owner,30
SYN-00907,synthetic,https://example.com/pune-listing/907,2 BHK,614.12,771.82,5,16,8,1,Semi-Furnished,1,2,2,0,3,Granite,0,0,1,0,0,Bike,0,Municipal,2732.59,Hadapsar,411028,Standalone,5.97,2.13,2.33,2.44,14192.73,5011455.9,8160.32,Owner,15
SYN-00908,synthetic,https://example.com/pune-listing/908,2 BHK,689.82,788.68,5,5,8,1,Fully Furnished,1,3,2,2,2,Vitrified,0,0,0,1,1,Covered,0,Municipal,3822.36,Kalyani Nagar,411006,Standalone,2.2,4.9,1.16,1.7,53960.17,12152131.94,17616.36,Owner,25
SYN-00909,synthetic,https://example.com/pune-listing/909,2 BHK,493.52,629.27,8,14,15,1,Semi-Furnished,1,2,1,1,4,Vitrified,0,0,0,1,0,Stilt,1,Municipal,800.0,Wakad,411057,Standalone,5.44,2.55,2.18,2.13,13000.06,5871738.87,11897.7,Owner,42
SYN-00910,synthetic,https://example.com/pune-listing/910,3 BHK,901.69,1013.18,3,15,10,1,Semi-Furnished,1,3,3,1,4,Ceramic,1,1,0,0,0,Covered,1,Tanker,800.0,Pune Camp,411001,Society,3.07,6.79,1.6,1.73,23875.77,6080450.67,6743.41,Broker,31
SYN-00911,synthetic,https://example.com/pune-listing/911,3 BHK,1040.51,1131.04,0,10,3,1,Semi-Furnished,1,3,3,2,4,Granite,0,0,0,0,1,Covered,1,Municipal,5325.73,Baner,411045,Standalone,3.32,2.79,2.21,1.68,55905.33,13367479.89,12846.99,Broker,9
SYN-00912,synthetic,https://example.com/pune-listing/912,1 BHK,483.28,545.7,7,11,13,1,Fully Furnished,1,2,0,1,2,,0,0,1,1,0,Covered,1,Borewell,2339.42,Kalyani Nagar,411006,Society,0.31,5.14,1.36,1.48,27363.83,5887385.39,12182.2,Owner,20
SYN-00913,synthetic,https://example.com/pune-listing/913,2 BHK,823.15,996.02,0,17,9,1,Unfurnished,0,3,3,1,3,Granite,1,1,0,1,0,Covered,0,,1502.35,Pune Camp,411001,Society,1.09,6.46,1.34,1.93,21414.88,7288295.29,8854.1,Broker,23
SYN-00914,synthetic,https://example.com/pune-listing/914,1 BHK,427.75,473.75,7,17,3,1,Semi-Furnished,1,1,2,0,2,Granite,1,1,0,0,0,Bike,0,Borewell,1329.95,Pimple Saudagar,411027,Society,4.21,4.8,1.77,1.99,11252.11,3554016.6,8308.65,Broker,43
SYN-00915,synthetic,https://example.com/pune-listing/915,4 BHK,1646.71,1855.47,11,15,8,1,Semi-Furnished,1,4,5,1,6,Vitrified,1,1,0,0,1,Covered,0,Tanker,6599.06,Kharadi,411014,Society,3.65,1.46,1.84,2.21,83611.76,15701510.21,9535.1,Broker,30
SYN-00916,synthetic,https://example.com/pune-listing/916,3 BHK,1396.84,1629.03,8,14,5,1,Unfurnished,1,3,3,2,4,Marble,1,1,0,0,0,Bike,0,Municipal,,Kothrud,411038,Society,1.78,7.09,1.18,1.64,45379.7,13224886.59,9467.69,Broker,19
SYN-00917,synthetic,https://example.com/pune-listing/917,1 BHK,441.54,509.85,5,15,9,1,Semi-Furnished,1,1,1,0,1,Granite,1,1,0,1,0,Covered,1,Corporation + Borewell,800.0,Hinjewadi,411057,Society,5.84,1.76,2.75,2.92,7500.0,3218708.57,7289.77,Owner,98
SYN-00918,synthetic,https://example.com/pune-listing/918,3 BHK,1058.99,1210.77,7,9,13,1,Semi-Furnished,1,2,5,2,5,Marble,1,1,0,0,0,Stilt,1,Municipal,2131.37,Nigdi,411044,Society,4.08,10.1,1.11,2.12,19635.2,8057367.94,7608.51,Owner,15
SYN-00919,synthetic,https://example.com/pune-listing/919,3 BHK,1032.57,1251.18,7,9,6,1,Semi-Furnished,1,4,3,2,5,Granite,0,0,1,0,0,Covered,1,Tanker,4056.19,Kharadi,411014,Society,4.41,0.28,1.96,1.46,48176.73,19209054.46,18603.23,Owner,13
SYN-00920,synthetic,https://example.com/pune-listing/920,3 BHK,1049.81,1184.65,5,10,0,1,Semi-Furnished,0,3,4,2,6,Wooden,1,1,0,1,0,,0,Corporation + Borewell,4722.73,Aundh,411007,Society,2.96,4.49,1.84,1.48,37707.94,16931220.42,16127.96,Owner,13
SYN-00921,synthetic,https://example.com/pune-listing/921,4 BHK,1057.79,1351.46,10,11,8,1,Semi-Furnished,1,4,5,3,7,Ceramic,1,1,0,0,0,Covered,1,Borewell,3768.96,Aundh,411007,Standalone,3.19,3.63,1.94,1.48,30699.52,8713230.09,8237.23,Broker,36
SYN-00922,synthetic,https://example.com/pune-listing/922,3 BHK,1334.83,1581.13,5,10,7,1,Semi-Furnished,1,3,3,2,5,Granite,1,0,1,0,1,None,1,Municipal,6213.59,Baner,411045,Society,3.14,2.11,2.43,1.58,58506.6,40461929.43,30312.37,Owner,58
SYN-00923,synthetic,https://example.com/pune-listing/923,5 BHK,1735.41,2177.79,9,12,10,1,Fully Furnished,1,5,5,3,8,Vitrified,1,1,0,0,0,Covered,0,Municipal,6367.02,Viman Nagar,411014,Society,2.79,6.4,1.46,1.24,90371.34,31069806.59,17903.43,Broker,28
SYN-00924,synthetic,https://example.com/pune-listing/924,2 BHK,542.17,592.13,3,14,4,1,Fully Furnished,1,2,2,0,3,Granite,0,0,1,0,1,Covered,0,Corporation + Borewell,1634.6,Viman Nagar,411014,Society,2.48,4.49,1.44,1.25,16078.31,7860816.87,14498.86,Owner,19
SYN-00925,synthetic,https://example.com/pune-listing/925,3 BHK,854.47,1072.18,7,16,10,1,Unfurnished,1,3,2,2,5,Marble,0,0,1,0,0,Covered,0,Corporation + Borewell,3093.61,Pune Camp,411001,Standalone,1.59,7.53,1.2,1.61,16609.42,4365206.52,5108.69,Owner,32
SYN-00926,synthetic,https://example.com/pune-listing/926,3 BHK,897.44,1048.06,3,16,13,1,Unfurnished,0,3,3,2,4,Vitrified,1,1,0,0,0,Open,1,Municipal,1310.07,Magarpatta,411013,Society,4.92,0.79,1.82,1.74,22603.68,6767477.87,7540.84,Broker,26
SYN-00927,synthetic,https://example.com/pune-listing/927,2 BHK,792.2,876.39,0,10,8,1,Unfurnished,1,2,1,1,3,Vitrified,1,1,1,1,0,Bike,1,Municipal,3288.71,Kharadi,411014,Society,3.49,1.56,2.39,1.98,19720.74,7478227.08,9439.84,Owner,46
SYN-00928,synthetic,https://example.com/pune-listing/928,1 BHK,572.61,664.98,6,14,4,1,Fully Furnished,1,1,2,1,2,Vitrified,1,1,1,1,1,Covered,1,Municipal,2026.28,Baner,411045,Society,2.95,4.35,2.03,1.94,41272.36,18713486.29,32680.83,Owner,63
SYN-00929,synthetic,https://example.com/pune-listing/929,2 BHK,631.95,784.2,7,13,9,1,Fully Furnished,1,3,3,1,4,,1,1,1,0,0,Stilt,1,Tanker,3237.01,Kothrud,411038,Society,2.03,6.88,1.04,1.85,35245.89,5659400.06,8955.48,Broker,19
SYN-00930,synthetic,https://example.com/pune-listing/930,2 BHK,679.13,860.74,11,11,10,1,Semi-Furnished,1,2,2,1,2,Ceramic,1,0,0,1,1,Open,1,Municipal,3726.94,Kalyani Nagar,411006,Society,3.11,4.44,1.38,1.45,45834.88,15206537.91,22391.09,Owner,26
SYN-00931,synthetic,https://example.com/pune-listing/931,2 BHK,490.6,582.12,12,13,11,1,Semi-Furnished,1,3,2,1,4,Vitrified,1,1,0,0,0,,0,Corporation + Borewell,800.0,Wakad,411057,Society,4.12,3.19,1.74,2.02,10843.5,3125831.43,6371.45,Owner,74
SYN-00932,synthetic,https://example.com/pune-listing/932,2 BHK,725.83,820.38,7,15,12,1,Fully Furnished,0,3,2,1,3,Wooden,0,1,1,0,0,Covered,1,Corporation + Borewell,3578.46,Kharadi,411014,Society,4.3,2.1,2.37,1.76,37420.41,8273826.67,11399.2,Broker,15
SYN-00933,synthetic,https://example.com/pune-listing/933,1 RK,436.14,512.51,0,11,11,1,Semi-Furnished,1,1,1,0,1,Ceramic,1,1,1,1,1,,0,Municipal,1269.4,Shivajinagar,411005,Society,0.49,6.17,0.78,1.16,15240.1,3568770.73,8182.54,Broker,30
SYN-00934,synthetic,https://example.com/pune-listing/934,1 BHK,349.44,436.79,0,13,8,1,Semi-Furnished,1,1,1,1,2,Vitrified,1,1,1,0,1,Open,1,Municipal,2528.26,Koregaon Park,411001,Society,2.87,5.0,1.48,1.22,23908.59,9706381.23,27777.26,Broker,6
SYN-00935,synthetic,https://example.com/pune-listing/935,1 BHK,371.69,450.3,5,5,10,1,Fully Furnished,1,1,0,1,1,Wooden,1,1,1,1,1,Stilt,1,Borewell,1990.01,Kalyani Nagar,411006,Society,2.25,4.66,1.18,1.49,17191.64,4902852.24,13190.66,Builder,24
SYN-00936,synthetic,https://example.com/pune-listing/936,2 BHK,572.94,716.4,4,16,6,1,Semi-Furnished,0,2,2,1,3,Wooden,1,0,1,0,0,Bike,1,Municipal,2157.1,Pimple Saudagar,411027,Society,4.67,5.02,1.67,1.99,11367.94,4397432.08,7675.27,Owner,20
SYN-00937,synthetic,https://example.com/pune-listing/937,3 BHK,1052.07,1207.88,2,13,3,1,Semi-Furnished,1,3,2,2,5,Vitrified,0,1,1,0,1,Covered,1,Municipal,4244.54,Kharadi,411014,Standalone,3.61,1.76,2.12,2.22,39532.22,10792871.14,10258.7,Owner,17
SYN-00938,synthetic,https://example.com/pune-listing/938,1 RK,463.59,522.41,7,14,17,1,Semi-Furnished,1,2,0,0,1,Marble,0,0,0,0,0,Covered,0,Municipal,1288.37,Magarpatta,411013,Standalone,5.48,1.75,2.29,2.31,17272.6,3459148.45,7461.62,Builder,27
SYN-00939,synthetic,https://example.com/pune-listing/939,2 BHK,431.06,472.5,14,15,2,1,Semi-Furnished,1,2,2,1,3,Marble,1,1,0,0,0,Bike,0,Municipal,800.0,Hadapsar,411028,Society,5.73,2.94,2.25,2.34,12099.44,3613205.49,8382.08,Owner,16
SYN-00940,synthetic,https://example.com/pune-listing/940,3 BHK,1153.18,1399.65,4,14,6,1,Fully Furnished,1,3,2,2,3,Vitrified,1,1,1,1,0,Covered,1,Borewell,5679.31,Koregaon Park,411001,Society,2.21,4.61,1.71,1.2,94787.99,34786814.55,30165.92,Owner,120
SYN-00941,synthetic,https://example.com/pune-listing/941,2 BHK,603.65,745.94,2,10,2,1,Unfurnished,0,3,1,1,3,Marble,1,1,0,1,0,Bike,0,Municipal,1983.49,Hinjewadi,411057,Society,5.29,0.94,2.66,2.97,21945.72,3742855.92,6200.36,Owner,38
SYN-00942,synthetic,https://example.com/pune-listing/942,2 BHK,507.2,549.61,4,7,13,1,Fully Furnished,1,2,3,2,2,Vitrified,1,0,1,0,0,Open,1,Corporation + Borewell,2526.7,Koregaon Park,411001,Society,2.76,3.82,1.67,0.9,37407.54,13491868.66,26600.87,Owner,15
SYN-00943,synthetic,https://example.com/pune-listing/943,2 BHK,607.45,701.16,7,16,7,1,Unfurnished,0,2,3,1,3,Vitrified,0,0,0,0,1,Open,1,Tanker,1361.84,Hinjewadi,411057,Standalone,5.37,0.79,2.6,2.71,10567.19,4316116.95,7105.28,Owner,61
SYN-00944,synthetic,https://example.com/pune-listing/944,3 BHK,991.82,1192.67,2,22,12,1,Unfurnished,0,4,1,1,3,Vitrified,0,0,0,0,0,,1,Corporation + Borewell,4044.88,Wakad,411057,Standalone,4.66,3.88,2.31,2.5,20166.11,5861693.96,5910.03,Broker,25
SYN-00945,synthetic,https://example.com/pune-listing/945,2 BHK,541.88,691.14,6,11,7,1,Semi-Furnished,1,2,2,1,2,Vitrified,0,1,1,0,0,,0,Borewell,1384.9,Pimple Saudagar,411027,Standalone,4.5,5.92,1.48,1.81,19893.7,4320127.97,7972.44,Owner,10
SYN-00946,synthetic,https://example.com/pune-listing/946,3 BHK,784.57,949.42,3,13,4,1,Semi-Furnished,1,4,3,1,6,Vitrified,1,1,0,1,1,Bike,0,Borewell,3012.51,Kharadi,411014,Society,4.48,2.9,1.97,2.05,26235.87,12561256.96,16010.46,Owner,35
SYN-00947,synthetic,https://example.com/pune-listing/947,2 BHK,552.15,703.48,2,15,11,1,Fully Furnished,1,3,3,2,3,Vitrified,1,1,1,1,1,Bike,1,Borewell,1705.53,Kalyani Nagar,411006,Society,1.88,5.61,1.32,1.28,42768.15,16754352.57,30343.91,Owner,26
SYN-00948,synthetic,https://example.com/pune-listing/948,4 BHK,1607.14,2040.07,0,11,6,1,Fully Furnished,1,5,5,3,6,Vitrified,0,0,1,1,0,Covered,1,Corporation + Borewell,7976.81,Koregaon Park,411001,Society,2.0,5.0,2.18,1.6,95774.18,44774836.01,27860.01,Owner,26
SYN-00949,synthetic,https://example.com/pune-listing/949,3 BHK,1029.08,1215.21,7,10,11,1,Semi-Furnished,1,3,3,2,3,Vitrified,0,1,0,0,0,Covered,1,Corporation + Borewell,2556.68,Kharadi,411014,Standalone,4.17,1.17,1.83,1.73,38002.7,10528189.29,10230.71,Broker,25
SYN-00950,synthetic,https://example.com/pune-listing/950,2 BHK,601.06,,8,11,11,1,Semi-Furnished,1,2,2,1,4,Granite,0,1,0,1,1,Covered,1,Corporation + Borewell,2775.95,Aundh,411007,Standalone,2.73,2.76,1.26,1.76,16434.09,5895261.35,9808.19,Broker,26
SYN-00951,synthetic,https://example.com/pune-listing/951,2 BHK,505.18,612.56,9,13,11,1,Semi-Furnished,1,3,1,1,3,Marble,1,1,0,0,1,Covered,1,Municipal,2070.49,Kothrud,411038,Society,2.25,8.45,1.23,1.23,21938.44,7610524.72,15064.83,Owner,13
SYN-00952,synthetic,https://example.com/pune-listing/952,2 BHK,593.44,747.69,5,17,4,1,Semi-Furnished,1,2,2,0,4,Vitrified,1,1,0,0,1,Covered,0,Municipal,2278.53,Aundh,411007,Society,4.01,2.69,1.32,1.47,20788.26,6506871.49,10964.64,Owner,28
SYN-00953,synthetic,https://example.com/pune-listing/953,4 BHK,1783.71,2053.53,8,17,4,1,Unfurnished,0,4,4,2,5,Vitrified,0,0,0,0,1,Covered,1,Municipal,4462.93,Hadapsar,411028,Standalone,5.68,1.68,1.89,2.13,23668.82,13163482.87,7379.85,Owner,15
SYN-00954,synthetic,https://example.com/pune-listing/954,1 BHK,462.09,514.83,2,10,7,1,Semi-Furnished,1,2,2,1,2,Vitrified,1,1,1,1,1,None,1,Municipal,3640.39,Baner,411045,Society,3.05,3.33,1.56,2.46,29123.94,10411838.76,22531.82,Broker,15
SYN-00955,synthetic,https://example.com/pune-listing/955,2 BHK,464.41,584.14,8,14,19,1,Unfurnished,0,2,1,1,3,Vitrified,0,0,0,0,0,Stilt,1,Corporation + Borewell,1082.6,Wakad,411057,Standalone,4.29,2.04,2.19,2.2,9373.32,2800000.0,6029.17,Broker,9
SYN-00956,synthetic,https://example.com/pune-listing/956,1 BHK,543.18,683.59,8,11,9,1,Semi-Furnished,1,1,0,0,2,Wooden,1,1,1,1,0,Covered,1,Borewell,1297.56,Kharadi,411014,Society,4.39,1.6,2.14,2.25,32766.77,6664761.35,12269.82,Broker,25
SYN-00957,synthetic,https://example.com/pune-listing/957,4 BHK,1294.7,1649.81,5,11,6,1,Fully Furnished,1,4,4,3,6,Granite,1,1,1,0,1,None,0,Borewell,3931.53,Kothrud,411038,Society,2.88,7.72,1.14,2.03,58328.76,13631360.41,10528.63,Broker,11
SYN-00958,synthetic,https://example.com/pune-listing/958,1 BHK,422.15,468.85,8,15,14,1,Semi-Furnished,0,1,0,0,1,Ceramic,0,0,0,0,1,Covered,1,Corporation + Borewell,1400.33,Kothrud,411038,Standalone,1.45,7.88,1.3,1.64,19220.3,3355067.33,7947.64,Owner,15
SYN-00959,synthetic,https://example.com/pune-listing/959,3 BHK,647.87,701.49,4,15,13,1,Unfurnished,0,2,1,1,5,Ceramic,1,1,0,1,0,Bike,1,Municipal,2326.88,Hadapsar,411028,Society,6.12,3.49,2.17,1.82,18194.04,3497957.14,5399.15,Owner,54
SYN-00960,synthetic,https://example.com/pune-listing/960,3 BHK,1078.75,1212.08,0,12,10,1,Fully Furnished,1,3,3,2,3,Granite,0,1,0,1,0,Covered,1,Municipal,4156.6,Shivajinagar,411005,Standalone,0.4,7.61,1.14,1.49,32468.07,9933811.07,9208.6,Broker,45
SYN-00961,synthetic,https://example.com/pune-listing/961,3 BHK,978.01,1218.1,7,13,13,1,Fully Furnished,1,4,2,1,5,Granite,1,1,1,1,0,Open,1,Borewell,4975.49,Kothrud,411038,Society,1.53,7.67,1.02,1.18,55011.14,8286310.74,8472.64,Owner,49
SYN-00962,synthetic,https://example.com/pune-listing/962,3 BHK,886.97,1084.14,9,19,12,1,Unfurnished,0,4,4,1,4,Ceramic,1,1,0,0,0,Open,1,Corporation + Borewell,3145.28,Magarpatta,411013,Society,5.12,1.73,1.69,2.75,18573.08,5679401.39,6403.18,,11
SYN-00963,synthetic,https://example.com/pune-listing/963,3 BHK,1121.21,1411.6,12,13,5,1,Semi-Furnished,1,4,2,2,6,Vitrified,1,1,0,0,1,Covered,1,Tanker,2891.75,Pimple Saudagar,411027,Society,3.24,5.26,2.02,1.86,40074.73,9829634.29,8766.95,Owner,16
SYN-00964,synthetic,https://example.com/pune-listing/964,4 BHK,1354.83,1599.9,4,8,7,1,Semi-Furnished,1,5,3,3,7,Vitrified,0,1,1,1,1,Covered,1,Corporation + Borewell,5472.65,Baner,411045,Society,3.08,3.32,1.54,2.31,60389.46,27729001.64,20466.73,Broker,4
SYN-00965,synthetic,https://example.com/pune-listing/965,1 BHK,392.18,491.47,12,15,7,1,Unfurnished,0,1,1,0,2,Ceramic,1,1,0,1,0,Covered,0,Municipal,992.04,Magarpatta,411013,Society,4.88,1.37,1.62,2.03,15123.79,5184000.82,13218.47,Builder,32
SYN-00966,synthetic,https://example.com/pune-listing/966,2 BHK,785.21,850.37,6,14,5,1,Unfurnished,1,3,2,1,3,Granite,1,1,0,1,0,Open,0,Tanker,1714.24,Magarpatta,411013,Society,5.04,2.62,1.97,2.22,17121.38,5195385.16,6616.55,Broker,32
SYN-00967,synthetic,https://example.com/pune-listing/967,2 BHK,735.31,887.4,2,9,6,1,Fully Furnished,1,2,1,2,3,Ceramic,1,0,1,1,1,Covered,1,Corporation + Borewell,4324.56,Koregaon Park,411001,Society,2.45,3.95,1.12,1.4,40811.74,18371402.45,24984.68,,5
SYN-00968,synthetic,https://example.com/pune-listing/968,1 BHK,445.27,527.21,4,12,9,1,Semi-Furnished,1,1,1,1,1,Vitrified,0,0,1,1,1,Covered,1,Municipal,1021.73,Kalyani Nagar,411006,Standalone,1.78,3.87,1.29,1.63,22581.23,7471265.4,16779.03,Owner,44
SYN-00969,synthetic,https://example.com/pune-listing/969,4 BHK,1600.46,,15,19,7,1,Fully Furnished,1,4,3,1,6,Vitrified,1,1,0,0,0,Covered,1,Borewell,5467.15,Pimple Saudagar,411027,Society,3.54,4.73,1.73,1.96,65871.72,23236426.0,14518.63,Owner,19
SYN-00970,synthetic,https://example.com/pune-listing/970,1 BHK,347.5,377.56,15,16,15,1,Semi-Furnished,1,1,0,0,2,Vitrified,1,1,1,0,0,Covered,1,Corporation + Borewell,800.0,Hadapsar,411028,Society,5.35,1.16,2.32,2.38,7500.0,3102372.64,8927.65,Broker,14
SYN-00971,synthetic,https://example.com/pune-listing/971,4 BHK,1620.16,1962.21,4,12,12,1,Semi-Furnished,1,4,3,2,6,Granite,1,1,0,0,0,None,1,Municipal,6256.3,Kharadi,411014,Society,4.51,1.0,2.36,1.95,72471.68,15037513.72,9281.52,Owner,67
SYN-00972,synthetic,https://example.com/pune-listing/972,1 BHK,482.78,608.84,3,16,12,1,Unfurnished,0,1,1,0,1,Marble,1,1,0,0,0,Open,0,Corporation + Borewell,1454.42,Wakad,411057,Society,4.0,1.59,1.86,2.09,14996.08,3578782.58,7412.89,Owner,25
SYN-00973,synthetic,https://example.com/pune-listing/973,2 BHK,596.98,713.44,2,13,14,1,Semi-Furnished,1,2,1,0,3,Marble,1,0,0,0,0,Covered,1,Corporation + Borewell,1562.56,Hadapsar,411028,Society,5.55,2.41,2.03,2.2,11324.78,3269226.61,5476.32,Owner,41
SYN-00974,synthetic,https://example.com/pune-listing/974,3 BHK,853.29,1018.97,12,17,5,1,Unfurnished,1,5,2,1,6,Vitrified,1,1,1,0,0,Bike,0,Tanker,3639.3,Kothrud,411038,Society,2.7,8.0,1.52,1.5,26781.82,8547931.1,10017.59,Broker,52
SYN-00975,synthetic,https://example.com/pune-listing/975,1 BHK,438.81,477.91,3,14,9,1,Fully Furnished,1,1,1,1,1,Marble,0,0,1,1,0,Covered,1,Tanker,2934.09,Koregaon Park,411001,Standalone,1.63,4.33,1.19,1.26,24933.42,12987853.4,29597.73,Broker,49
SYN-00976,synthetic,https://example.com/pune-listing/976,2 BHK,771.59,893.3,6,15,3,1,Semi-Furnished,1,3,2,1,3,Marble,1,1,1,0,1,Bike,0,Corporation + Borewell,1864.69,Pimple Saudagar,411027,Society,4.56,5.79,1.83,1.95,29784.8,10767121.81,13954.44,Broker,11
SYN-00977,synthetic,https://example.com/pune-listing/977,3 BHK,1111.43,1349.58,13,13,7,1,Semi-Furnished,1,3,3,2,5,Marble,1,1,0,0,0,Covered,1,Municipal,3273.4,Viman Nagar,411014,Society,1.59,6.7,1.55,1.38,37124.62,11995005.87,10792.42,Broker,10
SYN-00978,synthetic,https://example.com/pune-listing/978,2 BHK,539.75,604.08,9,11,6,1,Semi-Furnished,0,3,3,1,4,Marble,1,1,0,0,0,Open,0,Borewell,800.0,Hinjewadi,411057,Society,5.94,1.66,2.21,2.91,11691.35,4063257.37,7528.1,Owner,7
SYN-00979,synthetic,https://example.com/pune-listing/979,2 BHK,643.59,748.26,4,6,4,1,Fully Furnished,1,3,2,2,4,Vitrified,0,0,1,1,1,Covered,1,Municipal,3619.82,Baner,411045,Society,2.82,2.08,2.27,2.74,60746.66,21759065.05,33809.13,Broker,31
SYN-00980,synthetic,https://example.com/pune-listing/980,1 BHK,414.69,484.65,21,22,14,1,Unfurnished,1,1,1,0,1,Ceramic,1,1,0,0,0,Covered,1,Corporation + Borewell,800.0,Wakad,411057,Society,5.2,2.74,1.48,2.24,13089.48,2800000.0,6751.98,Builder,31
SYN-00981,synthetic,https://example.com/pune-listing/981,2 BHK,710.49,866.38,20,20,9,1,Semi-Furnished,1,3,1,1,3,Vitrified,1,1,0,0,0,Covered,1,Municipal,2110.82,Hadapsar,411028,Standalone,4.58,2.01,2.43,1.88,12362.31,4602461.0,6477.89,Owner,42
SYN-00982,synthetic,https://example.com/pune-listing/982,2 BHK,790.23,924.86,8,19,4,1,Unfurnished,1,2,2,1,2,Vitrified,0,0,1,1,0,,1,Corporation + Borewell,1671.13,Wakad,411057,Standalone,4.13,3.76,1.98,2.27,17487.34,5616331.14,7107.19,Owner,84
SYN-00983,synthetic,https://example.com/pune-listing/983,2 BHK,707.87,764.67,2,9,9,1,Semi-Furnished,1,2,2,1,4,Ceramic,1,1,1,0,0,Covered,0,Municipal,2687.58,Viman Nagar,411014,Society,2.43,5.49,2.11,1.05,16538.0,7086099.02,10010.41,Broker,39
SYN-00984,synthetic,https://example.com/pune-listing/984,1 BHK,392.35,482.58,3,13,10,1,Fully Furnished,1,1,1,1,2,Vitrified,1,1,0,1,1,Covered,1,Municipal,800.0,Kalyani Nagar,411006,Society,2.13,4.72,1.33,1.3,26081.86,11775369.68,30012.52,Broker,15
SYN-00985,synthetic,https://example.com/pune-listing/985,1 RK,440.59,503.04,3,9,13,1,Semi-Furnished,0,2,1,0,1,Vitrified,0,1,1,1,0,None,0,Corporation + Borewell,2559.56,Aundh,411007,Standalone,3.98,3.58,1.38,1.81,14063.34,4589609.02,10416.89,Owner,30
SYN-00986,synthetic,https://example.com/pune-listing/986,2 BHK,676.22,762.04,0,7,1,1,Fully Furnished,1,3,2,2,4,Vitrified,1,1,1,1,0,None,1,Municipal,3512.77,Koregaon Park,411001,Society,2.94,5.02,1.24,1.18,56828.17,21503598.96,31799.5,Broker,6
SYN-00987,synthetic,https://example.com/pune-listing/987,4 BHK,1273.46,1453.65,6,13,6,1,Semi-Furnished,1,5,4,4,5,Vitrified,1,1,1,1,1,Open,1,Municipal,5945.54,Kalyani Nagar,411006,Standalone,2.24,3.33,1.7,1.36,66125.05,40890933.53,32110.14,Builder,52
SYN-00988,synthetic,https://example.com/pune-listing/988,2 BHK,755.28,877.45,9,11,10,1,Unfurnished,1,2,3,1,2,Vitrified,1,1,1,0,0,Open,0,Municipal,2221.11,Hinjewadi,411057,Society,6.31,0.98,2.38,2.47,16669.58,5774688.26,7645.75,Builder,35
SYN-00989,synthetic,https://example.com/pune-listing/989,1 BHK,485.81,578.23,14,17,15,1,Semi-Furnished,1,1,0,0,2,Marble,1,0,0,1,1,Open,0,Municipal,1880.69,Hinjewadi,411057,Society,6.72,0.46,1.97,2.29,9712.45,3134836.24,6452.75,Builder,14
SYN-00990,synthetic,https://example.com/pune-listing/990,2 BHK,751.29,871.27,5,12,7,1,Semi-Furnished,1,3,1,1,4,Granite,1,1,0,1,0,Covered,1,Tanker,2310.12,Hinjewadi,411057,Society,5.72,0.2,2.77,3.04,18741.55,6617235.92,8807.78,Owner,27
SYN-00991,synthetic,https://example.com/pune-listing/991,2 BHK,633.71,726.32,6,18,10,1,Semi-Furnished,1,3,1,1,2,Ceramic,1,1,0,0,0,Open,1,Tanker,2095.75,Hinjewadi,411057,Society,5.83,1.44,2.71,3.04,16510.5,3670044.51,5791.37,Owner,40
SYN-00992,synthetic,https://example.com/pune-listing/992,3 BHK,1125.88,1231.34,5,8,11,1,Fully Furnished,0,3,3,2,6,Marble,1,1,1,1,1,Covered,0,Borewell,5373.96,Baner,411045,Society,3.64,1.97,1.5,2.05,84787.02,28685535.13,25478.21,Owner,30
SYN-00993,synthetic,https://example.com/pune-listing/993,4 BHK,1584.93,1969.13,10,18,10,1,Unfurnished,1,5,3,2,5,Marble,0,1,0,0,0,Covered,1,Municipal,4101.92,Wakad,411057,Standalone,3.98,3.05,2.58,1.63,41585.57,11799819.62,7445.02,Owner,32
SYN-00994,synthetic,https://example.com/pune-listing/994,2 BHK,751.33,909.21,2,13,5,1,Semi-Furnished,1,2,2,1,4,Wooden,1,0,0,0,0,Covered,0,Corporation + Borewell,2639.79,Wakad,411057,Society,4.59,2.84,1.71,1.98,24232.17,5922265.18,7882.41,Broker,1
SYN-00995,synthetic,https://example.com/pune-listing/995,4 BHK,1346.02,1648.94,10,12,10,1,Fully Furnished,1,4,3,3,8,Ceramic,1,1,0,1,0,Covered,1,Corporation + Borewell,3799.33,Nigdi,411044,Society,3.1,9.87,2.0,2.36,53682.63,11487063.82,8534.13,,35
SYN-00996,synthetic,https://example.com/pune-listing/996,3 BHK,869.03,1049.68,0,6,11,1,Fully Furnished,1,4,2,3,6,Granite,1,1,1,0,0,Bike,0,Municipal,3462.32,Koregaon Park,411001,Society,1.56,5.1,1.05,0.99,67571.99,17845444.02,20534.98,Owner,13
SYN-00997,synthetic,https://example.com/pune-listing/997,2 BHK,835.39,973.79,9,10,6,1,Unfurnished,0,3,2,1,3,Wooden,1,1,1,0,0,Covered,1,Tanker,3376.43,Kothrud,411038,Society,1.56,8.26,1.47,1.5,34403.93,7198251.56,8616.61,Owner,60
SYN-00998,synthetic,https://example.com/pune-listing/998,1 BHK,379.76,428.68,5,6,8,1,Semi-Furnished,1,1,1,1,2,Vitrified,1,1,1,1,0,Stilt,1,Borewell,1839.89,Kalyani Nagar,411006,Society,1.62,5.1,1.1,1.42,24464.2,4105253.33,10810.27,Broker,21
SYN-00999,synthetic,https://example.com/pune-listing/999,4 BHK,1264.17,,5,5,10,1,Semi-Furnished,1,4,5,2,7,Vitrified,1,1,0,1,1,Covered,0,Corporation + Borewell,6865.08,Kalyani Nagar,411006,Standalone,1.72,4.85,1.96,1.55,84979.3,33103999.46,26186.31,Owner,34
SYN-01000,synthetic,https://example.com/pune-listing/1000,3 BHK,1185.63,1481.17,0,9,10,1,Unfurnished,1,3,3,1,4,Marble,1,1,0,0,1,Covered,0,Corporation + Borewell,3281.14,Aundh,411007,Society,3.18,4.08,1.54,1.64,38931.96,10607032.85,8946.3,Owner,29
SYN-01001,synthetic,https://example.com/pune-listing/1001,4 BHK,1174.57,1314.22,7,14,5,1,Unfurnished,1,5,4,2,8,Vitrified,1,0,1,0,0,Open,1,Tanker,2533.3,Pimple Saudagar,411027,Society,4.86,5.16,1.41,2.04,27768.24,8801431.55,7493.33,Owner,16
SYN-01002,synthetic,https://example.com/pune-listing/1002,2 BHK,700.26,781.97,11,17,11,1,Unfurnished,0,2,2,1,3,Ceramic,1,1,0,0,0,Covered,1,Corporation + Borewell,2866.15,Hadapsar,411028,Society,5.16,1.14,1.76,2.25,13641.41,5103274.54,7287.68,Broker,25
SYN-01003,synthetic,https://example.com/pune-listing/1003,1 RK,441.9,506.88,2,18,9,1,Unfurnished,0,2,0,0,1,Marble,1,1,0,0,0,Stilt,0,Borewell,1852.72,Hadapsar,411028,Society,4.99,1.02,2.26,2.23,15166.85,2800000.0,6336.22,Owner,16
SYN-01004,synthetic,https://example.com/pune-listing/1004,1 BHK,488.89,611.28,5,10,0,1,Unfurnished,1,1,0,0,2,Vitrified,0,0,1,1,0,Covered,1,Corporation + Borewell,1251.78,Hinjewadi,411057,Society,6.16,1.37,2.38,2.44,8922.3,5161036.42,10556.74,Broker,12
SYN-01005,synthetic,https://example.com/pune-listing/1005,3 BHK,776.29,979.73,1,14,15,1,Semi-Furnished,1,3,3,2,3,Vitrified,1,1,0,0,0,Open,0,Corporation + Borewell,2028.44,Magarpatta,411013,Society,4.66,0.2,1.78,1.93,12795.51,7133155.66,9188.78,Broker,9
SYN-01006,synthetic,https://example.com/pune-listing/1006,2 BHK,735.56,848.44,14,17,8,1,Fully Furnished,1,2,1,1,3,Vitrified,1,1,0,1,0,Bike,1,Borewell,3694.63,Kharadi,411014,Society,3.94,1.18,2.13,1.65,22363.27,6887938.32,9364.15,Builder,7
SYN-01007,synthetic,https://example.com/pune-listing/1007,1 BHK,372.03,408.49,4,13,8,1,Semi-Furnished,1,1,1,0,1,Granite,1,1,0,0,0,Covered,1,Borewell,2340.07,Wakad,411057,Society,4.77,2.48,2.06,1.85,14325.46,5049812.97,13573.52,Owner,30
SYN-01008,synthetic,https://example.com/pune-listing/1008,2 BHK,522.89,,14,16,4,1,Unfurnished,0,2,0,1,3,Ceramic,0,1,0,1,0,Covered,1,Tanker,1811.68,Hinjewadi,411057,Standalone,6.54,0.2,2.32,3.03,12146.85,6913964.68,13222.52,Owner,39
SYN-01009,synthetic,https://example.com/pune-listing/1009,3 BHK,829.95,1015.27,9,15,12,1,Unfurnished,1,4,3,1,4,,1,0,0,1,0,Covered,0,Municipal,1299.24,Hinjewadi,411057,Society,5.47,1.13,2.42,2.65,21981.46,4858136.01,5853.5,Owner,43
SYN-01010,synthetic,https://example.com/pune-listing/1010,4 BHK,1240.36,1519.89,9,17,3,1,Semi-Furnished,1,5,5,3,6,Marble,1,1,1,1,0,Stilt,0,Borewell,4251.66,Kothrud,411038,Society,2.19,9.44,1.29,1.24,48518.78,14039604.73,11319.02,Broker,13
SYN-01011,synthetic,https://example.com/pune-listing/1011,3 BHK,1007.66,1217.87,2,8,4,1,Semi-Furnished,1,3,1,2,6,Marble,1,0,1,0,0,Bike,1,Municipal,,Kharadi,411014,Society,3.89,1.26,2.17,2.01,30413.21,17939238.0,17802.79,Builder,10
SYN-01012,synthetic,https://example.com/pune-listing/1012,1 BHK,447.59,535.04,3,21,12,1,Semi-Furnished,1,2,1,0,2,Wooden,0,0,0,1,0,Covered,1,Borewell,1709.92,Hinjewadi,411057,Standalone,4.62,1.68,1.99,2.78,8472.23,3603000.44,8049.85,Owner,3
SYN-01013,synthetic,https://example.com/pune-listing/1013,2 BHK,578.02,700.85,8,12,12,1,Fully Furnished,1,1,2,1,4,Vitrified,1,1,0,0,0,,0,Corporation + Borewell,800.0,Hadapsar,411028,Society,6.01,3.07,2.88,2.23,20228.84,8829192.82,15274.81,Broker,39
SYN-01014,synthetic,https://example.com/pune-listing/1014,1 RK,411.05,455.17,3,10,12,1,Semi-Furnished,1,2,0,1,1,Granite,0,0,1,0,1,Covered,1,Borewell,2588.36,Kalyani Nagar,411006,Society,2.73,5.1,1.54,1.47,18952.61,7924323.01,19278.04,Owner,34
SYN-01015,synthetic,https://example.com/pune-listing/1015,2 BHK,446.2,486.35,10,11,12,1,Unfurnished,1,2,2,1,3,Marble,1,1,0,1,0,Covered,0,Municipal,800.0,Pimple Saudagar,411027,Standalone,3.88,3.87,1.6,1.93,9852.05,2982115.38,6683.36,Broker,6
SYN-01016,synthetic,https://example.com/pune-listing/1016,1 BHK,436.45,522.2,14,14,11,1,Unfurnished,0,1,0,0,1,Ceramic,1,1,0,0,0,Covered,1,Municipal,1111.75,Wakad,411057,Society,5.25,2.65,1.86,2.48,7500.0,2800000.0,6415.45,Broker,55
SYN-01017,synthetic,https://example.com/pune-listing/1017,2 BHK,534.28,680.87,11,17,8,1,Unfurnished,0,3,1,1,3,Wooden,0,0,0,0,1,Stilt,1,Borewell,1321.39,Pimple Saudagar,411027,Society,3.45,5.11,1.31,1.67,15261.98,3893133.02,7286.7,Owner,10
SYN-01018,synthetic,https://example.com/pune-listing/1018,1 BHK,476.05,546.96,11,13,3,1,Semi-Furnished,0,2,2,0,1,Marble,1,1,1,0,0,Covered,0,Municipal,1497.85,Kharadi,411014,Society,4.68,2.44,2.19,2.16,14472.16,8076601.91,16965.87,Broker,53
SYN-01019,synthetic,https://example.com/pune-listing/1019,2 BHK,396.59,430.1,3,13,5,1,Unfurnished,0,2,2,1,3,Vitrified,1,1,0,0,0,Covered,0,Corporation + Borewell,1080.51,Hadapsar,411028,Society,5.38,1.92,2.23,2.4,7500.0,2800000.0,7060.24,Owner,6
SYN-01020,synthetic,https://example.com/pune-listing/1020,4 BHK,1587.35,1763.12,1,10,9,1,Fully Furnished,1,4,4,4,4,,0,1,1,1,0,Bike,1,Municipal,8885.1,Baner,411045,Society,2.35,2.88,2.2,2.08,100060.11,44882142.96,28274.83,Owner,31
SYN-01021,synthetic,https://example.com/pune-listing/1021,2 BHK,804.88,877.11,1,15,5,1,Semi-Furnished,0,2,3,0,3,Marble,1,1,0,0,1,Covered,0,Borewell,2324.43,Viman Nagar,411014,Society,2.75,4.68,1.94,1.98,33870.45,6870899.25,8536.52,Broker,30
SYN-01022,synthetic,https://example.com/pune-listing/1022,2 BHK,534.55,683.99,6,12,10,1,Semi-Furnished,1,3,2,1,3,Marble,1,1,1,0,1,Open,1,Corporation + Borewell,2371.6,Aundh,411007,Society,4.17,4.15,1.74,1.49,20719.31,5465091.88,10223.68,,29
SYN-01023,synthetic,https://example.com/pune-listing/1023,2 BHK,495.93,544.68,3,12,7,1,Semi-Furnished,1,3,1,1,4,Vitrified,1,1,0,0,1,Covered,0,Municipal,2550.09,Kharadi,411014,Society,3.17,1.97,1.76,1.83,13566.62,7388157.81,14897.59,Owner,33
SYN-01024,synthetic,https://example.com/pune-listing/1024,2 BHK,651.27,757.83,2,9,10,1,Semi-Furnished,1,2,1,1,2,Granite,1,1,0,0,0,Stilt,0,Tanker,2341.94,Kharadi,411014,Society,3.73,1.25,2.0,2.1,22329.99,6472127.19,9937.65,Broker,41
SYN-01025,synthetic,https://example.com/pune-listing/1025,1 RK,410.65,516.21,15,16,12,1,Semi-Furnished,1,2,1,0,2,Granite,1,1,1,1,0,Covered,0,Borewell,803.71,Viman Nagar,411014,Society,2.55,5.51,1.65,1.46,17845.83,5289192.16,12879.9,Broker,12
SYN-01026,synthetic,https://example.com/pune-listing/1026,3 BHK,965.11,1216.56,8,19,10,1,Semi-Furnished,1,3,3,2,4,Vitrified,0,0,0,0,0,Covered,0,Tanker,2644.86,Nigdi,411044,Standalone,3.4,8.5,1.88,2.59,27892.66,7562457.41,7835.81,Broker,20
SYN-01027,synthetic,https://example.com/pune-listing/1027,2 BHK,713.93,909.38,7,12,8,1,Unfurnished,0,3,1,1,3,Ceramic,1,1,0,0,0,Bike,1,Corporation + Borewell,2257.78,Magarpatta,411013,Society,4.29,1.41,1.39,2.06,18073.24,5164005.13,7233.25,Owner,12
SYN-01028,synthetic,https://example.com/pune-listing/1028,2 BHK,673.78,782.95,11,12,4,1,Semi-Furnished,1,3,2,2,3,Marble,1,1,1,0,0,Covered,1,Municipal,4612.62,Koregaon Park,411001,Society,1.73,4.44,1.32,1.09,51340.56,11158338.87,16560.84,Broker,37
SYN-01029,synthetic,https://example.com/pune-listing/1029,3 BHK,1262.95,1612.42,13,17,8,1,Fully Furnished,0,3,3,2,4,Vitrified,0,0,0,1,0,Covered,1,Borewell,4022.67,Wakad,411057,Standalone,4.84,1.62,2.19,1.8,48941.71,9194863.87,7280.45,Broker,37
SYN-01030,synthetic,https://example.com/pune-listing/1030,2 BHK,649.66,822.83,15,16,5,1,Semi-Furnished,1,3,1,1,3,Vitrified,1,1,0,1,0,Open,0,Municipal,2048.79,Pune Camp,411001,Society,2.98,6.08,1.22,1.72,18103.83,4609130.52,7094.66,Owner,24
SYN-01031,synthetic,https://example.com/pune-listing/1031,2 BHK,542.69,591.63,6,14,13,1,Unfurnished,0,2,2,0,2,Marble,1,1,0,0,0,Covered,1,Borewell,1539.85,Magarpatta,411013,Society,4.87,2.02,2.27,2.14,11080.67,3855575.74,7104.52,Broker,26
SYN-01032,synthetic,https://example.com/pune-listing/1032,1 BHK,428.91,480.77,14,16,6,1,Semi-Furnished,1,1,0,0,1,Vitrified,1,1,0,1,0,Bike,0,Corporation + Borewell,800.0,Nigdi,411044,Society,3.78,9.1,2.11,2.15,11961.59,2800000.0,6528.14,Broker,16
SYN-01033,synthetic,https://example.com/pune-listing/1033,1 BHK,493.17,590.31,16,17,3,1,Unfurnished,1,1,1,0,2,Wooden,1,1,0,1,0,Covered,1,Borewell,1678.58,Aundh,411007,Society,3.69,3.44,1.83,1.42,19045.91,5191612.06,10526.95,Owner,16
SYN-01034,synthetic,https://example.com/pune-listing/1034,2 BHK,818.35,1005.5,9,21,3,1,Unfurnished,0,3,2,1,3,Vitrified,1,1,0,0,0,Bike,0,Corporation + Borewell,2784.66,Pimple Saudagar,411027,Society,3.5,4.64,1.73,2.05,20589.39,6173400.35,7543.72,Owner,54
SYN-01035,synthetic,https://example.com/pune-listing/1035,2 BHK,738.79,885.57,8,11,11,1,Semi-Furnished,1,1,2,1,2,Ceramic,1,1,0,0,0,Bike,0,Tanker,2214.22,Nigdi,411044,Society,2.7,10.95,1.99,2.23,24053.13,5728603.64,7754.02,Owner,22
SYN-01036,synthetic,https://example.com/pune-listing/1036,2 BHK,647.65,749.11,2,10,14,1,Unfurnished,0,2,1,0,4,Marble,1,1,0,0,0,Covered,0,Borewell,2412.27,Hadapsar,411028,Society,5.46,2.4,2.22,2.41,14408.84,4300399.11,6640.02,Broker,52
SYN-01037,synthetic,https://example.com/pune-listing/1037,3 BHK,1098.87,1316.32,1,9,4,1,Fully Furnished,1,3,3,2,3,Granite,1,1,1,1,1,Covered,0,Municipal,5291.5,Baner,411045,Society,3.9,3.64,1.56,2.66,96028.53,16433931.72,14955.33,Broker,22
SYN-01038,synthetic,https://example.com/pune-listing/1038,3 BHK,660.04,794.7,19,19,9,1,Fully Furnished,1,4,3,3,6,Wooden,0,1,1,1,1,Covered,1,Corporation + Borewell,3712.54,Baner,411045,Standalone,2.45,3.51,1.84,2.38,44329.27,21867251.05,33129.97,Broker,23
SYN-01039,synthetic,https://example.com/pune-listing/1039,2 BHK,512.79,604.59,4,15,9,1,Semi-Furnished,1,3,3,1,2,Marble,1,1,0,0,0,Covered,1,Tanker,1613.11,Magarpatta,411013,Society,4.68,1.89,1.34,2.0,14590.47,3334687.08,6503.04,Owner,2
SYN-01040,synthetic,https://example.com/pune-listing/1040,3 BHK,833.98,1016.52,5,16,14,1,Fully Furnished,1,4,3,2,6,Vitrified,0,0,1,1,1,Covered,0,Corporation + Borewell,2990.59,Kothrud,411038,Standalone,2.36,7.57,1.53,1.8,40291.06,14057712.85,16856.17,Broker,37
SYN-01041,synthetic,https://example.com/pune-listing/1041,2 BHK,508.88,605.28,4,12,7,1,Semi-Furnished,1,3,2,1,2,Granite,0,0,1,1,0,Open,1,Borewell,800.0,Viman Nagar,411014,Standalone,3.03,5.11,1.67,1.48,23432.13,6976746.96,13709.99,Owner,10
SYN-01042,synthetic,https://example.com/pune-listing/1042,1 BHK,417.75,473.64,3,14,7,1,Unfurnished,1,1,0,0,2,Vitrified,1,1,1,0,0,Covered,0,Municipal,800.0,Hadapsar,411028,Society,5.4,1.58,2.54,1.95,14816.02,2930927.98,7016.03,Owner,40
SYN-01043,synthetic,https://example.com/pune-listing/1043,2 BHK,633.3,787.93,7,11,7,1,Fully Furnished,1,2,2,1,4,Granite,1,1,0,0,0,,1,Corporation + Borewell,1774.65,Wakad,411057,Society,5.76,2.75,1.6,2.37,18563.27,5852437.5,9241.24,Owner,41
SYN-01044,synthetic,https://example.com/pune-listing/1044,1 BHK,387.55,443.17,8,13,5,1,Unfurnished,1,2,2,0,1,,1,1,0,0,1,Bike,1,Borewell,912.29,Kharadi,411014,Society,4.86,0.96,1.53,1.64,7500.0,6287963.11,16224.81,Owner,15
SYN-01045,synthetic,https://example.com/pune-listing/1045,3 BHK,1291.53,1583.01,1,8,2,1,Semi-Furnished,1,4,2,3,3,Vitrified,1,1,0,1,1,Open,0,Tanker,5760.94,Baner,411045,Society,3.02,2.88,1.74,2.22,70983.69,33628694.06,26037.95,Owner,6
SYN-01046,synthetic,https://example.com/pune-listing/1046,1 RK,406.58,465.36,7,14,11,1,Semi-Furnished,1,1,1,1,2,Granite,1,1,1,1,1,Covered,0,Corporation + Borewell,1630.01,Kalyani Nagar,411006,Society,1.52,4.28,1.1,1.03,20165.25,12459466.05,30644.79,Broker,16
SYN-01047,synthetic,https://example.com/pune-listing/1047,2 BHK,561.46,619.24,4,13,3,1,Semi-Furnished,1,2,1,1,3,Vitrified,1,1,0,1,0,Covered,1,Corporation + Borewell,1649.5,Kharadi,411014,Society,4.6,2.47,2.13,1.9,23106.33,9050905.44,16120.44,Broker,21
SYN-01048,synthetic,https://example.com/pune-listing/1048,1 BHK,415.9,489.9,3,13,4,1,Fully Furnished,1,2,2,0,2,Granite,0,0,0,1,0,Covered,0,Municipal,800.0,Kothrud,411038,Society,1.72,7.8,1.54,1.39,20181.52,5027201.04,12087.46,Owner,25
SYN-01049,synthetic,https://example.com/pune-listing/1049,1 BHK,376.84,470.1,1,9,8,1,Fully Furnished,1,1,1,0,2,Ceramic,1,1,1,0,0,Covered,1,,1404.4,Aundh,411007,Society,3.62,4.2,1.88,1.72,19322.07,6074961.49,16120.71,Owner,8
SYN-01050,synthetic,https://example.com/pune-listing/1050,2 BHK,402.46,,9,9,9,1,Unfurnished,1,2,2,1,2,Vitrified,1,1,0,0,0,Covered,0,Tanker,800.0,Wakad,411057,Society,4.4,1.71,2.06,2.38,13346.87,2800000.0,6957.29,Broker,16
SYN-01051,synthetic,https://example.com/pune-listing/1051,1 BHK,357.37,451.33,5,6,6,1,Semi-Furnished,0,2,1,1,2,Ceramic,0,0,1,1,1,None,1,Corporation + Borewell,2482.67,Koregaon Park,411001,Standalone,2.72,4.73,1.83,1.04,15850.22,7580749.35,21212.84,Owner,18
SYN-01052,synthetic,https://example.com/pune-listing/1052,2 BHK,533.89,646.42,4,10,10,1,Fully Furnished,1,3,3,1,4,Marble,1,0,1,1,0,Bike,1,,1761.69,Kalyani Nagar,411006,Society,1.63,4.85,0.96,1.29,41719.45,15565414.19,29154.62,Broker,55
SYN-01053,synthetic,https://example.com/pune-listing/1053,2 BHK,395.76,491.15,2,11,12,1,Unfurnished,1,2,2,0,2,Marble,0,0,1,0,0,None,0,Corporation + Borewell,1491.81,Kharadi,411014,Standalone,4.41,1.44,1.83,2.11,15866.35,3216849.15,8128.31,Owner,21
SYN-01054,synthetic,https://example.com/pune-listing/1054,2 BHK,620.75,784.75,4,11,4,1,Semi-Furnished,1,1,2,1,3,Granite,0,0,1,1,1,Covered,0,Borewell,3451.24,Aundh,411007,Standalone,3.7,3.38,1.35,1.3,29082.31,10467127.05,16862.05,Builder,16
SYN-01055,synthetic,https://example.com/pune-listing/1055,2 BHK,510.72,613.92,3,17,9,1,Semi-Furnished,1,2,1,1,4,Ceramic,1,1,0,0,0,Covered,0,Corporation + Borewell,2148.67,Wakad,411057,Society,5.26,2.49,1.82,1.96,17321.91,3200202.13,6266.03,Owner,19
SYN-01056,synthetic,https://example.com/pune-listing/1056,2 BHK,525.5,657.43,1,13,1,1,Fully Furnished,0,1,2,1,3,Granite,1,1,1,0,0,Open,1,Corporation + Borewell,2022.6,Shivajinagar,411005,Society,0.2,6.76,0.5,1.44,19343.78,9590417.33,18250.14,Owner,13
SYN-01057,synthetic,https://example.com/pune-listing/1057,4 BHK,1508.28,1722.39,8,17,3,1,Unfurnished,0,5,4,1,5,Marble,1,1,0,0,0,Covered,1,Corporation + Borewell,4115.2,Hadapsar,411028,Society,5.56,2.35,2.32,1.88,24441.39,10468755.64,6940.86,Owner,5
SYN-01058,synthetic,https://example.com/pune-listing/1058,3 BHK,1013.19,1108.12,8,11,6,1,Semi-Furnished,1,5,4,1,4,Granite,1,1,0,0,0,Covered,1,Corporation + Borewell,3521.19,Shivajinagar,411005,Society,0.89,7.49,1.22,1.41,34028.62,11001307.01,10858.07,Owner,28
SYN-01059,synthetic,https://example.com/pune-listing/1059,2 BHK,632.31,714.99,15,16,6,1,Semi-Furnished,1,2,1,1,3,Ceramic,1,1,1,1,1,Covered,0,Municipal,1805.27,Kharadi,411014,Society,3.99,3.17,2.33,1.79,22465.76,6175656.77,9766.81,Owner,40
SYN-01060,synthetic,https://example.com/pune-listing/1060,2 BHK,566.3,,13,13,8,1,Semi-Furnished,1,2,3,1,4,Vitrified,0,1,0,0,0,Stilt,1,Corporation + Borewell,1665.02,Wakad,411057,Society,5.12,2.18,2.1,2.04,7500.0,3485156.08,6154.26,,58
SYN-01061,synthetic,https://example.com/pune-listing/1061,1 BHK,456.66,,9,9,9,1,Unfurnished,1,2,2,0,2,Wooden,0,0,0,0,0,Bike,1,Municipal,1674.25,Hadapsar,411028,Standalone,5.43,3.08,2.32,2.09,7500.0,4452410.77,9749.91,Owner,47
SYN-01062,synthetic,https://example.com/pune-listing/1062,1 BHK,291.49,371.7,4,8,7,1,Semi-Furnished,1,1,0,1,2,Marble,0,0,0,1,1,Open,1,Municipal,1551.75,Baner,411045,Society,3.42,2.81,2.42,2.08,15639.1,4427050.97,15187.66,Owner,54
SYN-01063,synthetic,https://example.com/pune-listing/1063,2 BHK,619.69,689.98,3,7,10,1,Fully Furnished,1,2,2,1,3,Granite,0,0,1,0,0,Covered,1,Corporation + Borewell,2981.45,Koregaon Park,411001,Society,2.88,5.87,1.92,1.33,30450.05,9476512.93,15292.22,Owner,23
SYN-01064,synthetic,https://example.com/pune-listing/1064,3 BHK,1160.32,,7,13,8,1,Fully Furnished,1,4,3,3,4,Granite,1,1,1,1,0,Stilt,1,Corporation + Borewell,5330.04,Baner,411045,Society,3.41,3.34,2.13,2.14,84351.6,15078803.09,12995.43,Owner,18
SYN-01065,synthetic,https://example.com/pune-listing/1065,2 BHK,570.39,713.3,12,19,7,1,Unfurnished,1,2,3,1,2,Ceramic,1,1,0,0,0,,0,Municipal,2101.84,Wakad,411057,Society,5.11,3.42,1.7,2.38,14371.21,3930035.28,6890.06,Owner,29
SYN-01066,synthetic,https://example.com/pune-listing/1066,4 BHK,1321.24,1537.07,5,10,15,1,Semi-Furnished,1,5,5,4,6,Granite,1,1,1,1,0,Covered,0,Tanker,6425.31,Koregaon Park,411001,Society,2.56,4.47,1.52,1.04,81820.5,18931170.63,14328.34,Builder,53
SYN-01067,synthetic,https://example.com/pune-listing/1067,2 BHK,709.1,885.45,6,15,7,1,Semi-Furnished,1,2,0,1,3,Vitrified,1,1,0,1,0,Open,0,Tanker,3145.77,Aundh,411007,Society,3.37,3.11,1.25,1.52,20335.9,5958472.76,8402.92,Owner,39
SYN-01068,synthetic,https://example.com/pune-listing/1068,1 BHK,402.53,504.37,3,16,13,1,Unfurnished,1,1,0,0,2,Marble,0,0,0,1,0,Covered,1,Corporation + Borewell,1756.39,Wakad,411057,Standalone,5.11,2.52,1.67,1.81,7500.0,2800000.0,6956.02,Broker,24
SYN-01069,synthetic,https://example.com/pune-listing/1069,2 BHK,692.63,813.44,13,13,19,1,Semi-Furnished,1,2,2,1,2,Vitrified,1,1,0,0,0,Covered,1,Corporation + Borewell,3334.92,Hadapsar,411028,Society,5.51,2.33,2.44,2.35,15350.87,3529181.4,5095.31,Broker,43
SYN-01070,synthetic,https://example.com/pune-listing/1070,2 BHK,916.64,1016.82,7,13,7,1,Semi-Furnished,1,2,2,1,4,Marble,1,1,1,0,1,Covered,0,Corporation + Borewell,2709.47,Viman Nagar,411014,Society,2.42,5.25,1.62,1.52,30191.49,8650208.15,9436.83,Broker,22
SYN-01071,synthetic,https://example.com/pune-listing/1071,2 BHK,416.88,515.35,8,18,8,1,Unfurnished,0,3,1,1,4,Granite,1,1,0,1,1,Covered,1,,800.0,Magarpatta,411013,Society,4.42,2.0,1.78,2.19,13085.31,3770428.38,9044.5,Broker,30
SYN-01072,synthetic,https://example.com/pune-listing/1072,2 BHK,798.88,965.52,4,14,9,1,Semi-Furnished,1,3,2,1,3,Marble,1,1,1,0,0,Covered,0,Borewell,2724.42,Wakad,411057,Society,5.0,2.34,1.67,2.26,8472.52,6141026.89,7687.02,Owner,22
SYN-01073,synthetic,https://example.com/pune-listing/1073,1 BHK,499.57,551.48,2,15,0,1,Unfurnished,1,1,1,0,1,Granite,1,1,1,0,0,Covered,0,Municipal,1330.21,Hinjewadi,411057,Standalone,5.51,0.2,2.41,2.46,14652.89,3536482.81,7079.04,Owner,23
SYN-01074,synthetic,https://example.com/pune-listing/1074,3 BHK,835.69,953.9,7,11,10,1,Fully Furnished,1,3,2,2,5,Marble,1,1,0,0,1,,1,Corporation + Borewell,3334.04,Viman Nagar,411014,Society,2.76,4.92,1.95,1.25,37568.35,10003261.12,11970.02,Owner,40
SYN-01075,synthetic,https://example.com/pune-listing/1075,1 BHK,401.64,478.13,8,17,10,1,Semi-Furnished,1,2,1,0,1,Ceramic,1,1,1,1,0,Covered,0,Tanker,1628.43,Shivajinagar,411005,Society,1.2,8.22,0.2,1.76,16110.62,4355390.19,10844.13,Owner,98
SYN-01076,synthetic,https://example.com/pune-listing/1076,1 BHK,458.13,514.14,0,8,4,1,Semi-Furnished,1,3,0,0,2,,0,0,0,1,0,Bike,1,Municipal,2923.82,Kharadi,411014,Standalone,3.9,0.81,2.1,1.79,19254.27,7808541.02,17044.43,Owner,5
SYN-01077,synthetic,https://example.com/pune-listing/1077,4 BHK,1415.5,1638.15,6,15,6,1,Unfurnished,1,4,3,3,8,Ceramic,1,1,1,1,1,Covered,0,Corporation + Borewell,4164.78,Pune Camp,411001,Society,2.16,5.53,1.97,1.69,44158.05,11051354.5,7807.4,Builder,17
SYN-01078,synthetic,https://example.com/pune-listing/1078,2 BHK,793.6,936.59,8,19,4,1,Semi-Furnished,1,3,1,1,4,Wooden,1,1,0,0,0,Stilt,1,Municipal,2206.1,Hadapsar,411028,Society,5.15,1.26,2.05,1.95,10155.18,5054526.95,6369.12,Builder,19
SYN-01079,synthetic,https://example.com/pune-listing/1079,1 RK,260.0,324.05,9,14,6,1,Semi-Furnished,1,2,0,0,2,,1,1,0,1,0,Stilt,0,Municipal,1360.55,Magarpatta,411013,Society,4.71,2.87,1.49,2.69,7500.0,2800000.0,10769.23,Owner,10
SYN-01080,synthetic,https://example.com/pune-listing/1080,1 BHK,424.46,510.67,9,20,8,1,Unfurnished,0,2,0,0,1,Vitrified,1,1,1,0,0,Covered,0,Municipal,800.0,Hinjewadi,411057,Society,5.09,0.45,2.23,2.47,7692.15,3312930.66,7805.05,Builder,18
SYN-01081,synthetic,https://example.com/pune-listing/1081,1 BHK,399.4,494.14,4,13,13,1,Semi-Furnished,1,1,1,0,2,Vitrified,1,1,0,0,0,,0,Municipal,800.0,Wakad,411057,Society,4.27,2.92,2.17,2.29,16766.85,2800000.0,7010.55,Broker,9
SYN-01082,synthetic,https://example.com/pune-listing/1082,1 BHK,375.8,425.4,13,13,12,1,Semi-Furnished,1,2,1,0,2,Vitrified,1,1,0,0,0,Covered,0,Municipal,1315.14,Viman Nagar,411014,Standalone,2.81,4.36,1.51,1.52,7888.01,3750688.52,9980.45,Owner,4
SYN-01083,synthetic,https://example.com/pune-listing/1083,3 BHK,875.11,,8,12,8,1,Unfurnished,1,4,1,2,3,Granite,0,1,0,0,1,None,1,Tanker,4418.7,Shivajinagar,411005,Society,0.82,6.96,0.8,1.38,40653.54,12508708.83,14293.84,Owner,32
SYN-01084,synthetic,https://example.com/pune-listing/1084,1 BHK,558.86,624.74,0,17,14,1,Semi-Furnished,0,1,0,0,1,Marble,0,0,0,0,0,Covered,1,Tanker,2173.81,Hadapsar,411028,Standalone,4.87,1.37,2.38,2.62,9737.47,4070510.8,7283.55,Owner,12
SYN-01085,synthetic,https://example.com/pune-listing/1085,4 BHK,1340.92,1504.65,13,13,16,1,Semi-Furnished,1,5,5,2,4,Ceramic,0,0,0,1,0,Covered,1,Tanker,3709.41,Hinjewadi,411057,Society,6.23,0.67,2.39,2.54,38755.18,9554046.32,7125.01,Owner,24
SYN-01086,synthetic,https://example.com/pune-listing/1086,2 BHK,577.58,661.25,9,18,16,1,Semi-Furnished,1,2,2,1,3,Vitrified,0,0,1,1,0,Covered,0,Municipal,1144.02,Nigdi,411044,Standalone,3.5,9.89,1.74,1.8,10366.24,3775940.93,6537.5,Owner,20
SYN-01087,synthetic,https://example.com/pune-listing/1087,1 BHK,402.23,468.34,15,17,9,1,Unfurnished,0,1,1,0,2,Ceramic,1,1,0,0,1,Covered,1,Municipal,1148.92,Shivajinagar,411005,Society,1.1,6.11,1.1,1.1,15955.59,4262195.49,10596.4,Owner,38
SYN-01088,synthetic,https://example.com/pune-listing/1088,2 BHK,726.24,887.01,9,15,7,1,Unfurnished,1,2,3,1,3,Granite,1,0,0,0,0,Open,0,Corporation + Borewell,1023.86,Hadapsar,411028,Society,6.1,1.34,2.08,1.89,15999.05,8666561.58,11933.51,Broker,48
SYN-01089,synthetic,https://example.com/pune-listing/1089,4 BHK,1400.03,1633.84,12,15,10,1,Unfurnished,0,4,4,2,6,Wooden,1,1,1,1,0,Covered,0,Borewell,2783.08,Hinjewadi,411057,Society,6.08,1.06,2.27,2.34,34518.74,11414954.02,8153.38,Owner,45
SYN-01090,synthetic,https://example.com/pune-listing/1090,2 BHK,1014.88,1127.02,2,17,12,1,Unfurnished,1,2,1,1,3,Ceramic,1,1,0,0,0,None,0,Borewell,2993.36,Wakad,411057,Society,5.74,1.95,1.54,2.01,21086.03,10697427.57,10540.55,Builder,34
SYN-01091,synthetic,https://example.com/pune-listing/1091,3 BHK,1068.12,1160.64,8,14,12,1,Unfurnished,1,4,3,2,4,Granite,0,0,1,1,1,Open,1,Municipal,3526.16,Kharadi,411014,Society,4.59,2.55,1.42,2.01,28748.63,15241436.81,14269.39,Broker,4
SYN-01092,synthetic,https://example.com/pune-listing/1092,2 BHK,746.8,916.73,1,19,15,1,Semi-Furnished,1,2,2,1,3,Granite,1,1,1,1,0,Covered,0,Municipal,2649.11,Wakad,411057,Society,4.48,3.04,2.33,1.86,11377.0,5032538.07,6738.81,Owner,7
SYN-01093,synthetic,https://example.com/pune-listing/1093,1 RK,408.66,510.75,3,11,3,1,Semi-Furnished,1,1,1,0,2,Vitrified,0,0,0,0,1,Open,1,Municipal,1682.55,Aundh,411007,Society,4.38,3.8,1.62,2.17,17192.77,4334104.34,10605.59,Owner,30
SYN-01094,synthetic,https://example.com/pune-listing/1094,1 BHK,346.6,388.3,6,17,3,1,Semi-Furnished,1,2,1,0,2,Marble,1,1,0,0,0,Covered,1,Municipal,1182.37,Viman Nagar,411014,Society,2.16,6.25,2.13,1.38,14550.37,5728007.29,16526.2,Builder,1
SYN-01095,synthetic,https://example.com/pune-listing/1095,2 BHK,725.48,873.09,3,12,11,1,Fully Furnished,1,2,2,2,4,Ceramic,1,1,1,0,1,Covered,1,Corporation + Borewell,4134.81,Baner,411045,Standalone,2.26,3.21,1.65,2.02,44940.2,19187720.97,26448.45,Owner,10
SYN-01096,synthetic,https://example.com/pune-listing/1096,4 BHK,1138.66,1249.85,9,14,5,1,Semi-Furnished,1,3,4,2,5,Ceramic,1,1,0,1,0,Covered,0,Municipal,3922.36,Wakad,411057,Society,5.73,1.51,2.32,1.96,31980.54,9769578.66,8579.86,Broker,64
SYN-01097,synthetic,https://example.com/pune-listing/1097,2 BHK,813.3,950.03,16,16,9,1,Unfurnished,0,2,1,1,3,Vitrified,1,1,0,0,0,None,0,Borewell,1696.35,Pimple Saudagar,411027,Society,4.89,5.35,2.27,1.91,24155.82,6664619.98,8194.56,Broker,12
SYN-01098,synthetic,https://example.com/pune-listing/1098,2 BHK,409.27,470.79,16,17,13,1,Semi-Furnished,1,2,2,1,2,Vitrified,1,1,1,0,0,Bike,0,Municipal,800.0,Wakad,411057,Society,3.97,2.89,1.82,2.06,10999.77,3785102.21,9248.38,Broker,34
SYN-01099,synthetic,https://example.com/pune-listing/1099,3 BHK,969.21,1083.23,11,11,8,1,Unfurnished,0,3,3,2,4,Wooden,1,1,0,1,0,Bike,0,Tanker,2777.14,Hinjewadi,411057,Society,6.23,1.34,2.22,2.97,22398.74,7527296.18,7766.45,Owner,23
SYN-01100,synthetic,https://example.com/pune-listing/1100,1 BHK,383.24,426.75,0,15,9,1,Unfurnished,0,1,0,0,1,Vitrified,0,0,0,0,0,Covered,0,Borewell,800.0,Pimple Saudagar,411027,Society,4.32,6.02,1.0,1.85,7500.0,3319492.01,8661.62,Broker,90
SYN-01101,synthetic,https://example.com/pune-listing/1101,2 BHK,637.38,744.33,10,11,12,1,Unfurnished,1,2,2,1,2,Marble,0,1,1,1,0,Covered,0,Municipal,1741.65,Kothrud,411038,Standalone,1.65,7.32,1.27,1.52,17480.12,5002937.42,7849.18,Owner,11
SYN-01102,synthetic,https://example.com/pune-listing/1102,3 BHK,986.5,1110.58,13,14,5,1,Fully Furnished,1,4,4,2,6,Granite,1,1,0,0,1,Open,1,Corporation + Borewell,3291.09,Kharadi,411014,Society,4.21,1.44,1.5,1.8,55115.41,15532872.39,15745.43,Broker,86
SYN-01103,synthetic,https://example.com/pune-listing/1103,2 BHK,813.54,936.7,5,13,6,1,Fully Furnished,1,3,2,0,3,Ceramic,1,1,0,1,0,Covered,0,Borewell,837.47,Hadapsar,411028,Society,5.41,0.91,1.59,2.26,30704.85,6443134.12,7919.83,Broker,49
SYN-01104,synthetic,https://example.com/pune-listing/1104,4 BHK,1117.62,1381.59,7,12,5,1,Semi-Furnished,1,4,5,3,7,Wooden,1,1,1,1,0,Open,1,Municipal,3573.64,Aundh,411007,Society,3.13,4.67,1.02,2.2,42817.49,12432642.02,11124.2,Broker,23
SYN-01105,synthetic,https://example.com/pune-listing/1105,3 BHK,831.08,1030.52,8,8,11,1,Semi-Furnished,1,3,3,2,5,Wooden,0,0,0,1,0,Covered,1,Corporation + Borewell,4160.79,Kalyani Nagar,411006,Society,1.82,5.26,1.32,1.84,33145.64,22564024.38,27150.09,Broker,25
SYN-01106,synthetic,https://example.com/pune-listing/1106,3 BHK,816.88,1017.62,13,17,10,1,Unfurnished,0,3,2,1,4,Marble,1,1,1,0,0,,1,Municipal,2161.55,Wakad,411057,Society,4.29,3.67,2.13,2.5,24218.0,4949877.67,6059.47,Owner,6
SYN-01107,synthetic,https://example.com/pune-listing/1107,2 BHK,629.89,763.88,4,8,5,1,Semi-Furnished,1,2,1,1,4,Vitrified,1,1,0,0,0,Stilt,1,Tanker,1296.65,Pimple Saudagar,411027,Society,3.38,5.65,1.23,2.49,19709.85,3497517.87,5552.59,Broker,108
SYN-01108,synthetic,https://example.com/pune-listing/1108,5 BHK,1936.51,2370.02,1,12,10,1,Semi-Furnished,1,6,4,2,5,Vitrified,1,1,1,1,0,Covered,1,Corporation + Borewell,7879.63,Aundh,411007,Society,3.51,3.45,1.1,2.07,68567.39,30458993.34,15728.81,Owner,22
SYN-01109,synthetic,https://example.com/pune-listing/1109,1 BHK,433.06,478.76,12,15,17,1,Unfurnished,0,1,0,0,1,Wooden,1,1,0,1,0,Covered,0,Tanker,800.0,Hinjewadi,411057,Society,6.67,1.48,2.62,2.03,13585.18,2800000.0,6465.66,Owner,32
SYN-01110,synthetic,https://example.com/pune-listing/1110,4 BHK,1756.36,2011.29,1,11,15,1,Semi-Furnished,1,4,3,2,7,Vitrified,0,0,0,1,0,Covered,1,Municipal,6345.39,Kharadi,411014,Standalone,4.77,1.7,1.74,2.19,76850.66,15102686.05,8598.84,Owner,16
SYN-01111,synthetic,https://example.com/pune-listing/1111,3 BHK,809.58,900.82,6,12,9,1,Semi-Furnished,0,3,2,2,6,Granite,0,0,1,1,1,,0,Municipal,3587.42,Aundh,411007,Society,3.65,4.15,1.28,1.7,25493.93,8480096.87,10474.66,Owner,73
SYN-01112,synthetic,https://example.com/pune-listing/1112,2 BHK,508.18,577.63,9,10,17,1,Semi-Furnished,1,2,2,1,4,Vitrified,0,0,1,1,1,Stilt,1,Tanker,1678.72,Kharadi,411014,Standalone,4.75,1.39,1.68,1.92,16042.39,8967590.33,17646.44,Owner,13
SYN-01113,synthetic,https://example.com/pune-listing/1113,1 BHK,326.21,382.82,9,10,7,1,Fully Furnished,1,1,1,1,2,Wooden,1,1,1,1,0,Open,1,Municipal,1451.6,Kalyani Nagar,411006,Society,1.44,5.92,1.25,1.49,31325.04,11267642.04,34541.02,Broker,41
SYN-01114,synthetic,https://example.com/pune-listing/1114,1 BHK,432.81,499.71,12,15,12,1,Unfurnished,0,1,1,0,1,Ceramic,1,1,0,0,0,Bike,1,Municipal,,Hadapsar,411028,Society,5.29,2.13,2.2,2.25,9902.63,2902721.46,6706.7,Owner,19
SYN-01115,synthetic,https://example.com/pune-listing/1115,1 BHK,442.47,527.99,12,17,10,1,Semi-Furnished,1,1,0,0,1,Wooden,0,1,0,0,0,Covered,0,Corporation + Borewell,2627.4,Aundh,411007,Society,3.18,4.57,1.18,1.6,18935.42,5944428.98,13434.69,Broker,16
SYN-01116,synthetic,https://example.com/pune-listing/1116,1 BHK,506.96,580.54,13,13,10,1,Unfurnished,0,1,0,0,2,Granite,0,0,1,0,0,Covered,1,Borewell,800.0,Pimple Saudagar,411027,Standalone,3.47,5.15,0.8,1.85,13337.61,4619370.18,9111.88,Broker,40
SYN-01117,synthetic,https://example.com/pune-listing/1117,1 BHK,326.95,399.41,5,8,8,1,Fully Furnished,1,1,0,1,2,Granite,1,1,1,1,1,Stilt,1,Municipal,800.0,Baner,411045,Society,2.79,3.1,1.94,2.04,16380.32,9728362.53,29755.22,,16
SYN-01118,synthetic,https://example.com/pune-listing/1118,2 BHK,755.65,902.87,6,14,7,1,Unfurnished,0,2,1,1,4,Vitrified,1,1,0,0,0,Covered,1,Tanker,1904.64,Hadapsar,411028,Society,4.93,1.94,2.08,1.79,19009.61,5208531.11,6892.83,Owner,3
SYN-01119,synthetic,https://example.com/pune-listing/1119,2 BHK,680.37,809.63,7,10,10,1,Semi-Furnished,1,2,3,1,3,Vitrified,0,0,1,0,0,Covered,1,Tanker,1410.22,Hadapsar,411028,Society,5.23,2.52,2.81,2.04,15557.51,4852633.04,7132.33,Owner,74
SYN-01120,synthetic,https://example.com/pune-listing/1120,2 BHK,542.95,635.54,3,17,13,1,Semi-Furnished,1,1,2,1,3,Vitrified,1,1,0,1,0,Covered,1,Tanker,2348.67,Aundh,411007,Society,3.45,3.81,1.48,2.04,16250.95,4263870.43,7853.2,Broker,36
SYN-01121,synthetic,https://example.com/pune-listing/1121,3 BHK,870.22,1002.0,4,16,11,1,Unfurnished,1,3,2,2,3,Granite,1,1,0,0,0,Open,0,Borewell,872.12,Magarpatta,411013,Standalone,5.08,1.09,2.31,2.3,17521.67,5488008.16,6306.43,Owner,26
SYN-01122,synthetic,https://example.com/pune-listing/1122,2 BHK,743.56,929.09,3,13,14,1,Unfurnished,1,2,1,1,3,Vitrified,1,1,0,0,0,Stilt,1,Corporation + Borewell,2420.87,Pimple Saudagar,411027,Society,4.2,6.52,1.43,2.2,16426.9,4872604.4,6553.08,Broker,7
SYN-01123,synthetic,https://example.com/pune-listing/1123,2 BHK,397.46,503.38,0,13,2,1,Fully Furnished,1,2,1,2,3,Vitrified,1,1,1,1,0,Covered,1,Tanker,2309.67,Koregaon Park,411001,Society,2.36,3.92,1.78,1.19,32240.81,12885887.68,32420.48,Owner,18
SYN-01124,synthetic,https://example.com/pune-listing/1124,1 RK,413.93,457.28,5,12,10,1,Semi-Furnished,1,2,0,0,1,Marble,1,1,0,0,0,Bike,0,Borewell,1823.47,Nigdi,411044,Society,3.37,10.57,1.92,2.17,12915.96,2800000.0,6764.35,Broker,84
SYN-01125,synthetic,https://example.com/pune-listing/1125,3 BHK,965.9,1116.9,3,10,9,1,Fully Furnished,1,4,3,2,5,Vitrified,1,1,1,0,0,Open,0,Corporation + Borewell,4223.91,Kharadi,411014,Society,4.15,1.65,1.81,1.87,53929.95,17949713.48,18583.4,Owner,16
SYN-01126,synthetic,https://example.com/pune-listing/1126,1 BHK,422.26,459.07,14,14,7,1,Semi-Furnished,1,1,1,0,1,Ceramic,1,1,0,0,1,Stilt,1,Corporation + Borewell,1422.0,Wakad,411057,Society,5.75,4.04,1.9,2.13,10126.49,3871138.46,9167.61,Owner,33
SYN-01127,synthetic,https://example.com/pune-listing/1127,1 BHK,269.87,296.65,6,13,9,1,Semi-Furnished,1,2,0,0,2,Vitrified,1,1,0,0,0,Open,1,Corporation + Borewell,800.0,Pimple Saudagar,411027,Society,3.08,4.48,1.85,1.89,7950.0,2800000.0,10375.43,Broker,20
SYN-01128,synthetic,https://example.com/pune-listing/1128,3 BHK,964.52,1055.34,1,10,6,1,Fully Furnished,1,4,3,3,4,Ceramic,1,0,1,1,1,Stilt,1,Corporation + Borewell,4159.75,Kalyani Nagar,411006,Society,2.28,4.66,1.05,1.6,74782.76,17397285.75,18037.18,Owner,35
SYN-01129,synthetic,https://example.com/pune-listing/1129,2 BHK,627.85,752.47,5,10,12,1,Unfurnished,1,2,1,0,3,Vitrified,1,1,0,0,0,Covered,1,Municipal,2758.46,Hadapsar,411028,Society,5.35,2.11,1.89,2.26,13201.07,3439376.57,5478.02,Broker,13
SYN-01130,synthetic,https://example.com/pune-listing/1130,2 BHK,581.45,680.91,2,18,9,1,Unfurnished,0,2,2,1,4,Vitrified,1,1,0,0,0,Bike,0,Municipal,2039.96,Hinjewadi,411057,Society,6.01,1.4,1.94,2.16,16599.03,2871990.75,4939.38,Broker,32
SYN-01131,synthetic,https://example.com/pune-listing/1131,2 BHK,633.51,759.76,14,14,8,1,Semi-Furnished,1,1,2,1,3,Granite,1,1,0,0,0,Open,0,Municipal,1489.7,Wakad,411057,Society,5.17,2.84,1.82,2.26,8897.02,4630484.55,7309.29,Broker,44
SYN-01132,synthetic,https://example.com/pune-listing/1132,3 BHK,923.74,1078.47,3,10,12,1,Semi-Furnished,1,3,3,2,4,Wooden,1,1,1,0,1,Covered,1,Municipal,2826.61,Viman Nagar,411014,Society,2.7,5.15,1.78,1.54,40499.83,9394644.32,10170.25,Broker,18
SYN-01133,synthetic,https://example.com/pune-listing/1133,2 BHK,363.62,432.79,7,17,12,1,Semi-Furnished,1,2,2,1,3,Vitrified,0,0,0,1,0,,1,Municipal,800.0,Wakad,411057,Standalone,5.5,2.84,1.9,1.97,8550.78,3118743.12,8576.96,Broker,75
SYN-01134,synthetic,https://example.com/pune-listing/1134,3 BHK,1325.38,1629.95,4,12,15,1,Unfurnished,0,3,2,2,6,Marble,0,0,0,1,1,Bike,0,Corporation + Borewell,4541.94,Viman Nagar,411014,Society,1.79,6.51,1.48,1.22,37797.58,8827509.63,6660.37,Builder,27
SYN-01135,synthetic,https://example.com/pune-listing/1135,3 BHK,1151.91,1290.26,7,12,12,1,Unfurnished,0,4,3,2,5,Granite,0,0,0,0,0,None,0,Borewell,2554.99,Wakad,411057,Standalone,4.09,2.71,1.74,2.45,30861.01,6166765.4,5353.5,Owner,26
SYN-01136,synthetic,https://example.com/pune-listing/1136,2 BHK,420.19,537.05,2,4,10,0,Fully Furnished,1,3,1,2,3,Wooden,0,1,1,1,1,Covered,1,Municipal,1200.03,Kalyani Nagar,411006,Standalone,1.93,5.26,1.27,1.29,25520.1,5034932.27,11982.4,Broker,21
SYN-01137,synthetic,https://example.com/pune-listing/1137,4 BHK,1630.82,2048.62,10,15,8,1,Semi-Furnished,1,5,3,2,6,Granite,1,0,1,0,1,Covered,1,Municipal,5716.23,Aundh,411007,Society,3.29,3.03,1.44,1.22,63005.78,28459632.51,17451.16,Broker,57
SYN-01138,synthetic,https://example.com/pune-listing/1138,2 BHK,759.04,882.61,6,16,13,1,Fully Furnished,1,3,1,1,3,Wooden,1,1,0,0,0,Open,0,Corporation + Borewell,2322.55,Pimple Saudagar,411027,Society,2.87,4.97,1.44,1.58,16078.41,5052162.6,6656.0,Broker,14
SYN-01139,synthetic,https://example.com/pune-listing/1139,3 BHK,754.55,944.74,1,16,7,1,Semi-Furnished,1,4,2,2,5,Vitrified,1,1,0,0,0,Bike,0,Municipal,2437.57,Hadapsar,411028,Society,5.23,1.49,2.41,2.07,15727.53,5736764.4,7602.89,,25
SYN-01140,synthetic,https://example.com/pune-listing/1140,1 RK,447.02,519.8,12,18,9,1,Unfurnished,0,1,0,0,1,Granite,1,1,0,1,0,Covered,0,Corporation + Borewell,1772.37,Kothrud,411038,Standalone,1.86,8.77,1.67,1.44,22306.5,3705398.87,8289.08,Broker,12
SYN-01141,synthetic,https://example.com/pune-listing/1141,2 BHK,682.43,847.85,5,8,13,1,Semi-Furnished,1,2,2,1,3,Marble,1,1,0,1,0,None,1,Municipal,2475.53,Kothrud,411038,Society,1.36,7.56,1.4,1.17,23961.47,11310065.67,16573.27,Broker,7
SYN-01142,synthetic,https://example.com/pune-listing/1142,1 BHK,313.65,350.06,1,15,12,1,Unfurnished,1,2,1,0,1,Granite,1,1,0,0,0,Covered,1,Tanker,800.0,Wakad,411057,Society,4.44,2.1,2.03,2.5,8712.19,2800000.0,8927.21,Broker,40
SYN-01143,synthetic,https://example.com/pune-listing/1143,2 BHK,732.26,808.54,11,12,8,1,Semi-Furnished,0,2,3,1,2,Granite,1,1,0,1,1,Stilt,1,,2662.44,Kharadi,411014,Society,4.0,1.92,1.67,1.85,31079.19,6634390.33,9060.1,Builder,33
SYN-01144,synthetic,https://example.com/pune-listing/1144,1 RK,413.11,462.27,4,13,1,1,Unfurnished,0,2,1,0,1,Vitrified,1,1,0,0,0,Covered,0,Corporation + Borewell,800.0,Hinjewadi,411057,Society,6.51,0.93,2.16,2.81,7500.0,3177048.59,7690.52,Broker,17
SYN-01145,synthetic,https://example.com/pune-listing/1145,1 BHK,432.09,491.87,3,10,17,1,Semi-Furnished,1,1,0,0,2,Vitrified,1,1,1,0,0,Open,0,Corporation + Borewell,1809.99,Magarpatta,411013,Society,4.48,1.11,1.72,1.94,10713.36,3015966.57,6979.96,Owner,9
SYN-01146,synthetic,https://example.com/pune-listing/1146,1 BHK,318.28,397.13,5,13,10,1,Semi-Furnished,1,2,0,0,2,Marble,1,1,0,1,1,Open,1,Municipal,800.0,Pimple Saudagar,411027,Society,4.66,5.12,0.85,2.12,7500.0,2800000.0,8797.18,Owner,40
SYN-01147,synthetic,https://example.com/pune-listing/1147,2 BHK,628.71,772.39,11,13,1,1,Semi-Furnished,1,2,2,2,2,Vitrified,1,1,1,1,0,Covered,1,Tanker,3596.24,Kalyani Nagar,411006,Society,2.59,5.17,0.65,1.11,45713.2,21020553.43,33434.55,Builder,64
SYN-01148,synthetic,https://example.com/pune-listing/1148,1 RK,457.6,542.78,2,11,4,1,Semi-Furnished,1,2,0,0,1,Granite,1,1,0,1,0,Stilt,1,Municipal,2510.07,Hinjewadi,411057,Society,6.5,0.84,2.37,2.69,14884.17,6735268.6,14718.77,Owner,37
SYN-01149,synthetic,https://example.com/pune-listing/1149,2 BHK,687.53,804.88,9,16,14,1,Unfurnished,0,3,1,1,2,Vitrified,1,1,1,1,0,Open,0,Corporation + Borewell,2865.09,Hadapsar,411028,Society,4.59,2.59,2.44,2.33,8875.29,8064306.5,11729.46,Broker,60
SYN-01150,synthetic,https://example.com/pune-listing/1150,2 BHK,660.94,769.2,12,16,8,1,Semi-Furnished,1,2,2,1,3,Ceramic,1,1,0,0,0,None,1,Borewell,1086.2,Wakad,411057,Standalone,5.7,2.93,1.83,2.1,13285.12,5685122.38,8601.54,Broker,23
SYN-01151,synthetic,https://example.com/pune-listing/1151,3 BHK,1237.9,1491.36,13,15,6,1,Semi-Furnished,1,3,3,1,3,Wooden,1,1,0,0,0,Open,1,Municipal,4746.64,Viman Nagar,411014,Standalone,2.14,4.84,1.32,1.44,36345.29,21558655.62,17415.56,,39
SYN-01152,synthetic,https://example.com/pune-listing/1152,1 BHK,422.54,481.48,11,17,4,1,Unfurnished,0,2,1,0,1,Wooden,1,1,0,1,0,,0,Municipal,1506.17,Wakad,411057,Society,3.64,2.9,1.82,2.02,9712.09,2800000.0,6626.59,Owner,7
SYN-01153,synthetic,https://example.com/pune-listing/1153,2 BHK,527.11,569.55,8,13,6,1,Unfurnished,0,3,1,1,3,Marble,0,1,1,0,0,Open,0,Municipal,1281.97,Hadapsar,411028,Standalone,5.44,1.25,2.0,2.71,15957.38,4462028.75,8465.07,Broker,5
SYN-01154,synthetic,https://example.com/pune-listing/1154,3 BHK,1257.56,1390.14,3,16,8,1,Unfurnished,1,3,4,2,6,Ceramic,1,1,0,1,0,Covered,0,,3071.73,Hadapsar,411028,Society,5.57,3.27,1.94,1.92,30497.94,6491023.92,5161.61,Builder,35
SYN-01155,synthetic,https://example.com/pune-listing/1155,2 BHK,525.91,574.32,0,11,10,1,Unfurnished,0,3,1,0,3,Ceramic,1,1,0,1,0,Covered,1,Tanker,2461.91,Aundh,411007,Society,4.36,4.66,1.57,1.54,13810.38,4283652.41,8145.16,Owner,23
SYN-01156,synthetic,https://example.com/pune-listing/1156,2 BHK,510.97,639.95,1,7,4,1,Semi-Furnished,1,2,2,2,3,,1,1,1,0,1,Open,1,Municipal,3032.87,Koregaon Park,411001,Society,2.32,5.65,1.92,1.31,32201.24,8552091.98,16736.86,Builder,33
SYN-01157,synthetic,https://example.com/pune-listing/1157,1 RK,508.33,568.11,6,15,3,1,Fully Furnished,1,1,0,1,1,Ceramic,0,1,0,1,0,Open,1,Tanker,1930.57,Kalyani Nagar,411006,Standalone,1.94,4.38,1.46,1.25,38579.77,13970127.9,27482.47,Owner,8
SYN-01158,synthetic,https://example.com/pune-listing/1158,2 BHK,429.61,494.8,10,10,1,1,Fully Furnished,1,3,2,2,3,Vitrified,1,1,1,0,1,Stilt,1,Corporation + Borewell,1743.8,Koregaon Park,411001,Society,2.48,5.29,1.32,1.42,39667.3,7833303.99,18233.65,Broker,34
SYN-01159,synthetic,https://example.com/pune-listing/1159,2 BHK,554.88,639.74,4,13,7,1,Semi-Furnished,1,3,1,1,3,Marble,0,1,0,0,1,Stilt,0,Corporation + Borewell,1408.22,Aundh,411007,Standalone,3.91,4.0,0.9,1.48,18347.05,8952692.85,16134.34,Owner,59
SYN-01160,synthetic,https://example.com/pune-listing/1160,1 BHK,374.27,458.37,5,10,6,1,Semi-Furnished,1,1,1,0,1,Vitrified,0,0,0,1,0,Open,1,Tanker,1208.97,Kharadi,411014,Standalone,3.86,1.74,2.15,2.26,14753.7,4242449.5,11335.36,Owner,24
SYN-01161,synthetic,https://example.com/pune-listing/1161,1 BHK,291.6,362.68,6,15,8,1,Unfurnished,0,2,1,0,2,Ceramic,1,1,0,0,0,Covered,1,Tanker,1193.54,Viman Nagar,411014,Society,2.2,5.51,1.43,1.09,9293.06,3247508.21,11136.82,,11
SYN-01162,synthetic,https://example.com/pune-listing/1162,2 BHK,584.58,736.07,7,15,18,1,Semi-Furnished,1,3,1,0,3,Vitrified,1,1,0,0,0,Open,1,Municipal,1369.38,Magarpatta,411013,Society,4.26,1.69,1.87,2.38,13785.28,3939578.16,6739.12,Broker,51
SYN-01163,synthetic,https://example.com/pune-listing/1163,2 BHK,588.3,670.61,0,14,14,1,Unfurnished,0,2,2,1,4,Vitrified,1,1,1,0,0,Covered,1,Municipal,2218.15,Nigdi,411044,Standalone,3.85,11.27,2.07,1.95,10430.04,3881041.17,6597.09,Owner,35
SYN-01164,synthetic,https://example.com/pune-listing/1164,3 BHK,1309.54,1477.98,3,19,17,1,Semi-Furnished,1,3,3,2,3,Vitrified,1,1,0,1,0,Covered,1,Municipal,4998.44,Shivajinagar,411005,Society,1.43,6.43,0.8,1.25,34734.92,16288237.56,12438.18,Owner,11
SYN-01165,synthetic,https://example.com/pune-listing/1165,2 BHK,759.01,959.68,0,12,7,1,Semi-Furnished,1,3,2,1,4,Marble,1,0,0,1,0,Covered,1,Corporation + Borewell,2801.08,Wakad,411057,Society,4.09,2.78,1.83,2.63,30208.84,5200098.87,6851.14,Broker,41
SYN-01166,synthetic,https://example.com/pune-listing/1166,3 BHK,1198.74,1500.32,6,15,8,1,Unfurnished,1,3,3,2,5,Vitrified,0,0,1,1,0,Stilt,0,Municipal,2597.67,Wakad,411057,Society,4.99,4.17,1.72,2.17,18147.07,7232384.34,6033.32,Owner,17
SYN-01167,synthetic,https://example.com/pune-listing/1167,1 RK,386.43,493.64,8,8,6,1,Semi-Furnished,1,1,1,0,2,Vitrified,1,0,0,0,0,Open,0,Corporation + Borewell,1800.39,Nigdi,411044,Society,3.11,9.28,1.58,2.41,14319.55,2800000.0,7245.81,Broker,4
SYN-01168,synthetic,https://example.com/pune-listing/1168,3 BHK,1053.33,1222.36,17,17,11,1,Fully Furnished,1,3,2,2,5,Wooden,0,0,1,1,0,Covered,1,Municipal,4415.09,Viman Nagar,411014,Standalone,1.54,6.1,2.01,2.05,50841.01,9628574.83,9141.06,Owner,19
SYN-01169,synthetic,https://example.com/pune-listing/1169,3 BHK,1069.61,1330.89,11,14,14,1,Fully Furnished,1,3,3,2,4,Marble,1,0,0,1,0,Covered,1,Borewell,3807.95,Kharadi,411014,Society,3.69,2.89,2.22,1.83,56122.91,11962072.19,11183.57,Owner,12
SYN-01170,synthetic,https://example.com/pune-listing/1170,3 BHK,1113.77,1364.38,3,14,18,1,Semi-Furnished,1,4,3,2,4,Wooden,0,0,0,0,0,Open,0,Municipal,2712.45,Magarpatta,411013,Standalone,5.32,2.27,2.02,2.38,29574.86,7067749.8,6345.78,Owner,28
SYN-01171,synthetic,https://example.com/pune-listing/1171,2 BHK,445.62,490.31,5,9,3,1,Semi-Furnished,1,2,2,2,2,Vitrified,1,1,0,1,1,Stilt,1,Municipal,2858.99,Koregaon Park,411001,Standalone,3.27,4.2,1.18,1.27,23709.4,7676921.7,17227.66,Broker,30
SYN-01172,synthetic,https://example.com/pune-listing/1172,2 BHK,564.89,,8,8,6,1,Fully Furnished,1,2,1,2,4,Granite,0,1,0,1,1,Open,1,Corporation + Borewell,2601.56,Baner,411045,Standalone,3.01,4.97,1.65,2.55,44867.17,10283005.0,18203.45,Broker,21
SYN-01173,synthetic,https://example.com/pune-listing/1173,3 BHK,901.84,979.98,9,12,13,1,Semi-Furnished,1,4,2,3,5,Ceramic,0,0,0,1,0,None,1,Municipal,3745.85,Kalyani Nagar,411006,Standalone,1.34,4.0,1.04,1.46,47928.33,9060877.51,10047.06,Builder,8
SYN-01174,synthetic,https://example.com/pune-listing/1174,2 BHK,764.27,874.17,17,18,11,1,Semi-Furnished,1,2,2,1,3,Vitrified,1,1,0,1,0,Covered,0,Corporation + Borewell,2012.29,Hadapsar,411028,Society,5.95,2.79,2.34,1.87,30211.82,5721933.81,7486.81,Owner,33
SYN-01175,synthetic,https://example.com/pune-listing/1175,1 BHK,371.65,,1,14,12,1,Unfurnished,0,2,2,0,1,Vitrified,1,0,0,1,0,None,1,Municipal,800.0,Kothrud,411038,Society,1.19,7.55,1.33,1.2,11688.35,3476354.01,9353.95,Broker,36
SYN-01176,synthetic,https://example.com/pune-listing/1176,2 BHK,567.12,719.92,7,17,13,1,Unfurnished,0,2,1,1,2,Vitrified,0,1,0,1,0,Open,1,,2629.04,Pimple Saudagar,411027,Standalone,5.24,5.3,1.42,1.8,14499.39,4796309.12,8457.35,Owner,35
SYN-01177,synthetic,https://example.com/pune-listing/1177,4 BHK,1626.75,1770.76,6,12,5,1,Unfurnished,1,4,5,1,6,Wooden,0,0,0,0,1,Covered,0,Municipal,4464.65,Hadapsar,411028,Standalone,5.44,2.13,2.32,1.86,41587.6,11039902.37,6786.47,Broker,52
SYN-01178,synthetic,https://example.com/pune-listing/1178,3 BHK,1022.35,,13,15,1,1,Unfurnished,0,3,3,2,4,Ceramic,0,1,0,0,0,Covered,1,Corporation + Borewell,3610.06,Viman Nagar,411014,Standalone,2.49,4.46,2.47,1.28,31272.76,10709906.22,10475.79,Owner,8
SYN-01179,synthetic,https://example.com/pune-listing/1179,1 BHK,371.26,410.54,7,11,14,1,Unfurnished,1,2,1,0,1,Marble,1,0,0,1,0,Covered,0,Corporation + Borewell,1243.42,Hadapsar,411028,Society,4.86,2.67,2.86,2.18,13076.7,2800000.0,7541.79,Broker,19
SYN-01180,synthetic,https://example.com/pune-listing/1180,1 BHK,414.09,457.57,2,13,10,1,Semi-Furnished,1,1,1,1,2,Granite,1,0,1,1,1,,0,Corporation + Borewell,2299.61,Kalyani Nagar,411006,Society,2.54,3.24,1.03,1.71,22434.97,10115675.36,24428.78,Owner,30
SYN-01181,synthetic,https://example.com/pune-listing/1181,4 BHK,1562.0,1883.42,8,14,14,1,Fully Furnished,1,4,3,4,5,Vitrified,1,1,1,1,0,Open,0,Tanker,7449.1,Baner,411045,Society,3.11,3.0,1.88,2.45,112602.4,45003994.42,28811.77,Broker,72
SYN-01182,synthetic,https://example.com/pune-listing/1182,3 BHK,991.44,1077.23,2,15,6,1,Semi-Furnished,1,4,3,2,5,Wooden,0,0,0,0,0,Covered,0,Borewell,2522.29,Wakad,411057,Society,3.88,3.24,1.48,2.16,36685.0,12150563.73,12255.47,Owner,21
SYN-01183,synthetic,https://example.com/pune-listing/1183,3 BHK,726.2,837.36,9,10,4,1,Unfurnished,0,4,3,1,4,Vitrified,0,1,0,0,0,Covered,0,Corporation + Borewell,3466.38,Magarpatta,411013,Society,4.37,0.81,2.1,1.84,7500.0,6936839.28,9552.27,Broker,68
SYN-01184,synthetic,https://example.com/pune-listing/1184,1 BHK,452.86,522.3,4,11,2,1,Unfurnished,0,1,1,0,1,Wooden,1,1,0,0,0,Covered,1,Municipal,2242.94,Kothrud,411038,Society,1.16,7.3,0.97,1.5,12126.33,7851416.4,17337.42,Broker,38
SYN-01185,synthetic,https://example.com/pune-listing/1185,2 BHK,803.35,955.51,1,14,7,1,Unfurnished,1,3,1,1,3,Marble,1,1,0,0,0,None,0,Municipal,973.65,Pimple Saudagar,411027,Society,3.33,3.93,1.14,1.57,20576.54,6792402.93,8455.14,Owner,17
SYN-01186,synthetic,https://example.com/pune-listing/1186,3 BHK,927.94,1047.67,7,14,10,1,Fully Furnished,1,3,2,2,4,Granite,1,1,0,1,0,Covered,0,Corporation + Borewell,3682.14,Hinjewadi,411057,Standalone,6.03,0.2,2.84,2.91,29571.09,7420222.4,7996.48,Broker,56
SYN-01187,synthetic,https://example.com/pune-listing/1187,1 BHK,365.74,398.79,8,14,6,1,Unfurnished,1,1,1,0,2,Vitrified,0,0,0,0,0,Covered,1,Borewell,800.0,Pune Camp,411001,Society,2.03,5.76,1.61,1.57,11022.09,4688147.7,12818.1,Owner,78
SYN-01188,synthetic,https://example.com/pune-listing/1188,2 BHK,656.52,804.11,9,13,6,1,Semi-Furnished,1,2,1,1,2,Vitrified,1,1,1,1,0,Covered,1,Municipal,1805.82,Kharadi,411014,Society,4.31,1.83,2.13,1.9,35600.89,7133680.12,10865.91,Owner,22
SYN-01189,synthetic,https://example.com/pune-listing/1189,1 BHK,417.23,528.04,10,12,0,1,Fully Furnished,1,2,1,1,1,Vitrified,0,0,1,1,1,Open,0,Corporation + Borewell,934.31,Baner,411045,Standalone,3.07,2.94,1.39,2.79,27880.24,15165293.79,36347.39,Broker,34
SYN-01190,synthetic,https://example.com/pune-listing/1190,4 BHK,1736.06,1901.96,14,14,1,1,Fully Furnished,1,5,3,3,5,Vitrified,1,1,0,0,0,Covered,0,Corporation + Borewell,3704.0,Pimple Saudagar,411027,Standalone,4.35,5.1,1.43,1.52,73994.84,15466761.09,8909.1,Owner,4
SYN-01191,synthetic,https://example.com/pune-listing/1191,1 BHK,446.21,489.8,7,12,9,1,Unfurnished,0,1,1,0,2,Vitrified,0,1,1,1,1,Open,0,Municipal,1250.16,Viman Nagar,411014,Society,2.01,5.22,1.43,1.24,20647.7,4855572.18,10881.83,Broker,40
SYN-01192,synthetic,https://example.com/pune-listing/1192,2 BHK,654.23,713.43,6,14,5,1,Semi-Furnished,1,3,2,1,4,Ceramic,1,1,1,0,0,Stilt,0,Municipal,3125.48,Kharadi,411014,Society,5.39,1.5,2.27,1.85,26235.05,5292433.95,8089.51,Owner,70
SYN-01193,synthetic,https://example.com/pune-listing/1193,3 BHK,1248.95,1461.77,12,12,3,1,Fully Furnished,1,3,3,1,4,Vitrified,1,1,0,0,0,Stilt,1,Municipal,2631.02,Pimple Saudagar,411027,Society,3.46,4.47,1.81,2.06,35787.34,9870978.61,7903.39,Owner,93
SYN-01194,synthetic,https://example.com/pune-listing/1194,3 BHK,913.66,1091.88,8,18,15,1,Fully Furnished,1,3,3,1,5,Marble,1,1,1,0,0,Open,0,Corporation + Borewell,2568.89,Wakad,411057,Society,5.33,2.77,2.26,1.73,18169.29,7715879.32,8445.05,Broker,40
SYN-01195,synthetic,https://example.com/pune-listing/1195,3 BHK,724.17,823.68,11,11,2,1,Unfurnished,1,4,4,2,5,Ceramic,1,1,0,0,0,Stilt,1,Municipal,2578.4,Shivajinagar,411005,Society,0.48,6.74,1.28,1.67,36610.81,7562708.47,10443.31,Owner,74
SYN-01196,synthetic,https://example.com/pune-listing/1196,1 BHK,443.18,562.5,1,9,7,1,Unfurnished,1,1,0,1,1,Wooden,1,1,0,1,1,Bike,1,Tanker,800.0,Koregaon Park,411001,Society,2.13,4.29,0.74,1.08,29164.18,7956940.83,17954.04,Broker,6
SYN-01197,synthetic,https://example.com/pune-listing/1197,2 BHK,701.51,797.08,2,13,10,1,Semi-Furnished,1,2,0,1,2,Granite,1,1,0,1,0,Bike,1,Corporation + Borewell,2889.57,Hinjewadi,411057,Society,6.29,1.07,2.15,2.83,21053.16,5315468.96,7577.2,Broker,16
SYN-01198,synthetic,https://example.com/pune-listing/1198,3 BHK,720.83,903.4,8,12,5,1,Unfurnished,1,3,2,1,4,Vitrified,1,1,0,1,0,None,0,Corporation + Borewell,800.0,Pimple Saudagar,411027,Society,3.73,4.24,1.3,2.25,22337.58,4834917.34,6707.41,Builder,13
SYN-01199,synthetic,https://example.com/pune-listing/1199,2 BHK,403.63,468.48,7,12,2,1,Semi-Furnished,1,3,2,1,3,Vitrified,0,1,0,1,0,Stilt,1,Municipal,1441.3,Aundh,411007,Standalone,3.64,4.67,1.17,1.6,11687.04,6737396.13,16692.11,Broker,12
SYN-01200,synthetic,https://example.com/pune-listing/1200,2 BHK,532.79,,7,12,12,1,Semi-Furnished,1,2,2,1,3,Vitrified,1,1,1,1,1,Stilt,1,Borewell,2191.51,Kothrud,411038,Society,1.66,6.19,1.16,1.28,22426.27,9017060.59,16924.14,Owner,55
SYN-01201,synthetic,https://example.com/pune-listing/1201,1 BHK,378.64,417.46,11,18,7,1,Semi-Furnished,1,1,1,0,1,Vitrified,1,1,0,0,0,Open,1,Tanker,1434.04,Wakad,411057,Society,4.45,2.07,2.23,2.09,12957.63,2902089.65,7664.52,Owner,12
SYN-01202,synthetic,https://example.com/pune-listing/1202,1 BHK,383.6,470.17,3,14,6,1,Fully Furnished,1,2,2,0,1,Ceramic,1,1,0,0,0,Open,0,Borewell,1132.58,Hadapsar,411028,Society,5.39,3.14,2.14,1.92,17649.26,2817597.5,7345.1,Owner,8
SYN-01203,synthetic,https://example.com/pune-listing/1203,5 BHK,1742.19,2093.53,3,9,8,1,Semi-Furnished,1,5,5,5,8,Granite,0,0,1,1,1,Stilt,0,Corporation + Borewell,7951.23,Kalyani Nagar,411006,Standalone,1.6,4.76,1.57,1.32,86835.88,20908463.18,12001.28,Owner,25
SYN-01204,synthetic,https://example.com/pune-listing/1204,3 BHK,989.19,1176.02,0,11,13,1,Semi-Furnished,1,3,3,1,6,Vitrified,0,1,0,1,0,Covered,1,Corporation + Borewell,3433.88,Viman Nagar,411014,Standalone,2.5,4.75,1.7,1.58,43579.28,15513057.18,15682.59,Owner,10
SYN-01205,synthetic,https://example.com/pune-listing/1205,1 BHK,405.5,512.4,7,13,2,1,Semi-Furnished,1,1,1,1,1,Ceramic,1,1,0,1,1,Covered,1,Municipal,2058.41,Kalyani Nagar,411006,Society,1.43,3.93,0.95,1.13,24460.32,12153798.67,29972.19,Owner,25
SYN-01206,synthetic,https://example.com/pune-listing/1206,2 BHK,871.25,1045.58,5,11,7,1,Semi-Furnished,1,2,1,2,2,Marble,0,0,0,1,0,Open,1,Tanker,5046.23,Baner,411045,Standalone,3.89,2.7,1.59,1.75,48077.01,20831551.12,23909.97,Broker,9
SYN-01207,synthetic,https://example.com/pune-listing/1207,1 BHK,311.64,367.09,10,12,11,1,Unfurnished,1,2,2,1,1,Vitrified,1,1,1,0,1,Covered,1,Borewell,1142.55,Baner,411045,Society,2.67,3.86,1.06,2.23,22159.1,6949951.36,22301.4,Builder,33
SYN-01208,synthetic,https://example.com/pune-listing/1208,3 BHK,1009.71,1277.18,0,9,8,1,Unfurnished,0,3,3,3,5,Marble,1,1,0,1,1,Stilt,1,Corporation + Borewell,4703.19,Koregaon Park,411001,Society,3.11,5.18,1.51,1.22,65738.65,21577316.22,21369.77,Builder,12
SYN-01209,synthetic,https://example.com/pune-listing/1209,3 BHK,1028.48,1279.79,6,14,8,1,Unfurnished,0,3,1,2,5,Ceramic,1,1,0,1,0,None,0,Borewell,2689.23,Magarpatta,411013,Society,5.79,2.16,1.4,2.35,15705.2,5897459.71,5734.16,Owner,14
SYN-01210,synthetic,https://example.com/pune-listing/1210,3 BHK,814.17,938.94,4,10,11,1,Semi-Furnished,1,3,2,1,3,Ceramic,0,0,1,0,0,Covered,0,Corporation + Borewell,2580.7,Hinjewadi,411057,Standalone,5.98,2.9,2.39,2.61,12981.94,5076917.13,6235.69,Builder,13
SYN-01211,synthetic,https://example.com/pune-listing/1211,2 BHK,672.1,840.11,4,7,11,1,Semi-Furnished,1,2,1,2,3,,1,1,1,0,0,Covered,0,Municipal,3150.43,Kalyani Nagar,411006,Society,2.36,4.66,1.09,1.22,44633.62,7979109.41,11871.83,Broker,13
SYN-01212,synthetic,https://example.com/pune-listing/1212,2 BHK,743.88,831.25,16,17,3,1,Semi-Furnished,1,2,1,1,2,Vitrified,1,1,0,1,1,Covered,0,Corporation + Borewell,2550.01,Wakad,411057,Society,4.19,2.41,1.88,2.3,16449.14,7196164.23,9673.79,Owner,35
SYN-01213,synthetic,https://example.com/pune-listing/1213,5 BHK,1937.68,2150.53,6,8,3,1,Unfurnished,0,6,4,6,6,Wooden,1,1,0,1,0,None,1,Borewell,9441.03,Kalyani Nagar,411006,Society,2.03,4.03,1.48,1.36,79982.06,40658445.76,20983.08,Builder,30
SYN-01214,synthetic,https://example.com/pune-listing/1214,1 BHK,469.49,532.06,0,13,1,1,Semi-Furnished,1,2,1,0,1,Ceramic,0,1,1,1,0,Covered,1,Municipal,1890.09,Shivajinagar,411005,Standalone,0.73,6.61,0.89,1.75,20939.55,8629532.65,18380.47,Owner,28
SYN-01215,synthetic,https://example.com/pune-listing/1215,2 BHK,717.58,784.62,9,14,8,1,Unfurnished,1,2,1,1,3,Ceramic,0,0,0,1,0,Covered,0,Corporation + Borewell,2059.74,Nigdi,411044,Standalone,3.58,11.32,1.55,2.53,24213.38,4052228.37,5647.06,Owner,49
SYN-01216,synthetic,https://example.com/pune-listing/1216,2 BHK,656.65,782.42,10,13,14,1,Semi-Furnished,1,3,2,1,3,Ceramic,1,1,0,1,0,Covered,1,Municipal,1524.17,Magarpatta,411013,Society,4.49,1.18,2.14,2.11,17992.03,4962049.82,7556.56,Owner,13
SYN-01217,synthetic,https://example.com/pune-listing/1217,4 BHK,1192.4,1480.62,8,20,7,1,Unfurnished,1,5,3,3,5,Granite,1,1,0,0,0,Open,1,,2830.85,Hadapsar,411028,Society,4.63,3.48,1.99,1.97,39737.86,8544951.32,7166.18,Builder,18
SYN-01218,synthetic,https://example.com/pune-listing/1218,2 BHK,754.3,838.29,8,11,12,1,Fully Furnished,1,2,2,1,2,Wooden,1,1,1,1,0,Covered,1,Borewell,3150.21,Shivajinagar,411005,Society,0.79,7.4,0.59,1.44,28163.33,8001289.32,10607.52,Broker,2
SYN-01219,synthetic,https://example.com/pune-listing/1219,1 BHK,372.05,425.24,2,7,4,1,Semi-Furnished,1,2,1,1,1,Ceramic,1,1,1,1,0,Covered,1,Corporation + Borewell,1815.53,Koregaon Park,411001,Standalone,2.84,6.76,1.49,0.88,21754.56,4372288.95,11751.98,Builder,23
SYN-01220,synthetic,https://example.com/pune-listing/1220,1 BHK,545.6,616.71,13,14,0,1,Fully Furnished,1,1,0,0,2,Marble,1,1,1,0,0,Covered,1,Tanker,,Aundh,411007,Society,3.9,4.44,1.66,1.71,30867.19,8507769.3,15593.56,Owner,19
SYN-01221,synthetic,https://example.com/pune-listing/1221,1 BHK,428.58,488.67,6,12,9,1,Semi-Furnished,1,1,0,0,1,Vitrified,0,1,1,0,0,Covered,1,Tanker,1367.06,Pune Camp,411001,Society,2.65,6.04,1.76,1.7,7500.0,2800000.0,6533.22,Broker,25
SYN-01222,synthetic,https://example.com/pune-listing/1222,5 BHK,1795.68,1957.3,10,12,7,1,Semi-Furnished,1,5,5,4,5,Marble,0,0,0,0,0,Covered,1,Borewell,7678.7,Aundh,411007,Standalone,3.16,3.95,1.92,1.57,90612.23,13889506.08,7734.97,Broker,12
SYN-01223,synthetic,https://example.com/pune-listing/1223,1 BHK,391.17,494.56,8,10,14,1,Semi-Furnished,1,1,2,1,1,Marble,0,0,0,1,0,Covered,1,Corporation + Borewell,2455.98,Koregaon Park,411001,Society,2.67,4.26,1.03,1.58,22142.92,8091411.07,20685.03,Owner,27
SYN-01224,synthetic,https://example.com/pune-listing/1224,1 BHK,470.59,577.34,7,21,7,1,Unfurnished,0,1,0,0,2,Vitrified,1,1,1,1,1,Bike,0,Municipal,2106.77,Viman Nagar,411014,Society,3.12,6.27,2.11,1.7,15708.26,6986760.59,14846.72,Owner,15
SYN-01225,synthetic,https://example.com/pune-listing/1225,2 BHK,634.03,748.21,12,12,4,1,Semi-Furnished,1,2,2,1,3,Vitrified,1,0,0,1,0,Covered,1,Borewell,2944.18,Kharadi,411014,Society,3.89,2.39,2.58,2.06,25061.87,11867512.48,18717.54,Broker,12
SYN-01226,synthetic,https://example.com/pune-listing/1226,2 BHK,588.67,728.9,3,8,11,1,Semi-Furnished,1,2,2,2,4,Marble,1,0,1,1,1,Bike,1,Tanker,1615.97,Koregaon Park,411001,Society,3.2,5.07,1.59,0.93,36104.38,14799205.82,25140.12,Broker,49
SYN-01227,synthetic,https://example.com/pune-listing/1227,1 BHK,378.44,444.14,7,9,6,1,Unfurnished,1,2,0,1,2,Vitrified,1,1,1,1,1,Open,1,Municipal,1644.04,Baner,411045,Standalone,3.9,2.79,1.43,1.87,24378.2,8101427.81,21407.33,Owner,22
SYN-01228,synthetic,https://example.com/pune-listing/1228,4 BHK,1505.44,1659.9,11,11,6,1,Fully Furnished,1,5,3,4,8,Marble,1,0,1,1,0,Covered,1,Municipal,7109.06,Koregaon Park,411001,Society,2.31,5.79,1.45,0.9,91134.11,45747142.45,30387.91,Owner,9
SYN-01229,synthetic,https://example.com/pune-listing/1229,2 BHK,690.09,864.19,7,16,15,1,Fully Furnished,1,2,1,1,3,Vitrified,1,0,0,0,0,Bike,0,,1925.2,Kharadi,411014,Society,5.08,1.53,2.24,1.67,30266.93,7394102.88,10714.68,Builder,40
SYN-01230,synthetic,https://example.com/pune-listing/1230,4 BHK,1527.72,1719.28,8,17,10,1,Fully Furnished,1,4,2,3,6,Vitrified,0,0,1,0,0,,1,Corporation + Borewell,3971.88,Hadapsar,411028,Standalone,5.71,2.87,2.25,2.16,57471.81,10700671.05,7004.34,Owner,39
SYN-01231,synthetic,https://example.com/pune-listing/1231,3 BHK,795.14,929.93,11,11,6,1,Semi-Furnished,1,3,2,3,3,Wooden,0,0,1,1,1,Covered,1,Municipal,3539.48,Baner,411045,Society,3.26,2.55,1.84,2.33,45309.36,10559833.86,13280.4,Builder,31
SYN-01232,synthetic,https://example.com/pune-listing/1232,1 BHK,412.89,505.11,0,6,10,1,Semi-Furnished,1,2,0,1,2,Granite,0,0,1,1,1,Open,1,Borewell,1170.1,Baner,411045,Society,2.57,2.82,1.77,2.24,18493.9,11434306.47,27693.02,Owner,8
SYN-01233,synthetic,https://example.com/pune-listing/1233,1 BHK,493.15,603.76,3,16,19,1,Semi-Furnished,1,1,0,0,1,Vitrified,1,1,1,1,0,Covered,0,Corporation + Borewell,800.0,Pimple Saudagar,411027,Society,3.62,4.94,1.49,1.38,12223.11,2802141.37,5682.14,Owner,46
SYN-01234,synthetic,https://example.com/pune-listing/1234,2 BHK,631.85,695.14,2,19,7,1,Semi-Furnished,1,2,1,1,4,Vitrified,0,0,0,1,1,,1,Borewell,2002.67,Kothrud,411038,Society,1.73,8.16,1.32,1.02,28550.27,10293112.76,16290.41,Builder,2
SYN-01235,synthetic,https://example.com/pune-listing/1235,3 BHK,678.19,839.21,9,13,11,1,Unfurnished,1,2,2,2,6,Vitrified,1,1,0,1,0,Covered,1,Corporation + Borewell,3108.86,Kharadi,411014,Society,3.73,0.57,2.0,1.78,21429.74,6084514.46,8971.63,Broker,70
SYN-01236,synthetic,https://example.com/pune-listing/1236,2 BHK,574.63,667.24,9,13,14,1,Unfurnished,0,3,1,1,3,Granite,1,1,0,0,0,Open,0,Borewell,1004.46,Pimple Saudagar,411027,Standalone,3.21,4.54,1.38,2.37,15610.98,3938312.96,6853.66,Broker,30
SYN-01237,synthetic,https://example.com/pune-listing/1237,3 BHK,1105.29,1202.35,4,13,10,1,Semi-Furnished,1,3,3,2,5,Marble,1,0,0,1,1,Covered,1,Tanker,5475.73,Koregaon Park,411001,Society,2.78,5.59,1.95,1.09,65063.63,21449910.17,19406.56,Owner,55
SYN-01238,synthetic,https://example.com/pune-listing/1238,3 BHK,1218.76,,7,12,14,1,Fully Furnished,1,4,3,1,3,Vitrified,1,1,0,0,0,None,0,Borewell,3389.04,Nigdi,411044,Society,3.14,11.75,1.07,2.62,39046.68,9372020.77,7689.79,Broker,27
SYN-01239,synthetic,https://example.com/pune-listing/1239,2 BHK,624.15,,7,20,6,1,Semi-Furnished,1,3,2,1,4,Marble,1,1,1,1,0,Bike,0,Tanker,1472.84,Pune Camp,411001,Society,2.23,7.57,1.62,1.84,20442.19,6091554.98,9759.74,Broker,48
SYN-01240,synthetic,https://example.com/pune-listing/1240,1 BHK,310.3,351.55,11,18,12,1,Semi-Furnished,0,2,1,0,1,Wooden,0,1,1,1,0,Open,1,Municipal,1840.57,Hinjewadi,411057,Society,5.59,1.67,2.73,2.55,7905.94,2800000.0,9023.5,Broker,39
SYN-01241,synthetic,https://example.com/pune-listing/1241,5 BHK,1785.86,1987.84,14,18,8,1,Unfurnished,1,4,5,3,5,Ceramic,1,1,0,1,0,Bike,0,Borewell,3414.89,Magarpatta,411013,Society,5.17,1.65,1.82,2.62,42588.03,10855312.9,6078.47,Owner,20
SYN-01242,synthetic,https://example.com/pune-listing/1242,1 BHK,431.28,474.27,12,12,13,1,Fully Furnished,1,1,0,0,1,Vitrified,1,1,1,0,0,Bike,1,Tanker,841.71,Pimple Saudagar,411027,Society,5.17,4.94,1.43,2.02,12392.09,3257456.24,7553.04,Owner,19
SYN-01243,synthetic,https://example.com/pune-listing/1243,4 BHK,1240.68,1486.96,8,9,11,1,Semi-Furnished,1,4,5,3,4,Marble,1,1,0,1,1,Covered,1,Corporation + Borewell,4327.94,Shivajinagar,411005,Society,1.56,6.22,0.64,1.77,54047.24,11094444.97,8942.22,Broker,11
SYN-01244,synthetic,https://example.com/pune-listing/1244,5 BHK,1935.7,2312.61,3,10,7,1,Semi-Furnished,1,6,3,2,6,Ceramic,1,0,1,1,0,Covered,1,Municipal,,Viman Nagar,411014,Society,2.17,5.76,1.12,1.4,89764.87,22002207.29,11366.54,Owner,33
SYN-01245,synthetic,https://example.com/pune-listing/1245,3 BHK,1129.98,1380.71,17,18,8,1,Semi-Furnished,1,3,2,2,5,Ceramic,1,1,0,0,0,Open,1,Municipal,2634.5,Wakad,411057,Society,4.43,3.71,2.21,2.47,37320.74,7780672.62,6885.65,Owner,29
SYN-01246,synthetic,https://example.com/pune-listing/1246,3 BHK,700.69,850.89,7,12,16,1,Semi-Furnished,1,4,3,2,6,Vitrified,0,1,0,0,0,Covered,1,Corporation + Borewell,2275.15,Hinjewadi,411057,Standalone,6.2,0.2,2.11,2.77,18384.95,5667590.71,8088.59,Owner,10
SYN-01247,synthetic,https://example.com/pune-listing/1247,2 BHK,629.7,753.32,3,15,19,1,Semi-Furnished,1,2,1,1,3,Vitrified,1,1,0,0,0,None,1,Corporation + Borewell,2214.31,Pune Camp,411001,Standalone,1.96,5.71,1.27,1.75,15466.87,4348038.63,6904.97,Broker,48
SYN-01248,synthetic,https://example.com/pune-listing/1248,4 BHK,1445.69,1670.19,0,15,5,1,Unfurnished,0,5,4,3,5,Granite,1,0,1,0,0,Covered,1,Municipal,5498.64,Kharadi,411014,Society,5.37,2.44,2.1,2.39,41980.2,20346045.82,14073.62,Broker,46
SYN-01249,synthetic,https://example.com/pune-listing/1249,2 BHK,583.83,643.47,4,11,3,1,Unfurnished,1,2,2,1,3,Marble,1,1,0,0,0,Covered,1,Municipal,2691.24,Kharadi,411014,Society,4.59,0.9,2.18,2.09,25075.24,5881887.36,10074.6,Owner,1
SYN-01250,synthetic,https://example.com/pune-listing/1250,3 BHK,1041.43,1251.55,6,11,9,1,Fully Furnished,1,4,3,2,6,Vitrified,1,1,1,0,0,Covered,0,Municipal,3219.73,Shivajinagar,411005,Society,1.72,7.2,1.42,1.68,52381.59,9883845.83,9490.66,Owner,13
SYN-01251,synthetic,https://example.com/pune-listing/1251,1 BHK,446.67,536.01,4,12,6,1,Unfurnished,1,2,2,0,1,Marble,0,1,1,1,0,Covered,1,Municipal,2251.44,Viman Nagar,411014,Standalone,3.03,4.95,1.42,1.52,18173.93,4220646.17,9449.14,,31
SYN-01252,synthetic,https://example.com/pune-listing/1252,4 BHK,1251.05,1553.55,0,14,2,1,Semi-Furnished,1,4,4,3,5,Vitrified,1,1,1,1,0,Open,0,Municipal,4029.26,Kothrud,411038,Society,0.92,8.39,0.89,1.38,65641.68,17161037.49,13717.31,Owner,25
SYN-01253,synthetic,https://example.com/pune-listing/1253,4 BHK,1417.8,1630.53,14,17,17,1,Semi-Furnished,1,4,3,2,6,Wooden,1,1,0,1,0,Covered,0,Borewell,3288.94,Wakad,411057,Society,4.43,2.59,2.27,2.58,47232.5,16922538.39,11935.74,Broker,53
SYN-01254,synthetic,https://example.com/pune-listing/1254,2 BHK,542.79,618.22,1,11,3,1,Semi-Furnished,0,2,2,0,3,Vitrified,0,0,0,0,0,Covered,1,Corporation + Borewell,1421.76,Hadapsar,411028,Standalone,5.67,1.2,2.59,1.8,7534.15,3972318.11,7318.39,Owner,60
SYN-01255,synthetic,https://example.com/pune-listing/1255,3 BHK,779.31,972.21,10,12,4,1,Fully Furnished,1,3,2,3,6,Ceramic,1,1,0,1,1,Stilt,0,Municipal,3674.68,Kalyani Nagar,411006,Society,2.18,5.35,1.11,1.67,57220.12,12305992.54,15790.83,Owner,30
SYN-01256,synthetic,https://example.com/pune-listing/1256,2 BHK,604.97,702.77,3,14,7,1,Semi-Furnished,1,3,1,1,4,Granite,1,1,1,1,0,Open,0,,1409.33,Pune Camp,411001,Society,2.17,7.16,1.27,1.14,17636.26,4780825.78,7902.53,Broker,23
SYN-01257,synthetic,https://example.com/pune-listing/1257,1 BHK,357.98,397.62,5,11,3,1,Unfurnished,0,1,0,0,1,Marble,1,1,0,0,0,Covered,1,Borewell,800.0,Pimple Saudagar,411027,Society,4.3,5.35,1.67,1.85,7640.18,4219753.17,11787.8,Broker,57
SYN-01258,synthetic,https://example.com/pune-listing/1258,3 BHK,1062.22,1181.6,5,17,11,1,Semi-Furnished,1,3,3,2,6,Granite,1,1,1,0,0,Covered,1,Corporation + Borewell,3263.36,Nigdi,411044,Society,2.88,10.96,1.56,2.48,19128.79,7995989.62,7527.64,Builder,78
SYN-01259,synthetic,https://example.com/pune-listing/1259,3 BHK,1012.26,1123.07,16,18,4,1,Semi-Furnished,1,4,3,2,4,Marble,1,1,0,0,0,Stilt,1,Municipal,2200.67,Hadapsar,411028,Society,5.73,1.18,2.38,2.01,30359.98,7556574.41,7465.05,Broker,12
SYN-01260,synthetic,https://example.com/pune-listing/1260,4 BHK,1435.16,1788.82,1,13,11,1,Fully Furnished,1,5,4,3,7,Wooden,1,1,0,0,0,Open,0,Municipal,4977.24,Aundh,411007,Society,3.27,4.32,1.44,1.16,52498.59,14280291.1,9950.3,Owner,47
SYN-01261,synthetic,https://example.com/pune-listing/1261,2 BHK,612.88,777.19,4,11,7,1,Semi-Furnished,1,2,2,1,2,Granite,1,1,0,1,0,None,1,Tanker,2049.04,Kothrud,411038,Society,2.43,7.24,0.96,1.47,29380.38,5884929.75,9602.07,Owner,25
SYN-01262,synthetic,https://example.com/pune-listing/1262,3 BHK,1048.84,1274.11,3,10,8,1,Semi-Furnished,1,3,4,3,4,Marble,1,1,1,0,1,Bike,1,Corporation + Borewell,5130.07,Kalyani Nagar,411006,Society,1.9,4.17,1.66,1.5,64341.47,23215326.3,22134.39,Broker,15
SYN-01263,synthetic,https://example.com/pune-listing/1263,2 BHK,644.39,799.36,12,14,8,1,Unfurnished,0,3,2,0,2,Wooden,1,1,0,1,0,Covered,1,Municipal,3109.1,Kothrud,411038,Standalone,1.18,8.62,0.84,1.33,25319.95,6224934.65,9660.19,Broker,37
SYN-01264,synthetic,https://example.com/pune-listing/1264,1 BHK,395.65,460.36,1,10,7,1,Unfurnished,0,2,1,0,1,Ceramic,0,0,1,0,0,Covered,0,Corporation + Borewell,800.0,Magarpatta,411013,Society,4.92,2.78,1.45,2.11,10064.77,2831762.44,7157.29,Builder,8
SYN-01265,synthetic,https://example.com/pune-listing/1265,1 BHK,393.29,458.33,8,12,17,1,Unfurnished,0,1,0,0,2,Vitrified,1,1,0,1,0,Covered,0,Corporation + Borewell,1563.14,Kothrud,411038,Standalone,2.23,7.81,0.97,1.75,13230.06,4710934.12,11978.21,Broker,43
SYN-01266,synthetic,https://example.com/pune-listing/1266,3 BHK,1081.81,1325.65,10,10,7,1,Semi-Furnished,1,3,3,2,3,Vitrified,0,0,0,0,1,Covered,1,Borewell,6170.3,Kalyani Nagar,411006,Standalone,2.67,3.89,1.25,1.1,60694.15,16445030.86,15201.43,Broker,70
SYN-01267,synthetic,https://example.com/pune-listing/1267,2 BHK,622.44,783.34,2,4,6,1,Semi-Furnished,1,2,3,1,2,,0,0,0,0,0,Covered,1,Municipal,2576.29,Kothrud,411038,Standalone,1.95,6.38,1.3,1.48,26572.81,6191995.58,9947.96,Broker,33
SYN-01268,synthetic,https://example.com/pune-listing/1268,2 BHK,776.6,927.23,1,17,13,1,Fully Furnished,1,2,2,1,2,Vitrified,1,0,1,0,0,Covered,0,Municipal,1494.77,Wakad,411057,Society,4.79,1.62,1.69,1.94,22250.3,6235095.83,8028.68,Owner,7
SYN-01269,synthetic,https://example.com/pune-listing/1269,1 BHK,452.97,535.58,1,13,15,1,Semi-Furnished,1,2,2,0,2,Marble,1,1,0,0,0,Open,1,Municipal,1795.28,Hadapsar,411028,Society,5.24,2.35,2.28,2.07,7813.15,4522289.53,9983.57,Owner,69
SYN-01270,synthetic,https://example.com/pune-listing/1270,1 BHK,489.75,610.78,4,8,12,1,Unfurnished,1,1,1,0,1,Vitrified,1,1,1,0,1,Covered,1,Municipal,2005.13,Shivajinagar,411005,Society,0.81,7.38,1.15,1.02,23611.63,4338412.32,8858.45,Broker,16
SYN-01271,synthetic,https://example.com/pune-listing/1271,3 BHK,1239.23,1480.38,9,9,9,1,Semi-Furnished,1,3,3,2,5,Marble,0,1,1,1,0,Covered,1,Borewell,7545.34,Kalyani Nagar,411006,Standalone,2.0,5.6,1.43,1.51,81799.37,33074036.6,26689.11,Builder,18
SYN-01272,synthetic,https://example.com/pune-listing/1272,4 BHK,1187.1,1367.53,15,16,13,1,Semi-Furnished,1,4,3,3,6,Ceramic,1,1,1,1,0,Covered,1,Municipal,4608.31,Kharadi,411014,Society,4.4,1.78,1.95,2.41,66505.39,18302699.55,15417.93,Owner,30
SYN-01273,synthetic,https://example.com/pune-listing/1273,2 BHK,707.36,,4,16,8,1,Unfurnished,1,3,1,1,4,Ceramic,0,0,1,1,0,Open,0,Municipal,2647.17,Pimple Saudagar,411027,Standalone,4.08,4.23,1.34,1.63,15042.4,5700120.5,8058.3,Builder,24
SYN-01274,synthetic,https://example.com/pune-listing/1274,2 BHK,451.1,513.56,4,12,11,1,Semi-Furnished,1,3,1,2,2,Vitrified,1,1,1,1,1,Covered,1,Municipal,1421.93,Kalyani Nagar,411006,Society,1.58,5.31,0.63,1.4,22872.98,4963519.53,11003.23,Broker,19
SYN-01275,synthetic,https://example.com/pune-listing/1275,1 BHK,400.11,478.57,3,17,7,1,Semi-Furnished,1,1,1,0,2,Vitrified,1,1,0,1,1,Stilt,1,Borewell,1166.5,Aundh,411007,Society,3.82,3.63,1.33,1.42,19502.25,3268718.02,8169.53,Broker,28
SYN-01276,synthetic,https://example.com/pune-listing/1276,1 BHK,515.22,565.15,3,6,4,1,Unfurnished,1,1,0,0,2,Granite,1,1,0,1,0,None,1,Borewell,1379.08,Shivajinagar,411005,Society,0.86,7.67,1.14,1.53,17845.4,5207743.54,10107.83,Broker,25
SYN-01277,synthetic,https://example.com/pune-listing/1277,3 BHK,816.26,966.37,2,16,11,1,Semi-Furnished,1,4,4,2,3,Granite,1,1,1,1,1,Covered,1,Municipal,2535.54,Kothrud,411038,Society,1.36,7.53,1.5,1.53,41153.63,8010259.2,9813.38,Owner,11
SYN-01278,synthetic,https://example.com/pune-listing/1278,3 BHK,964.6,1227.27,1,14,7,1,Semi-Furnished,1,3,2,2,3,Marble,1,1,0,1,0,Covered,1,Municipal,5540.47,Baner,411045,Society,2.54,2.25,1.37,2.06,59703.88,13655890.65,14157.05,Owner,30
SYN-01279,synthetic,https://example.com/pune-listing/1279,1 RK,435.7,486.16,10,15,5,1,Unfurnished,0,1,1,0,1,Granite,0,0,0,0,0,Covered,1,Borewell,830.63,Magarpatta,411013,Standalone,4.13,1.65,2.09,1.99,17527.28,3270130.99,7505.38,Broker,54
SYN-01280,synthetic,https://example.com/pune-listing/1280,3 BHK,996.13,1112.29,1,10,0,1,Unfurnished,0,2,3,2,4,Ceramic,0,0,0,0,0,Covered,1,Municipal,2169.51,Hadapsar,411028,Standalone,4.95,3.26,2.18,1.53,28053.3,6436996.84,6461.98,Owner,28
SYN-01281,synthetic,https://example.com/pune-listing/1281,4 BHK,1461.3,1666.54,0,11,13,1,Unfurnished,1,5,3,4,6,,0,0,0,0,0,Covered,0,Corporation + Borewell,4290.44,Wakad,411057,Standalone,5.57,2.2,1.94,2.2,22881.51,8503861.53,5819.36,Owner,11
SYN-01282,synthetic,https://example.com/pune-listing/1282,4 BHK,1450.66,1757.47,1,19,5,1,Semi-Furnished,1,4,4,2,6,Granite,0,1,0,0,1,Bike,0,Municipal,4442.59,Hadapsar,411028,Standalone,5.4,1.83,2.09,2.53,35694.29,11659228.65,8037.16,Owner,18
SYN-01283,synthetic,https://example.com/pune-listing/1283,2 BHK,700.26,828.57,3,14,2,1,Fully Furnished,1,2,2,1,3,Vitrified,0,1,0,1,0,Open,0,Municipal,3578.95,Koregaon Park,411001,Society,2.51,5.93,1.57,1.25,41897.49,22645785.58,32339.1,Builder,29
SYN-01284,synthetic,https://example.com/pune-listing/1284,4 BHK,1819.75,2028.18,7,7,9,1,Fully Furnished,1,4,3,3,8,Granite,0,0,1,1,1,None,1,Corporation + Borewell,7998.32,Kalyani Nagar,411006,Society,2.1,4.44,1.2,1.38,131651.97,25161303.67,13826.77,Owner,89
SYN-01285,synthetic,https://example.com/pune-listing/1285,1 BHK,444.64,526.69,1,20,12,1,Fully Furnished,1,1,2,0,2,Ceramic,1,0,0,0,0,Open,1,Corporation + Borewell,1382.35,Hadapsar,411028,Society,5.85,3.28,2.48,1.58,14111.26,3615137.93,8130.5,Owner,27
SYN-01286,synthetic,https://example.com/pune-listing/1286,3 BHK,989.76,1202.49,9,15,15,1,Semi-Furnished,1,4,2,1,6,Marble,1,0,0,0,1,None,1,Municipal,1992.08,Nigdi,411044,Society,3.9,11.31,1.96,2.48,13414.35,6761751.71,6831.71,Broker,16
SYN-01287,synthetic,https://example.com/pune-listing/1287,3 BHK,1006.98,1277.75,9,12,7,1,Unfurnished,0,4,4,1,5,Granite,1,1,0,0,0,Bike,0,Borewell,2194.38,Wakad,411057,Society,5.28,2.05,2.07,2.46,29589.46,6644601.97,6598.51,Owner,34
SYN-01288,synthetic,https://example.com/pune-listing/1288,4 BHK,1876.11,2187.63,15,18,3,1,Unfurnished,0,5,4,3,5,Vitrified,0,0,0,1,0,Covered,0,Corporation + Borewell,4991.37,Pimple Saudagar,411027,Society,4.61,5.43,1.88,1.82,57001.68,11708900.21,6241.05,Owner,9
SYN-01289,synthetic,https://example.com/pune-listing/1289,2 BHK,679.52,793.54,7,8,11,1,Unfurnished,0,3,0,0,4,Granite,0,0,1,0,1,Open,0,Municipal,1714.83,Kharadi,411014,Standalone,3.76,1.28,1.64,1.78,19098.28,4929588.74,7254.57,Broker,46
SYN-01290,synthetic,https://example.com/pune-listing/1290,3 BHK,1023.79,1276.37,2,14,7,1,Semi-Furnished,1,3,3,2,6,Wooden,1,1,1,0,0,Stilt,1,Tanker,2000.62,Pune Camp,411001,Standalone,1.3,6.83,1.52,1.61,32411.44,12023924.4,11744.57,Owner,7
SYN-01291,synthetic,https://example.com/pune-listing/1291,1 BHK,325.8,367.59,9,10,10,1,Unfurnished,0,1,0,0,2,Vitrified,1,1,0,0,0,Open,0,Corporation + Borewell,1254.15,Shivajinagar,411005,Society,1.13,8.54,0.9,1.48,10897.82,2800000.0,8594.34,Broker,21
SYN-01292,synthetic,https://example.com/pune-listing/1292,1 BHK,464.53,507.09,11,18,13,1,Unfurnished,0,1,1,0,2,Ceramic,1,1,1,1,0,Covered,0,Borewell,923.96,Hinjewadi,411057,Society,5.85,1.26,2.83,2.67,13535.82,3337171.09,7183.97,Builder,12
SYN-01293,synthetic,https://example.com/pune-listing/1293,3 BHK,1413.29,1645.42,3,20,10,1,Semi-Furnished,0,3,3,2,3,Vitrified,1,1,1,0,0,Covered,0,Municipal,4841.86,Kharadi,411014,Society,3.73,2.05,2.37,2.11,43767.03,11508235.22,8142.89,Broker,16
SYN-01294,synthetic,https://example.com/pune-listing/1294,4 BHK,1643.45,1986.55,10,12,12,1,Semi-Furnished,1,4,4,2,6,Granite,1,0,0,1,0,Bike,0,Municipal,4613.3,Viman Nagar,411014,Society,2.48,5.53,1.41,1.55,56960.16,14764986.5,8984.15,,8
SYN-01295,synthetic,https://example.com/pune-listing/1295,1 BHK,434.51,505.42,7,15,9,1,Fully Furnished,1,1,2,0,1,Marble,0,1,0,0,0,,0,Borewell,1760.65,Hadapsar,411028,Standalone,6.21,2.49,1.85,2.02,13824.68,3785718.21,8712.53,Broker,23
SYN-01296,synthetic,https://example.com/pune-listing/1296,2 BHK,432.9,508.21,6,16,11,1,Unfurnished,1,3,3,1,3,Marble,1,0,0,1,0,Open,0,Municipal,800.0,Kharadi,411014,Society,4.45,2.02,2.15,2.29,19043.13,3883988.23,8972.02,Owner,28
SYN-01297,synthetic,https://example.com/pune-listing/1297,3 BHK,835.23,1013.7,2,11,7,1,Semi-Furnished,1,3,3,3,3,Vitrified,1,1,1,0,1,Covered,1,Corporation + Borewell,4564.67,Baner,411045,Society,3.14,2.75,2.46,2.0,44903.16,19425527.38,23257.77,Broker,30
SYN-01298,synthetic,https://example.com/pune-listing/1298,3 BHK,1001.81,1122.05,8,10,8,1,Semi-Furnished,0,3,3,2,5,Marble,1,1,0,1,1,None,0,Borewell,2277.3,Kharadi,411014,Society,4.15,2.36,2.26,2.49,34992.77,18093646.68,18060.94,Owner,20
SYN-01299,synthetic,https://example.com/pune-listing/1299,4 BHK,1483.7,1639.62,12,12,8,1,Semi-Furnished,1,4,3,3,5,Wooden,0,1,0,1,0,Covered,0,Municipal,3851.89,Pimple Saudagar,411027,Standalone,4.01,4.66,1.57,2.42,36281.68,11677635.47,7870.61,Broker,61
SYN-01300,synthetic,https://example.com/pune-listing/1300,2 BHK,669.13,770.65,13,13,0,1,Unfurnished,0,2,3,1,4,Vitrified,1,1,0,1,1,Covered,1,,2349.52,Viman Nagar,411014,Society,2.64,5.52,1.82,1.56,24720.73,7286887.32,10890.06,Owner,20
SYN-01301,synthetic,https://example.com/pune-listing/1301,2 BHK,453.92,525.61,6,7,6,1,Fully Furnished,1,3,2,2,4,Granite,1,1,1,1,1,Open,1,Municipal,2576.62,Kalyani Nagar,411006,Society,2.34,4.41,1.53,1.04,34994.37,14998678.86,33042.58,Owner,20
SYN-01302,synthetic,https://example.com/pune-listing/1302,1 BHK,384.97,427.11,4,4,10,1,Fully Furnished,1,2,2,1,1,Vitrified,0,1,1,1,1,Covered,1,Municipal,2116.8,Baner,411045,Society,2.3,3.49,2.1,2.25,24748.56,12307398.45,31970.13,Owner,14
SYN-01303,synthetic,https://example.com/pune-listing/1303,3 BHK,1015.58,1212.09,18,18,11,1,Unfurnished,0,3,3,1,5,Marble,0,1,0,0,0,Covered,1,Corporation + Borewell,2436.94,Magarpatta,411013,Society,5.03,1.81,1.94,2.14,22954.9,8034443.44,7911.21,Broker,34
SYN-01304,synthetic,https://example.com/pune-listing/1304,1 BHK,392.73,425.05,8,11,3,1,Fully Furnished,1,2,1,1,1,Marble,1,1,0,1,1,Covered,1,Corporation + Borewell,1902.59,Baner,411045,Society,2.99,3.73,1.61,2.5,27816.23,11082599.24,28219.19,Owner,30
SYN-01305,synthetic,https://example.com/pune-listing/1305,1 BHK,498.41,594.72,1,10,3,1,Semi-Furnished,1,2,0,0,2,Granite,0,0,0,1,1,Open,0,Corporation + Borewell,2403.04,Kothrud,411038,Standalone,1.65,6.58,1.12,1.32,15571.91,4613151.03,9255.69,Owner,22
SYN-01306,synthetic,https://example.com/pune-listing/1306,1 BHK,348.36,386.17,8,13,12,1,Fully Furnished,1,1,1,0,2,Vitrified,1,1,0,1,0,Covered,0,Tanker,1025.1,Hinjewadi,411057,Society,6.53,0.62,2.61,2.66,8848.59,2800000.0,8037.65,Builder,29
SYN-01307,synthetic,https://example.com/pune-listing/1307,1 BHK,476.65,607.44,9,11,12,1,Fully Furnished,1,1,2,1,1,Marble,0,0,1,1,1,Open,1,Corporation + Borewell,2295.76,Kalyani Nagar,411006,Society,2.37,4.95,1.77,1.18,28599.52,15136528.67,31756.37,Builder,22
SYN-01308,synthetic,https://example.com/pune-listing/1308,3 BHK,1146.08,1389.31,10,13,18,1,Fully Furnished,1,3,2,2,4,Vitrified,1,1,0,0,0,Covered,0,Tanker,3696.5,Pimple Saudagar,411027,Society,3.92,5.01,1.51,1.98,40577.37,9251306.46,8072.15,Builder,55
SYN-01309,synthetic,https://example.com/pune-listing/1309,1 RK,531.21,623.68,3,15,10,1,Fully Furnished,1,2,1,0,1,Wooden,1,1,1,1,0,Covered,0,Corporation + Borewell,1335.17,Shivajinagar,411005,Society,1.67,4.49,1.08,1.59,19988.98,6156515.61,11589.69,Owner,23
SYN-01310,synthetic,https://example.com/pune-listing/1310,2 BHK,519.45,620.58,15,16,6,1,Fully Furnished,1,3,2,1,3,Vitrified,0,1,0,1,0,Covered,1,Tanker,800.0,Hinjewadi,411057,Society,6.42,0.57,2.23,3.09,13978.93,3751751.02,7222.5,Owner,36
SYN-01311,synthetic,https://example.com/pune-listing/1311,2 BHK,567.09,708.35,2,9,13,1,Fully Furnished,1,3,2,1,3,Wooden,0,0,1,1,0,Covered,1,Borewell,1294.38,Shivajinagar,411005,Standalone,1.31,7.82,0.64,1.54,28795.21,4548237.97,8020.36,Owner,23
SYN-01312,synthetic,https://example.com/pune-listing/1312,1 RK,514.11,574.84,2,15,11,1,Unfurnished,0,2,1,0,1,Vitrified,1,1,1,0,1,,1,Corporation + Borewell,800.0,Hinjewadi,411057,Society,5.68,0.77,2.67,2.37,17851.96,2824478.68,5493.88,Owner,36
SYN-01313,synthetic,https://example.com/pune-listing/1313,1 BHK,433.4,522.16,14,16,16,1,Unfurnished,1,2,2,0,2,Ceramic,1,1,0,0,1,None,1,Borewell,1443.77,Hadapsar,411028,Society,5.18,2.3,2.01,1.96,12708.61,2800000.0,6460.59,Owner,37
SYN-01314,synthetic,https://example.com/pune-listing/1314,3 BHK,675.33,798.16,10,15,2,1,Unfurnished,0,4,3,2,5,Vitrified,1,1,1,0,1,Covered,1,Corporation + Borewell,1947.6,Pimple Saudagar,411027,Society,4.63,5.43,1.82,1.68,12819.7,5719442.27,8469.12,Owner,38
SYN-01315,synthetic,https://example.com/pune-listing/1315,3 BHK,1034.37,1129.49,5,13,7,1,Semi-Furnished,1,3,4,1,4,Vitrified,0,0,0,0,1,Covered,1,Borewell,3981.21,Kharadi,411014,Society,4.4,0.2,1.87,1.98,30487.97,10298254.28,9956.08,Owner,31
SYN-01316,synthetic,https://example.com/pune-listing/1316,3 BHK,881.84,983.47,10,13,2,1,Fully Furnished,1,4,3,1,5,Granite,1,1,0,1,0,,1,Borewell,3302.33,Kothrud,411038,Society,2.24,7.09,0.82,1.67,37902.38,18940247.16,21478.11,,41
SYN-01317,synthetic,https://example.com/pune-listing/1317,2 BHK,647.02,737.36,12,12,7,1,Semi-Furnished,0,2,1,1,3,Ceramic,1,0,0,1,0,Bike,0,Corporation + Borewell,2177.04,Viman Nagar,411014,Society,2.83,5.36,2.25,1.34,23063.83,5989551.6,9257.14,Broker,30
SYN-01318,synthetic,https://example.com/pune-listing/1318,1 BHK,458.44,525.15,13,16,8,1,Unfurnished,0,1,2,0,2,Ceramic,1,1,0,1,0,Covered,1,Municipal,991.59,Hadapsar,411028,Society,5.67,1.68,2.51,2.15,14708.52,3295228.74,7187.96,Owner,10
SYN-01319,synthetic,https://example.com/pune-listing/1319,2 BHK,760.05,971.62,11,16,5,1,Unfurnished,0,2,1,0,3,Wooden,1,1,0,1,1,Bike,1,Corporation + Borewell,3230.2,Hadapsar,411028,Society,5.15,1.23,1.91,1.88,17075.97,4983486.98,6556.81,Owner,14
SYN-01320,synthetic,https://example.com/pune-listing/1320,4 BHK,1404.61,1585.38,2,16,13,1,Fully Furnished,1,4,4,2,4,Marble,1,1,0,0,0,None,1,Borewell,4449.78,Hadapsar,411028,Society,5.3,1.99,2.97,2.12,52053.61,11412490.95,8125.05,Owner,15
SYN-01321,synthetic,https://example.com/pune-listing/1321,1 BHK,378.75,435.23,6,15,13,1,Fully Furnished,1,1,1,0,2,Vitrified,0,1,0,1,0,Covered,1,Municipal,800.0,Pimple Saudagar,411027,Society,4.27,4.52,1.61,1.76,9545.87,4792132.74,12652.41,Builder,17
SYN-01322,synthetic,https://example.com/pune-listing/1322,1 RK,385.31,454.71,0,17,0,1,Semi-Furnished,1,1,1,0,2,Vitrified,0,0,0,1,1,Covered,0,Corporation + Borewell,2194.49,Kharadi,411014,Standalone,4.38,1.57,1.84,1.98,16751.69,7104159.32,18437.66,Broker,8
SYN-01323,synthetic,https://example.com/pune-listing/1323,2 BHK,706.82,804.04,3,13,9,1,Fully Furnished,1,3,3,1,4,Ceramic,1,1,0,1,0,Covered,1,Borewell,2378.43,Viman Nagar,411014,Society,2.23,5.62,2.14,1.69,38159.21,12639662.81,17882.55,Broker,11
SYN-01324,synthetic,https://example.com/pune-listing/1324,2 BHK,441.82,507.7,12,14,7,1,Semi-Furnished,1,2,2,1,3,Marble,0,0,1,1,1,Open,1,Corporation + Borewell,1260.87,Viman Nagar,411014,Standalone,2.47,4.57,2.1,1.42,24182.15,7191484.13,16277.05,Owner,16
SYN-01325,synthetic,https://example.com/pune-listing/1325,2 BHK,528.41,632.81,8,12,8,1,Semi-Furnished,1,2,2,1,3,Marble,1,1,0,0,0,Bike,0,Municipal,1836.4,Viman Nagar,411014,Society,1.69,5.04,1.56,1.11,21694.36,8531232.01,16145.09,Broker,30
SYN-01326,synthetic,https://example.com/pune-listing/1326,2 BHK,630.93,711.54,5,15,8,1,Unfurnished,0,2,2,1,3,Vitrified,1,1,0,1,1,Covered,1,Municipal,800.0,Pune Camp,411001,Society,2.53,7.43,1.23,1.85,14280.14,4682283.7,7421.24,Builder,64
SYN-01327,synthetic,https://example.com/pune-listing/1327,2 BHK,704.73,813.24,3,7,12,1,Unfurnished,1,3,2,0,3,Vitrified,1,1,0,0,0,Open,0,Tanker,2954.4,Viman Nagar,411014,Society,2.26,6.62,1.07,1.33,18310.71,5376306.49,7628.94,Builder,31
SYN-01328,synthetic,https://example.com/pune-listing/1328,2 BHK,663.6,738.79,10,13,7,1,Unfurnished,0,2,3,1,3,Vitrified,0,1,0,1,0,Covered,1,Municipal,2825.87,Kothrud,411038,Society,2.2,9.07,1.02,1.88,29000.03,5909733.49,8905.52,Owner,9
SYN-01329,synthetic,https://example.com/pune-listing/1329,2 BHK,599.05,655.71,10,17,9,1,Unfurnished,0,2,1,1,2,Vitrified,0,1,0,0,0,Covered,0,Tanker,2238.31,Hinjewadi,411057,Society,7.0,0.2,2.62,2.98,16796.3,5721427.09,9550.87,Owner,12
SYN-01330,synthetic,https://example.com/pune-listing/1330,1 RK,416.03,463.38,1,17,15,1,Semi-Furnished,1,1,2,0,2,Ceramic,0,0,0,0,0,Bike,1,Municipal,1942.98,Hadapsar,411028,Society,5.61,2.1,2.09,2.18,7500.0,3087343.8,7421.03,Broker,41
SYN-01331,synthetic,https://example.com/pune-listing/1331,1 BHK,422.12,,9,14,7,1,Fully Furnished,1,1,1,1,1,Marble,1,0,1,1,0,Covered,1,Corporation + Borewell,1736.62,Kalyani Nagar,411006,Society,2.25,4.62,1.45,1.44,32849.08,10858737.77,25724.49,Owner,28
SYN-01332,synthetic,https://example.com/pune-listing/1332,1 BHK,426.88,540.95,6,11,8,1,Unfurnished,0,2,1,0,2,Vitrified,1,1,0,0,0,Covered,1,Corporation + Borewell,1073.49,Pimple Saudagar,411027,Society,4.94,4.79,1.82,2.0,7500.0,2800000.0,6559.17,Broker,20
SYN-01333,synthetic,https://example.com/pune-listing/1333,1 BHK,393.18,456.84,10,13,8,1,Semi-Furnished,1,1,1,0,2,Granite,1,1,0,0,1,Covered,1,Corporation + Borewell,800.0,Viman Nagar,411014,Society,3.52,5.36,1.29,1.23,18021.63,4162836.92,10587.67,Owner,18
SYN-01334,synthetic,https://example.com/pune-listing/1334,1 BHK,374.94,449.93,2,14,8,1,Fully Furnished,1,2,0,0,1,Ceramic,1,1,0,0,0,Open,1,Corporation + Borewell,800.0,Nigdi,411044,Society,3.92,10.11,1.48,2.51,11389.7,2942285.87,7847.37,Owner,17
SYN-01335,synthetic,https://example.com/pune-listing/1335,1 BHK,386.81,493.89,0,6,8,1,Fully Furnished,1,1,0,1,1,Ceramic,1,1,0,1,1,Covered,1,Borewell,1725.68,Koregaon Park,411001,Society,3.3,4.35,1.6,1.54,26484.16,10250781.74,26500.78,Owner,36
SYN-01336,synthetic,https://example.com/pune-listing/1336,3 BHK,736.48,815.5,8,14,5,1,Unfurnished,0,4,4,3,4,Marble,0,0,0,0,1,Covered,1,Municipal,4135.48,Koregaon Park,411001,Society,2.73,4.91,1.39,1.14,52149.58,14120946.52,19173.6,Builder,68
SYN-01337,synthetic,https://example.com/pune-listing/1337,2 BHK,703.68,899.29,0,8,10,1,Semi-Furnished,1,2,1,2,2,Marble,1,1,1,1,1,Covered,1,Municipal,4166.2,Baner,411045,Standalone,2.91,3.49,2.01,2.13,33810.16,15370376.45,21842.8,Broker,8
SYN-01338,synthetic,https://example.com/pune-listing/1338,1 BHK,450.11,,9,10,7,1,Fully Furnished,1,1,0,0,2,Vitrified,1,1,0,1,1,Covered,1,Municipal,1841.26,Aundh,411007,Society,3.8,3.37,1.27,1.72,22288.43,4425375.9,9831.8,Broker,13
SYN-01339,synthetic,https://example.com/pune-listing/1339,3 BHK,1098.89,1251.47,9,14,12,1,Semi-Furnished,1,3,3,1,5,Wooden,0,0,0,0,0,Covered,0,Borewell,4413.78,Kothrud,411038,Society,3.07,7.2,0.91,2.0,34227.21,11283236.8,10267.87,Broker,8
SYN-01340,synthetic,https://example.com/pune-listing/1340,4 BHK,1278.11,1586.17,7,9,9,1,Semi-Furnished,1,5,5,2,7,Vitrified,1,1,1,1,0,Covered,0,Municipal,5521.84,Aundh,411007,Society,2.65,4.99,1.66,1.54,64471.54,13270727.06,10383.1,Broker,6
SYN-01341,synthetic,https://example.com/pune-listing/1341,1 BHK,367.8,407.13,0,11,2,1,Semi-Furnished,1,1,0,0,2,Wooden,0,0,0,1,0,Covered,1,Municipal,1254.17,Viman Nagar,411014,Standalone,1.26,4.69,1.89,1.42,18942.16,4471742.32,12158.09,Broker,21
SYN-01342,synthetic,https://example.com/pune-listing/1342,1 BHK,465.05,537.34,2,14,3,1,Semi-Furnished,1,1,1,0,2,Ceramic,1,1,0,0,0,Covered,1,Corporation + Borewell,800.0,Pune Camp,411001,Society,2.39,6.51,2.02,1.78,11315.69,4038879.87,8684.92,Builder,75
SYN-01343,synthetic,https://example.com/pune-listing/1343,1 BHK,508.61,596.94,17,18,2,1,Semi-Furnished,1,1,1,0,1,Vitrified,1,1,0,0,0,Covered,1,Corporation + Borewell,800.0,Hinjewadi,411057,Society,5.84,1.76,1.8,2.74,16133.64,6067324.87,11929.13,Broker,14
SYN-01344,synthetic,https://example.com/pune-listing/1344,1 BHK,402.44,500.79,0,11,5,1,Semi-Furnished,1,1,1,0,2,Wooden,1,1,0,0,0,Covered,1,Borewell,800.0,Viman Nagar,411014,Society,2.28,6.94,2.25,1.72,11337.07,7660257.89,19034.57,Broker,49
SYN-01345,synthetic,https://example.com/pune-listing/1345,4 BHK,1867.47,2247.26,16,16,13,1,Unfurnished,0,4,3,2,5,Marble,1,0,0,1,0,Covered,0,Corporation + Borewell,4606.31,Hadapsar,411028,Society,5.87,1.58,2.2,1.67,38644.28,13167320.44,7050.87,Broker,7
SYN-01346,synthetic,https://example.com/pune-listing/1346,2 BHK,793.4,903.76,0,6,3,1,Fully Furnished,1,2,2,2,3,Vitrified,0,1,1,1,1,Open,1,Municipal,3336.78,Baner,411045,Standalone,2.87,3.03,1.71,2.09,41611.36,20938560.1,26391.04,Broker,2
SYN-01347,synthetic,https://example.com/pune-listing/1347,2 BHK,639.57,715.03,10,15,3,1,Semi-Furnished,1,3,2,2,3,Vitrified,1,1,1,1,0,Open,1,Corporation + Borewell,3485.8,Koregaon Park,411001,Society,3.04,5.26,1.19,1.36,30779.05,13919916.99,21764.53,Owner,23
SYN-01348,synthetic,https://example.com/pune-listing/1348,2 BHK,630.41,753.73,11,11,8,1,Semi-Furnished,1,2,1,1,4,Granite,0,1,0,0,0,Covered,1,Corporation + Borewell,3922.0,Kharadi,411014,Standalone,3.34,2.76,2.09,1.95,26042.16,6180600.22,9804.15,Owner,34
SYN-01349,synthetic,https://example.com/pune-listing/1349,2 BHK,710.06,886.54,9,10,4,1,Semi-Furnished,1,3,1,1,3,Granite,1,1,0,1,0,Covered,1,Borewell,,Aundh,411007,Society,2.91,4.69,1.2,1.19,20437.08,13832803.47,19481.07,Owner,23
SYN-01350,synthetic,https://example.com/pune-listing/1350,2 BHK,418.51,498.14,8,11,11,1,Semi-Furnished,0,3,2,1,2,Granite,0,0,0,0,0,Covered,0,Tanker,2190.26,Viman Nagar,411014,Standalone,1.38,5.61,2.13,1.68,19258.65,3803629.62,9088.47,Builder,37
SYN-01351,synthetic,https://example.com/pune-listing/1351,2 BHK,583.17,645.77,8,12,14,1,Fully Furnished,1,2,3,2,3,Wooden,1,1,1,1,1,Covered,1,Corporation + Borewell,2502.53,Baner,411045,Society,2.97,3.07,1.72,2.48,46793.04,9230202.51,15827.53,,10
SYN-01352,synthetic,https://example.com/pune-listing/1352,2 BHK,662.77,725.04,9,10,7,1,Fully Furnished,1,3,2,2,3,Vitrified,0,1,1,0,1,Stilt,1,,2780.55,Koregaon Park,411001,Society,2.83,5.91,1.11,1.74,45320.13,10302726.73,15545.05,Owner,10
SYN-01353,synthetic,https://example.com/pune-listing/1353,5 BHK,1904.47,2181.08,8,11,11,1,Semi-Furnished,0,6,5,4,8,Granite,0,0,1,0,0,Covered,1,Borewell,6777.5,Kharadi,411014,Standalone,4.37,1.28,1.64,1.83,78492.51,15814315.19,8303.77,Broker,20
SYN-01354,synthetic,https://example.com/pune-listing/1354,2 BHK,654.92,718.11,4,12,9,1,Unfurnished,0,3,3,1,4,Granite,1,0,0,0,0,Covered,1,Corporation + Borewell,1889.06,Magarpatta,411013,Society,4.5,2.64,1.67,2.03,11657.0,4686564.75,7155.95,Owner,53
SYN-01355,synthetic,https://example.com/pune-listing/1355,3 BHK,1142.72,1336.35,14,19,8,1,Semi-Furnished,0,3,3,1,3,Vitrified,1,1,0,1,0,Covered,0,Corporation + Borewell,4181.75,Wakad,411057,Society,4.61,1.88,1.65,2.24,26604.87,8148164.0,7130.53,Builder,25
SYN-01356,synthetic,https://example.com/pune-listing/1356,1 BHK,426.17,512.96,9,13,6,1,Semi-Furnished,1,1,0,0,1,Ceramic,1,1,0,0,0,Stilt,0,Corporation + Borewell,1301.19,Pimple Saudagar,411027,Society,4.45,5.72,2.16,1.62,7500.0,3597483.15,8441.45,Broker,27
SYN-01357,synthetic,https://example.com/pune-listing/1357,2 BHK,539.19,612.74,7,12,3,1,Semi-Furnished,1,2,2,0,4,Vitrified,1,1,0,0,0,Covered,0,Corporation + Borewell,2370.07,Pimple Saudagar,411027,Society,3.79,6.33,1.41,1.88,21788.56,4123518.05,7647.64,Broker,40
SYN-01358,synthetic,https://example.com/pune-listing/1358,1 RK,313.58,389.88,4,8,5,1,Fully Furnished,1,2,2,1,2,Vitrified,0,1,1,0,1,Stilt,1,Borewell,1316.55,Kalyani Nagar,411006,Society,2.15,4.48,1.6,1.4,26026.44,4348406.5,13867.04,Broker,22
SYN-01359,synthetic,https://example.com/pune-listing/1359,3 BHK,1181.74,1386.12,5,12,18,1,Semi-Furnished,1,3,1,1,4,Wooden,1,1,0,0,0,Bike,1,Municipal,2830.52,Nigdi,411044,Society,4.14,10.11,1.95,2.3,21333.02,8166122.18,6910.26,Owner,37
SYN-01360,synthetic,https://example.com/pune-listing/1360,3 BHK,1334.45,1666.51,14,14,11,1,Semi-Furnished,1,2,3,1,5,Wooden,1,0,0,0,0,Covered,0,Tanker,4321.64,Nigdi,411044,Society,4.02,9.42,1.27,2.55,39094.81,12901807.3,9668.25,Owner,15
SYN-01361,synthetic,https://example.com/pune-listing/1361,3 BHK,964.05,1106.74,7,21,7,1,Unfurnished,1,3,3,1,3,Ceramic,1,1,0,1,0,Covered,1,Municipal,2754.41,Hinjewadi,411057,Standalone,6.71,0.2,2.26,2.64,20144.96,5949457.88,6171.32,Owner,67
SYN-01362,synthetic,https://example.com/pune-listing/1362,3 BHK,765.05,878.94,1,4,5,1,Fully Furnished,1,3,3,2,6,Marble,0,1,0,1,1,Covered,1,Municipal,3038.4,Baner,411045,Standalone,3.37,3.56,1.77,2.13,66508.12,17594233.14,22997.39,Owner,52
SYN-01363,synthetic,https://example.com/pune-listing/1363,2 BHK,582.89,733.02,8,12,6,1,Unfurnished,1,2,3,1,2,Wooden,1,1,0,1,0,Stilt,0,Municipal,1771.57,Kothrud,411038,Society,1.4,8.74,1.17,1.12,20391.02,4639828.19,7959.98,Broker,44
SYN-01364,synthetic,https://example.com/pune-listing/1364,3 BHK,1033.79,1252.84,2,14,12,1,Fully Furnished,0,3,3,2,3,Marble,1,1,0,0,0,Open,0,Municipal,3264.31,Hinjewadi,411057,Society,7.15,0.2,2.69,2.16,21238.61,8679516.84,8395.79,Broker,24
SYN-01365,synthetic,https://example.com/pune-listing/1365,4 BHK,727.37,894.95,7,12,8,1,Unfurnished,1,4,3,2,7,Vitrified,1,1,0,0,0,Covered,1,Corporation + Borewell,1320.23,Magarpatta,411013,Society,5.01,1.44,2.29,2.13,16737.58,5400673.58,7424.92,Owner,24
SYN-01366,synthetic,https://example.com/pune-listing/1366,1 BHK,492.1,542.31,1,11,2,1,Semi-Furnished,1,1,1,0,2,Ceramic,1,1,0,0,0,Covered,0,Borewell,1896.19,Nigdi,411044,Society,4.12,10.47,1.24,2.16,10630.92,4317531.47,8773.67,Owner,26
SYN-01367,synthetic,https://example.com/pune-listing/1367,1 BHK,335.31,406.64,1,12,6,1,Fully Furnished,1,2,1,1,1,Vitrified,1,1,1,1,1,,0,Municipal,1024.45,Koregaon Park,411001,Society,2.22,6.45,2.05,1.12,16930.11,8336493.15,24861.71,Broker,17
SYN-01368,synthetic,https://example.com/pune-listing/1368,3 BHK,1238.65,1540.09,5,17,8,1,Semi-Furnished,1,4,2,1,4,Vitrified,1,1,0,0,0,Covered,1,Tanker,3520.13,Hinjewadi,411057,Society,5.84,1.26,2.13,2.58,29932.11,9950720.4,8033.54,Broker,94
SYN-01369,synthetic,https://example.com/pune-listing/1369,2 BHK,805.34,884.16,12,12,11,1,Semi-Furnished,0,2,2,1,2,Wooden,1,1,1,0,0,Open,0,Tanker,2310.98,Hadapsar,411028,Society,5.64,2.27,2.47,2.19,20223.83,5713740.83,7094.85,Broker,20
SYN-01370,synthetic,https://example.com/pune-listing/1370,3 BHK,1106.29,1198.36,6,16,7,1,Fully Furnished,1,3,2,2,5,Ceramic,1,1,0,1,1,Covered,1,Corporation + Borewell,2458.29,Wakad,411057,Society,5.82,2.28,2.28,2.19,21756.21,7892327.42,7134.03,Broker,15
SYN-01371,synthetic,https://example.com/pune-listing/1371,2 BHK,395.57,488.33,3,9,6,1,Fully Furnished,1,1,1,0,2,Granite,1,1,0,0,0,,1,Borewell,800.0,Aundh,411007,Society,3.62,4.17,1.47,1.43,13949.25,6304502.68,15937.66,Broker,36
SYN-01372,synthetic,https://example.com/pune-listing/1372,3 BHK,821.52,908.04,1,6,11,1,Fully Furnished,1,3,2,2,4,Marble,1,1,1,1,1,Stilt,1,Municipal,3464.08,Aundh,411007,Standalone,4.49,3.89,0.89,1.56,27635.6,14403087.94,17532.23,Broker,19
SYN-01373,synthetic,https://example.com/pune-listing/1373,5 BHK,1854.98,2039.36,0,13,6,1,Semi-Furnished,1,6,4,5,8,Wooden,1,1,0,0,0,Bike,1,Municipal,4746.12,Hadapsar,411028,Society,5.25,3.43,2.3,1.97,65355.98,14014803.91,7555.23,Owner,41
SYN-01374,synthetic,https://example.com/pune-listing/1374,2 BHK,531.37,619.06,14,16,9,1,Semi-Furnished,0,2,2,1,2,Vitrified,0,1,1,0,0,Open,0,Municipal,1548.27,Shivajinagar,411005,Standalone,1.02,7.22,0.79,1.66,31207.73,5122659.44,9640.4,Broker,13
SYN-01375,synthetic,https://example.com/pune-listing/1375,3 BHK,1355.12,1572.19,5,15,16,1,Semi-Furnished,1,3,2,1,4,Marble,1,1,0,0,0,Covered,1,Municipal,,Magarpatta,411013,Society,5.37,0.84,1.8,2.09,27294.66,8830007.36,6516.06,Broker,46
SYN-01376,synthetic,https://example.com/pune-listing/1376,4 BHK,1503.64,1801.79,4,16,11,1,Semi-Furnished,1,5,5,2,6,Wooden,1,1,0,0,1,None,0,Municipal,4783.98,Wakad,411057,Standalone,5.07,2.07,2.27,1.98,38590.76,9830723.6,6537.95,Owner,31
SYN-01377,synthetic,https://example.com/pune-listing/1377,1 BHK,379.74,426.41,8,11,11,1,Semi-Furnished,1,1,1,0,1,Vitrified,0,1,0,0,0,,1,Corporation + Borewell,1008.9,Wakad,411057,Standalone,4.8,2.44,2.2,2.29,7500.0,2800000.0,7373.48,Owner,4
SYN-01378,synthetic,https://example.com/pune-listing/1378,1 BHK,399.54,437.61,3,13,6,1,Semi-Furnished,1,1,1,0,1,Vitrified,1,1,0,0,0,Stilt,0,Tanker,800.0,Hadapsar,411028,Society,5.8,2.55,2.23,2.17,8410.69,3234347.19,8095.2,Broker,26
SYN-01379,synthetic,https://example.com/pune-listing/1379,1 BHK,458.57,536.53,5,7,5,1,Fully Furnished,1,1,0,1,1,Vitrified,1,1,0,1,0,Covered,1,Municipal,3948.34,Baner,411045,Society,2.39,4.24,1.9,2.23,33159.6,14648238.01,31943.24,Broker,13
SYN-01380,synthetic,https://example.com/pune-listing/1380,1 BHK,541.99,637.62,0,10,12,1,Semi-Furnished,1,1,0,1,1,Granite,0,0,1,1,1,Stilt,1,Borewell,2853.52,Kalyani Nagar,411006,Society,2.44,4.94,1.34,1.77,36677.24,12386483.06,22853.63,Broker,33
SYN-01381,synthetic,https://example.com/pune-listing/1381,2 BHK,513.55,649.24,3,11,13,1,Semi-Furnished,1,2,1,1,3,Vitrified,1,1,1,0,0,Open,0,Municipal,1841.75,Wakad,411057,Society,5.16,2.28,2.5,2.31,7616.08,2822953.2,5496.96,Owner,29
SYN-01382,synthetic,https://example.com/pune-listing/1382,2 BHK,622.51,719.44,9,10,11,1,Fully Furnished,0,2,2,2,3,Vitrified,0,0,1,1,0,Stilt,1,Borewell,2857.78,Baner,411045,Society,3.78,2.8,1.63,2.18,37686.4,7370820.84,11840.45,Owner,24
SYN-01383,synthetic,https://example.com/pune-listing/1383,3 BHK,868.61,1089.53,5,15,13,1,Fully Furnished,1,4,3,2,5,Marble,1,1,1,1,1,Covered,1,,3750.73,Koregaon Park,411001,Society,2.35,5.4,1.01,0.93,50699.44,22150475.68,25501.15,Builder,32
SYN-01384,synthetic,https://example.com/pune-listing/1384,2 BHK,529.71,610.98,13,13,5,1,Semi-Furnished,1,3,1,1,3,Wooden,0,1,0,1,0,None,1,Borewell,2333.94,Kothrud,411038,Society,2.49,6.85,1.32,2.09,21791.29,6093916.1,11504.26,Broker,4
SYN-01385,synthetic,https://example.com/pune-listing/1385,2 BHK,643.32,779.72,0,18,9,1,Fully Furnished,1,3,1,1,2,Granite,1,1,0,0,0,Bike,0,Borewell,1491.62,Viman Nagar,411014,Society,1.98,5.65,1.62,1.19,21221.74,11533381.65,17927.88,Owner,68
SYN-01386,synthetic,https://example.com/pune-listing/1386,2 BHK,602.84,679.52,0,7,14,1,Semi-Furnished,1,2,3,1,3,Wooden,0,0,1,0,0,Covered,1,Municipal,971.35,Kharadi,411014,Standalone,3.85,1.61,2.46,2.21,19652.84,8588643.15,14246.95,Owner,16
SYN-01387,synthetic,https://example.com/pune-listing/1387,3 BHK,981.31,1190.7,5,11,5,1,Semi-Furnished,1,3,2,2,6,Granite,1,1,0,1,0,Covered,1,Corporation + Borewell,4505.99,Kothrud,411038,Society,1.46,6.12,1.16,1.54,44563.42,8967728.08,9138.48,Owner,3
SYN-01388,synthetic,https://example.com/pune-listing/1388,1 BHK,435.01,529.26,6,15,13,1,Semi-Furnished,1,2,1,0,2,Granite,1,1,1,0,1,Covered,0,,877.69,Hinjewadi,411057,Society,5.74,0.87,2.24,2.8,14873.98,2810765.03,6461.37,Broker,15
SYN-01389,synthetic,https://example.com/pune-listing/1389,1 BHK,449.03,530.11,9,9,3,1,Semi-Furnished,1,1,1,0,2,,1,1,0,0,0,Covered,0,Tanker,2007.35,Wakad,411057,Society,4.79,2.83,1.99,1.8,7500.0,2800000.0,6235.66,Broker,33
SYN-01390,synthetic,https://example.com/pune-listing/1390,2 BHK,627.29,745.59,3,18,0,1,Semi-Furnished,1,2,3,1,3,Ceramic,1,1,0,0,0,Stilt,1,Corporation + Borewell,2285.44,Hadapsar,411028,Society,5.83,2.88,2.71,1.94,19410.7,4882528.38,7783.57,Broker,5
SYN-01391,synthetic,https://example.com/pune-listing/1391,3 BHK,752.31,897.21,0,7,16,1,Unfurnished,1,4,4,2,3,Vitrified,1,1,0,0,0,None,0,,1576.18,Kothrud,411038,Society,1.78,7.97,1.29,1.2,32315.14,7992785.19,10624.36,Broker,42
SYN-01392,synthetic,https://example.com/pune-listing/1392,2 BHK,549.24,686.68,4,15,10,1,Fully Furnished,1,2,2,2,4,Ceramic,0,0,1,1,1,Covered,1,Corporation + Borewell,2544.37,Koregaon Park,411001,Standalone,2.81,5.51,2.11,1.37,28107.03,13983643.29,25460.13,Owner,19
SYN-01393,synthetic,https://example.com/pune-listing/1393,2 BHK,656.17,762.34,3,7,2,1,Semi-Furnished,1,2,2,2,3,Wooden,1,1,1,1,0,None,1,Municipal,3073.34,Baner,411045,Society,2.56,3.5,1.85,2.08,45842.65,20781890.6,31671.55,Owner,19
SYN-01394,synthetic,https://example.com/pune-listing/1394,1 RK,357.26,456.47,2,5,13,1,Semi-Furnished,1,1,1,0,2,Ceramic,1,1,0,1,0,Open,1,Borewell,800.0,Shivajinagar,411005,Society,1.48,7.84,0.74,1.58,12323.74,5249010.64,14692.32,Owner,8
SYN-01395,synthetic,https://example.com/pune-listing/1395,2 BHK,735.79,837.41,11,13,18,1,Fully Furnished,1,2,1,1,3,Ceramic,1,1,1,0,0,Covered,0,Corporation + Borewell,3141.66,Pune Camp,411001,Society,1.87,6.97,1.13,2.06,23343.66,5007908.66,6806.17,Builder,40
SYN-01396,synthetic,https://example.com/pune-listing/1396,3 BHK,996.45,1196.2,1,14,11,1,Semi-Furnished,1,4,3,2,4,,1,0,0,0,0,Open,0,Municipal,2348.07,Magarpatta,411013,Society,5.23,0.99,2.16,2.15,26761.0,6423536.07,6446.4,Broker,23
SYN-01397,synthetic,https://example.com/pune-listing/1397,1 BHK,516.93,637.13,4,14,11,1,Fully Furnished,1,1,1,1,2,Vitrified,1,1,1,1,0,Open,1,Municipal,2462.15,Kalyani Nagar,411006,Society,2.18,6.06,1.45,1.47,27682.41,14793951.7,28619.01,Broker,46
SYN-01398,synthetic,https://example.com/pune-listing/1398,1 BHK,367.28,402.54,12,12,5,1,Unfurnished,0,1,3,0,2,Wooden,1,1,1,1,0,Stilt,0,Tanker,2150.79,Kharadi,411014,Society,3.18,1.34,2.85,2.27,10658.98,6687522.07,18208.3,Owner,6
SYN-01399,synthetic,https://example.com/pune-listing/1399,1 BHK,404.14,479.63,11,12,6,1,Semi-Furnished,1,1,1,0,1,Marble,1,1,1,1,1,Covered,0,Municipal,1634.21,Hinjewadi,411057,Society,6.37,2.63,2.1,2.58,7500.0,2800000.0,6928.29,Broker,26
SYN-01400,synthetic,https://example.com/pune-listing/1400,2 BHK,735.65,899.02,1,12,6,1,Semi-Furnished,1,2,2,1,4,Vitrified,1,1,0,0,1,Stilt,0,Borewell,1601.84,Viman Nagar,411014,Society,2.12,6.61,1.99,1.91,32895.95,12359353.13,16800.7,Broker,21
SYN-01401,synthetic,https://example.com/pune-listing/1401,4 BHK,1422.17,1595.15,5,9,7,1,Semi-Furnished,1,4,3,3,8,Vitrified,1,1,0,0,0,Stilt,0,Municipal,3635.78,Wakad,411057,Society,5.02,2.37,1.26,2.01,44620.93,11298009.99,7944.23,Broker,29
SYN-01402,synthetic,https://example.com/pune-listing/1402,1 BHK,335.66,401.65,16,18,11,1,Fully Furnished,1,1,1,0,1,Vitrified,1,1,0,0,0,Bike,0,Tanker,800.0,Hadapsar,411028,Society,5.19,2.14,2.44,2.23,7500.0,3852876.61,11478.35,Owner,26
SYN-01403,synthetic,https://example.com/pune-listing/1403,2 BHK,606.34,705.42,4,11,10,1,Fully Furnished,1,2,1,2,3,Vitrified,1,1,1,1,1,Covered,0,Municipal,3145.79,Baner,411045,Society,3.77,3.45,1.47,1.66,49093.45,17505047.0,28870.21,Broker,6
SYN-01404,synthetic,https://example.com/pune-listing/1404,2 BHK,824.96,912.23,5,15,13,1,Semi-Furnished,1,2,2,1,3,Marble,1,1,0,0,0,Covered,0,Tanker,1057.31,Pimple Saudagar,411027,Society,3.56,5.81,1.28,2.06,23476.61,5195215.73,6297.53,Broker,7
SYN-01405,synthetic,https://example.com/pune-listing/1405,3 BHK,1033.14,1176.6,3,18,11,1,Unfurnished,0,4,4,2,5,Ceramic,1,1,1,1,0,Stilt,0,Municipal,2811.88,Hadapsar,411028,Standalone,5.18,2.45,2.36,2.0,19509.84,6888660.33,6667.67,Broker,30
SYN-01406,synthetic,https://example.com/pune-listing/1406,1 BHK,552.49,653.29,0,7,5,1,Unfurnished,0,1,1,0,2,Marble,0,1,1,1,0,Covered,1,Municipal,2030.09,Shivajinagar,411005,Society,0.78,6.11,1.18,1.18,20974.0,6992202.68,12655.74,Owner,25
SYN-01407,synthetic,https://example.com/pune-listing/1407,1 BHK,279.39,345.68,2,14,15,1,Fully Furnished,1,1,0,0,2,Ceramic,1,1,1,1,0,Stilt,0,Municipal,1092.3,Aundh,411007,Society,3.52,4.83,1.08,1.68,10594.3,2800000.0,10021.84,Builder,12
SYN-01408,synthetic,https://example.com/pune-listing/1408,2 BHK,730.18,863.1,1,20,11,1,Unfurnished,1,2,3,1,3,Vitrified,1,1,0,0,0,Stilt,1,Municipal,,Hadapsar,411028,Society,5.77,1.86,2.59,1.56,9879.52,4282003.99,5864.31,Owner,7
SYN-01409,synthetic,https://example.com/pune-listing/1409,3 BHK,910.24,1083.35,6,14,14,1,Semi-Furnished,1,4,2,2,5,Ceramic,1,1,1,1,0,Open,0,Tanker,4172.67,Kothrud,411038,Society,1.94,7.86,1.38,1.27,25600.55,7758747.64,8523.83,Owner,24
SYN-01410,synthetic,https://example.com/pune-listing/1410,3 BHK,726.76,902.86,12,13,7,1,Semi-Furnished,1,4,3,2,5,Vitrified,0,0,0,1,0,Covered,1,Municipal,901.39,Wakad,411057,Society,4.9,3.09,1.95,2.22,16479.0,5579100.01,7676.67,Broker,3
SYN-01411,synthetic,https://example.com/pune-listing/1411,2 BHK,678.56,838.54,4,8,17,1,Semi-Furnished,1,2,1,0,2,Granite,0,0,0,0,0,Covered,1,Borewell,2452.04,Shivajinagar,411005,Standalone,0.41,7.39,1.0,1.05,26290.33,6222663.26,9170.33,Broker,5
SYN-01412,synthetic,https://example.com/pune-listing/1412,3 BHK,795.04,979.58,3,13,6,1,Fully Furnished,1,3,3,2,3,Marble,1,1,1,0,0,Covered,0,Municipal,2383.6,Wakad,411057,Society,5.27,2.49,2.54,1.99,29751.64,6212217.09,7813.68,Owner,20
SYN-01413,synthetic,https://example.com/pune-listing/1413,3 BHK,796.04,886.84,2,9,6,1,Semi-Furnished,1,3,2,2,4,Wooden,1,1,0,0,0,Covered,1,Borewell,4387.04,Kharadi,411014,Society,4.4,1.5,2.05,1.98,39927.15,7267404.09,9129.41,Owner,39
SYN-01414,synthetic,https://example.com/pune-listing/1414,3 BHK,907.96,1018.11,12,13,9,1,Fully Furnished,1,3,3,1,3,,1,1,1,1,0,Open,1,Municipal,3689.34,Kharadi,411014,Society,3.68,2.34,2.31,2.06,45387.79,15122943.49,16655.89,Broker,3
SYN-01415,synthetic,https://example.com/pune-listing/1415,1 BHK,391.96,438.58,17,18,14,1,Unfurnished,1,1,2,0,1,Wooden,0,0,0,0,0,Stilt,1,Municipal,1444.32,Pimple Saudagar,411027,Standalone,5.37,5.56,2.04,1.72,7500.0,2800000.0,7143.57,Broker,37
SYN-01416,synthetic,https://example.com/pune-listing/1416,3 BHK,1205.74,1382.19,0,16,17,1,Semi-Furnished,0,4,2,1,5,Wooden,0,0,1,1,0,Bike,0,Borewell,5313.66,Kothrud,411038,Society,1.35,6.05,1.16,1.44,42075.1,16890198.17,14008.1,Owner,46
SYN-01417,synthetic,https://example.com/pune-listing/1417,1 BHK,413.88,482.74,3,11,6,1,Semi-Furnished,1,1,0,0,1,Granite,1,1,1,1,0,Covered,0,Borewell,2153.94,Kharadi,411014,Society,4.41,2.51,1.73,1.6,13110.34,4869952.01,11766.51,Builder,11
SYN-01418,synthetic,https://example.com/pune-listing/1418,3 BHK,788.7,936.41,6,6,4,1,Unfurnished,1,3,3,3,5,Wooden,0,0,0,1,1,Covered,1,Borewell,3148.9,Koregaon Park,411001,Society,2.22,5.61,1.69,0.89,43201.43,14871221.9,18855.24,Owner,33
SYN-01419,synthetic,https://example.com/pune-listing/1419,1 BHK,377.73,446.66,6,10,3,1,Semi-Furnished,1,2,1,0,2,Marble,1,1,1,1,0,Open,1,Tanker,1414.1,Shivajinagar,411005,Society,2.18,6.48,0.95,1.05,20546.99,7298490.84,19321.75,Owner,4
SYN-01420,synthetic,https://example.com/pune-listing/1420,3 BHK,927.56,1158.33,2,11,12,1,Unfurnished,1,4,3,2,6,Ceramic,1,1,0,1,0,Bike,0,Corporation + Borewell,3436.05,Kharadi,411014,Society,4.22,0.93,2.24,2.05,37463.73,7510786.27,8097.39,Owner,3
SYN-01421,synthetic,https://example.com/pune-listing/1421,2 BHK,847.09,988.42,7,13,11,1,Semi-Furnished,1,2,2,1,3,Vitrified,1,1,1,0,1,Covered,1,Municipal,1947.49,Hadapsar,411028,Society,5.72,1.68,1.95,2.3,14936.81,5937283.63,7009.01,Broker,21
SYN-01422,synthetic,https://example.com/pune-listing/1422,1 RK,358.47,411.44,8,16,13,1,Semi-Furnished,1,1,2,0,2,Granite,0,0,0,1,0,Open,0,Corporation + Borewell,1920.61,Wakad,411057,Standalone,4.98,4.64,2.24,1.97,13106.41,2800000.0,7810.98,Broker,17
SYN-01423,synthetic,https://example.com/pune-listing/1423,2 BHK,472.34,573.48,6,7,2,1,Fully Furnished,1,2,4,1,4,Vitrified,1,0,0,1,1,Covered,1,Municipal,2347.52,Koregaon Park,411001,Society,2.81,4.63,1.55,1.01,36810.52,12060164.22,25532.98,Owner,12
SYN-01424,synthetic,https://example.com/pune-listing/1424,2 BHK,599.49,721.0,2,11,16,1,Unfurnished,0,3,1,1,2,Wooden,1,1,1,0,0,Bike,0,Corporation + Borewell,800.0,Wakad,411057,Society,5.25,1.93,1.67,2.07,10567.46,3830857.61,6390.23,Owner,28
SYN-01425,synthetic,https://example.com/pune-listing/1425,1 BHK,446.61,550.61,8,13,12,1,Semi-Furnished,0,1,0,1,2,Wooden,0,1,1,1,1,Bike,0,Municipal,1910.02,Koregaon Park,411001,Standalone,1.99,5.25,1.59,1.32,31800.77,11610364.39,25996.88,Broker,9
SYN-01426,synthetic,https://example.com/pune-listing/1426,2 BHK,709.46,775.41,16,19,14,1,Unfurnished,1,2,2,1,4,Vitrified,1,1,0,1,0,Bike,0,Municipal,1739.6,Hadapsar,411028,Society,5.35,2.97,2.01,1.88,16802.55,6840082.18,9641.31,Owner,29
SYN-01427,synthetic,https://example.com/pune-listing/1427,5 BHK,2349.52,2873.45,9,12,17,1,Unfurnished,0,6,3,2,8,Granite,1,1,0,1,1,Open,0,Corporation + Borewell,9515.64,Kothrud,411038,Society,2.75,7.78,1.09,1.41,63203.07,18126713.24,7715.06,Owner,31
SYN-01428,synthetic,https://example.com/pune-listing/1428,3 BHK,1064.15,1222.6,10,14,9,1,Unfurnished,1,3,2,2,5,Wooden,0,0,0,1,0,None,0,Municipal,3785.2,Wakad,411057,Standalone,5.09,2.64,2.09,2.44,16732.68,7301490.95,6861.31,Broker,24
SYN-01429,synthetic,https://example.com/pune-listing/1429,2 BHK,546.17,609.7,4,9,7,1,Semi-Furnished,1,3,1,1,4,Vitrified,0,0,0,0,1,Covered,0,Tanker,1325.2,Viman Nagar,411014,Standalone,2.99,5.46,1.55,1.54,18345.84,8797241.67,16107.25,Broker,56
SYN-01430,synthetic,https://example.com/pune-listing/1430,3 BHK,1121.18,1377.24,2,10,13,1,Semi-Furnished,1,3,3,2,5,Vitrified,0,1,0,1,0,Covered,0,Municipal,4067.76,Pune Camp,411001,Society,2.64,6.2,1.27,1.86,30077.26,8821605.1,7868.12,Broker,7
SYN-01431,synthetic,https://example.com/pune-listing/1431,3 BHK,1087.02,1233.75,6,13,12,1,Unfurnished,0,3,4,1,4,Ceramic,0,0,0,1,1,Covered,0,Municipal,2884.09,Hinjewadi,411057,Standalone,5.86,0.75,2.35,2.66,24873.85,6555707.03,6030.89,Owner,28
SYN-01432,synthetic,https://example.com/pune-listing/1432,1 RK,366.17,438.89,8,10,9,1,Semi-Furnished,1,2,1,0,2,Ceramic,1,1,0,0,0,None,0,Municipal,800.0,Viman Nagar,411014,Society,1.73,5.78,1.88,1.6,16362.31,3052907.97,8337.31,Owner,32
SYN-01433,synthetic,https://example.com/pune-listing/1433,1 BHK,415.42,529.85,9,11,4,1,Semi-Furnished,1,1,0,1,1,Ceramic,0,0,1,1,0,Covered,1,Municipal,1806.79,Baner,411045,Standalone,2.59,3.14,1.85,2.14,14653.91,4221903.31,10162.99,Builder,38
SYN-01434,synthetic,https://example.com/pune-listing/1434,2 BHK,546.83,647.79,2,5,10,1,Semi-Furnished,1,4,1,1,4,Marble,0,0,1,1,1,Covered,1,Municipal,1487.57,Viman Nagar,411014,Standalone,3.33,5.38,1.43,1.6,16797.38,6310692.55,11540.43,Broker,16
SYN-01435,synthetic,https://example.com/pune-listing/1435,4 BHK,1299.6,1573.38,0,11,11,1,Semi-Furnished,1,4,4,2,6,Marble,1,0,0,1,0,Bike,1,Municipal,4605.33,Hadapsar,411028,Society,5.39,1.62,2.95,2.01,38139.98,16735482.29,12877.45,Owner,12
SYN-01436,synthetic,https://example.com/pune-listing/1436,2 BHK,589.92,682.02,6,13,9,1,Semi-Furnished,1,2,2,1,3,Marble,1,1,0,1,0,Covered,0,Municipal,,Nigdi,411044,Society,4.2,12.09,1.84,2.43,11820.5,5290059.43,8967.44,Owner,42
SYN-01437,synthetic,https://example.com/pune-listing/1437,2 BHK,486.13,551.62,6,13,8,1,Semi-Furnished,1,2,2,2,2,Marble,1,1,1,1,0,Covered,1,Corporation + Borewell,2798.84,Baner,411045,Society,3.64,3.28,1.65,2.53,27287.67,11678577.5,24023.42,Broker,19
SYN-01438,synthetic,https://example.com/pune-listing/1438,3 BHK,962.37,1176.57,7,13,11,1,Semi-Furnished,0,3,2,2,3,Marble,0,0,0,0,0,Covered,1,Borewell,3911.5,Magarpatta,411013,Standalone,5.46,2.61,1.93,2.01,26479.64,6488519.06,6742.2,Owner,48
SYN-01439,synthetic,https://example.com/pune-listing/1439,3 BHK,1104.7,1293.49,7,14,10,1,Semi-Furnished,1,3,3,1,3,Vitrified,1,1,0,1,0,Covered,1,Municipal,3404.79,Hadapsar,411028,Society,5.48,2.23,2.24,1.84,38861.33,7850382.57,7106.32,Broker,53
SYN-01440,synthetic,https://example.com/pune-listing/1440,2 BHK,704.88,804.84,6,15,11,1,Fully Furnished,0,2,2,1,3,Marble,1,1,1,0,0,Covered,0,Municipal,1651.45,Hinjewadi,411057,Standalone,6.36,0.2,2.9,2.73,10124.2,5677769.12,8054.93,Owner,46
SYN-01441,synthetic,https://example.com/pune-listing/1441,2 BHK,600.46,676.46,7,13,5,1,Semi-Furnished,1,3,3,2,3,Vitrified,0,0,0,1,1,Covered,1,Borewell,2881.93,Koregaon Park,411001,Standalone,1.99,5.68,1.27,1.24,32494.62,14194685.05,23639.66,Owner,41
SYN-01442,synthetic,https://example.com/pune-listing/1442,2 BHK,543.46,598.51,3,17,12,1,Unfurnished,1,3,2,2,3,Vitrified,1,1,1,1,1,Open,1,Tanker,912.76,Kalyani Nagar,411006,Society,2.09,6.32,1.4,2.14,26755.03,8273363.6,15223.54,Owner,21
SYN-01443,synthetic,https://example.com/pune-listing/1443,2 BHK,773.61,985.66,0,6,12,1,Semi-Furnished,1,2,2,2,3,Wooden,1,0,1,0,1,Open,1,Municipal,2998.52,Kalyani Nagar,411006,Society,1.87,4.91,0.83,1.21,32888.11,19730368.71,25504.29,Broker,68
SYN-01444,synthetic,https://example.com/pune-listing/1444,3 BHK,1102.09,1247.81,0,10,12,1,Unfurnished,1,3,2,2,5,Ceramic,1,1,1,0,0,Covered,1,Borewell,4639.97,Shivajinagar,411005,Standalone,1.03,8.47,1.15,1.74,44918.57,10303096.06,9348.69,Builder,96
SYN-01445,synthetic,https://example.com/pune-listing/1445,1 BHK,449.24,560.52,3,11,14,1,Semi-Furnished,1,1,0,0,1,Vitrified,1,1,1,1,0,Bike,1,Corporation + Borewell,2198.3,Hadapsar,411028,Society,5.39,2.38,2.11,2.42,7500.0,2800000.0,6232.71,Broker,11
SYN-01446,synthetic,https://example.com/pune-listing/1446,3 BHK,1006.18,1189.24,5,16,4,1,Semi-Furnished,1,4,3,2,6,Vitrified,1,1,1,0,0,Covered,1,Tanker,3495.26,Kothrud,411038,Society,1.89,8.31,0.87,1.29,38817.61,8440561.9,8388.68,Owner,16
SYN-01447,synthetic,https://example.com/pune-listing/1447,3 BHK,1086.85,1285.9,11,11,6,1,Semi-Furnished,1,4,3,3,6,Vitrified,1,1,0,0,1,Stilt,1,Municipal,4443.03,Baner,411045,Society,3.53,2.68,2.61,2.05,63201.05,33386059.64,30718.11,Broker,22
SYN-01448,synthetic,https://example.com/pune-listing/1448,3 BHK,960.31,1119.16,0,12,13,1,Semi-Furnished,1,4,3,2,6,Wooden,0,0,1,0,0,Covered,0,Corporation + Borewell,2719.08,Hadapsar,411028,Standalone,5.67,1.67,1.99,2.61,16472.15,5990978.56,6238.6,Owner,12
SYN-01449,synthetic,https://example.com/pune-listing/1449,1 BHK,582.28,669.44,1,12,16,1,Semi-Furnished,1,2,1,0,1,Vitrified,1,1,0,1,1,Covered,1,Corporation + Borewell,2581.56,Kharadi,411014,Society,3.84,0.95,2.24,2.09,18340.39,5515792.85,9472.71,Owner,13
SYN-01450,synthetic,https://example.com/pune-listing/1450,2 BHK,721.77,818.58,8,9,7,1,Semi-Furnished,1,2,3,1,3,Wooden,1,1,1,0,1,Covered,1,Borewell,1634.46,Magarpatta,411013,Society,5.05,1.56,1.63,1.5,16957.52,5040340.31,6983.29,Broker,48
SYN-01451,synthetic,https://example.com/pune-listing/1451,2 BHK,786.0,919.49,0,13,7,1,Unfurnished,0,2,2,1,4,Vitrified,1,1,1,0,0,Covered,0,Borewell,2339.32,Kharadi,411014,Society,3.57,2.03,2.06,1.94,25475.92,8309462.67,10571.9,Broker,13
SYN-01452,synthetic,https://example.com/pune-listing/1452,2 BHK,595.63,665.05,7,12,8,1,Semi-Furnished,1,3,2,1,2,Vitrified,1,1,0,1,0,Covered,1,Municipal,800.0,Aundh,411007,Society,4.37,2.93,1.38,1.22,25297.68,4952440.12,8314.6,Broker,18
SYN-01453,synthetic,https://example.com/pune-listing/1453,2 BHK,762.17,913.68,1,13,5,1,Semi-Furnished,1,1,2,1,3,Ceramic,0,0,0,0,0,Covered,0,Tanker,3156.12,Hadapsar,411028,Standalone,4.99,2.69,2.68,2.07,24551.2,5404776.37,7091.26,Owner,24
SYN-01454,synthetic,https://example.com/pune-listing/1454,3 BHK,954.01,1174.52,8,13,11,1,Fully Furnished,1,3,3,1,5,Marble,0,0,0,0,0,,0,Corporation + Borewell,2949.46,Hadapsar,411028,Society,5.15,2.72,1.99,2.66,20949.92,8508026.57,8918.18,Broker,8
SYN-01455,synthetic,https://example.com/pune-listing/1455,1 BHK,412.88,502.33,1,10,12,1,Semi-Furnished,1,2,1,0,1,Marble,1,1,0,0,0,Covered,0,Borewell,800.0,Hinjewadi,411057,Society,6.39,0.2,2.29,2.79,10547.6,2994727.86,7253.28,Owner,10
SYN-01456,synthetic,https://example.com/pune-listing/1456,2 BHK,586.13,690.62,2,9,11,1,Fully Furnished,1,4,2,1,2,Marble,1,1,1,1,0,Covered,0,Borewell,2735.74,Shivajinagar,411005,Society,0.8,7.3,0.87,0.99,28683.43,11119931.22,18971.9,Owner,34
SYN-01457,synthetic,https://example.com/pune-listing/1457,1 BHK,427.55,521.96,4,7,9,1,Unfurnished,0,2,1,1,1,Granite,1,1,0,1,1,Stilt,1,Municipal,2661.19,Koregaon Park,411001,Society,2.37,5.32,1.44,1.4,16274.74,9089006.01,21258.11,Broker,22
SYN-01458,synthetic,https://example.com/pune-listing/1458,4 BHK,1903.01,2377.13,15,18,14,1,Unfurnished,1,4,3,3,5,Marble,0,0,1,0,0,Covered,1,Borewell,4260.69,Pimple Saudagar,411027,Standalone,4.31,4.96,1.92,1.98,47158.63,11564269.31,6076.83,Owner,21
SYN-01459,synthetic,https://example.com/pune-listing/1459,2 BHK,518.73,,0,13,4,1,Unfurnished,0,3,3,1,4,Vitrified,1,0,0,0,0,Stilt,0,Corporation + Borewell,1986.23,Wakad,411057,Society,4.19,2.51,1.73,2.52,9591.83,3666794.3,7068.78,Broker,13
SYN-01460,synthetic,https://example.com/pune-listing/1460,2 BHK,619.74,782.16,6,8,2,1,Semi-Furnished,1,3,2,2,4,Vitrified,0,0,0,1,1,Open,1,Municipal,2795.27,Baner,411045,Standalone,3.21,3.06,2.22,2.21,33694.42,16402943.76,26467.54,Owner,12
SYN-01461,synthetic,https://example.com/pune-listing/1461,1 RK,437.13,503.61,14,15,1,1,Fully Furnished,1,2,1,0,2,Vitrified,1,1,0,0,0,None,1,Municipal,1184.41,Viman Nagar,411014,Society,3.08,6.55,1.89,1.19,25745.81,8314669.14,19021.13,Broker,15
SYN-01462,synthetic,https://example.com/pune-listing/1462,1 RK,397.84,435.05,14,15,7,1,Unfurnished,0,1,2,0,1,Vitrified,1,1,0,1,0,None,1,Municipal,800.0,Hinjewadi,411057,Society,6.1,0.7,2.29,2.75,9883.52,2800000.0,7037.92,Owner,28
SYN-01463,synthetic,https://example.com/pune-listing/1463,2 BHK,543.78,641.94,3,9,15,1,Semi-Furnished,1,2,2,1,4,Marble,1,1,0,1,0,Covered,0,,1252.71,Kothrud,411038,Society,1.62,7.11,1.77,1.12,20736.39,4673948.75,8595.33,Broker,12
SYN-01464,synthetic,https://example.com/pune-listing/1464,2 BHK,737.36,892.6,9,15,9,1,Fully Furnished,1,3,1,2,4,Marble,0,0,1,1,0,Covered,0,Municipal,3559.1,Baner,411045,Society,2.89,3.41,1.92,1.96,40962.57,23547930.51,31935.33,Broker,26
SYN-01465,synthetic,https://example.com/pune-listing/1465,2 BHK,606.59,747.64,10,12,6,1,Fully Furnished,1,3,1,2,4,Wooden,1,1,1,1,1,Covered,1,Borewell,2306.68,Kalyani Nagar,411006,Society,2.3,5.14,1.46,1.31,49976.83,16607548.66,27378.72,Owner,23
SYN-01466,synthetic,https://example.com/pune-listing/1466,1 BHK,545.3,611.69,1,10,12,1,Semi-Furnished,1,2,1,0,2,Marble,1,1,0,1,0,Open,1,Borewell,3120.7,Viman Nagar,411014,Society,3.12,6.29,1.72,1.44,21291.77,7017926.19,12869.74,Broker,17
SYN-01467,synthetic,https://example.com/pune-listing/1467,1 RK,471.73,529.44,0,12,10,1,Unfurnished,1,2,1,0,1,Ceramic,1,0,0,1,0,Covered,0,Municipal,800.0,Nigdi,411044,Society,3.98,10.58,1.66,2.65,13096.26,3205712.56,6795.62,Owner,62
SYN-01468,synthetic,https://example.com/pune-listing/1468,4 BHK,1193.75,1524.07,6,9,9,1,Semi-Furnished,1,4,4,4,6,Marble,1,1,1,0,1,Covered,1,Corporation + Borewell,5578.38,Koregaon Park,411001,Society,3.51,6.45,1.61,1.11,54178.12,30177473.64,25279.66,Owner,30
SYN-01469,synthetic,https://example.com/pune-listing/1469,2 BHK,564.1,628.01,4,18,0,1,Semi-Furnished,1,2,2,1,3,Vitrified,1,0,0,0,0,Covered,1,Tanker,1364.95,Kothrud,411038,Society,1.41,7.23,1.38,1.7,26916.01,9495436.08,16833.01,Broker,27
SYN-01470,synthetic,https://example.com/pune-listing/1470,1 BHK,413.4,464.18,3,13,8,1,Unfurnished,0,1,1,0,1,Vitrified,1,1,0,1,1,None,1,Municipal,2028.38,Kharadi,411014,Society,4.88,1.99,1.38,2.07,18497.84,3747479.78,9065.02,Owner,55
SYN-01471,synthetic,https://example.com/pune-listing/1471,2 BHK,550.96,658.82,2,8,9,1,Unfurnished,0,2,3,0,3,Vitrified,1,1,0,1,0,Covered,0,Municipal,2639.07,Hinjewadi,411057,Society,6.58,0.88,2.54,3.07,14809.66,2800000.0,5082.02,,7
SYN-01472,synthetic,https://example.com/pune-listing/1472,2 BHK,541.31,623.75,12,13,5,1,Fully Furnished,1,3,3,1,4,Granite,1,1,0,0,0,Covered,1,Tanker,800.0,Wakad,411057,Society,4.38,3.01,1.97,2.2,11855.45,4658668.51,8606.29,Broker,24
SYN-01473,synthetic,https://example.com/pune-listing/1473,4 BHK,1410.5,1751.19,0,13,10,1,Semi-Furnished,1,4,4,3,6,Vitrified,1,1,0,1,0,Stilt,0,Corporation + Borewell,7206.88,Shivajinagar,411005,Society,1.25,7.64,1.08,1.46,59279.43,17163858.2,12168.61,Broker,5
SYN-01474,synthetic,https://example.com/pune-listing/1474,3 BHK,736.07,817.78,6,15,17,1,Semi-Furnished,1,3,4,1,6,Ceramic,1,1,0,1,0,Covered,1,,,Shivajinagar,411005,Society,1.37,7.86,0.67,1.44,26052.15,6298327.96,8556.67,Owner,23
SYN-01475,synthetic,https://example.com/pune-listing/1475,2 BHK,512.4,617.88,8,12,7,1,Fully Furnished,1,2,1,1,2,Marble,0,0,0,1,0,Bike,1,Borewell,2018.59,Kothrud,411038,Standalone,1.56,6.71,1.57,1.73,20326.58,7993673.06,15600.44,Broker,29
SYN-01476,synthetic,https://example.com/pune-listing/1476,1 RK,352.63,443.37,8,12,6,1,Fully Furnished,0,1,0,0,1,Ceramic,1,1,0,0,0,Covered,1,Municipal,956.87,Magarpatta,411013,Society,5.16,2.48,1.46,1.88,12037.39,2800000.0,7940.28,Owner,16
SYN-01477,synthetic,https://example.com/pune-listing/1477,2 BHK,627.99,754.55,0,15,17,1,Fully Furnished,1,3,2,1,3,Granite,1,1,1,0,0,None,1,Borewell,1643.87,Hinjewadi,411057,Society,6.17,0.46,2.64,2.56,16200.48,4305598.65,6856.21,Owner,32
SYN-01478,synthetic,https://example.com/pune-listing/1478,2 BHK,632.58,728.49,12,15,14,1,Semi-Furnished,1,2,2,1,3,Wooden,1,1,0,0,0,Covered,0,Municipal,2250.99,Pimple Saudagar,411027,Society,3.96,4.01,1.69,1.73,13933.11,4632147.51,7322.67,Owner,36
SYN-01479,synthetic,https://example.com/pune-listing/1479,2 BHK,638.24,727.31,1,7,8,1,Fully Furnished,1,2,2,2,2,Granite,1,1,0,1,0,Open,1,Municipal,3268.76,Baner,411045,Society,2.97,3.3,2.17,2.57,49824.72,14986169.88,23480.46,Owner,50
SYN-01480,synthetic,https://example.com/pune-listing/1480,2 BHK,388.4,424.95,12,14,8,1,Unfurnished,1,3,2,1,3,Ceramic,1,0,0,1,0,Bike,0,Municipal,948.69,Hinjewadi,411057,Society,6.22,0.99,2.19,2.7,7500.0,4318716.8,11119.31,Broker,19
SYN-01481,synthetic,https://example.com/pune-listing/1481,3 BHK,802.95,974.12,12,13,13,1,Semi-Furnished,1,3,3,2,4,Vitrified,1,1,1,1,0,Bike,1,Municipal,3932.3,Koregaon Park,411001,Society,3.16,5.01,1.6,1.6,47769.1,22682784.41,28249.37,Owner,15
SYN-01482,synthetic,https://example.com/pune-listing/1482,1 BHK,400.5,484.71,7,13,5,1,Unfurnished,0,2,1,0,2,Granite,1,1,0,0,0,Covered,0,,1374.16,Wakad,411057,Society,3.92,1.75,2.57,2.09,10360.01,2800000.0,6991.19,Owner,10
SYN-01483,synthetic,https://example.com/pune-listing/1483,2 BHK,509.96,554.26,7,10,7,1,Semi-Furnished,1,2,2,2,3,Vitrified,1,1,0,1,0,Stilt,1,Municipal,2994.6,Koregaon Park,411001,Society,1.56,4.11,1.71,1.03,32116.41,13967067.02,27388.63,Builder,24
SYN-01484,synthetic,https://example.com/pune-listing/1484,3 BHK,1240.73,1430.14,13,15,7,1,Fully Furnished,1,4,3,3,3,Marble,0,0,0,1,1,Bike,0,Municipal,5923.37,Koregaon Park,411001,Standalone,1.97,4.53,1.55,0.65,67886.94,17803449.52,14349.17,Broker,31
SYN-01485,synthetic,https://example.com/pune-listing/1485,3 BHK,1058.55,1274.62,14,16,10,1,Semi-Furnished,1,3,3,2,5,Granite,1,1,0,0,0,Open,1,Municipal,4128.25,Shivajinagar,411005,Society,0.79,6.75,1.09,1.33,32256.61,10729597.98,10136.08,Builder,17
SYN-01486,synthetic,https://example.com/pune-listing/1486,1 BHK,450.3,554.93,9,16,12,1,Fully Furnished,1,1,1,0,1,Granite,0,0,0,0,0,Open,0,Corporation + Borewell,1441.29,Hadapsar,411028,Standalone,6.28,0.38,2.2,2.34,13065.69,3713216.66,8246.03,,19
SYN-01487,synthetic,https://example.com/pune-listing/1487,1 BHK,392.06,472.38,0,15,10,1,Semi-Furnished,1,1,1,0,2,Ceramic,1,1,0,1,0,None,0,Municipal,1071.4,Hadapsar,411028,Society,5.12,1.87,2.04,1.9,7500.0,2800000.0,7141.75,,39
SYN-01488,synthetic,https://example.com/pune-listing/1488,2 BHK,516.83,655.93,12,15,16,1,Fully Furnished,1,3,1,2,3,Vitrified,0,1,0,1,1,Covered,1,Municipal,2600.51,Koregaon Park,411001,Standalone,1.14,5.6,1.05,1.23,28289.64,11636584.19,22515.16,Broker,59
SYN-01489,synthetic,https://example.com/pune-listing/1489,4 BHK,1504.68,1725.54,7,16,18,1,Unfurnished,1,5,3,2,7,Granite,1,0,0,0,0,Open,1,Municipal,3768.87,Pimple Saudagar,411027,Society,4.31,4.78,1.78,1.88,23606.08,9223547.63,6129.93,Broker,78
SYN-01490,synthetic,https://example.com/pune-listing/1490,2 BHK,630.71,706.88,2,12,8,1,Semi-Furnished,1,2,2,0,2,Vitrified,1,1,1,1,0,Stilt,1,Municipal,3351.97,Kothrud,411038,Society,1.72,6.42,0.99,1.95,26102.01,5443176.53,8630.19,Owner,56
SYN-01491,synthetic,https://example.com/pune-listing/1491,1 BHK,400.52,499.15,6,13,9,1,Semi-Furnished,1,1,1,1,1,Vitrified,1,1,0,1,1,Open,1,Corporation + Borewell,2260.01,Koregaon Park,411001,Society,2.9,6.13,1.36,1.13,26184.27,5316076.06,13273.02,Builder,24
SYN-01492,synthetic,https://example.com/pune-listing/1492,3 BHK,928.89,1115.5,9,12,6,1,Semi-Furnished,1,3,4,1,4,Vitrified,1,1,0,1,1,Covered,1,Corporation + Borewell,3044.6,Kothrud,411038,Society,1.65,7.51,0.68,1.65,27940.85,10165808.42,10944.05,Broker,29
SYN-01493,synthetic,https://example.com/pune-listing/1493,1 RK,494.83,615.09,3,13,15,1,Unfurnished,1,2,1,0,2,Ceramic,1,1,1,0,0,Bike,0,Municipal,2695.83,Aundh,411007,Society,2.9,3.9,1.91,1.84,10242.08,3774944.77,7628.81,Owner,19
SYN-01494,synthetic,https://example.com/pune-listing/1494,2 BHK,397.7,487.4,2,10,8,1,Semi-Furnished,1,2,0,1,4,Vitrified,1,1,0,0,1,Open,0,Corporation + Borewell,1777.34,Hadapsar,411028,Society,5.72,1.09,2.01,1.95,13108.63,2800000.0,7040.5,Broker,22
SYN-01495,synthetic,https://example.com/pune-listing/1495,3 BHK,1084.35,1230.51,5,5,12,1,Semi-Furnished,0,4,3,2,4,Vitrified,0,0,1,1,0,Covered,1,Tanker,5357.91,Koregaon Park,411001,Society,2.94,6.3,1.52,1.35,37675.51,22582463.82,20825.83,Broker,4
SYN-01496,synthetic,https://example.com/pune-listing/1496,2 BHK,548.71,611.35,0,13,7,1,Semi-Furnished,1,3,3,1,3,Ceramic,1,1,0,0,0,,0,Corporation + Borewell,2010.95,Hinjewadi,411057,Society,4.73,0.43,1.9,2.9,9136.12,4439698.44,8091.17,Broker,17
SYN-01497,synthetic,https://example.com/pune-listing/1497,1 BHK,395.88,504.68,18,18,14,1,Fully Furnished,0,2,0,0,1,Vitrified,0,0,1,0,0,Stilt,1,Corporation + Borewell,1327.58,Kothrud,411038,Standalone,2.24,6.59,1.13,1.86,19774.78,6359674.23,16064.64,Owner,6
SYN-01498,synthetic,https://example.com/pune-listing/1498,2 BHK,570.01,652.48,1,8,13,1,Semi-Furnished,1,2,2,1,3,Marble,1,1,1,0,0,None,1,Tanker,1046.12,Hadapsar,411028,Society,5.92,1.9,2.54,2.07,14944.64,4278666.47,7506.28,Owner,10
SYN-01499,synthetic,https://example.com/pune-listing/1499,1 BHK,420.19,489.12,10,14,7,1,Semi-Furnished,1,2,0,0,2,Marble,0,0,1,0,0,Covered,1,Corporation + Borewell,2542.48,Aundh,411007,Standalone,3.59,4.37,1.46,1.72,22712.15,6373984.43,15169.26,Broker,33
SYN-01500,synthetic,https://example.com/pune-listing/1500,2 BHK,749.11,855.04,1,16,3,1,Semi-Furnished,1,3,3,0,4,Vitrified,1,1,0,0,1,Covered,1,Tanker,1588.46,Hinjewadi,411057,Society,6.1,0.41,2.6,2.9,19456.56,5706158.16,7617.27,Builder,44
SYN-01501,synthetic,https://example.com/pune-listing/1501,1 BHK,355.05,389.72,3,18,17,1,Semi-Furnished,1,1,0,0,2,Vitrified,1,1,0,1,1,Bike,1,Municipal,800.0,Hadapsar,411028,Society,6.05,2.2,2.04,2.63,9013.53,2800000.0,7886.23,Owner,31
SYN-01502,synthetic,https://example.com/pune-listing/1502,1 BHK,306.31,381.01,7,12,11,1,Semi-Furnished,1,1,1,1,2,Marble,1,1,1,1,1,Covered,0,Tanker,1113.36,Baner,411045,Society,2.58,3.58,1.79,2.04,16978.26,3317092.21,10829.33,Broker,19
SYN-01503,synthetic,https://example.com/pune-listing/1503,4 BHK,1171.45,1313.63,13,14,3,1,Unfurnished,0,4,5,2,7,Granite,1,1,1,1,0,None,0,Municipal,2763.82,Nigdi,411044,Society,3.93,10.5,2.13,2.35,32272.81,7378729.34,6298.79,Owner,75
SYN-01504,synthetic,https://example.com/pune-listing/1504,2 BHK,557.64,605.94,14,14,11,1,Unfurnished,0,2,2,1,3,Vitrified,1,1,0,0,0,Covered,0,Corporation + Borewell,843.86,Hadapsar,411028,Society,4.71,2.42,2.42,2.21,18323.56,3517333.38,6307.52,Broker,41
SYN-01505,synthetic,https://example.com/pune-listing/1505,2 BHK,470.45,570.98,1,9,0,1,Fully Furnished,1,2,1,2,4,,0,1,1,1,0,None,1,Tanker,,Kalyani Nagar,411006,Society,1.81,5.37,1.94,1.29,39256.31,14107532.4,29987.2,Broker,19
SYN-01506,synthetic,https://example.com/pune-listing/1506,5 BHK,1610.81,1953.21,11,15,7,1,Unfurnished,1,5,5,4,9,Vitrified,1,1,0,0,0,Bike,0,Municipal,5779.01,Hadapsar,411028,Society,5.65,3.23,2.59,2.15,25818.66,13247293.61,8224.01,Broker,8
SYN-01507,synthetic,https://example.com/pune-listing/1507,3 BHK,1079.81,1371.84,11,17,1,1,Unfurnished,1,4,1,2,4,Granite,1,1,0,1,0,Bike,1,Municipal,,Kothrud,411038,Society,1.53,6.9,1.35,1.55,42052.0,18007704.18,16676.72,Broker,42
SYN-01508,synthetic,https://example.com/pune-listing/1508,1 BHK,390.57,429.02,8,16,11,1,Semi-Furnished,1,1,1,0,2,Granite,1,1,0,0,0,Covered,1,Municipal,800.0,Wakad,411057,Society,4.73,2.34,2.28,2.08,8122.61,3092231.18,7917.14,Owner,19
SYN-01509,synthetic,https://example.com/pune-listing/1509,2 BHK,834.59,1022.27,3,12,8,1,Semi-Furnished,1,2,3,1,3,Vitrified,0,0,0,1,1,Covered,1,Corporation + Borewell,2173.35,Viman Nagar,411014,Standalone,2.75,6.47,1.82,1.58,38552.78,10878539.7,13034.58,Broker,60
SYN-01510,synthetic,https://example.com/pune-listing/1510,4 BHK,1496.59,1790.66,0,17,8,1,Fully Furnished,1,4,4,3,6,Vitrified,1,1,0,0,0,Covered,1,Municipal,3912.37,Nigdi,411044,Society,3.64,10.68,1.73,2.41,57260.55,11773365.37,7866.82,Owner,22
SYN-01511,synthetic,https://example.com/pune-listing/1511,2 BHK,594.36,751.95,2,21,11,1,Semi-Furnished,1,2,2,1,2,Vitrified,1,1,0,0,1,Covered,1,Corporation + Borewell,1682.12,Wakad,411057,Society,4.64,1.37,1.49,2.9,11942.15,6581762.26,11073.65,Owner,39
SYN-01512,synthetic,https://example.com/pune-listing/1512,2 BHK,752.01,915.21,13,13,3,1,Fully Furnished,1,2,2,1,4,Wooden,1,1,1,1,0,Open,1,Municipal,3063.8,Baner,411045,Society,3.34,4.23,2.11,2.5,40836.32,27098121.23,36034.1,Broker,18
SYN-01513,synthetic,https://example.com/pune-listing/1513,3 BHK,974.69,1198.1,2,12,9,1,Unfurnished,1,4,2,2,4,Vitrified,1,1,0,1,0,Covered,1,Municipal,2777.79,Hadapsar,411028,Society,5.86,1.85,2.52,2.21,33944.54,5980612.29,6135.89,Owner,25
SYN-01514,synthetic,https://example.com/pune-listing/1514,1 BHK,402.11,453.53,11,15,8,1,Semi-Furnished,1,2,0,0,2,Wooden,1,1,0,0,0,Open,1,Corporation + Borewell,,Hinjewadi,411057,Society,5.07,1.52,2.36,2.83,7500.0,5345480.78,13293.47,Builder,19
SYN-01515,synthetic,https://example.com/pune-listing/1515,1 BHK,328.55,364.93,0,14,7,1,Semi-Furnished,1,1,0,0,2,Wooden,1,1,0,1,0,None,1,Borewell,800.0,Aundh,411007,Society,3.74,3.35,1.11,1.33,9710.12,4291154.38,13060.95,Builder,31
SYN-01516,synthetic,https://example.com/pune-listing/1516,1 BHK,426.32,491.1,4,13,20,1,Semi-Furnished,0,1,1,0,1,Vitrified,1,1,1,0,0,Covered,1,Borewell,2198.64,Hadapsar,411028,Society,5.56,2.71,2.1,2.48,7500.0,2800000.0,6567.9,Owner,32
SYN-01517,synthetic,https://example.com/pune-listing/1517,4 BHK,1478.59,1838.34,3,14,10,1,Semi-Furnished,1,4,5,2,7,Marble,1,1,0,1,0,Covered,0,Municipal,4026.04,Wakad,411057,Society,5.18,2.17,1.72,2.33,36492.12,9433126.57,6379.83,Broker,20
SYN-01518,synthetic,https://example.com/pune-listing/1518,3 BHK,928.26,1108.77,5,6,6,1,Unfurnished,1,4,3,3,3,Ceramic,1,1,1,1,1,Open,0,Municipal,4232.91,Koregaon Park,411001,Society,2.1,5.12,1.16,1.31,47592.5,24832794.77,26752.0,Builder,27
SYN-01519,synthetic,https://example.com/pune-listing/1519,2 BHK,595.73,673.25,7,14,7,1,Fully Furnished,1,2,1,1,4,Vitrified,0,1,0,0,0,Covered,1,Municipal,2772.81,Nigdi,411044,Society,3.56,9.92,1.74,2.06,21336.99,4835590.68,8117.12,Broker,11
SYN-01520,synthetic,https://example.com/pune-listing/1520,4 BHK,1223.34,1363.58,5,9,13,1,Unfurnished,0,5,3,2,5,Marble,1,0,1,1,1,Covered,1,Municipal,4764.12,Kothrud,411038,Society,2.23,8.01,1.24,1.52,30008.08,10767974.35,8802.09,Owner,41
SYN-01521,synthetic,https://example.com/pune-listing/1521,1 BHK,421.39,508.53,5,9,5,1,Unfurnished,0,2,3,0,2,Ceramic,1,1,0,0,0,Stilt,1,Municipal,1458.77,Magarpatta,411013,Society,4.54,1.6,1.93,2.32,7500.0,3116909.78,7396.67,Broker,16
SYN-01522,synthetic,https://example.com/pune-listing/1522,1 BHK,473.07,603.11,3,11,7,1,Fully Furnished,1,2,1,1,2,Marble,1,0,0,1,1,Covered,1,Municipal,1480.22,Baner,411045,Standalone,3.35,2.11,2.14,2.54,32629.42,11473008.58,24252.19,Builder,14
SYN-01523,synthetic,https://example.com/pune-listing/1523,1 BHK,476.13,580.6,15,15,6,1,Unfurnished,0,2,1,0,1,Vitrified,1,1,0,0,0,Open,0,Tanker,1455.2,Hadapsar,411028,Society,5.31,1.47,2.12,2.24,20298.06,3208766.33,6739.33,Broker,50
SYN-01524,synthetic,https://example.com/pune-listing/1524,2 BHK,430.94,532.97,11,12,16,1,Fully Furnished,1,2,2,1,4,Wooden,0,0,0,1,0,None,0,Corporation + Borewell,800.0,Wakad,411057,Society,3.08,1.95,1.84,2.24,13567.42,2800000.0,6497.38,Owner,35
SYN-01525,synthetic,https://example.com/pune-listing/1525,1 BHK,320.61,380.61,4,17,3,1,Unfurnished,1,1,0,0,2,Marble,1,1,0,1,0,Bike,0,Tanker,1294.49,Hadapsar,411028,Society,5.81,1.66,2.15,2.22,10267.87,2863260.22,8930.6,Builder,15
SYN-01526,synthetic,https://example.com/pune-listing/1526,2 BHK,547.88,696.5,7,14,7,1,Fully Furnished,1,3,2,1,2,Ceramic,1,1,1,0,0,,1,Tanker,1403.06,Kharadi,411014,Society,3.96,0.97,2.08,2.16,23978.14,7739709.3,14126.65,Owner,4
SYN-01527,synthetic,https://example.com/pune-listing/1527,5 BHK,1617.83,1881.15,3,5,5,1,Semi-Furnished,1,5,5,4,6,Wooden,1,1,1,1,1,Covered,0,Corporation + Borewell,6736.79,Aundh,411007,Society,4.37,3.39,1.86,1.6,69987.72,14738086.65,9109.76,Broker,30
SYN-01528,synthetic,https://example.com/pune-listing/1528,1 BHK,484.98,588.64,4,7,11,1,Unfurnished,0,2,1,1,2,Granite,1,1,0,1,1,Covered,1,Municipal,3056.47,Baner,411045,Society,2.37,2.55,1.21,2.36,30815.42,12937052.9,26675.44,Owner,27
SYN-01529,synthetic,https://example.com/pune-listing/1529,2 BHK,652.94,764.77,9,18,6,1,Fully Furnished,1,1,2,1,4,Vitrified,0,0,0,1,0,,1,Municipal,1598.8,Magarpatta,411013,Standalone,4.98,0.62,1.56,2.09,22547.75,5638487.19,8635.59,Owner,22
SYN-01530,synthetic,https://example.com/pune-listing/1530,4 BHK,1354.94,1486.72,4,15,14,1,Unfurnished,1,4,4,2,5,Vitrified,1,1,0,1,1,Covered,0,Municipal,,Shivajinagar,411005,Society,0.95,7.49,1.16,1.73,49790.71,16064752.95,11856.45,Owner,18
SYN-01531,synthetic,https://example.com/pune-listing/1531,2 BHK,653.29,819.92,10,15,0,1,Unfurnished,0,2,2,1,4,Vitrified,1,1,0,1,0,Open,1,Tanker,3429.2,Kharadi,411014,Society,4.65,0.8,1.99,2.11,30781.41,5234709.5,8012.89,Broker,48
SYN-01532,synthetic,https://example.com/pune-listing/1532,2 BHK,548.85,678.39,15,17,9,1,Fully Furnished,1,2,1,1,3,Granite,1,1,0,1,0,Stilt,0,Tanker,2335.9,Wakad,411057,Society,4.98,2.64,1.95,2.3,23902.82,5071259.5,9239.8,Owner,22
SYN-01533,synthetic,https://example.com/pune-listing/1533,3 BHK,1150.08,1395.79,4,11,12,1,Semi-Furnished,1,3,3,1,5,Vitrified,1,1,0,1,0,Covered,1,Corporation + Borewell,4703.19,Kharadi,411014,Society,4.12,2.36,1.59,2.02,34638.71,11969777.55,10407.77,Broker,24
SYN-01534,synthetic,https://example.com/pune-listing/1534,1 BHK,451.04,505.04,2,16,6,1,Semi-Furnished,0,2,0,0,1,Vitrified,0,1,0,1,0,Covered,0,Municipal,1889.56,Kharadi,411014,Society,5.15,2.28,2.27,1.82,15131.93,3580062.96,7937.44,Owner,48
SYN-01535,synthetic,https://example.com/pune-listing/1535,1 BHK,448.02,523.41,4,12,8,1,Unfurnished,1,1,0,0,1,Ceramic,1,1,1,1,0,Open,1,Corporation + Borewell,1987.14,Kothrud,411038,Society,1.66,8.42,1.65,1.87,15774.68,4147842.22,9258.07,,58
SYN-01536,synthetic,https://example.com/pune-listing/1536,1 BHK,517.7,,14,15,9,1,Semi-Furnished,1,1,1,0,1,Granite,1,1,0,0,0,Stilt,1,Municipal,800.0,Nigdi,411044,Society,2.78,10.04,1.65,2.72,12797.18,3633023.33,7017.65,Owner,40
SYN-01537,synthetic,https://example.com/pune-listing/1537,2 BHK,741.7,802.24,2,10,6,1,Unfurnished,1,3,2,2,2,Vitrified,1,1,0,1,1,Covered,0,Borewell,4397.22,Baner,411045,Society,2.42,3.07,1.75,1.94,36142.06,18233902.84,24583.77,Broker,14
SYN-01538,synthetic,https://example.com/pune-listing/1538,3 BHK,568.51,629.48,8,9,20,1,Unfurnished,1,4,2,2,5,Marble,0,0,0,0,0,None,0,Borewell,1559.23,Pimple Saudagar,411027,Standalone,3.71,5.36,1.47,1.7,7500.0,3259216.79,5732.94,Broker,12
SYN-01539,synthetic,https://example.com/pune-listing/1539,2 BHK,545.64,609.67,6,13,8,1,Unfurnished,1,2,2,1,4,Wooden,1,1,0,1,0,Covered,1,Borewell,1429.94,Hadapsar,411028,Society,5.32,1.16,2.06,2.3,17141.74,3313191.45,6072.12,Broker,17
SYN-01540,synthetic,https://example.com/pune-listing/1540,2 BHK,724.81,834.61,0,9,1,1,Semi-Furnished,1,3,1,2,4,Wooden,0,1,1,1,1,Covered,1,Borewell,3001.54,Baner,411045,Standalone,3.17,2.58,1.5,2.43,57825.59,21881907.36,30189.69,Broker,11
SYN-01541,synthetic,https://example.com/pune-listing/1541,1 BHK,388.74,429.14,0,6,9,1,Fully Furnished,1,1,1,1,2,Vitrified,1,0,1,1,0,Open,1,Municipal,1370.76,Kalyani Nagar,411006,Society,1.3,4.14,1.08,1.05,28369.4,9427653.17,24251.83,Broker,43
SYN-01542,synthetic,https://example.com/pune-listing/1542,3 BHK,1009.03,1125.19,9,14,14,1,Unfurnished,1,4,2,1,5,Marble,0,1,0,0,0,Covered,0,Corporation + Borewell,3093.96,Hadapsar,411028,Society,5.77,1.27,2.39,2.34,20643.0,7322512.44,7256.95,Owner,33
SYN-01543,synthetic,https://example.com/pune-listing/1543,1 RK,424.36,480.94,3,9,4,1,Fully Furnished,1,2,1,1,2,Wooden,0,1,1,1,0,None,1,Municipal,2662.21,Baner,411045,Standalone,3.19,3.39,2.02,2.05,21226.06,14057753.96,33127.17,Owner,7
SYN-01544,synthetic,https://example.com/pune-listing/1544,4 BHK,1699.69,1882.93,4,13,9,1,Unfurnished,0,4,2,2,7,Wooden,1,0,1,0,0,Covered,1,Municipal,4327.11,Wakad,411057,Society,4.68,1.49,1.83,1.69,39940.14,12073627.2,7103.44,Owner,7
SYN-01545,synthetic,https://example.com/pune-listing/1545,1 BHK,350.16,416.68,2,10,7,1,Fully Furnished,1,1,1,0,1,Vitrified,1,1,0,1,0,Covered,0,Municipal,1570.08,Kharadi,411014,Society,4.08,0.65,2.39,1.69,23166.77,4893410.05,13974.94,Builder,86
SYN-01546,synthetic,https://example.com/pune-listing/1546,4 BHK,1504.92,,2,17,9,1,Fully Furnished,0,5,2,2,6,Granite,1,1,1,0,0,Covered,0,Municipal,6567.34,Kharadi,411014,Society,4.03,2.34,2.24,2.41,76728.79,14912054.06,9908.86,Broker,47
SYN-01547,synthetic,https://example.com/pune-listing/1547,4 BHK,1377.45,1685.93,3,11,6,1,Semi-Furnished,1,5,5,3,7,Vitrified,0,0,1,1,0,Covered,1,Municipal,7192.0,Koregaon Park,411001,Society,1.69,4.92,1.32,1.21,83791.05,17606563.2,12782.02,Broker,15
SYN-01548,synthetic,https://example.com/pune-listing/1548,3 BHK,1213.93,1452.36,5,15,12,1,Fully Furnished,1,3,4,1,6,Vitrified,1,1,1,0,0,Covered,0,Tanker,3633.08,Pimple Saudagar,411027,Society,4.22,6.04,0.87,2.27,33583.21,16246648.22,13383.48,Broker,14
SYN-01549,synthetic,https://example.com/pune-listing/1549,2 BHK,712.0,900.74,10,12,17,1,Semi-Furnished,1,2,2,1,3,Ceramic,1,0,1,0,0,Covered,0,Municipal,1352.59,Pune Camp,411001,Society,1.07,6.1,1.55,1.84,23980.91,4324678.35,6073.97,Broker,46
SYN-01550,synthetic,https://example.com/pune-listing/1550,2 BHK,500.84,618.77,14,16,11,1,Semi-Furnished,0,3,2,0,4,Ceramic,1,1,1,0,0,Bike,0,Municipal,1795.83,Shivajinagar,411005,Society,1.01,7.21,1.14,1.87,14257.26,4416799.13,8818.73,Broker,14
SYN-01551,synthetic,https://example.com/pune-listing/1551,3 BHK,899.51,1028.54,3,11,7,1,Unfurnished,0,2,5,2,5,Vitrified,1,1,0,0,0,Stilt,1,Municipal,4309.62,Viman Nagar,411014,Society,1.85,5.73,1.08,1.51,25014.42,13059754.49,14518.78,Broker,66
SYN-01552,synthetic,https://example.com/pune-listing/1552,2 BHK,536.46,605.18,4,14,10,1,Semi-Furnished,1,3,2,1,3,Marble,1,1,1,0,0,Covered,1,Corporation + Borewell,800.0,Wakad,411057,Society,4.44,3.63,2.35,1.92,17503.06,4124828.93,7689.01,Broker,21
SYN-01553,synthetic,https://example.com/pune-listing/1553,3 BHK,1084.49,1261.21,11,12,11,1,Semi-Furnished,1,2,1,2,4,Ceramic,1,1,0,0,0,Open,0,Tanker,3106.82,Pune Camp,411001,Society,2.22,6.39,1.12,1.79,34043.2,7741282.03,7138.16,Broker,28
SYN-01554,synthetic,https://example.com/pune-listing/1554,1 BHK,505.47,568.13,10,18,7,1,Unfurnished,0,1,1,0,2,Wooden,1,1,0,0,0,Covered,0,Municipal,1845.69,Pune Camp,411001,Society,2.12,8.18,1.42,1.85,12662.45,3671780.29,7264.05,Broker,63
SYN-01555,synthetic,https://example.com/pune-listing/1555,3 BHK,1133.48,1234.98,10,14,16,1,Fully Furnished,1,3,2,1,3,Marble,1,1,0,0,0,Covered,0,Borewell,2741.72,Pimple Saudagar,411027,Society,3.63,6.52,1.72,1.82,28252.51,8636260.98,7619.25,Broker,56
SYN-01556,synthetic,https://example.com/pune-listing/1556,2 BHK,674.66,814.39,3,8,9,1,Unfurnished,0,2,1,1,3,Marble,1,1,0,1,0,Bike,0,Municipal,1547.14,Kharadi,411014,Society,4.27,1.94,2.21,2.22,23186.63,9515816.25,14104.52,Owner,36
SYN-01557,synthetic,https://example.com/pune-listing/1557,4 BHK,1475.67,1810.64,5,15,6,1,Unfurnished,0,4,3,2,6,Vitrified,1,1,0,0,0,Covered,1,Borewell,5478.32,Viman Nagar,411014,Society,2.64,6.66,1.71,1.25,56366.35,10710395.5,7258.0,Owner,20
SYN-01558,synthetic,https://example.com/pune-listing/1558,1 BHK,398.85,450.92,1,14,6,1,Unfurnished,0,2,1,0,1,,0,1,0,0,0,Covered,0,Municipal,,Hadapsar,411028,Standalone,6.59,2.91,2.05,2.02,8449.2,2837189.91,7113.48,Broker,35
SYN-01559,synthetic,https://example.com/pune-listing/1559,1 RK,515.17,582.85,6,17,7,1,Fully Furnished,1,1,1,1,2,Granite,0,1,1,0,1,Open,1,Corporation + Borewell,2757.55,Baner,411045,Society,3.85,2.46,1.77,2.09,29908.07,13047102.94,25325.88,Owner,15
SYN-01560,synthetic,https://example.com/pune-listing/1560,3 BHK,844.93,974.6,0,13,14,1,Unfurnished,0,3,2,1,6,,1,1,0,0,0,Open,1,Corporation + Borewell,1933.29,Hadapsar,411028,Society,6.0,1.91,2.31,2.02,14588.19,5206612.45,6162.19,Broker,29
SYN-01561,synthetic,https://example.com/pune-listing/1561,2 BHK,666.66,724.45,1,10,6,1,Semi-Furnished,1,3,1,2,3,Vitrified,0,0,1,1,1,Covered,1,Municipal,2430.36,Koregaon Park,411001,Standalone,2.62,4.25,1.67,1.41,53455.2,12849255.72,19274.01,Broker,11
SYN-01562,synthetic,https://example.com/pune-listing/1562,2 BHK,842.87,970.2,13,13,11,1,Semi-Furnished,0,3,0,1,3,Vitrified,1,1,0,0,0,Covered,1,Municipal,3510.81,Kharadi,411014,Society,3.73,1.49,2.42,2.23,23515.38,6935475.88,8228.37,Broker,12
SYN-01563,synthetic,https://example.com/pune-listing/1563,2 BHK,618.41,754.73,1,13,13,1,Unfurnished,1,2,2,1,2,Granite,1,1,1,0,0,Covered,1,Borewell,2396.36,Nigdi,411044,Society,3.71,10.12,2.02,3.12,15001.02,7618097.9,12318.93,Owner,6
SYN-01564,synthetic,https://example.com/pune-listing/1564,2 BHK,659.15,725.39,4,11,6,1,Semi-Furnished,1,3,1,0,2,Wooden,0,1,0,0,0,Stilt,0,Tanker,1864.42,Pimple Saudagar,411027,Standalone,4.11,4.42,0.89,1.88,17326.81,4330540.87,6569.84,Owner,43
SYN-01565,synthetic,https://example.com/pune-listing/1565,1 BHK,361.28,425.45,1,17,6,1,Fully Furnished,1,1,1,0,2,Marble,1,1,1,0,0,Covered,0,Borewell,1089.99,Nigdi,411044,Society,2.9,11.18,2.17,2.6,14122.5,2800000.0,7750.29,Broker,14
SYN-01566,synthetic,https://example.com/pune-listing/1566,1 BHK,413.29,482.36,8,11,2,1,Fully Furnished,1,2,0,0,1,Vitrified,1,1,0,1,1,Bike,1,Corporation + Borewell,1290.24,Kothrud,411038,Society,2.16,6.6,1.21,2.06,16659.64,4428724.29,10715.89,Broker,12
SYN-01567,synthetic,https://example.com/pune-listing/1567,4 BHK,1134.3,1273.76,5,5,4,1,Semi-Furnished,1,5,4,3,7,Vitrified,1,1,1,0,1,None,0,Borewell,2395.78,Hadapsar,411028,Society,6.44,2.0,2.41,2.08,33429.29,8508928.2,7501.45,Owner,12
SYN-01568,synthetic,https://example.com/pune-listing/1568,3 BHK,1131.03,1435.44,3,7,11,1,Semi-Furnished,1,4,2,1,3,,1,1,0,0,0,Bike,0,Corporation + Borewell,3554.63,Hadapsar,411028,Society,5.33,1.27,2.7,1.58,39415.85,8761465.15,7746.46,Owner,26
SYN-01569,synthetic,https://example.com/pune-listing/1569,3 BHK,879.98,993.9,13,13,9,1,Unfurnished,1,4,3,2,4,Ceramic,1,0,1,0,1,Covered,1,Municipal,1730.5,Viman Nagar,411014,Standalone,1.78,5.74,2.15,1.44,34893.95,8031303.77,9126.71,Owner,16
SYN-01570,synthetic,https://example.com/pune-listing/1570,1 RK,352.55,448.3,1,8,6,1,Unfurnished,0,1,1,0,2,Ceramic,1,1,1,1,0,Bike,1,Municipal,1775.21,Kothrud,411038,Society,1.91,7.06,1.07,1.31,16689.94,5351180.84,15178.63,Broker,16
SYN-01571,synthetic,https://example.com/pune-listing/1571,2 BHK,635.99,740.6,0,9,4,1,Semi-Furnished,0,2,1,0,4,Marble,1,1,1,0,0,Covered,1,Municipal,2444.46,Kothrud,411038,Standalone,1.71,7.82,1.5,1.49,24114.29,6369972.23,10015.82,Owner,15
SYN-01572,synthetic,https://example.com/pune-listing/1572,3 BHK,822.48,,0,13,12,1,Unfurnished,1,3,2,1,3,Vitrified,0,1,1,0,0,Covered,1,Borewell,2452.06,Hinjewadi,411057,Standalone,5.5,2.26,2.79,2.2,17548.2,5023531.92,6107.8,Broker,35
SYN-01573,synthetic,https://example.com/pune-listing/1573,2 BHK,581.95,,12,13,0,1,Semi-Furnished,0,3,1,2,2,Granite,1,1,0,1,1,Covered,0,Municipal,3202.58,Kalyani Nagar,411006,Society,1.67,4.69,0.65,1.42,40516.4,13575361.57,23327.35,Owner,85
SYN-01574,synthetic,https://example.com/pune-listing/1574,5 BHK,1816.91,1973.69,2,10,7,1,Semi-Furnished,1,6,5,5,5,Vitrified,1,1,1,1,0,Stilt,1,Corporation + Borewell,8406.94,Kalyani Nagar,411006,Society,1.73,5.64,1.17,1.28,80673.57,39354316.99,21659.99,Broker,7
SYN-01575,synthetic,https://example.com/pune-listing/1575,1 BHK,514.82,602.8,0,10,9,1,Fully Furnished,1,2,2,1,2,Wooden,1,1,0,1,1,Covered,1,Municipal,2623.6,Baner,411045,Society,3.01,3.25,2.32,2.38,36568.14,6544113.16,12711.47,Broker,12
SYN-01576,synthetic,https://example.com/pune-listing/1576,2 BHK,540.28,663.83,3,12,14,1,Semi-Furnished,1,3,2,1,4,Granite,1,1,0,0,1,Open,1,Municipal,,Hadapsar,411028,Society,5.04,2.31,2.26,2.16,15740.49,4927157.92,9119.59,Owner,17
SYN-01577,synthetic,https://example.com/pune-listing/1577,1 BHK,470.32,525.14,15,15,3,1,Semi-Furnished,1,1,0,0,1,Marble,1,1,1,0,1,Open,1,Municipal,971.64,Aundh,411007,Society,3.89,3.9,1.11,1.94,24858.23,4222838.46,8978.56,Owner,65
SYN-01578,synthetic,https://example.com/pune-listing/1578,2 BHK,260.0,292.91,3,11,2,1,Fully Furnished,1,3,1,2,3,Vitrified,1,1,0,1,0,Stilt,1,Tanker,1803.4,Koregaon Park,411001,Society,2.7,5.59,1.15,1.18,23865.75,8600790.4,33079.96,Broker,30
SYN-01579,synthetic,https://example.com/pune-listing/1579,2 BHK,611.22,676.59,11,13,18,1,Unfurnished,0,2,3,1,2,,1,1,0,1,0,Open,0,Borewell,1203.58,Pune Camp,411001,Society,2.26,5.61,1.37,1.64,12121.95,3557393.68,5820.2,Owner,21
SYN-01580,synthetic,https://example.com/pune-listing/1580,1 BHK,532.25,634.44,2,10,6,1,Semi-Furnished,1,1,1,0,1,Vitrified,1,1,0,0,0,Covered,1,Municipal,2032.95,Aundh,411007,Society,3.17,4.14,1.93,1.73,19125.2,3955353.23,7431.31,Owner,40
SYN-01581,synthetic,https://example.com/pune-listing/1581,1 BHK,377.59,474.37,9,12,9,1,Semi-Furnished,1,1,1,0,1,Granite,1,1,0,1,0,Open,0,Municipal,1096.36,Kothrud,411038,Society,1.54,9.57,1.49,1.7,16267.35,4108739.08,10881.52,Broker,17
SYN-01582,synthetic,https://example.com/pune-listing/1582,3 BHK,820.02,1042.55,5,7,11,1,Fully Furnished,1,3,3,2,6,Vitrified,1,1,0,1,0,Open,1,Municipal,4473.56,Baner,411045,Society,2.87,2.7,1.98,1.95,42905.54,20771525.89,25330.54,Broker,29
SYN-01583,synthetic,https://example.com/pune-listing/1583,2 BHK,442.21,504.25,0,15,13,1,Fully Furnished,1,2,3,1,3,Vitrified,1,1,0,0,0,Covered,1,Corporation + Borewell,800.0,Hadapsar,411028,Society,4.72,2.55,2.47,1.8,8608.98,2951684.07,6674.82,Broker,21
SYN-01584,synthetic,https://example.com/pune-listing/1584,2 BHK,727.52,920.65,10,15,10,1,Unfurnished,0,3,2,1,3,Granite,1,1,1,0,0,Covered,0,Municipal,3041.65,Kharadi,411014,Society,3.64,2.34,1.78,1.76,32462.55,5189105.13,7132.56,Broker,38
SYN-01585,synthetic,https://example.com/pune-listing/1585,1 BHK,497.17,545.49,17,20,6,1,Fully Furnished,1,1,0,0,2,Ceramic,1,1,1,0,0,Open,1,Corporation + Borewell,1244.24,Hadapsar,411028,Society,5.93,2.31,2.53,2.2,16575.78,7798583.57,15685.95,Builder,38
SYN-01586,synthetic,https://example.com/pune-listing/1586,1 RK,461.54,577.83,11,11,12,1,Semi-Furnished,1,2,0,0,2,Vitrified,1,1,1,0,0,Stilt,0,Municipal,2639.98,Kharadi,411014,Society,4.99,2.14,2.25,2.12,18477.55,4568083.38,9897.52,Builder,29
SYN-01587,synthetic,https://example.com/pune-listing/1587,2 BHK,452.39,529.2,10,11,15,1,Fully Furnished,1,2,2,1,2,Ceramic,1,1,0,1,1,Covered,1,Tanker,2694.21,Kharadi,411014,Society,3.55,1.35,2.12,2.38,29963.16,6279352.92,13880.26,Owner,39
SYN-01588,synthetic,https://example.com/pune-listing/1588,3 BHK,853.48,1089.54,3,16,8,1,Semi-Furnished,0,3,3,2,6,Ceramic,0,1,0,1,0,Bike,1,Municipal,2843.99,Hadapsar,411028,Society,4.56,2.55,2.87,2.19,28407.06,6957497.97,8151.91,Builder,22
SYN-01589,synthetic,https://example.com/pune-listing/1589,3 BHK,977.5,1065.97,3,15,12,1,Semi-Furnished,1,4,2,1,5,Vitrified,1,1,0,0,1,Open,1,Municipal,2859.24,Shivajinagar,411005,Society,1.16,6.75,1.24,1.62,36416.4,7064172.13,7226.8,Owner,5
SYN-01590,synthetic,https://example.com/pune-listing/1590,4 BHK,1338.27,1707.32,1,5,8,1,Semi-Furnished,1,4,4,4,7,Vitrified,1,1,1,1,0,None,1,Tanker,5790.66,Koregaon Park,411001,Society,2.37,3.71,1.58,1.53,87443.66,27740942.72,20728.88,Owner,11
SYN-01591,synthetic,https://example.com/pune-listing/1591,1 RK,433.33,535.51,11,13,10,1,Fully Furnished,1,1,1,0,2,Wooden,0,1,0,0,0,Covered,1,Borewell,1230.58,Aundh,411007,Standalone,3.64,3.49,1.32,1.42,21461.07,3547578.34,8186.73,Owner,22
SYN-01592,synthetic,https://example.com/pune-listing/1592,3 BHK,855.97,996.89,4,14,10,1,Fully Furnished,1,4,3,3,5,Ceramic,0,1,0,0,1,Bike,1,Borewell,5048.44,Kalyani Nagar,411006,Society,2.07,4.9,1.16,1.11,61848.57,20467447.09,23911.44,Broker,58
SYN-01593,synthetic,https://example.com/pune-listing/1593,2 BHK,810.31,1006.27,11,15,8,1,Semi-Furnished,1,2,3,1,2,Ceramic,1,1,1,1,0,Covered,1,Corporation + Borewell,3989.74,Kothrud,411038,Society,1.32,8.15,1.26,1.19,43253.99,7452149.06,9196.69,Builder,32
SYN-01594,synthetic,https://example.com/pune-listing/1594,1 BHK,477.84,555.89,18,19,9,1,Unfurnished,0,2,1,0,2,Wooden,0,0,0,0,1,Covered,1,Municipal,2379.77,Aundh,411007,Society,3.7,4.35,2.0,1.2,18235.45,3896739.6,8154.98,Owner,68
SYN-01595,synthetic,https://example.com/pune-listing/1595,2 BHK,734.24,911.97,17,17,12,1,Semi-Furnished,1,2,1,1,4,Wooden,0,0,0,1,1,Covered,0,Borewell,2417.45,Magarpatta,411013,Society,4.99,1.81,1.88,2.1,7500.0,6077844.92,8277.71,Owner,16
SYN-01596,synthetic,https://example.com/pune-listing/1596,2 BHK,776.05,907.81,11,21,8,1,Unfurnished,0,2,1,1,2,Wooden,1,1,0,0,0,Bike,0,Borewell,2177.69,Magarpatta,411013,Standalone,4.44,2.28,1.89,2.03,15202.98,4459504.12,5746.43,Owner,14
SYN-01597,synthetic,https://example.com/pune-listing/1597,3 BHK,1035.49,1146.88,6,15,3,1,Fully Furnished,1,4,4,2,4,Vitrified,1,1,1,0,0,None,0,Borewell,3738.69,Viman Nagar,411014,Society,2.8,5.73,1.75,2.03,40697.6,17421093.61,16824.0,Owner,64
SYN-01598,synthetic,https://example.com/pune-listing/1598,1 BHK,355.27,417.83,2,10,10,1,Semi-Furnished,1,1,2,0,2,Wooden,1,1,0,1,0,Stilt,1,Tanker,800.0,Aundh,411007,Society,2.26,3.54,1.68,1.62,11204.25,3559186.56,10018.35,Broker,10
SYN-01599,synthetic,https://example.com/pune-listing/1599,2 BHK,500.81,595.11,15,15,8,1,Semi-Furnished,1,2,2,1,3,Ceramic,1,1,1,1,0,Covered,1,Corporation + Borewell,2544.63,Kharadi,411014,Society,4.02,0.83,1.6,1.93,23071.36,8814658.77,17600.67,Owner,12
SYN-01600,synthetic,https://example.com/pune-listing/1600,1 BHK,483.32,594.97,7,10,10,1,Semi-Furnished,1,1,2,1,2,Vitrified,1,1,1,1,1,Covered,1,Municipal,,Kalyani Nagar,411006,Standalone,2.26,5.04,1.23,1.12,24919.38,12250555.1,25346.91,Builder,46
SYN-01601,synthetic,https://example.com/pune-listing/1601,3 BHK,1128.71,1339.78,8,9,8,1,Semi-Furnished,1,3,3,1,6,,1,1,0,0,1,Open,0,Corporation + Borewell,,Shivajinagar,411005,Society,1.77,6.7,0.96,1.26,37830.81,8689715.02,7698.8,Owner,20
SYN-01602,synthetic,https://example.com/pune-listing/1602,3 BHK,792.27,1007.76,4,11,7,1,Semi-Furnished,1,4,3,1,5,Vitrified,1,1,0,0,0,Stilt,1,Municipal,2776.12,Pimple Saudagar,411027,Society,3.41,5.39,1.17,2.11,31903.35,4924444.65,6215.63,Broker,9
SYN-01603,synthetic,https://example.com/pune-listing/1603,2 BHK,389.64,460.52,7,11,3,1,Semi-Furnished,1,2,2,0,4,Granite,1,1,0,0,0,Bike,0,Corporation + Borewell,1231.87,Wakad,411057,Society,5.12,2.87,1.17,2.16,7617.13,3445101.19,8841.7,Broker,36
SYN-01604,synthetic,https://example.com/pune-listing/1604,2 BHK,487.99,613.49,17,20,14,1,Semi-Furnished,1,2,2,0,4,Vitrified,1,1,0,0,0,Covered,0,Municipal,1605.59,Wakad,411057,Society,4.36,3.86,2.07,1.74,14413.9,3210630.3,6579.32,Owner,28
SYN-01605,synthetic,https://example.com/pune-listing/1605,2 BHK,783.88,861.32,9,14,12,1,Unfurnished,0,2,1,1,4,Vitrified,0,0,1,1,0,Open,0,Tanker,2074.42,Kharadi,411014,Standalone,4.3,1.68,2.15,1.74,19995.33,11771705.91,15017.24,,14
SYN-01606,synthetic,https://example.com/pune-listing/1606,2 BHK,561.85,625.99,0,11,10,1,Semi-Furnished,1,2,2,1,3,Wooden,0,0,1,1,0,Stilt,1,Corporation + Borewell,2371.69,Kothrud,411038,Society,0.95,7.29,1.25,1.54,9058.84,4063443.82,7232.28,Owner,37
SYN-01607,synthetic,https://example.com/pune-listing/1607,2 BHK,415.6,480.88,11,13,11,1,Semi-Furnished,1,1,2,1,3,Granite,1,1,0,0,0,Bike,1,Tanker,800.0,Wakad,411057,Society,5.19,4.1,2.45,1.54,11495.08,3299387.09,7938.94,Owner,51
SYN-01608,synthetic,https://example.com/pune-listing/1608,3 BHK,1202.59,,4,15,3,1,Fully Furnished,1,4,4,3,4,Vitrified,1,1,0,1,0,Covered,1,Municipal,5362.89,Baner,411045,Society,2.84,2.85,1.75,2.43,90405.72,32843927.1,27311.06,Owner,44
SYN-01609,synthetic,https://example.com/pune-listing/1609,2 BHK,440.72,552.52,6,14,7,1,Semi-Furnished,1,2,2,1,4,Vitrified,0,0,0,1,0,Covered,0,Corporation + Borewell,1137.25,Pimple Saudagar,411027,Standalone,4.11,6.12,1.83,1.96,7500.0,2965151.29,6727.91,Broker,16
SYN-01610,synthetic,https://example.com/pune-listing/1610,2 BHK,547.19,614.31,8,13,12,1,Semi-Furnished,1,2,2,1,2,Granite,1,1,0,0,0,Stilt,0,Corporation + Borewell,,Pimple Saudagar,411027,Society,4.29,4.45,1.33,2.15,9650.87,6331972.06,11571.88,Owner,36
SYN-01611,synthetic,https://example.com/pune-listing/1611,1 RK,432.76,544.45,4,9,12,1,Semi-Furnished,1,2,1,0,1,Vitrified,1,1,0,0,0,Covered,1,Corporation + Borewell,1525.23,Shivajinagar,411005,Standalone,0.45,7.82,0.57,1.31,10620.18,3690516.47,8527.92,Owner,35
SYN-01612,synthetic,https://example.com/pune-listing/1612,2 BHK,464.86,546.35,0,10,9,1,Fully Furnished,1,3,2,1,3,Wooden,1,1,0,1,0,Covered,1,Corporation + Borewell,1563.86,Pimple Saudagar,411027,Society,4.23,4.71,1.4,1.65,11108.15,3213420.15,6912.59,Owner,43
SYN-01613,synthetic,https://example.com/pune-listing/1613,4 BHK,1275.7,1594.0,8,15,4,1,Semi-Furnished,1,5,4,2,5,Ceramic,1,1,0,1,0,Covered,0,Municipal,2781.92,Hadapsar,411028,Society,6.56,1.23,2.67,1.84,25101.04,18002818.16,14112.13,Broker,25
SYN-01614,synthetic,https://example.com/pune-listing/1614,2 BHK,826.4,,11,17,7,1,Fully Furnished,1,3,1,1,4,Marble,1,1,0,0,0,Covered,0,Corporation + Borewell,2522.99,Hinjewadi,411057,Society,5.97,0.75,2.62,2.95,23502.87,5742612.55,6948.98,Builder,50
SYN-01615,synthetic,https://example.com/pune-listing/1615,1 BHK,395.68,492.0,4,13,4,1,Semi-Furnished,1,1,3,0,1,Ceramic,0,0,0,1,0,Covered,1,Borewell,800.0,Wakad,411057,Standalone,4.96,2.16,1.52,2.13,8903.05,3081108.11,7786.85,Owner,19
SYN-01616,synthetic,https://example.com/pune-listing/1616,1 BHK,418.31,513.3,2,5,11,1,Fully Furnished,1,1,0,1,1,Ceramic,1,1,0,1,1,Covered,1,Municipal,1948.79,Baner,411045,Standalone,2.96,3.63,1.97,2.34,23821.44,13993636.91,33452.4,Broker,34
SYN-01617,synthetic,https://example.com/pune-listing/1617,1 RK,415.09,477.84,15,15,11,1,Unfurnished,1,2,1,0,2,Vitrified,1,1,0,0,0,Open,1,Municipal,1727.68,Hadapsar,411028,Standalone,5.57,3.04,1.77,1.95,9721.29,2983341.66,7187.26,Broker,20
SYN-01618,synthetic,https://example.com/pune-listing/1618,2 BHK,495.59,627.47,12,14,12,1,Semi-Furnished,1,2,1,2,3,Vitrified,0,0,1,1,1,Covered,0,Municipal,3085.92,Koregaon Park,411001,Standalone,2.32,4.8,1.73,1.08,19765.97,12980362.21,26191.63,Builder,7
SYN-01619,synthetic,https://example.com/pune-listing/1619,3 BHK,796.59,881.6,9,11,13,1,Unfurnished,1,4,4,2,3,Vitrified,1,1,1,0,1,None,1,Borewell,4156.27,Kothrud,411038,Society,2.23,7.09,1.53,1.41,29876.24,6602803.95,8288.8,Builder,10
SYN-01620,synthetic,https://example.com/pune-listing/1620,2 BHK,515.92,614.3,10,15,9,1,Unfurnished,0,1,2,1,3,Vitrified,0,1,0,0,0,Open,0,Borewell,838.08,Nigdi,411044,Standalone,4.13,10.59,2.16,2.17,13765.51,5005089.95,9701.22,Builder,27
SYN-01621,synthetic,https://example.com/pune-listing/1621,1 RK,349.84,400.69,10,16,3,1,Unfurnished,1,1,0,0,2,Wooden,1,0,0,1,1,Covered,1,Corporation + Borewell,2175.91,Kothrud,411038,Standalone,1.79,7.9,0.99,1.44,16499.91,5019048.53,14346.55,Owner,59
SYN-01622,synthetic,https://example.com/pune-listing/1622,1 BHK,504.77,567.99,14,17,15,1,Unfurnished,1,1,1,0,2,Marble,0,0,0,0,0,Stilt,0,Tanker,855.49,Wakad,411057,Standalone,4.71,2.32,2.1,2.0,7500.0,3001403.04,5946.12,Owner,14
SYN-01623,synthetic,https://example.com/pune-listing/1623,2 BHK,780.39,946.06,7,15,4,1,Unfurnished,0,2,1,1,3,Ceramic,0,0,0,0,0,Covered,1,Municipal,1728.25,Hadapsar,411028,Standalone,4.85,2.81,1.75,2.21,20909.69,5392316.43,6909.74,Owner,16
SYN-01624,synthetic,https://example.com/pune-listing/1624,2 BHK,758.09,956.9,3,9,10,1,Semi-Furnished,1,2,2,1,3,,1,0,1,1,0,Covered,1,Borewell,2843.19,Viman Nagar,411014,Society,2.54,4.81,1.57,1.41,24659.57,7247528.58,9560.22,Broker,12
SYN-01625,synthetic,https://example.com/pune-listing/1625,2 BHK,572.43,726.47,4,18,11,1,Semi-Furnished,1,2,2,2,3,Wooden,1,1,1,1,1,Open,1,Corporation + Borewell,2776.53,Koregaon Park,411001,Standalone,2.52,4.22,0.95,0.98,42939.41,15102168.28,26382.34,Owner,9
SYN-01626,synthetic,https://example.com/pune-listing/1626,2 BHK,556.83,602.24,5,13,4,1,Fully Furnished,1,2,0,1,2,Granite,1,1,0,0,0,Covered,0,Municipal,1308.64,Pimple Saudagar,411027,Society,4.31,4.31,0.81,1.67,18269.21,4139818.73,7434.66,Owner,36
SYN-01627,synthetic,https://example.com/pune-listing/1627,4 BHK,1591.76,1984.9,12,14,6,1,Semi-Furnished,1,5,4,3,6,Wooden,1,1,0,0,0,Covered,0,Tanker,4108.95,Hadapsar,411028,Society,5.54,3.1,1.65,2.29,36485.74,12819848.94,8053.87,Broker,16
SYN-01628,synthetic,https://example.com/pune-listing/1628,1 BHK,384.46,466.02,12,16,10,1,Fully Furnished,1,1,1,0,2,Wooden,1,1,0,0,0,Covered,0,Borewell,1101.88,Nigdi,411044,Society,4.29,11.15,1.52,2.39,7797.76,5113526.36,13300.43,Builder,55
SYN-01629,synthetic,https://example.com/pune-listing/1629,3 BHK,1338.44,1679.49,3,15,5,1,Semi-Furnished,1,4,3,2,4,Ceramic,0,0,0,0,1,Covered,0,Borewell,2772.91,Hadapsar,411028,Society,5.71,2.36,2.88,2.04,43892.34,8944677.22,6682.89,Owner,43
SYN-01630,synthetic,https://example.com/pune-listing/1630,1 RK,422.84,524.06,9,11,6,1,Semi-Furnished,1,1,1,0,2,Granite,1,1,0,1,0,Stilt,0,Municipal,1798.11,Wakad,411057,Society,4.84,3.47,2.62,2.01,15083.75,3460234.16,8183.35,Owner,16
SYN-01631,synthetic,https://example.com/pune-listing/1631,2 BHK,664.16,769.14,9,14,11,1,Semi-Furnished,1,3,2,1,2,Marble,1,1,1,0,1,None,0,Corporation + Borewell,2328.0,Kothrud,411038,Standalone,2.44,8.12,1.1,1.52,31759.71,6682946.59,10062.19,Owner,23
SYN-01632,synthetic,https://example.com/pune-listing/1632,2 BHK,453.6,505.2,7,19,7,1,Unfurnished,0,2,2,1,3,,0,0,0,0,1,Covered,1,Municipal,994.79,Wakad,411057,Standalone,4.29,3.01,2.01,1.92,8204.32,3273770.58,7217.32,Broker,14
SYN-01633,synthetic,https://example.com/pune-listing/1633,3 BHK,1105.17,1274.24,4,10,8,1,Semi-Furnished,1,4,3,3,5,Granite,1,1,1,1,1,Open,1,Tanker,5844.58,Baner,411045,Society,2.37,3.07,1.74,2.19,78239.46,28628874.34,25904.55,Owner,51
SYN-01634,synthetic,https://example.com/pune-listing/1634,1 RK,422.4,501.71,6,17,8,1,Unfurnished,1,1,0,0,1,Ceramic,1,1,0,0,0,Covered,0,Municipal,800.0,Pimple Saudagar,411027,Society,4.65,4.8,1.6,1.99,10898.56,2800000.0,6628.83,,27
SYN-01635,synthetic,https://example.com/pune-listing/1635,2 BHK,749.6,917.24,1,14,11,1,Semi-Furnished,0,2,3,1,2,Granite,1,1,1,0,0,Open,1,Corporation + Borewell,3702.06,Kharadi,411014,Standalone,4.69,2.69,2.35,2.22,33198.62,8741446.04,11661.42,Broker,10
SYN-01636,synthetic,https://example.com/pune-listing/1636,1 BHK,485.66,607.07,11,15,4,1,Semi-Furnished,1,2,0,1,1,Granite,1,1,1,1,0,Open,1,Tanker,2322.46,Koregaon Park,411001,Society,2.39,5.22,2.0,1.09,38651.95,5938473.62,12227.66,Builder,12
SYN-01637,synthetic,https://example.com/pune-listing/1637,4 BHK,937.93,1181.81,7,12,6,1,Semi-Furnished,1,4,4,3,6,Vitrified,0,0,0,0,0,Covered,1,Corporation + Borewell,,Pimple Saudagar,411027,Society,3.41,4.95,1.25,1.3,21309.55,11128426.18,11864.84,Broker,48
SYN-01638,synthetic,https://example.com/pune-listing/1638,2 BHK,705.35,776.88,7,17,18,1,Semi-Furnished,1,3,2,1,3,Vitrified,1,1,0,0,0,Open,1,,1901.19,Magarpatta,411013,Society,5.88,1.4,1.81,1.81,12364.2,4472426.18,6340.75,Broker,18
SYN-01639,synthetic,https://example.com/pune-listing/1639,3 BHK,892.18,976.7,10,16,7,1,Unfurnished,1,3,2,1,5,Wooden,0,0,1,1,1,Stilt,0,Municipal,3466.01,Shivajinagar,411005,Standalone,1.31,5.85,1.08,1.57,40774.89,8445226.13,9465.81,Broker,27
SYN-01640,synthetic,https://example.com/pune-listing/1640,2 BHK,682.67,739.48,10,10,7,1,Semi-Furnished,1,2,2,1,3,Granite,1,1,0,0,0,Stilt,0,Borewell,2571.98,Kharadi,411014,Society,4.24,1.64,1.88,2.09,28838.66,6773690.34,9922.41,Owner,24
SYN-01641,synthetic,https://example.com/pune-listing/1641,4 BHK,1582.73,1943.61,11,19,9,1,Semi-Furnished,1,4,4,2,5,Vitrified,1,1,0,1,0,Covered,0,Municipal,4307.16,Wakad,411057,Society,4.3,3.46,2.11,2.18,30634.74,12937619.56,8174.22,Owner,10
SYN-01642,synthetic,https://example.com/pune-listing/1642,3 BHK,789.58,897.93,6,14,4,1,Semi-Furnished,1,3,3,2,4,Ceramic,1,1,1,0,0,Open,0,Municipal,2078.22,Shivajinagar,411005,Society,1.52,7.26,1.03,1.69,23689.3,8484537.48,10745.59,Broker,33
SYN-01643,synthetic,https://example.com/pune-listing/1643,3 BHK,1211.45,1462.37,2,10,3,1,Semi-Furnished,1,3,2,2,5,Vitrified,1,1,0,1,1,Stilt,1,Municipal,4592.15,Viman Nagar,411014,Society,1.82,5.04,1.85,1.41,40580.51,19559239.47,16145.29,Broker,4
SYN-01644,synthetic,https://example.com/pune-listing/1644,1 BHK,412.57,455.25,9,18,0,1,Fully Furnished,1,1,0,0,2,Wooden,1,1,0,0,0,Covered,1,Corporation + Borewell,875.33,Kharadi,411014,Society,3.67,1.76,1.71,1.61,23050.93,6850677.76,16604.78,Broker,5
SYN-01645,synthetic,https://example.com/pune-listing/1645,3 BHK,1123.19,1423.82,7,12,12,1,Semi-Furnished,1,4,3,1,5,Vitrified,1,1,0,0,0,Covered,0,Corporation + Borewell,2769.71,Hadapsar,411028,Society,6.36,2.39,1.95,1.71,26059.33,6989148.15,6222.59,Broker,39
SYN-01646,synthetic,https://example.com/pune-listing/1646,2 BHK,699.32,860.12,10,10,10,1,Semi-Furnished,1,3,2,0,3,Ceramic,1,1,0,0,0,Open,1,Tanker,1458.89,Aundh,411007,Society,3.63,3.92,1.45,2.1,21335.49,6443324.3,9213.69,Owner,21
SYN-01647,synthetic,https://example.com/pune-listing/1647,2 BHK,448.87,486.99,0,9,5,1,Fully Furnished,1,3,3,1,2,Vitrified,0,0,1,0,1,Covered,0,Corporation + Borewell,1646.52,Kalyani Nagar,411006,Society,2.32,5.56,1.32,1.4,39311.04,13402225.52,29857.71,Owner,80
SYN-01648,synthetic,https://example.com/pune-listing/1648,3 BHK,852.17,1060.61,3,6,6,1,Semi-Furnished,1,3,2,2,5,Ceramic,1,1,0,1,0,,0,Corporation + Borewell,2843.91,Koregaon Park,411001,Society,2.31,5.61,2.07,1.56,56864.93,23447232.02,27514.8,Builder,25
SYN-01649,synthetic,https://example.com/pune-listing/1649,2 BHK,599.18,718.42,14,14,7,1,Unfurnished,1,3,2,0,4,Marble,1,1,0,0,1,Covered,1,,2353.08,Viman Nagar,411014,Society,2.31,6.09,1.32,1.5,23361.46,8601148.18,14354.96,Owner,28
SYN-01650,synthetic,https://example.com/pune-listing/1650,4 BHK,1474.05,1697.86,8,8,12,1,Fully Furnished,1,4,4,2,6,Granite,1,1,0,0,1,Stilt,0,Municipal,6995.24,Viman Nagar,411014,Society,2.2,5.03,1.87,1.75,51088.77,23425431.47,15891.93,Owner,40
SYN-01651,synthetic,https://example.com/pune-listing/1651,3 BHK,991.12,1145.59,5,15,8,1,Unfurnished,0,3,3,1,3,Marble,0,0,0,0,0,Open,1,Municipal,3406.02,Kothrud,411038,Society,0.97,6.55,1.34,1.57,36338.26,7129667.07,7193.55,Owner,14
SYN-01652,synthetic,https://example.com/pune-listing/1652,2 BHK,571.85,627.12,7,13,12,1,Semi-Furnished,1,4,3,1,2,Vitrified,1,1,0,0,0,Stilt,0,Municipal,1457.19,Hinjewadi,411057,Society,5.99,0.75,2.32,2.69,23182.23,4283434.59,7490.48,Broker,35
SYN-01653,synthetic,https://example.com/pune-listing/1653,3 BHK,829.35,943.88,1,11,8,1,Semi-Furnished,1,3,3,2,4,Granite,0,0,1,1,1,Covered,0,Tanker,3309.13,Kothrud,411038,Standalone,2.65,7.53,0.91,1.45,37917.29,7554900.29,9109.44,Broker,50
SYN-01654,synthetic,https://example.com/pune-listing/1654,2 BHK,691.27,,17,19,10,1,Unfurnished,0,2,1,1,4,Vitrified,1,0,0,0,0,Covered,0,Tanker,2713.71,Hadapsar,411028,Society,5.65,0.39,2.27,1.89,20364.19,4818693.27,6970.79,Broker,14
SYN-01655,synthetic,https://example.com/pune-listing/1655,3 BHK,911.5,1113.72,2,11,6,1,Semi-Furnished,1,3,1,1,5,Wooden,1,1,0,0,0,Covered,0,Tanker,5466.43,Kharadi,411014,Society,3.68,2.81,1.97,1.69,26768.25,7652279.34,8395.29,Broker,16
SYN-01656,synthetic,https://example.com/pune-listing/1656,1 RK,403.18,,2,8,19,1,Semi-Furnished,1,1,0,0,2,Ceramic,1,1,0,1,1,Covered,1,Municipal,1494.65,Kharadi,411014,Society,4.45,2.01,2.31,1.98,11037.83,3161225.8,7840.66,Broker,63
SYN-01657,synthetic,https://example.com/pune-listing/1657,3 BHK,744.62,952.62,5,10,9,1,Semi-Furnished,1,3,3,3,5,Granite,1,1,1,1,1,Open,1,Municipal,3911.41,Koregaon Park,411001,Society,2.32,3.81,1.48,0.9,54352.47,21598438.02,29005.92,Owner,47
SYN-01658,synthetic,https://example.com/pune-listing/1658,2 BHK,418.5,456.08,1,12,10,1,Semi-Furnished,1,3,3,1,3,Wooden,1,1,0,0,0,Covered,0,Corporation + Borewell,1028.25,Hinjewadi,411057,Society,5.88,0.81,2.39,2.59,18455.76,5208364.95,12445.31,Broker,6
SYN-01659,synthetic,https://example.com/pune-listing/1659,2 BHK,312.98,355.45,1,18,6,1,Semi-Furnished,0,2,1,1,4,Ceramic,0,0,1,0,1,Covered,1,Corporation + Borewell,1317.1,Aundh,411007,Standalone,4.51,2.59,1.79,1.72,12822.38,2800000.0,8946.32,Broker,14
SYN-01660,synthetic,https://example.com/pune-listing/1660,1 BHK,372.95,419.02,5,11,4,1,Fully Furnished,1,1,0,1,1,Marble,0,1,0,1,1,Covered,1,Municipal,2251.15,Kalyani Nagar,411006,Society,2.14,5.1,1.58,1.32,24589.46,12476116.46,33452.63,Owner,1
SYN-01661,synthetic,https://example.com/pune-listing/1661,1 RK,348.59,415.44,9,14,3,1,Unfurnished,1,1,1,0,1,Granite,1,1,0,0,0,Covered,1,Municipal,817.43,Hinjewadi,411057,Society,5.9,1.0,2.45,2.51,7500.0,2800000.0,8032.42,Owner,24
SYN-01662,synthetic,https://example.com/pune-listing/1662,2 BHK,508.89,636.98,2,20,7,1,Unfurnished,0,2,2,1,3,Granite,1,1,0,0,0,Covered,1,Municipal,823.46,Hinjewadi,411057,Society,6.14,0.64,2.5,2.55,15465.27,3407155.31,6695.25,Builder,7
SYN-01663,synthetic,https://example.com/pune-listing/1663,4 BHK,1541.31,1911.26,8,14,12,1,Semi-Furnished,1,4,4,2,5,Wooden,0,0,0,0,0,None,0,Municipal,,Nigdi,411044,Standalone,2.65,12.23,2.06,2.8,33442.95,12277334.95,7965.52,Owner,6
SYN-01664,synthetic,https://example.com/pune-listing/1664,1 BHK,308.48,355.67,4,16,4,1,Fully Furnished,1,1,1,0,2,Vitrified,1,1,1,0,0,Covered,1,Borewell,1763.4,Kothrud,411038,Society,2.25,6.96,1.02,1.16,12279.28,4915650.68,15935.11,Builder,38
SYN-01665,synthetic,https://example.com/pune-listing/1665,1 BHK,511.53,641.57,16,16,16,1,Semi-Furnished,1,1,0,0,1,Ceramic,1,1,0,0,0,Open,0,Municipal,800.0,Hinjewadi,411057,Society,6.21,0.2,2.79,2.78,14964.62,4131153.16,8076.03,Owner,28
SYN-01666,synthetic,https://example.com/pune-listing/1666,1 BHK,417.23,530.49,8,19,11,1,Semi-Furnished,1,1,0,0,1,Vitrified,1,1,0,0,0,Bike,0,Municipal,1869.48,Wakad,411057,Society,4.32,3.13,1.85,2.47,12344.91,5023870.0,12041.0,Broker,41
SYN-01667,synthetic,https://example.com/pune-listing/1667,4 BHK,1559.81,1991.16,8,12,6,1,Semi-Furnished,1,5,4,3,6,Ceramic,0,1,1,1,1,Covered,1,Municipal,8521.93,Kalyani Nagar,411006,Standalone,1.48,4.17,1.45,1.49,111413.78,44134271.71,28294.68,Owner,33
SYN-01668,synthetic,https://example.com/pune-listing/1668,3 BHK,1080.36,1181.53,9,17,8,1,Semi-Furnished,1,3,3,1,5,Ceramic,0,0,1,1,0,Open,1,Borewell,4002.29,Wakad,411057,Standalone,4.73,2.0,2.25,2.52,33594.96,6957379.03,6439.85,Broker,52
SYN-01669,synthetic,https://example.com/pune-listing/1669,2 BHK,620.08,769.34,9,11,9,1,Unfurnished,0,2,2,2,3,Vitrified,1,1,1,1,1,Covered,1,Borewell,2367.08,Baner,411045,Society,3.68,2.5,1.95,2.14,20899.8,6556969.97,10574.33,Broker,36
SYN-01670,synthetic,https://example.com/pune-listing/1670,2 BHK,638.48,766.02,6,13,11,1,Semi-Furnished,1,3,1,1,4,Vitrified,1,1,1,0,1,Covered,0,Municipal,2063.41,Viman Nagar,411014,Society,3.14,5.77,2.03,1.16,19468.65,5828876.08,9129.34,Broker,18
SYN-01671,synthetic,https://example.com/pune-listing/1671,3 BHK,997.01,1270.93,2,11,10,1,Semi-Furnished,1,3,4,1,6,Ceramic,1,1,0,1,0,Covered,0,Tanker,2456.15,Wakad,411057,Society,5.14,1.7,2.08,2.16,34688.63,6917912.74,6938.63,Broker,22
SYN-01672,synthetic,https://example.com/pune-listing/1672,1 RK,422.7,456.79,7,13,9,1,Semi-Furnished,1,2,1,0,1,Granite,0,1,0,1,0,Covered,0,Municipal,939.59,Hinjewadi,411057,Society,5.86,0.31,2.38,2.64,8248.07,4022920.73,9517.3,Owner,2
SYN-01673,synthetic,https://example.com/pune-listing/1673,4 BHK,1191.54,1485.44,1,11,9,1,Semi-Furnished,0,5,3,4,7,Marble,0,1,1,1,1,None,0,Corporation + Borewell,4799.01,Kalyani Nagar,411006,Standalone,2.68,4.8,0.72,1.19,80293.41,27795598.2,23327.49,Broker,12
SYN-01674,synthetic,https://example.com/pune-listing/1674,1 BHK,460.6,582.03,7,14,9,1,Fully Furnished,1,1,0,0,1,Vitrified,0,0,0,0,1,Open,1,Municipal,1497.23,Nigdi,411044,Society,4.13,10.57,2.28,2.71,20528.65,4108625.75,8920.12,Owner,108
SYN-01675,synthetic,https://example.com/pune-listing/1675,1 RK,381.19,430.15,7,11,16,1,Semi-Furnished,1,1,1,0,1,Marble,0,1,0,0,1,Covered,1,Tanker,1482.87,Viman Nagar,411014,Society,1.98,6.41,1.64,1.3,14473.99,3544705.56,9299.06,Broker,21
SYN-01676,synthetic,https://example.com/pune-listing/1676,1 BHK,427.44,464.68,2,14,12,1,Unfurnished,1,2,0,0,2,Ceramic,1,1,1,0,0,Bike,0,Municipal,957.89,Magarpatta,411013,Society,4.6,2.43,1.88,2.34,9591.63,2800000.0,6550.6,Owner,11
SYN-01677,synthetic,https://example.com/pune-listing/1677,2 BHK,522.83,574.6,16,18,9,1,Unfurnished,0,2,1,1,2,Granite,1,1,0,0,0,Covered,0,Borewell,1119.35,Hinjewadi,411057,Society,5.99,3.44,2.33,2.32,14822.1,3148586.03,6022.25,Owner,32
SYN-01678,synthetic,https://example.com/pune-listing/1678,2 BHK,749.49,926.84,7,15,2,1,Unfurnished,1,2,1,1,3,Vitrified,0,1,0,0,0,Covered,1,Municipal,1948.8,Nigdi,411044,Standalone,3.64,10.48,1.81,2.2,22260.41,5604587.11,7477.92,Owner,15
SYN-01679,synthetic,https://example.com/pune-listing/1679,1 RK,354.98,411.01,0,10,15,1,Semi-Furnished,1,1,0,0,1,Marble,0,0,0,0,0,Open,0,Tanker,2055.14,Magarpatta,411013,Society,5.07,2.2,1.8,2.11,9080.79,2800000.0,7887.77,Owner,11
SYN-01680,synthetic,https://example.com/pune-listing/1680,4 BHK,1103.95,1319.61,1,6,9,1,Semi-Furnished,1,4,3,4,8,Marble,0,1,1,1,1,Covered,1,Municipal,6396.56,Koregaon Park,411001,Standalone,2.09,4.81,1.51,0.66,76905.01,25129039.3,22762.92,Owner,17
SYN-01681,synthetic,https://example.com/pune-listing/1681,1 BHK,363.28,454.02,3,5,9,1,Unfurnished,0,1,1,0,1,Ceramic,1,0,0,0,0,Open,0,Municipal,896.74,Aundh,411007,Society,3.79,4.0,1.38,1.51,16024.41,4676336.94,12872.56,Owner,15
SYN-01682,synthetic,https://example.com/pune-listing/1682,5 BHK,1289.96,1448.9,7,12,7,1,Semi-Furnished,1,5,5,3,8,Granite,1,1,1,0,0,Covered,0,Corporation + Borewell,,Nigdi,411044,Standalone,3.18,9.89,1.92,2.27,39610.6,10325629.15,8004.59,Broker,11
SYN-01683,synthetic,https://example.com/pune-listing/1683,3 BHK,1240.63,1482.34,10,14,5,1,Semi-Furnished,1,4,3,1,3,Marble,1,1,0,1,0,Open,0,Corporation + Borewell,4807.67,Kothrud,411038,Society,2.66,6.87,1.23,1.36,43554.7,10418996.02,8398.15,Broker,10
SYN-01684,synthetic,https://example.com/pune-listing/1684,2 BHK,650.22,703.61,11,15,15,1,Semi-Furnished,1,2,2,1,4,Ceramic,1,1,0,0,1,Covered,0,Tanker,1361.13,Pimple Saudagar,411027,Society,3.41,6.7,1.76,1.71,17583.34,3788648.24,5826.74,Broker,23
SYN-01685,synthetic,https://example.com/pune-listing/1685,2 BHK,687.19,797.35,15,15,0,1,Unfurnished,1,2,1,0,2,Granite,1,0,1,1,0,Covered,0,Borewell,2121.28,Shivajinagar,411005,Society,0.41,6.2,0.98,1.78,18521.76,9756850.41,14198.11,,46
SYN-01686,synthetic,https://example.com/pune-listing/1686,3 BHK,1098.3,1275.11,6,8,6,1,Fully Furnished,1,3,4,2,4,Vitrified,1,1,1,1,1,Covered,1,Corporation + Borewell,6142.04,Baner,411045,Society,3.1,3.08,1.73,2.43,69294.58,16413754.52,14944.7,Owner,9
SYN-01687,synthetic,https://example.com/pune-listing/1687,1 BHK,376.82,471.05,4,13,13,1,Semi-Furnished,1,1,0,0,1,Marble,0,0,0,1,0,Open,0,Municipal,1333.38,Kharadi,411014,Standalone,4.34,1.45,2.33,1.7,9641.98,2897906.82,7690.44,Broker,25
SYN-01688,synthetic,https://example.com/pune-listing/1688,2 BHK,783.78,909.19,6,15,12,1,Semi-Furnished,1,3,2,0,3,Granite,1,1,0,0,0,Covered,1,Corporation + Borewell,2300.51,Hinjewadi,411057,Society,5.67,2.1,2.77,2.71,19848.25,5792952.03,7391.05,Broker,26
SYN-01689,synthetic,https://example.com/pune-listing/1689,3 BHK,1244.12,1449.35,5,10,10,1,Semi-Furnished,0,3,1,2,5,Granite,1,1,1,1,0,Covered,1,Municipal,5708.12,Baner,411045,Society,2.54,4.5,1.82,2.22,54293.04,15693246.62,12613.92,Owner,7
SYN-01690,synthetic,https://example.com/pune-listing/1690,2 BHK,634.76,758.71,4,10,7,1,Semi-Furnished,1,2,2,0,2,Ceramic,1,1,1,1,0,Covered,1,Tanker,2400.1,Viman Nagar,411014,Society,2.07,6.27,1.61,1.35,30481.71,8079755.41,12728.91,Broker,24
SYN-01691,synthetic,https://example.com/pune-listing/1691,5 BHK,2140.06,2426.03,1,7,10,1,Semi-Furnished,1,5,5,3,9,Ceramic,1,1,1,1,1,Covered,0,Tanker,10787.27,Kalyani Nagar,411006,Society,1.44,4.0,1.24,0.86,142570.58,28384553.5,13263.46,Owner,38
SYN-01692,synthetic,https://example.com/pune-listing/1692,4 BHK,1144.85,1236.74,5,13,12,1,Semi-Furnished,1,5,4,2,5,Granite,1,1,0,1,1,Bike,1,Tanker,3863.19,Viman Nagar,411014,Society,2.79,5.79,1.82,1.86,34531.08,10692466.68,9339.61,Owner,15
SYN-01693,synthetic,https://example.com/pune-listing/1693,2 BHK,539.34,661.62,3,10,13,1,Semi-Furnished,1,3,3,0,4,Vitrified,1,0,0,1,1,None,1,Corporation + Borewell,2745.67,Kothrud,411038,Society,0.74,8.06,0.51,1.15,22425.76,5138616.12,9527.63,Broker,22
SYN-01694,synthetic,https://example.com/pune-listing/1694,4 BHK,1274.98,,9,12,9,1,Semi-Furnished,1,5,5,4,8,Ceramic,0,0,0,1,0,Covered,0,Municipal,3666.52,Shivajinagar,411005,Society,1.45,7.01,0.99,1.25,55428.14,12472777.25,9782.71,Owner,27
SYN-01695,synthetic,https://example.com/pune-listing/1695,3 BHK,846.48,1064.72,7,11,15,1,Fully Furnished,1,4,3,2,3,Marble,1,1,0,0,0,Stilt,1,Borewell,2156.78,Nigdi,411044,Society,3.28,10.96,1.47,2.39,24275.22,11741357.23,13870.72,Owner,8
SYN-01696,synthetic,https://example.com/pune-listing/1696,3 BHK,985.1,1176.15,5,7,7,1,Fully Furnished,1,3,2,2,4,Vitrified,1,1,1,1,1,Covered,1,Municipal,4299.41,Koregaon Park,411001,Society,3.23,5.26,1.93,1.47,49241.02,17547369.61,17812.77,Builder,29
SYN-01697,synthetic,https://example.com/pune-listing/1697,4 BHK,1295.1,1618.09,16,16,11,1,Unfurnished,0,5,3,3,5,Vitrified,0,0,1,0,1,Open,0,Corporation + Borewell,4293.44,Hinjewadi,411057,Standalone,5.19,1.71,2.31,2.76,27349.2,12798101.41,9881.93,Broker,44
SYN-01698,synthetic,https://example.com/pune-listing/1698,1 BHK,405.01,514.67,7,18,9,1,Semi-Furnished,1,1,0,0,2,Vitrified,1,1,0,1,0,Open,1,Corporation + Borewell,1596.97,Aundh,411007,Society,3.6,4.71,1.09,1.6,17075.94,3661638.63,9040.78,Owner,31
SYN-01699,synthetic,https://example.com/pune-listing/1699,2 BHK,557.31,621.62,4,18,6,1,Semi-Furnished,1,2,3,1,2,Ceramic,1,1,0,0,0,Covered,0,,1050.9,Nigdi,411044,Society,4.18,10.56,1.68,2.11,18648.64,3171285.46,5690.34,Broker,22
SYN-01700,synthetic,https://example.com/pune-listing/1700,2 BHK,713.76,886.84,5,15,10,1,Unfurnished,0,2,0,1,3,Vitrified,0,1,1,1,0,Open,0,Corporation + Borewell,2194.4,Hadapsar,411028,Standalone,5.45,2.48,2.73,2.01,11566.34,4184636.4,5862.79,Broker,16
SYN-01701,synthetic,https://example.com/pune-listing/1701,3 BHK,1154.65,1338.84,1,11,4,1,Semi-Furnished,1,4,2,2,5,,1,0,0,0,1,Covered,1,Municipal,3915.06,Kharadi,411014,Society,4.38,1.01,2.12,2.02,49279.96,9204207.12,7971.4,Broker,51
SYN-01702,synthetic,https://example.com/pune-listing/1702,2 BHK,583.02,630.17,5,13,2,1,Fully Furnished,1,3,1,1,2,Marble,1,1,1,0,0,Covered,0,Tanker,1292.89,Wakad,411057,Society,5.6,2.54,1.86,2.03,20135.4,4258464.02,7304.21,Owner,3
SYN-01703,synthetic,https://example.com/pune-listing/1703,3 BHK,1049.21,1135.11,8,9,9,1,Semi-Furnished,1,3,2,1,4,Vitrified,1,1,1,1,1,Bike,1,Borewell,3787.68,Viman Nagar,411014,Society,1.82,3.93,1.29,1.46,49692.39,11126191.37,10604.35,Broker,12
SYN-01704,synthetic,https://example.com/pune-listing/1704,1 RK,370.94,433.13,9,12,9,1,Semi-Furnished,1,1,1,0,1,Vitrified,1,1,1,1,0,Covered,0,Municipal,800.0,Viman Nagar,411014,Society,1.84,6.33,2.12,1.07,11677.92,2800000.0,7548.46,Broker,15
SYN-01705,synthetic,https://example.com/pune-listing/1705,2 BHK,693.54,776.46,0,16,9,1,Unfurnished,1,2,1,1,4,Vitrified,0,0,0,0,0,Open,0,Municipal,1661.57,Hinjewadi,411057,Society,6.31,0.92,2.4,2.4,14444.21,3343181.93,4820.43,Broker,32
SYN-01706,synthetic,https://example.com/pune-listing/1706,4 BHK,1748.04,2055.55,8,15,9,1,Unfurnished,0,4,3,1,7,Marble,1,0,0,1,0,Open,1,Municipal,5178.22,Magarpatta,411013,Society,4.86,0.8,1.49,2.1,46982.36,21722828.25,12426.94,Owner,42
SYN-01707,synthetic,https://example.com/pune-listing/1707,3 BHK,938.04,1050.27,9,16,15,1,Semi-Furnished,1,3,3,1,5,Granite,0,0,0,1,0,Covered,0,Corporation + Borewell,2166.74,Hinjewadi,411057,Standalone,5.42,1.7,2.26,2.41,19516.4,6227986.18,6639.34,Owner,29
SYN-01708,synthetic,https://example.com/pune-listing/1708,2 BHK,556.07,679.94,6,11,6,1,Unfurnished,1,2,2,1,2,Marble,0,0,0,1,1,,1,Municipal,3018.93,Shivajinagar,411005,Standalone,1.15,7.37,1.44,1.17,19634.69,4458618.68,8018.09,Owner,11
SYN-01709,synthetic,https://example.com/pune-listing/1709,2 BHK,839.89,958.94,3,6,6,1,Fully Furnished,1,2,2,1,4,Vitrified,1,0,1,0,0,,1,Corporation + Borewell,2493.11,Kothrud,411038,Society,1.68,7.92,1.31,2.14,43007.13,8680014.09,10334.72,Owner,27
SYN-01710,synthetic,https://example.com/pune-listing/1710,3 BHK,1135.53,1401.91,1,17,14,1,Fully Furnished,1,4,3,2,6,Vitrified,1,1,0,0,0,None,0,Municipal,2424.65,Magarpatta,411013,Society,5.19,1.37,1.83,2.11,36930.69,9751125.25,8587.27,Broker,3
SYN-01711,synthetic,https://example.com/pune-listing/1711,2 BHK,566.44,656.89,0,8,6,1,Semi-Furnished,1,3,1,1,3,Wooden,1,1,1,0,0,Bike,1,Borewell,1831.14,Koregaon Park,411001,Society,2.24,4.12,1.37,1.8,34875.46,13405541.44,23666.16,Owner,49
SYN-01712,synthetic,https://example.com/pune-listing/1712,3 BHK,680.44,735.44,8,12,5,1,Fully Furnished,1,3,4,2,5,Vitrified,1,1,1,0,0,Open,1,Corporation + Borewell,2301.67,Kothrud,411038,Society,3.18,7.05,1.4,1.45,26752.73,8085570.56,11882.8,Broker,31
SYN-01713,synthetic,https://example.com/pune-listing/1713,2 BHK,812.26,936.24,0,11,10,1,Semi-Furnished,1,2,2,1,4,Vitrified,1,1,0,0,0,Covered,0,Tanker,2157.56,Aundh,411007,Standalone,3.28,4.44,1.28,1.5,18002.52,13234949.21,16293.96,Owner,11
SYN-01714,synthetic,https://example.com/pune-listing/1714,2 BHK,638.74,797.73,3,16,13,1,Semi-Furnished,1,2,2,1,3,Vitrified,0,0,0,0,0,Open,1,Tanker,1633.35,Hinjewadi,411057,Society,6.65,1.23,2.04,3.01,15156.42,3741839.96,5858.2,Owner,19
SYN-01715,synthetic,https://example.com/pune-listing/1715,1 BHK,465.08,540.99,4,9,5,1,Fully Furnished,1,2,1,0,2,Granite,1,1,0,0,0,None,1,Municipal,1577.53,Viman Nagar,411014,Society,3.59,5.37,1.53,1.47,18452.85,7940577.77,17073.74,Owner,33
SYN-01716,synthetic,https://example.com/pune-listing/1716,3 BHK,977.79,1250.81,10,16,12,1,Semi-Furnished,0,3,3,2,4,Marble,1,1,1,1,0,Covered,1,Tanker,4625.75,Kalyani Nagar,411006,Society,2.43,6.5,0.94,1.72,44184.52,25441095.39,26019.0,Owner,30
SYN-01717,synthetic,https://example.com/pune-listing/1717,2 BHK,658.87,820.72,6,7,3,1,Semi-Furnished,1,3,0,1,2,Ceramic,1,1,1,0,1,Covered,1,Corporation + Borewell,2362.61,Kalyani Nagar,411006,Standalone,1.95,4.31,1.55,1.27,35187.83,7205920.68,10936.81,Broker,23
SYN-01718,synthetic,https://example.com/pune-listing/1718,2 BHK,627.33,730.63,3,17,11,1,Semi-Furnished,1,3,3,0,4,Vitrified,1,1,0,0,0,Covered,0,Borewell,1953.01,Pimple Saudagar,411027,Society,4.79,6.24,1.48,2.22,12573.6,3562700.87,5679.11,Broker,10
SYN-01719,synthetic,https://example.com/pune-listing/1719,2 BHK,627.24,690.66,1,11,12,1,Unfurnished,1,3,1,1,4,Wooden,0,0,1,0,0,Bike,0,,1419.86,Magarpatta,411013,Society,4.97,3.11,1.61,2.18,11391.9,4465482.24,7119.29,Broker,9
SYN-01720,synthetic,https://example.com/pune-listing/1720,4 BHK,1656.95,1864.5,5,16,7,1,Semi-Furnished,1,5,5,3,8,Wooden,0,0,0,0,0,Covered,0,Corporation + Borewell,4235.45,Magarpatta,411013,Standalone,4.57,0.92,2.08,2.17,25058.13,10578278.68,6384.18,Broker,12
SYN-01721,synthetic,https://example.com/pune-listing/1721,2 BHK,718.58,842.65,9,12,12,1,Semi-Furnished,1,3,2,1,2,Granite,1,1,0,0,0,Covered,0,Municipal,1418.54,Magarpatta,411013,Society,5.2,2.52,1.65,2.11,22223.88,4263777.09,5933.65,Owner,45
SYN-01722,synthetic,https://example.com/pune-listing/1722,3 BHK,1010.65,1149.67,4,17,12,1,Unfurnished,0,3,2,1,4,Vitrified,1,1,1,1,0,Bike,1,Borewell,3534.45,Hinjewadi,411057,Society,5.77,0.6,2.24,2.27,31532.91,5276921.53,5221.3,Owner,17
SYN-01723,synthetic,https://example.com/pune-listing/1723,3 BHK,851.58,1037.57,4,11,3,1,Semi-Furnished,1,3,2,2,6,Vitrified,1,1,0,1,1,Covered,0,Borewell,4591.91,Baner,411045,Society,3.03,1.58,1.86,2.33,51491.0,19408133.24,22790.76,Broker,14
SYN-01724,synthetic,https://example.com/pune-listing/1724,1 BHK,321.74,394.86,4,9,3,1,Fully Furnished,1,1,0,1,2,Granite,1,1,0,1,1,Bike,0,Tanker,2008.72,Baner,411045,Society,2.61,2.96,1.41,2.41,32739.61,7147153.73,22214.36,Broker,18
SYN-01725,synthetic,https://example.com/pune-listing/1725,1 BHK,384.55,415.5,9,13,4,1,Unfurnished,1,1,0,0,1,Marble,1,1,0,1,1,,1,Municipal,1002.34,Kharadi,411014,Society,4.15,1.31,1.75,1.86,11451.53,3562977.37,9265.42,Broker,15
SYN-01726,synthetic,https://example.com/pune-listing/1726,2 BHK,736.12,825.84,7,13,5,1,Semi-Furnished,1,3,2,1,3,Vitrified,1,1,0,0,1,Covered,0,Corporation + Borewell,2372.5,Wakad,411057,Society,4.39,2.95,2.02,1.96,23139.31,5543755.83,7531.03,Broker,54
SYN-01727,synthetic,https://example.com/pune-listing/1727,2 BHK,699.96,846.21,15,16,4,1,Semi-Furnished,1,2,2,0,4,Granite,1,1,0,0,0,Bike,0,Tanker,800.0,Magarpatta,411013,Society,4.42,2.01,1.82,2.04,23153.72,6452924.49,9219.01,Broker,18
SYN-01728,synthetic,https://example.com/pune-listing/1728,2 BHK,531.84,653.91,13,17,11,1,Fully Furnished,1,2,2,1,3,Marble,1,1,0,0,0,Covered,1,Municipal,2305.98,Hinjewadi,411057,Society,5.78,0.42,2.3,2.48,15484.73,3986193.76,7495.06,Owner,24
SYN-01729,synthetic,https://example.com/pune-listing/1729,2 BHK,629.34,696.16,1,17,13,1,Fully Furnished,1,3,1,1,2,Vitrified,1,1,1,0,0,,0,Borewell,1138.78,Pimple Saudagar,411027,Society,3.5,3.95,1.3,2.03,16290.76,4800928.16,7628.57,Owner,20
SYN-01730,synthetic,https://example.com/pune-listing/1730,2 BHK,524.63,574.83,3,14,11,1,Semi-Furnished,1,2,2,1,3,Vitrified,1,1,0,1,0,Bike,1,,1424.9,Pune Camp,411001,Society,3.02,6.13,1.86,1.22,15967.58,3475586.5,6624.84,Owner,16
SYN-01731,synthetic,https://example.com/pune-listing/1731,1 RK,333.34,371.34,14,16,6,1,Semi-Furnished,0,1,0,0,2,Vitrified,1,1,1,1,0,Covered,0,Municipal,800.0,Pimple Saudagar,411027,Society,4.82,4.88,1.17,1.71,8271.22,2800000.0,8399.88,Broker,36
SYN-01732,synthetic,https://example.com/pune-listing/1732,2 BHK,676.69,757.46,1,8,10,1,Semi-Furnished,1,2,2,2,3,,0,1,1,1,1,Covered,0,Borewell,2910.76,Kalyani Nagar,411006,Society,1.39,5.89,1.08,1.57,29105.64,10158842.03,15012.56,Owner,7
SYN-01733,synthetic,https://example.com/pune-listing/1733,3 BHK,921.11,,3,15,3,1,Semi-Furnished,1,3,4,1,5,Vitrified,0,0,1,1,1,Covered,1,Borewell,3478.43,Aundh,411007,Standalone,3.32,4.4,1.27,1.37,33519.55,8709135.12,9455.02,Broker,23
SYN-01734,synthetic,https://example.com/pune-listing/1734,2 BHK,641.94,774.53,0,15,9,1,Semi-Furnished,1,3,2,1,4,Wooden,1,1,0,0,0,Covered,1,Municipal,1879.14,Pimple Saudagar,411027,Society,3.7,5.11,0.68,1.96,11534.01,4386251.46,6832.84,Broker,44
SYN-01735,synthetic,https://example.com/pune-listing/1735,3 BHK,872.5,1076.4,11,13,7,1,Fully Furnished,1,3,4,2,6,Vitrified,1,0,0,0,1,Covered,1,Borewell,2738.71,Viman Nagar,411014,Society,2.26,6.32,1.81,1.79,45088.43,11149909.68,12779.28,Broker,28
SYN-01736,synthetic,https://example.com/pune-listing/1736,2 BHK,640.35,750.52,11,15,15,1,Semi-Furnished,1,3,2,1,4,Granite,0,0,1,0,1,Covered,0,Corporation + Borewell,2099.48,Kharadi,411014,Standalone,4.61,1.57,2.31,1.84,20034.88,5577269.08,8709.68,Owner,17
SYN-01737,synthetic,https://example.com/pune-listing/1737,3 BHK,980.64,1187.41,5,9,11,1,Unfurnished,1,4,2,1,3,Marble,1,1,0,1,1,Covered,1,Corporation + Borewell,2999.55,Wakad,411057,Society,4.8,2.49,2.3,2.13,26828.13,7151502.2,7292.69,Broker,17
SYN-01738,synthetic,https://example.com/pune-listing/1738,4 BHK,1428.1,1620.12,0,8,3,1,Fully Furnished,1,4,4,3,5,Ceramic,0,1,1,1,1,Stilt,1,Municipal,6517.95,Baner,411045,Standalone,2.71,3.74,1.68,2.03,86361.7,45752076.93,32037.02,Owner,34
SYN-01739,synthetic,https://example.com/pune-listing/1739,3 BHK,955.97,1046.06,1,4,9,0,Semi-Furnished,1,4,3,3,4,Ceramic,0,1,1,1,0,Stilt,1,Tanker,5265.53,Baner,411045,Standalone,4.23,3.09,1.61,2.26,54967.7,12102139.4,12659.49,Broker,39
SYN-01740,synthetic,https://example.com/pune-listing/1740,2 BHK,560.6,685.92,2,9,10,1,Fully Furnished,0,2,1,1,3,Vitrified,1,1,0,1,0,Open,1,Municipal,2107.62,Kothrud,411038,Standalone,0.9,8.01,1.44,1.49,26559.98,8130187.93,14502.67,Broker,4
SYN-01741,synthetic,https://example.com/pune-listing/1741,3 BHK,942.32,1102.95,10,17,5,1,Semi-Furnished,1,3,2,1,6,Ceramic,1,1,1,0,0,None,1,Corporation + Borewell,3852.75,Kothrud,411038,Society,1.98,6.13,1.27,1.91,31014.22,10753645.25,11411.88,Broker,36
SYN-01742,synthetic,https://example.com/pune-listing/1742,2 BHK,464.74,584.32,7,14,9,1,Unfurnished,1,2,1,1,3,Wooden,1,1,0,0,0,Bike,0,Tanker,800.0,Nigdi,411044,Society,3.55,11.23,1.97,2.3,15420.62,2800000.0,6024.81,Builder,4
SYN-01743,synthetic,https://example.com/pune-listing/1743,2 BHK,884.19,995.35,4,11,9,1,Semi-Furnished,1,2,2,1,2,Marble,1,1,1,0,0,Covered,1,Corporation + Borewell,3463.59,Kharadi,411014,Society,3.26,1.23,2.28,1.98,27834.32,13909858.46,15731.68,Broker,9
SYN-01744,synthetic,https://example.com/pune-listing/1744,1 BHK,461.65,551.51,11,14,2,1,Semi-Furnished,1,2,1,0,2,Marble,0,0,0,0,1,Covered,1,Corporation + Borewell,1885.8,Aundh,411007,Society,3.5,5.36,1.95,1.42,16329.92,6431219.21,13930.85,Owner,21
SYN-01745,synthetic,https://example.com/pune-listing/1745,2 BHK,784.4,899.59,3,18,5,1,Unfurnished,0,2,2,0,3,Wooden,0,0,0,0,0,Covered,1,Borewell,2235.53,Pimple Saudagar,411027,Society,4.37,3.85,1.41,1.65,23151.7,6292471.67,8022.04,Broker,20
SYN-01746,synthetic,https://example.com/pune-listing/1746,1 BHK,434.64,525.96,2,9,13,1,Fully Furnished,1,1,1,0,1,Wooden,1,1,1,0,0,Covered,1,Municipal,800.0,Pimple Saudagar,411027,Society,3.26,5.68,1.17,1.7,12278.91,4067113.36,9357.51,Owner,40
SYN-01747,synthetic,https://example.com/pune-listing/1747,2 BHK,446.48,524.52,2,17,13,1,Semi-Furnished,1,2,3,1,4,Wooden,0,0,0,0,0,Stilt,0,Municipal,1356.28,Hadapsar,411028,Standalone,6.82,2.3,2.17,2.1,7500.0,4972828.52,11137.78,Broker,12
SYN-01748,synthetic,https://example.com/pune-listing/1748,1 BHK,431.93,502.66,2,11,10,1,Fully Furnished,1,2,0,1,2,Granite,1,1,0,1,0,Open,1,Municipal,968.42,Baner,411045,Society,2.91,3.62,2.07,1.98,17826.56,6045291.09,13995.84,Builder,10
SYN-01749,synthetic,https://example.com/pune-listing/1749,3 BHK,1137.49,1342.37,6,18,8,1,Fully Furnished,1,3,3,1,6,Ceramic,1,0,1,1,0,Covered,0,Tanker,3389.1,Shivajinagar,411005,Society,0.6,7.78,0.84,1.11,51356.88,10499821.9,9230.72,Owner,15
SYN-01750,synthetic,https://example.com/pune-listing/1750,3 BHK,869.18,1081.86,2,13,14,1,Semi-Furnished,1,3,2,1,4,Marble,1,1,0,1,1,Stilt,1,Corporation + Borewell,2487.69,Kharadi,411014,Society,5.4,0.64,1.87,2.01,33731.53,12501272.69,14382.85,Broker,41
SYN-01751,synthetic,https://example.com/pune-listing/1751,5 BHK,2557.05,,8,16,10,1,Unfurnished,0,5,5,5,8,Marble,1,1,0,0,0,Covered,1,,7978.78,Hadapsar,411028,Society,5.61,1.46,2.34,2.07,48819.29,23860577.17,9331.28,Owner,16
SYN-01752,synthetic,https://example.com/pune-listing/1752,1 BHK,348.65,379.23,1,10,8,1,Fully Furnished,1,1,1,0,1,Granite,0,0,1,0,0,Covered,1,,800.0,Viman Nagar,411014,Standalone,2.11,4.9,1.7,1.18,18663.02,6577684.54,18865.91,Owner,34
SYN-01753,synthetic,https://example.com/pune-listing/1753,4 BHK,1739.64,1948.05,4,9,5,1,Semi-Furnished,1,4,3,2,6,Ceramic,1,1,1,1,1,Stilt,1,Tanker,5962.21,Kothrud,411038,Society,2.22,8.74,1.73,1.74,53067.86,20336206.13,11689.92,Broker,30
SYN-01754,synthetic,https://example.com/pune-listing/1754,2 BHK,687.74,791.53,2,13,6,1,Unfurnished,0,2,2,1,3,Marble,1,1,1,0,0,Open,1,Corporation + Borewell,1947.94,Hinjewadi,411057,Standalone,5.91,0.62,3.03,2.35,10344.5,4584973.65,6666.74,Broker,48
SYN-01755,synthetic,https://example.com/pune-listing/1755,5 BHK,1768.71,1998.09,1,15,10,1,Fully Furnished,0,5,5,2,10,Vitrified,1,1,0,0,0,Covered,1,Corporation + Borewell,4477.55,Magarpatta,411013,Society,5.28,1.99,1.66,2.15,49941.98,23749610.06,13427.66,Builder,30
SYN-01756,synthetic,https://example.com/pune-listing/1756,5 BHK,1127.19,1394.99,0,13,11,1,Semi-Furnished,1,6,4,2,5,Vitrified,1,1,0,0,0,Stilt,0,Municipal,2625.81,Pune Camp,411001,Society,2.07,5.27,1.16,1.6,20920.38,7509581.57,6662.21,Broker,20
SYN-01757,synthetic,https://example.com/pune-listing/1757,3 BHK,1196.46,1317.03,0,11,6,1,Unfurnished,0,3,4,2,3,Granite,1,0,0,0,0,Open,0,Municipal,3091.28,Hadapsar,411028,Society,6.47,2.27,2.18,2.03,19667.17,9247908.66,7729.39,Owner,17
SYN-01758,synthetic,https://example.com/pune-listing/1758,3 BHK,1131.27,1424.37,10,10,4,1,Semi-Furnished,1,3,2,2,3,Vitrified,1,1,0,0,0,Open,0,Borewell,3022.45,Hadapsar,411028,Society,5.83,0.66,2.35,2.01,25238.69,8671224.12,7665.04,Owner,26
SYN-01759,synthetic,https://example.com/pune-listing/1759,1 BHK,404.19,510.97,10,10,7,1,Unfurnished,1,1,1,0,2,Vitrified,1,1,1,0,0,Covered,1,Municipal,1493.37,Viman Nagar,411014,Society,2.16,6.76,1.87,1.86,12352.3,3840824.1,9502.63,Owner,27
SYN-01760,synthetic,https://example.com/pune-listing/1760,4 BHK,1636.41,1926.66,18,20,6,1,Semi-Furnished,1,4,4,2,6,Wooden,1,1,0,0,0,Covered,0,Corporation + Borewell,4796.63,Hinjewadi,411057,Society,6.24,1.31,2.26,2.94,32700.56,18145006.93,11088.3,Owner,36
SYN-01761,synthetic,https://example.com/pune-listing/1761,1 BHK,392.85,443.99,1,15,14,1,Semi-Furnished,1,1,1,0,1,Ceramic,1,0,1,1,0,Covered,1,Municipal,1091.1,Aundh,411007,Society,3.48,3.42,1.23,1.58,14798.08,6055580.42,15414.53,Broker,30
SYN-01762,synthetic,https://example.com/pune-listing/1762,1 BHK,578.93,718.88,14,17,10,1,Semi-Furnished,1,1,0,0,1,Marble,1,1,0,0,0,Covered,1,Tanker,800.0,Wakad,411057,Society,4.66,3.8,1.99,2.14,12683.85,4288183.51,7407.09,Owner,23
SYN-01763,synthetic,https://example.com/pune-listing/1763,3 BHK,1117.96,1224.57,2,23,10,1,Unfurnished,1,3,3,2,5,Ceramic,0,1,0,0,0,Covered,0,Municipal,3661.1,Magarpatta,411013,Society,4.85,1.42,1.8,2.17,22595.88,7377621.28,6599.2,Owner,47
SYN-01764,synthetic,https://example.com/pune-listing/1764,3 BHK,893.67,1011.88,7,9,7,1,Fully Furnished,1,3,3,2,3,Marble,0,1,1,0,0,Covered,1,Municipal,4152.48,Kalyani Nagar,411006,Standalone,1.83,5.3,0.92,1.57,70661.01,16428147.66,18382.81,Owner,6
SYN-01765,synthetic,https://example.com/pune-listing/1765,2 BHK,698.43,841.68,12,17,7,1,Fully Furnished,1,2,1,0,4,Granite,1,0,1,0,1,Covered,0,Borewell,2479.93,Kharadi,411014,Society,4.27,2.03,2.12,2.07,32673.82,9218201.07,13198.37,Owner,29
SYN-01766,synthetic,https://example.com/pune-listing/1766,3 BHK,1255.18,1428.55,16,19,7,1,Semi-Furnished,1,3,4,1,6,Marble,1,1,0,0,0,,0,Corporation + Borewell,2982.09,Hadapsar,411028,Society,6.04,1.07,2.23,2.36,43982.99,16558226.72,13191.89,Broker,21
SYN-01767,synthetic,https://example.com/pune-listing/1767,4 BHK,1773.25,2043.67,6,11,4,1,Fully Furnished,1,4,3,3,5,Ceramic,1,1,0,0,1,Open,1,Corporation + Borewell,6864.51,Viman Nagar,411014,Society,2.91,6.41,1.91,1.79,56678.36,21006216.08,11846.17,Broker,32
SYN-01768,synthetic,https://example.com/pune-listing/1768,1 BHK,530.91,,1,14,6,1,Unfurnished,1,2,1,0,1,,1,1,1,0,0,Open,1,Borewell,1196.97,Wakad,411057,Society,4.9,2.53,1.98,2.56,19447.52,3822582.16,7200.12,Builder,17
SYN-01769,synthetic,https://example.com/pune-listing/1769,2 BHK,596.82,683.69,10,12,5,1,Fully Furnished,1,3,2,1,3,Vitrified,1,1,1,1,0,Open,0,Borewell,2234.21,Kharadi,411014,Society,4.53,0.23,1.71,2.15,24262.03,6640952.71,11127.17,Builder,19
SYN-01770,synthetic,https://example.com/pune-listing/1770,2 BHK,557.74,607.94,9,9,8,1,Semi-Furnished,1,2,3,2,4,Vitrified,1,1,1,1,0,Covered,1,Corporation + Borewell,2628.08,Koregaon Park,411001,Society,2.27,4.29,1.04,1.47,36124.66,6974596.14,12505.0,Broker,27
SYN-01771,synthetic,https://example.com/pune-listing/1771,2 BHK,507.1,613.65,5,13,12,1,Semi-Furnished,1,2,2,0,4,Vitrified,1,1,0,0,0,Covered,0,Corporation + Borewell,2957.53,Wakad,411057,Society,5.18,3.51,2.13,2.19,12448.16,4445189.54,8765.85,Owner,103
SYN-01772,synthetic,https://example.com/pune-listing/1772,2 BHK,857.23,1043.61,2,14,10,1,Unfurnished,1,2,3,1,2,Granite,1,1,0,0,0,Covered,1,Tanker,2814.0,Pimple Saudagar,411027,Society,3.81,5.1,1.4,2.39,23700.77,6388068.77,7451.98,Owner,24
SYN-01773,synthetic,https://example.com/pune-listing/1773,2 BHK,465.4,552.44,3,8,14,1,Semi-Furnished,1,1,2,1,3,Marble,1,1,0,0,0,Bike,1,Corporation + Borewell,1272.35,Aundh,411007,Society,3.17,3.58,1.16,1.46,26243.75,4214194.31,9054.94,Broker,21
SYN-01774,synthetic,https://example.com/pune-listing/1774,1 BHK,353.21,413.2,0,16,11,1,Unfurnished,1,1,0,0,2,Wooden,1,1,0,1,1,Covered,0,Municipal,800.0,Kothrud,411038,Society,1.26,8.51,0.21,1.4,9785.96,2898159.64,8205.13,Owner,15
SYN-01775,synthetic,https://example.com/pune-listing/1775,3 BHK,840.06,,12,14,7,1,Semi-Furnished,1,4,2,2,4,Marble,0,0,0,1,0,Covered,1,Municipal,2130.49,Wakad,411057,Standalone,4.02,1.91,2.33,2.17,28793.59,6513888.26,7754.05,Broker,31
SYN-01776,synthetic,https://example.com/pune-listing/1776,2 BHK,735.72,809.57,5,8,6,1,Semi-Furnished,1,3,2,2,3,Vitrified,1,1,1,1,1,Covered,0,Municipal,3738.49,Koregaon Park,411001,Society,2.38,4.99,1.36,1.47,55561.97,11200693.68,15224.17,Owner,5
SYN-01777,synthetic,https://example.com/pune-listing/1777,3 BHK,711.04,827.62,3,10,12,1,Semi-Furnished,0,3,4,2,4,Vitrified,1,1,1,1,0,Covered,1,Municipal,2133.4,Shivajinagar,411005,Society,1.66,6.5,0.64,1.4,20860.37,9215293.39,12960.25,Owner,20
SYN-01778,synthetic,https://example.com/pune-listing/1778,2 BHK,463.9,563.96,3,8,6,1,Semi-Furnished,1,3,2,0,4,Marble,1,1,0,1,0,Bike,0,Corporation + Borewell,,Hinjewadi,411057,Society,6.64,0.37,2.28,3.07,8823.72,2870837.09,6188.51,Owner,17
SYN-01779,synthetic,https://example.com/pune-listing/1779,3 BHK,1053.21,1141.04,10,11,10,1,Unfurnished,0,4,3,1,6,Wooden,0,1,0,0,0,Covered,0,Corporation + Borewell,2800.77,Wakad,411057,Society,4.61,4.09,1.84,2.44,25099.25,5377763.83,5106.06,Owner,30
SYN-01780,synthetic,https://example.com/pune-listing/1780,1 BHK,459.13,580.9,8,16,10,1,Semi-Furnished,1,1,1,0,1,Ceramic,1,1,0,0,0,Bike,0,Tanker,800.0,Pimple Saudagar,411027,Society,4.02,4.39,1.45,1.53,15448.32,3245207.08,7068.18,Broker,24
SYN-01781,synthetic,https://example.com/pune-listing/1781,1 BHK,426.26,531.78,16,16,5,1,Semi-Furnished,1,1,1,0,1,Vitrified,1,1,0,0,0,Open,1,Borewell,3144.33,Kharadi,411014,Society,5.03,0.66,1.69,2.33,12246.53,5214532.39,12233.35,,46
SYN-01782,synthetic,https://example.com/pune-listing/1782,3 BHK,839.48,1011.29,3,10,11,1,Semi-Furnished,1,4,3,2,5,Vitrified,1,0,1,1,1,Covered,1,Municipal,3927.72,Baner,411045,Society,3.08,1.63,1.83,2.42,52574.64,18959444.82,22584.64,Owner,56
SYN-01783,synthetic,https://example.com/pune-listing/1783,1 BHK,277.9,340.6,1,15,8,1,Semi-Furnished,1,1,1,0,1,Vitrified,1,1,1,0,0,Open,1,Municipal,800.0,Shivajinagar,411005,Society,0.33,7.62,1.15,1.36,13964.44,2800000.0,10075.54,Owner,14
SYN-01784,synthetic,https://example.com/pune-listing/1784,1 BHK,466.38,549.52,8,12,10,1,Semi-Furnished,1,1,1,0,2,Vitrified,0,1,0,0,0,Open,1,Corporation + Borewell,800.0,Pimple Saudagar,411027,Standalone,3.91,5.18,1.41,2.06,11883.31,3090941.72,6627.53,Owner,21
SYN-01785,synthetic,https://example.com/pune-listing/1785,2 BHK,682.27,781.11,0,9,8,1,Semi-Furnished,1,3,1,2,2,Ceramic,0,1,1,1,0,Covered,0,Corporation + Borewell,3152.21,Koregaon Park,411001,Standalone,2.53,5.5,1.75,0.7,44303.16,7094195.85,10397.87,Owner,49
SYN-01786,synthetic,https://example.com/pune-listing/1786,3 BHK,856.49,937.81,15,16,11,1,Semi-Furnished,1,3,2,1,5,Vitrified,1,1,0,0,0,Bike,0,Corporation + Borewell,2992.29,Hinjewadi,411057,Society,6.22,0.78,2.63,2.92,26558.29,6863805.94,8013.83,Owner,14
SYN-01787,synthetic,https://example.com/pune-listing/1787,2 BHK,771.93,929.23,4,14,2,1,Semi-Furnished,1,3,2,1,3,Granite,0,0,1,1,1,Stilt,0,Corporation + Borewell,3165.39,Aundh,411007,Standalone,3.62,3.47,1.55,1.86,21331.47,7124298.13,9229.22,Builder,24
SYN-01788,synthetic,https://example.com/pune-listing/1788,5 BHK,1861.4,2084.99,3,18,7,1,Semi-Furnished,1,5,5,4,6,Vitrified,1,1,0,0,0,Covered,1,Municipal,4494.68,Hinjewadi,411057,Society,5.13,0.91,2.63,2.66,53162.36,15487788.91,8320.52,Owner,31
SYN-01789,synthetic,https://example.com/pune-listing/1789,3 BHK,1289.97,1567.09,1,15,10,1,Fully Furnished,1,3,4,1,3,Marble,0,1,1,0,1,Open,0,Municipal,3019.06,Wakad,411057,Standalone,5.12,2.96,2.51,2.0,40725.5,11616000.61,9004.85,Broker,9
SYN-01790,synthetic,https://example.com/pune-listing/1790,4 BHK,1264.3,1569.94,6,13,16,1,Fully Furnished,1,4,2,2,5,Granite,1,1,0,1,0,Covered,1,Corporation + Borewell,4005.96,Hinjewadi,411057,Society,5.83,0.97,2.42,2.55,33442.27,11189760.15,8850.53,Owner,7
SYN-01791,synthetic,https://example.com/pune-listing/1791,2 BHK,654.76,739.44,3,9,8,1,Semi-Furnished,1,2,2,2,4,Ceramic,1,1,1,1,1,Covered,1,Corporation + Borewell,3965.9,Koregaon Park,411001,Society,2.06,5.88,1.54,1.37,53923.99,18927259.61,28907.14,Owner,3
SYN-01792,synthetic,https://example.com/pune-listing/1792,2 BHK,642.43,798.6,7,14,8,1,Fully Furnished,1,2,3,1,3,Ceramic,1,1,1,1,1,Open,0,Borewell,2934.04,Kothrud,411038,Society,1.72,7.92,1.52,1.09,32961.1,7490414.79,11659.56,Owner,17
SYN-01793,synthetic,https://example.com/pune-listing/1793,3 BHK,748.12,952.69,10,11,3,1,Semi-Furnished,1,3,3,2,5,Vitrified,0,1,1,1,0,Covered,1,Municipal,2668.21,Aundh,411007,Standalone,4.17,3.87,1.68,1.42,26104.27,12522479.41,16738.66,Broker,36
SYN-01794,synthetic,https://example.com/pune-listing/1794,3 BHK,920.18,1133.53,12,12,11,1,Unfurnished,0,4,3,1,3,Vitrified,0,0,0,0,0,Covered,1,Borewell,4351.23,Kothrud,411038,Society,2.27,7.08,0.96,1.91,35074.63,7133428.37,7752.25,Owner,31
SYN-01795,synthetic,https://example.com/pune-listing/1795,2 BHK,782.74,999.29,7,7,14,1,Fully Furnished,1,3,2,1,3,Granite,1,0,0,1,0,Covered,1,Corporation + Borewell,3150.77,Viman Nagar,411014,Society,2.23,5.51,1.76,1.44,34591.64,6720898.16,8586.32,Builder,18
SYN-01796,synthetic,https://example.com/pune-listing/1796,2 BHK,753.69,910.38,10,14,0,1,Semi-Furnished,1,2,2,2,3,Granite,1,1,1,1,1,Stilt,1,Corporation + Borewell,4089.94,Baner,411045,Society,3.15,3.53,2.2,2.25,43291.46,20210386.73,26815.18,Broker,22
SYN-01797,synthetic,https://example.com/pune-listing/1797,1 BHK,392.83,468.29,3,11,13,1,Unfurnished,1,1,0,0,2,Vitrified,1,1,0,0,1,Covered,1,Corporation + Borewell,1939.99,Kothrud,411038,Society,1.35,8.86,1.39,1.92,14899.2,6514310.56,16583.15,Broker,16
SYN-01798,synthetic,https://example.com/pune-listing/1798,3 BHK,950.59,1076.33,12,12,18,1,Fully Furnished,1,3,2,2,5,Marble,1,1,0,0,0,Stilt,0,Municipal,2613.07,Wakad,411057,Society,5.14,2.75,1.59,2.48,18580.73,8069367.56,8488.8,Broker,71
SYN-01799,synthetic,https://example.com/pune-listing/1799,1 BHK,443.94,487.97,11,13,9,1,Fully Furnished,1,2,1,1,1,Vitrified,0,0,1,1,0,Covered,1,Municipal,2814.32,Baner,411045,Society,2.57,3.33,1.61,2.57,26448.35,11406553.5,25693.91,Broker,57
SYN-01800,synthetic,https://example.com/pune-listing/1800,3 BHK,867.66,1070.58,1,12,12,1,Fully Furnished,1,3,3,2,6,Vitrified,1,1,0,1,0,Bike,1,Municipal,4085.3,Aundh,411007,Society,3.61,4.71,1.19,1.74,38055.91,9193008.81,10595.21,Owner,22
SYN-01801,synthetic,https://example.com/pune-listing/1801,2 BHK,685.8,829.55,4,16,14,1,Fully Furnished,1,1,2,1,3,Granite,1,1,0,0,0,Covered,0,Municipal,2033.45,Kharadi,411014,Society,4.12,1.97,1.95,2.43,28783.65,6742151.97,9831.1,Broker,15
SYN-01802,synthetic,https://example.com/pune-listing/1802,1 BHK,410.21,462.87,13,16,12,1,Unfurnished,0,2,0,0,2,Wooden,1,1,0,1,0,Open,0,Municipal,1109.05,Wakad,411057,Standalone,4.19,1.09,2.32,2.05,7500.0,2800000.0,6825.83,,48
SYN-01803,synthetic,https://example.com/pune-listing/1803,1 RK,487.02,544.4,1,14,6,1,Fully Furnished,1,1,0,0,1,Vitrified,1,1,0,1,1,Covered,0,Corporation + Borewell,924.87,Hinjewadi,411057,Society,4.54,1.78,2.63,2.89,13091.82,4152191.11,8525.71,Owner,50
SYN-01804,synthetic,https://example.com/pune-listing/1804,2 BHK,458.49,546.0,16,18,7,1,Fully Furnished,0,2,1,1,4,Wooden,0,0,0,1,0,Covered,1,Municipal,1827.81,Pune Camp,411001,Society,2.0,6.86,1.22,1.7,19197.86,4191191.49,9141.28,,35
SYN-01805,synthetic,https://example.com/pune-listing/1805,1 BHK,425.32,501.12,8,16,15,1,Fully Furnished,1,1,1,0,1,Granite,1,1,0,0,0,Open,0,Municipal,926.61,Wakad,411057,Society,5.25,3.58,1.71,1.6,10994.01,2800000.0,6583.23,Owner,12
SYN-01806,synthetic,https://example.com/pune-listing/1806,1 BHK,458.92,564.21,5,11,9,1,Semi-Furnished,1,2,1,0,1,Marble,0,1,0,1,0,Covered,0,Municipal,1029.04,Kharadi,411014,Standalone,4.7,1.48,2.15,1.83,16319.51,4461767.58,9722.36,Broker,21
SYN-01807,synthetic,https://example.com/pune-listing/1807,2 BHK,415.28,475.77,0,10,5,1,Unfurnished,1,2,2,1,3,Wooden,0,0,0,1,1,Covered,1,Corporation + Borewell,2440.61,Viman Nagar,411014,Society,2.76,6.88,1.96,1.02,12427.12,3882792.23,9349.83,Broker,51
SYN-01808,synthetic,https://example.com/pune-listing/1808,1 BHK,349.39,421.27,14,14,8,1,Semi-Furnished,1,1,2,0,2,Granite,0,0,0,0,0,Stilt,1,Municipal,800.0,Wakad,411057,Standalone,5.54,2.49,1.93,2.83,8274.86,3366126.69,9634.25,Broker,42
SYN-01809,synthetic,https://example.com/pune-listing/1809,2 BHK,535.06,681.49,5,11,9,1,Fully Furnished,1,2,1,1,3,Granite,0,0,1,0,0,Covered,1,Corporation + Borewell,2331.32,Aundh,411007,Standalone,3.95,4.87,1.64,1.19,30046.93,9900725.32,18503.94,Broker,11
SYN-01810,synthetic,https://example.com/pune-listing/1810,3 BHK,965.3,1133.86,3,5,6,1,Unfurnished,1,4,2,3,5,Vitrified,1,1,1,0,0,Stilt,1,Tanker,3263.99,Kalyani Nagar,411006,Society,2.74,4.96,1.47,1.49,54166.79,24563004.46,25445.92,Owner,14
SYN-01811,synthetic,https://example.com/pune-listing/1811,1 BHK,386.79,457.11,10,15,7,1,Fully Furnished,1,1,1,0,1,Granite,1,1,0,1,1,Stilt,0,Borewell,2195.12,Viman Nagar,411014,Society,2.5,5.48,1.44,1.57,13898.18,8132058.2,21024.22,Owner,82
SYN-01812,synthetic,https://example.com/pune-listing/1812,1 BHK,409.65,467.27,6,10,2,1,Semi-Furnished,1,2,3,0,2,Vitrified,0,1,0,1,1,Open,1,Corporation + Borewell,2052.83,Kothrud,411038,Standalone,1.15,7.63,0.93,1.82,17517.83,4148792.92,10127.72,Owner,25
SYN-01813,synthetic,https://example.com/pune-listing/1813,2 BHK,643.16,782.09,1,12,3,1,Fully Furnished,1,2,2,1,3,Ceramic,1,1,0,0,0,Covered,1,Borewell,2758.63,Kharadi,411014,Society,4.75,0.98,1.88,1.93,38562.9,7197021.68,11190.06,Broker,2
SYN-01814,synthetic,https://example.com/pune-listing/1814,1 BHK,320.46,406.99,5,16,8,1,Semi-Furnished,1,1,1,0,2,Ceramic,0,0,0,0,0,Open,0,Municipal,800.0,Pimple Saudagar,411027,Standalone,4.11,5.63,1.48,2.13,8674.87,2800000.0,8737.39,Broker,53
SYN-01815,synthetic,https://example.com/pune-listing/1815,2 BHK,531.96,618.16,10,12,11,1,Unfurnished,0,2,2,1,3,Vitrified,1,1,1,0,0,Stilt,0,Municipal,800.0,Nigdi,411044,Society,3.2,10.15,2.0,2.7,7500.0,3270646.9,6148.33,Owner,9
SYN-01816,synthetic,https://example.com/pune-listing/1816,3 BHK,1111.8,1227.49,11,16,9,1,Semi-Furnished,0,3,2,1,4,Vitrified,1,1,0,0,1,Covered,1,Corporation + Borewell,4056.56,Aundh,411007,Standalone,3.66,5.48,1.58,1.23,58286.48,10423287.68,9375.17,Broker,38
SYN-01817,synthetic,https://example.com/pune-listing/1817,2 BHK,534.88,586.3,6,13,14,1,Unfurnished,0,2,1,0,2,Vitrified,1,1,0,0,1,Bike,1,Municipal,2886.98,Hadapsar,411028,Society,5.52,2.48,2.3,2.35,12818.09,5230064.05,9778.05,Owner,39
SYN-01818,synthetic,https://example.com/pune-listing/1818,3 BHK,566.7,,8,18,12,1,Semi-Furnished,1,3,2,1,6,Vitrified,1,1,0,1,1,Covered,1,Borewell,3064.92,Aundh,411007,Society,3.4,3.27,0.64,1.87,17661.51,9221838.45,16272.95,Broker,16
SYN-01819,synthetic,https://example.com/pune-listing/1819,1 BHK,446.07,554.89,11,13,10,1,Semi-Furnished,1,1,0,0,1,Ceramic,0,1,0,0,0,Covered,0,Tanker,2234.62,Kothrud,411038,Standalone,2.02,6.1,1.64,1.45,19257.28,7221171.08,16188.28,,24
SYN-01820,synthetic,https://example.com/pune-listing/1820,1 BHK,393.51,461.46,4,8,3,1,Semi-Furnished,1,1,1,1,1,Vitrified,0,0,1,1,1,Covered,1,Corporation + Borewell,2311.86,Koregaon Park,411001,Standalone,2.52,4.1,1.18,1.16,28122.21,6777119.89,17222.1,Broker,38
SYN-01821,synthetic,https://example.com/pune-listing/1821,3 BHK,1008.04,1195.78,8,11,13,1,Semi-Furnished,1,3,3,1,4,Marble,0,0,0,0,0,Open,0,Tanker,2398.86,Pimple Saudagar,411027,Society,3.96,5.49,2.23,1.84,23183.78,5702245.3,5656.79,Owner,55
SYN-01822,synthetic,https://example.com/pune-listing/1822,4 BHK,1711.0,1967.61,7,13,7,1,Semi-Furnished,1,4,4,2,7,Wooden,1,1,0,0,0,Covered,1,Municipal,5524.0,Magarpatta,411013,Society,5.78,1.82,1.78,2.28,37646.09,20472540.58,11965.25,Owner,18
SYN-01823,synthetic,https://example.com/pune-listing/1823,1 RK,448.6,528.49,12,14,10,1,Semi-Furnished,0,2,1,0,2,Ceramic,1,1,0,0,0,Covered,0,Borewell,800.0,Nigdi,411044,Society,3.68,11.48,1.9,2.76,10303.19,2800000.0,6241.69,Broker,15
SYN-01824,synthetic,https://example.com/pune-listing/1824,2 BHK,547.41,655.08,9,12,8,1,Semi-Furnished,1,3,2,1,4,Granite,1,1,0,0,0,Open,0,Tanker,976.16,Wakad,411057,Society,3.13,2.94,1.69,2.33,7987.19,4122098.08,7530.19,Owner,61
SYN-01825,synthetic,https://example.com/pune-listing/1825,1 RK,482.98,591.4,4,11,2,1,Semi-Furnished,1,2,1,0,1,Vitrified,0,0,0,1,1,Bike,0,Corporation + Borewell,2320.6,Kothrud,411038,Standalone,1.68,7.5,0.96,1.86,17535.09,8435520.12,17465.43,Broker,59
SYN-01826,synthetic,https://example.com/pune-listing/1826,2 BHK,514.69,628.13,2,4,6,1,Fully Furnished,1,2,2,1,4,Granite,1,1,1,1,0,Covered,1,Corporation + Borewell,1452.35,Kothrud,411038,Society,1.86,7.33,0.66,1.33,17779.62,6439052.78,12510.6,Broker,33
SYN-01827,synthetic,https://example.com/pune-listing/1827,4 BHK,1699.12,2097.22,7,8,8,1,Fully Furnished,1,4,4,4,5,Vitrified,0,0,1,1,0,Bike,1,Borewell,,Kalyani Nagar,411006,Society,2.69,5.29,0.8,1.56,83446.28,26748388.42,15742.46,Broker,8
SYN-01828,synthetic,https://example.com/pune-listing/1828,3 BHK,884.55,1057.92,14,17,15,1,Semi-Furnished,1,2,4,2,4,Marble,1,1,0,0,0,Covered,1,Municipal,2151.15,Wakad,411057,Society,4.04,3.0,1.41,2.12,17873.08,9076589.78,10261.22,Broker,5
SYN-01829,synthetic,https://example.com/pune-listing/1829,2 BHK,735.91,894.82,5,12,10,1,Semi-Furnished,0,2,2,1,4,Wooden,1,1,1,1,1,Covered,0,Borewell,4181.94,Kalyani Nagar,411006,Society,1.42,3.39,1.2,1.07,47394.98,19755603.19,26845.03,Broker,53
SYN-01830,synthetic,https://example.com/pune-listing/1830,3 BHK,1026.84,1223.99,3,13,8,1,Unfurnished,0,4,4,2,4,Wooden,0,0,1,0,1,Stilt,0,Corporation + Borewell,4480.12,Aundh,411007,Society,3.75,4.52,1.76,1.72,29212.74,9344743.03,9100.53,Owner,55
SYN-01831,synthetic,https://example.com/pune-listing/1831,1 BHK,415.32,473.79,2,14,10,1,Semi-Furnished,1,2,1,0,2,Granite,0,0,0,1,0,Covered,0,Borewell,800.0,Kothrud,411038,Standalone,1.5,8.7,1.32,1.6,12385.61,3452134.2,8311.9,Owner,18
SYN-01832,synthetic,https://example.com/pune-listing/1832,2 BHK,688.17,804.93,5,13,7,1,Fully Furnished,1,3,0,2,3,Ceramic,0,0,1,1,1,Covered,0,Tanker,4098.51,Baner,411045,Standalone,3.46,2.62,1.75,2.06,48416.84,17927689.39,26051.22,Broker,8
SYN-01833,synthetic,https://example.com/pune-listing/1833,2 BHK,783.39,903.37,8,12,6,1,Unfurnished,1,2,3,1,3,Vitrified,1,1,0,1,0,Covered,1,Corporation + Borewell,2033.09,Magarpatta,411013,Society,4.41,2.16,2.08,2.07,25852.99,9277783.35,11843.08,Owner,10
SYN-01834,synthetic,https://example.com/pune-listing/1834,1 RK,497.01,,16,17,9,1,Semi-Furnished,0,1,1,0,1,Marble,1,1,0,0,0,Covered,0,Corporation + Borewell,2470.24,Viman Nagar,411014,Society,2.65,5.11,2.02,1.45,20170.05,5405327.08,10875.62,Owner,24
SYN-01835,synthetic,https://example.com/pune-listing/1835,5 BHK,2047.53,2297.27,10,16,5,1,Unfurnished,0,4,5,3,6,Ceramic,1,1,0,0,1,Open,0,Corporation + Borewell,6233.99,Pune Camp,411001,Society,2.31,7.4,1.01,1.35,68669.78,15926729.76,7778.5,Broker,6
SYN-01836,synthetic,https://example.com/pune-listing/1836,3 BHK,718.42,840.82,0,8,5,1,Semi-Furnished,1,3,2,2,6,Vitrified,1,1,0,1,0,Covered,0,Municipal,2337.33,Kharadi,411014,Society,3.42,0.25,1.72,2.26,26507.17,14516494.54,20206.12,Broker,4
SYN-01837,synthetic,https://example.com/pune-listing/1837,1 BHK,404.19,507.88,8,12,10,1,Fully Furnished,1,1,1,0,1,Vitrified,0,0,0,0,0,Covered,0,Corporation + Borewell,966.37,Pune Camp,411001,Standalone,1.85,5.79,0.42,2.22,8871.79,3112575.8,7700.79,Owner,14
SYN-01838,synthetic,https://example.com/pune-listing/1838,3 BHK,1008.91,1217.18,5,8,7,1,Fully Furnished,1,4,2,3,5,Vitrified,1,0,1,1,1,Stilt,1,Corporation + Borewell,5632.24,Koregaon Park,411001,Society,2.06,4.39,1.58,1.32,71650.2,25983706.72,25754.33,Owner,23
SYN-01839,synthetic,https://example.com/pune-listing/1839,2 BHK,771.05,867.21,0,8,2,1,Semi-Furnished,1,3,2,1,2,Ceramic,1,1,1,1,0,Open,0,Corporation + Borewell,1769.04,Kharadi,411014,Society,4.56,1.47,2.4,2.01,34658.2,8071682.56,10468.48,Owner,56
SYN-01840,synthetic,https://example.com/pune-listing/1840,1 RK,444.12,529.45,9,11,13,1,Semi-Furnished,1,1,0,1,1,Wooden,1,1,1,1,1,Covered,0,,2222.98,Baner,411045,Society,3.8,2.96,2.06,2.16,32019.77,10513329.25,23672.14,Owner,18
SYN-01841,synthetic,https://example.com/pune-listing/1841,2 BHK,614.06,731.89,5,11,10,1,Semi-Furnished,0,2,2,1,3,Wooden,1,1,0,0,0,Covered,0,Corporation + Borewell,2155.96,Wakad,411057,Society,5.28,2.65,2.02,1.9,14499.75,3486260.83,5677.4,Broker,38
SYN-01842,synthetic,https://example.com/pune-listing/1842,3 BHK,733.31,904.46,9,10,12,1,Semi-Furnished,1,3,4,1,3,Vitrified,1,1,0,1,0,Bike,1,Tanker,1998.48,Kothrud,411038,Society,2.2,7.17,0.85,1.55,29889.25,7999533.1,10908.86,Owner,25
SYN-01843,synthetic,https://example.com/pune-listing/1843,4 BHK,1291.6,1410.55,9,13,5,1,Fully Furnished,0,4,3,5,7,Ceramic,0,1,0,1,0,Stilt,1,Municipal,7503.18,Koregaon Park,411001,Standalone,2.48,4.5,1.71,1.79,100865.93,21650047.26,16762.13,Broker,15
SYN-01844,synthetic,https://example.com/pune-listing/1844,2 BHK,620.5,699.78,9,12,15,1,Semi-Furnished,1,3,1,1,3,Vitrified,1,1,1,0,1,Covered,0,Borewell,800.0,Hadapsar,411028,Society,5.32,2.82,1.8,2.14,10425.33,3536029.84,5698.65,Owner,11
SYN-01845,synthetic,https://example.com/pune-listing/1845,1 BHK,446.84,500.81,4,5,9,1,Unfurnished,0,2,0,0,1,Wooden,1,1,0,1,1,Covered,1,Municipal,2326.02,Kothrud,411038,Society,1.39,6.8,1.18,1.39,18862.3,4640023.1,10384.01,Owner,30
SYN-01846,synthetic,https://example.com/pune-listing/1846,1 RK,463.05,513.54,3,15,12,1,Semi-Furnished,1,1,1,0,1,Marble,0,1,1,0,0,Stilt,0,Municipal,1810.74,Hadapsar,411028,Standalone,4.82,1.24,2.77,1.58,13362.85,4025559.44,8693.59,Broker,53
SYN-01847,synthetic,https://example.com/pune-listing/1847,4 BHK,1492.33,1798.58,4,11,5,1,Unfurnished,0,4,3,3,7,Wooden,0,1,0,0,0,Covered,1,Municipal,3614.63,Hinjewadi,411057,Standalone,6.31,2.0,2.41,2.19,34875.25,8669229.53,5809.18,Owner,25
SYN-01848,synthetic,https://example.com/pune-listing/1848,3 BHK,1016.85,1229.16,3,9,6,1,Semi-Furnished,1,3,3,2,5,,0,1,0,1,0,Covered,1,Municipal,2516.77,Kharadi,411014,Society,4.34,1.95,2.29,1.98,35826.88,8850957.04,8704.29,Owner,5
SYN-01849,synthetic,https://example.com/pune-listing/1849,1 RK,385.37,480.83,18,18,7,1,Fully Furnished,1,1,0,0,2,Vitrified,1,1,0,1,0,Open,1,Municipal,1916.51,Shivajinagar,411005,Society,1.41,7.05,0.76,1.0,21854.89,3249816.95,8432.97,Builder,2
SYN-01850,synthetic,https://example.com/pune-listing/1850,4 BHK,1521.29,1814.28,8,10,4,1,Semi-Furnished,1,4,5,3,6,Vitrified,1,1,1,1,1,Covered,1,Municipal,7621.56,Baner,411045,Society,3.44,3.01,2.14,2.18,119624.22,48434135.01,31837.62,Builder,5
SYN-01851,synthetic,https://example.com/pune-listing/1851,2 BHK,576.46,690.62,12,13,6,1,Semi-Furnished,1,2,1,1,4,Granite,0,1,0,0,1,Covered,1,Tanker,2311.47,Kothrud,411038,Standalone,2.01,7.34,0.7,1.13,23583.4,8118225.79,14082.9,Broker,19
SYN-01852,synthetic,https://example.com/pune-listing/1852,3 BHK,1000.18,1129.56,1,18,4,1,Semi-Furnished,1,2,4,1,5,Granite,0,1,0,0,0,Stilt,0,Municipal,2519.94,Hinjewadi,411057,Standalone,5.97,2.19,2.65,2.18,20659.66,10237635.94,10235.83,Owner,22
SYN-01853,synthetic,https://example.com/pune-listing/1853,2 BHK,613.64,776.63,5,15,10,1,Fully Furnished,1,3,2,0,2,Wooden,0,0,0,0,1,Bike,0,Corporation + Borewell,918.07,Wakad,411057,Standalone,4.73,3.13,2.05,2.21,10320.31,4804901.9,7830.12,Owner,18
SYN-01854,synthetic,https://example.com/pune-listing/1854,3 BHK,1002.89,1134.31,3,12,14,1,Semi-Furnished,1,4,3,2,3,Ceramic,0,1,1,0,0,Open,1,Tanker,3767.99,Viman Nagar,411014,Society,3.12,4.95,1.51,1.52,30864.02,13397497.49,13358.91,Owner,9
SYN-01855,synthetic,https://example.com/pune-listing/1855,1 BHK,413.39,459.63,2,12,16,1,Semi-Furnished,1,1,1,0,2,Wooden,0,0,0,0,0,None,1,Borewell,1688.01,Hinjewadi,411057,Standalone,5.89,2.44,1.93,2.57,7500.0,2800000.0,6773.29,Owner,38
SYN-01856,synthetic,https://example.com/pune-listing/1856,4 BHK,1345.75,1641.66,16,18,10,1,Unfurnished,1,4,3,2,8,Vitrified,1,1,0,1,0,Open,0,Corporation + Borewell,3475.75,Pune Camp,411001,Society,2.42,6.53,1.63,1.4,29663.69,10236985.35,7606.91,Builder,53
SYN-01857,synthetic,https://example.com/pune-listing/1857,2 BHK,696.96,871.92,15,15,17,1,Unfurnished,1,2,2,1,3,Vitrified,1,1,1,0,0,Covered,1,Municipal,2543.29,Kothrud,411038,Society,1.37,9.33,0.92,1.56,23432.29,10342935.54,14840.13,Broker,31
SYN-01858,synthetic,https://example.com/pune-listing/1858,5 BHK,1624.05,1803.23,5,16,1,1,Fully Furnished,1,6,5,4,8,Wooden,1,1,0,0,0,Covered,1,Borewell,6108.95,Viman Nagar,411014,Society,2.29,4.84,1.71,1.37,94554.84,15493388.08,9539.94,Owner,4
SYN-01859,synthetic,https://example.com/pune-listing/1859,2 BHK,545.02,670.8,8,16,11,1,Semi-Furnished,1,3,1,1,2,Marble,1,1,0,0,0,Open,0,Municipal,2543.8,Pimple Saudagar,411027,Society,3.61,6.57,1.51,1.86,16786.94,4076355.99,7479.26,Owner,11
SYN-01860,synthetic,https://example.com/pune-listing/1860,3 BHK,1092.81,1273.61,3,11,10,1,Fully Furnished,1,4,3,1,6,Vitrified,1,1,0,0,0,Covered,1,Municipal,3772.05,Hadapsar,411028,Society,4.87,1.75,2.2,2.1,26735.4,9537665.46,8727.69,Owner,18
SYN-01861,synthetic,https://example.com/pune-listing/1861,3 BHK,1013.62,1129.66,0,5,5,1,Semi-Furnished,1,2,2,1,6,Wooden,0,1,1,1,0,Stilt,0,Borewell,3087.11,Pune Camp,411001,Society,2.46,6.63,1.26,1.72,18506.97,8877298.37,8757.99,Broker,10
SYN-01862,synthetic,https://example.com/pune-listing/1862,2 BHK,472.82,533.33,10,16,2,1,Semi-Furnished,1,2,2,1,4,Marble,0,1,1,0,1,Covered,0,Municipal,800.0,Kothrud,411038,Society,1.5,5.96,0.89,1.85,22059.07,4869538.66,10298.92,Builder,8
SYN-01863,synthetic,https://example.com/pune-listing/1863,3 BHK,1059.72,1249.1,3,14,5,1,Fully Furnished,1,3,3,2,5,Vitrified,0,1,0,0,0,Covered,0,Borewell,3405.08,Hadapsar,411028,Standalone,5.35,2.76,1.85,2.14,23202.7,7265663.3,6856.22,Owner,3
SYN-01864,synthetic,https://example.com/pune-listing/1864,4 BHK,1395.27,1664.53,0,11,11,1,Semi-Furnished,1,5,3,2,8,,1,1,1,1,0,Covered,0,Borewell,4662.48,Kothrud,411038,Society,1.42,6.65,1.11,1.5,54770.3,13193854.95,9456.12,Owner,49
SYN-01865,synthetic,https://example.com/pune-listing/1865,3 BHK,1001.19,1168.54,0,15,12,1,Semi-Furnished,1,2,2,1,6,Vitrified,1,1,0,0,0,Covered,0,Municipal,3344.04,Hinjewadi,411057,Society,6.05,1.92,2.17,2.21,24317.92,7062431.35,7054.03,Owner,17
SYN-01866,synthetic,https://example.com/pune-listing/1866,4 BHK,1490.16,1784.94,0,10,12,1,Unfurnished,1,5,3,2,5,Vitrified,1,1,0,0,0,Covered,1,Municipal,6671.3,Kharadi,411014,Society,4.09,1.28,2.31,2.0,37156.12,13165457.33,8834.92,Owner,2
SYN-01867,synthetic,https://example.com/pune-listing/1867,2 BHK,708.18,903.39,6,7,5,1,Unfurnished,0,3,1,1,2,Vitrified,1,1,0,0,0,Covered,1,Corporation + Borewell,,Viman Nagar,411014,Society,2.32,5.89,1.77,1.16,29692.86,9489200.75,13399.5,Owner,8
SYN-01868,synthetic,https://example.com/pune-listing/1868,2 BHK,447.15,526.42,4,6,13,1,Semi-Furnished,1,2,3,1,2,Wooden,1,1,0,0,1,Covered,0,Tanker,1545.61,Aundh,411007,Society,3.49,2.91,1.62,1.65,13818.06,4116281.09,9205.66,Builder,17
SYN-01869,synthetic,https://example.com/pune-listing/1869,3 BHK,1169.27,1297.12,0,13,7,1,Fully Furnished,1,4,3,2,4,Vitrified,1,0,0,1,1,Bike,1,Corporation + Borewell,5070.69,Baner,411045,Society,2.87,2.48,2.02,2.26,103268.66,39251467.29,33569.2,Builder,31
SYN-01870,synthetic,https://example.com/pune-listing/1870,1 RK,438.56,545.77,15,17,11,1,Semi-Furnished,1,1,0,0,1,Marble,0,0,0,0,0,Stilt,0,Corporation + Borewell,800.0,Pimple Saudagar,411027,Standalone,3.87,5.38,1.38,2.3,7668.41,3393399.56,7737.54,Owner,87
SYN-01871,synthetic,https://example.com/pune-listing/1871,3 BHK,881.57,973.31,7,12,10,1,Semi-Furnished,1,3,4,1,6,Granite,1,1,0,1,1,Open,1,Corporation + Borewell,3624.54,Hadapsar,411028,Society,4.59,3.03,2.37,2.36,20356.41,7205540.56,8173.52,Broker,15
SYN-01872,synthetic,https://example.com/pune-listing/1872,1 BHK,444.28,560.6,11,13,9,1,Semi-Furnished,1,1,0,0,2,Vitrified,1,1,0,1,0,Open,1,Municipal,1126.47,Hadapsar,411028,Society,4.98,2.21,2.5,2.15,8994.92,4410268.32,9926.78,Broker,31
SYN-01873,synthetic,https://example.com/pune-listing/1873,3 BHK,1250.16,1512.94,8,12,17,1,Semi-Furnished,1,3,5,3,4,Vitrified,1,1,1,0,1,Bike,1,Municipal,5136.46,Baner,411045,Society,2.09,3.49,1.55,2.13,58579.43,30105249.85,24081.18,Broker,14
SYN-01874,synthetic,https://example.com/pune-listing/1874,2 BHK,632.99,697.42,9,11,3,1,Unfurnished,0,3,2,2,3,Vitrified,1,1,1,0,1,Covered,0,Corporation + Borewell,3381.48,Baner,411045,Standalone,3.96,2.66,1.73,2.31,31225.31,12639791.15,19968.33,Owner,23
SYN-01875,synthetic,https://example.com/pune-listing/1875,2 BHK,642.25,748.31,2,19,5,1,Semi-Furnished,0,3,1,1,3,Ceramic,1,1,0,0,0,Open,0,Borewell,2212.41,Magarpatta,411013,Society,5.18,2.74,2.45,2.02,20523.52,5235410.76,8151.64,Owner,18
SYN-01876,synthetic,https://example.com/pune-listing/1876,2 BHK,486.56,621.38,4,13,7,1,Fully Furnished,1,2,2,2,2,Marble,1,1,1,1,1,Covered,1,Municipal,2906.14,Koregaon Park,411001,Standalone,2.09,4.25,1.11,1.12,39690.67,16718188.45,34359.79,Owner,16
SYN-01877,synthetic,https://example.com/pune-listing/1877,2 BHK,723.26,854.07,8,8,10,1,Fully Furnished,1,2,1,1,4,Granite,1,1,1,0,0,Covered,1,Borewell,2023.09,Aundh,411007,Standalone,3.7,4.16,1.63,1.51,39138.54,8027343.7,11098.76,Broker,27
SYN-01878,synthetic,https://example.com/pune-listing/1878,2 BHK,649.86,758.01,11,12,11,1,Unfurnished,0,2,2,1,4,Vitrified,1,1,0,1,1,Bike,0,Tanker,1437.42,Pimple Saudagar,411027,Society,4.67,3.5,1.16,2.17,16481.75,4990158.28,7678.81,Broker,49
SYN-01879,synthetic,https://example.com/pune-listing/1879,2 BHK,767.86,982.63,11,13,11,1,Semi-Furnished,1,3,2,0,3,Vitrified,0,0,0,1,0,Covered,0,Municipal,3334.51,Viman Nagar,411014,Society,2.02,6.15,1.53,1.54,25479.17,9663771.93,12585.29,Owner,2
SYN-01880,synthetic,https://example.com/pune-listing/1880,2 BHK,588.18,702.81,5,10,10,1,Unfurnished,0,2,2,1,3,Granite,1,1,1,1,0,Covered,1,Borewell,2283.02,Kharadi,411014,Society,3.68,2.12,2.21,1.76,20313.3,5539028.48,9417.26,Owner,58
SYN-01881,synthetic,https://example.com/pune-listing/1881,1 BHK,469.21,517.75,0,12,7,1,Semi-Furnished,1,3,1,1,2,Marble,0,0,1,1,1,Bike,1,Corporation + Borewell,2460.87,Kalyani Nagar,411006,Standalone,1.89,5.28,1.33,1.19,27250.93,12436272.89,26504.97,Owner,58
SYN-01882,synthetic,https://example.com/pune-listing/1882,3 BHK,1082.85,1299.63,12,14,12,1,Unfurnished,0,3,3,2,4,Granite,1,1,0,0,0,Covered,1,Tanker,,Magarpatta,411013,Society,4.73,2.17,1.33,1.75,29051.17,7436219.97,6867.26,Owner,31
SYN-01883,synthetic,https://example.com/pune-listing/1883,1 BHK,477.98,579.13,6,21,9,1,Semi-Furnished,1,1,1,0,1,Wooden,0,0,1,0,0,Bike,0,Municipal,800.0,Hadapsar,411028,Standalone,5.17,2.8,2.62,2.44,9692.12,3206003.54,6707.36,Broker,22
SYN-01884,synthetic,https://example.com/pune-listing/1884,3 BHK,773.13,907.6,2,7,9,1,Fully Furnished,1,3,3,3,4,Ceramic,1,1,1,1,1,Covered,1,Municipal,4059.01,Baner,411045,Society,2.07,3.94,1.78,1.5,54267.16,24511630.09,31704.6,Owner,26
SYN-01885,synthetic,https://example.com/pune-listing/1885,4 BHK,1998.34,2408.95,13,20,12,1,Unfurnished,1,3,3,3,6,Granite,1,1,0,0,0,Covered,0,Corporation + Borewell,5721.44,Hinjewadi,411057,Society,6.15,1.42,2.74,2.54,64543.85,15428209.39,7720.52,Builder,1
SYN-01886,synthetic,https://example.com/pune-listing/1886,2 BHK,624.71,705.55,17,18,5,1,Unfurnished,1,2,3,1,2,Wooden,1,1,0,0,0,Covered,1,Borewell,1132.56,Pimple Saudagar,411027,Society,3.35,6.3,1.75,2.0,12023.79,5057165.24,8095.24,Broker,15
SYN-01887,synthetic,https://example.com/pune-listing/1887,1 BHK,450.99,573.61,17,17,11,1,Semi-Furnished,1,1,2,0,2,Granite,1,1,0,0,0,Covered,1,Municipal,1968.87,Nigdi,411044,Society,3.82,10.12,1.37,2.35,13713.96,5067518.17,11236.35,Owner,13
SYN-01888,synthetic,https://example.com/pune-listing/1888,2 BHK,731.78,855.32,13,13,7,1,Fully Furnished,1,3,1,1,4,Granite,1,1,0,1,0,None,1,Borewell,2932.82,Pimple Saudagar,411027,Society,3.99,4.78,1.35,2.36,26703.9,6712584.59,9172.9,Broker,20
SYN-01889,synthetic,https://example.com/pune-listing/1889,1 BHK,518.91,606.06,12,13,11,1,Unfurnished,1,2,0,0,2,Vitrified,1,1,1,1,0,Covered,1,Borewell,1972.32,Kharadi,411014,Society,4.67,2.39,1.78,1.88,16285.4,4531931.0,8733.49,Owner,13
SYN-01890,synthetic,https://example.com/pune-listing/1890,2 BHK,674.15,769.53,10,11,4,1,Semi-Furnished,1,2,1,2,3,Vitrified,0,0,1,1,0,Stilt,1,Municipal,3817.84,Baner,411045,Society,2.41,2.94,1.85,2.34,49390.82,20459601.22,30348.93,Broker,33
SYN-01891,synthetic,https://example.com/pune-listing/1891,3 BHK,1128.6,1385.53,10,15,5,1,Semi-Furnished,1,3,2,2,6,Wooden,0,1,1,0,0,None,0,Tanker,4121.34,Viman Nagar,411014,Standalone,2.72,5.64,1.84,1.56,38763.25,17376160.36,15396.26,Broker,22
SYN-01892,synthetic,https://example.com/pune-listing/1892,2 BHK,660.84,727.87,4,12,2,1,Semi-Furnished,1,3,2,1,3,Granite,1,0,1,1,0,Covered,1,Borewell,2802.9,Viman Nagar,411014,Society,2.61,5.59,1.52,1.38,29616.99,5563088.27,8418.16,Owner,12
SYN-01893,synthetic,https://example.com/pune-listing/1893,2 BHK,865.93,1076.42,5,15,3,1,Unfurnished,0,2,3,1,3,Granite,1,1,0,0,0,Covered,0,Municipal,3307.45,Aundh,411007,Society,2.04,4.87,1.1,2.04,23193.86,14504547.56,16750.34,Broker,10
SYN-01894,synthetic,https://example.com/pune-listing/1894,4 BHK,1267.84,1373.19,5,9,11,1,Unfurnished,0,4,4,2,8,Ceramic,1,1,0,1,0,Open,1,Municipal,3472.5,Wakad,411057,Society,4.29,3.77,1.75,2.56,20755.92,8514266.62,6715.58,Broker,18
SYN-01895,synthetic,https://example.com/pune-listing/1895,1 BHK,353.98,393.96,3,11,12,1,Semi-Furnished,0,1,0,0,1,Ceramic,0,0,1,1,0,Covered,1,Municipal,1186.19,Aundh,411007,Standalone,3.87,3.69,1.15,1.24,7500.0,3068862.86,8669.58,Broker,23
SYN-01896,synthetic,https://example.com/pune-listing/1896,4 BHK,1242.52,1386.54,4,8,0,1,Semi-Furnished,1,5,4,3,4,Ceramic,1,0,0,1,0,None,1,Municipal,4974.6,Aundh,411007,Society,3.39,4.2,1.39,1.81,38737.13,13241152.34,10656.68,Owner,12
SYN-01897,synthetic,https://example.com/pune-listing/1897,4 BHK,1190.67,1320.19,12,13,12,1,Unfurnished,0,4,3,3,5,Vitrified,0,0,0,0,0,Open,1,Borewell,3202.85,Pimple Saudagar,411027,Society,3.5,5.89,1.46,1.73,25035.37,9820154.92,8247.57,Builder,18
SYN-01898,synthetic,https://example.com/pune-listing/1898,4 BHK,1172.43,1488.08,4,9,4,1,Semi-Furnished,1,6,4,3,5,Granite,1,1,1,1,0,Stilt,1,Municipal,4438.91,Viman Nagar,411014,Society,2.5,5.47,1.39,1.27,44627.44,9930225.31,8469.79,Broker,18
SYN-01899,synthetic,https://example.com/pune-listing/1899,2 BHK,713.39,844.66,2,14,5,1,Unfurnished,0,3,2,1,3,Vitrified,1,1,1,1,1,Covered,1,Borewell,2498.07,Kothrud,411038,Standalone,2.11,8.87,0.83,2.08,24261.05,7405160.39,10380.19,Owner,71
SYN-01900,synthetic,https://example.com/pune-listing/1900,3 BHK,955.9,1048.59,18,18,0,1,Unfurnished,1,4,2,1,5,Vitrified,1,1,1,1,1,Stilt,0,Corporation + Borewell,4359.32,Viman Nagar,411014,Society,2.89,4.4,1.87,1.69,48061.8,8775194.05,9180.0,Owner,22
SYN-01901,synthetic,https://example.com/pune-listing/1901,2 BHK,660.9,714.97,6,9,10,1,Semi-Furnished,1,2,3,1,2,Granite,1,1,0,1,0,Covered,1,Municipal,2711.75,Kharadi,411014,Society,3.57,1.74,2.11,2.23,31848.96,8284061.01,12534.6,Broker,35
SYN-01902,synthetic,https://example.com/pune-listing/1902,1 BHK,453.61,552.74,8,10,7,1,Fully Furnished,1,2,1,1,1,Ceramic,1,1,0,1,0,Stilt,1,Tanker,1904.65,Koregaon Park,411001,Society,2.04,3.95,0.85,1.57,38320.96,15393405.54,33935.12,Owner,20
SYN-01903,synthetic,https://example.com/pune-listing/1903,2 BHK,648.03,785.5,10,13,4,1,Semi-Furnished,1,3,2,1,4,Vitrified,1,1,0,0,0,Open,0,Corporation + Borewell,2288.33,Kharadi,411014,Standalone,4.14,1.66,1.95,2.43,23083.14,8760353.88,13518.42,Broker,21
SYN-01904,synthetic,https://example.com/pune-listing/1904,3 BHK,1084.17,1360.0,5,16,1,1,Fully Furnished,1,4,3,2,4,Vitrified,1,1,0,0,0,Covered,1,Municipal,3303.86,Hinjewadi,411057,Standalone,6.5,1.69,1.85,2.47,34840.08,9439654.08,8706.77,Owner,43
SYN-01905,synthetic,https://example.com/pune-listing/1905,1 BHK,545.7,656.3,19,20,14,1,Semi-Furnished,1,1,0,0,1,Marble,1,1,0,0,0,Open,1,Tanker,2415.87,Aundh,411007,Society,3.73,5.06,1.31,1.44,17978.28,5352077.05,9807.81,Owner,22
SYN-01906,synthetic,https://example.com/pune-listing/1906,1 BHK,457.49,538.43,1,12,10,1,Fully Furnished,1,1,1,0,2,Granite,1,1,1,0,0,Covered,1,Borewell,1689.39,Kharadi,411014,Society,4.28,1.8,1.9,2.19,22851.34,4460739.16,9750.42,Broker,31
SYN-01907,synthetic,https://example.com/pune-listing/1907,1 BHK,359.66,435.57,6,9,7,1,Semi-Furnished,1,1,0,1,2,Vitrified,1,1,1,0,1,Covered,1,Municipal,1726.47,Baner,411045,Society,3.43,3.89,1.92,2.26,27055.11,8052872.53,22390.55,Broker,15
SYN-01908,synthetic,https://example.com/pune-listing/1908,1 BHK,466.08,523.33,11,12,15,1,Semi-Furnished,1,1,0,1,1,Vitrified,1,1,0,1,1,Covered,0,Municipal,2486.09,Baner,411045,Society,2.45,3.76,1.54,1.94,19459.09,11389414.55,24436.48,Owner,60
SYN-01909,synthetic,https://example.com/pune-listing/1909,2 BHK,446.05,490.28,9,11,9,1,Semi-Furnished,1,3,2,0,3,Ceramic,0,0,0,1,0,Covered,1,Corporation + Borewell,2249.69,Shivajinagar,411005,Society,0.71,6.59,1.05,1.46,17844.57,4691316.24,10517.38,Broker,27
SYN-01910,synthetic,https://example.com/pune-listing/1910,3 BHK,1196.43,1347.55,3,11,11,1,Semi-Furnished,1,4,3,1,5,Vitrified,1,1,0,1,0,Open,0,Municipal,4335.72,Kharadi,411014,Society,4.1,2.2,2.67,1.79,52509.84,12127234.96,10136.21,Owner,48
SYN-01911,synthetic,https://example.com/pune-listing/1911,3 BHK,1534.4,1895.77,6,11,12,1,Unfurnished,1,4,3,2,4,Granite,1,1,1,1,0,Open,0,Corporation + Borewell,3377.82,Magarpatta,411013,Society,4.37,1.95,1.69,2.38,43239.25,11398049.98,7428.34,Owner,25
SYN-01912,synthetic,https://example.com/pune-listing/1912,2 BHK,577.25,704.14,10,12,4,1,Fully Furnished,1,3,2,2,3,Wooden,1,1,1,1,1,Bike,1,Corporation + Borewell,2419.58,Koregaon Park,411001,Society,2.05,5.32,1.79,1.4,49110.78,9704799.58,16811.99,Owner,7
SYN-01913,synthetic,https://example.com/pune-listing/1913,2 BHK,503.84,608.58,8,22,9,1,Semi-Furnished,0,3,2,1,3,Marble,0,0,0,0,1,Open,0,Municipal,1433.43,Pimple Saudagar,411027,Society,3.97,4.86,1.69,1.68,14382.53,3328046.72,6605.34,Broker,26
SYN-01914,synthetic,https://example.com/pune-listing/1914,3 BHK,1145.6,1404.16,3,20,11,1,Semi-Furnished,0,4,3,1,5,Ceramic,1,1,0,1,0,Covered,1,Borewell,2813.18,Pune Camp,411001,Society,1.47,6.44,1.62,1.75,31701.77,7637797.68,6667.06,Owner,20
SYN-01915,synthetic,https://example.com/pune-listing/1915,3 BHK,835.61,947.83,0,15,10,1,Unfurnished,0,4,2,2,4,Vitrified,1,1,0,1,0,Bike,1,Municipal,3182.09,Aundh,411007,Society,3.84,3.95,1.52,1.73,25853.89,13522122.9,16182.43,Owner,5
SYN-01916,synthetic,https://example.com/pune-listing/1916,1 BHK,457.54,559.92,9,14,8,1,Unfurnished,0,1,1,0,1,Ceramic,0,0,1,0,0,Covered,0,Municipal,1142.83,Pune Camp,411001,Society,1.55,6.69,1.84,1.88,7500.0,2800000.0,6119.66,Owner,40
SYN-01917,synthetic,https://example.com/pune-listing/1917,1 BHK,366.16,442.86,15,17,11,1,Fully Furnished,0,1,0,0,2,Granite,1,1,0,0,0,Covered,0,Municipal,1251.84,Hadapsar,411028,Society,5.09,2.13,2.42,1.93,11120.43,2800000.0,7646.85,Owner,13
SYN-01918,synthetic,https://example.com/pune-listing/1918,3 BHK,1043.11,1253.78,2,12,8,1,Fully Furnished,1,3,3,1,3,Wooden,1,1,1,1,1,Covered,1,Municipal,3113.98,Kothrud,411038,Society,1.76,8.04,1.03,1.57,33000.68,9148869.8,8770.75,Broker,33
SYN-01919,synthetic,https://example.com/pune-listing/1919,1 BHK,433.21,550.58,1,9,7,1,Semi-Furnished,1,2,1,0,2,Marble,1,1,0,1,1,Covered,1,Tanker,1075.25,Aundh,411007,Society,2.87,4.41,1.79,2.16,7500.0,4569303.85,10547.64,Owner,120
SYN-01920,synthetic,https://example.com/pune-listing/1920,2 BHK,573.05,688.8,0,16,12,1,Fully Furnished,1,3,1,1,3,Vitrified,1,1,1,0,0,None,1,Corporation + Borewell,1107.11,Kothrud,411038,Society,2.12,7.29,1.1,1.53,23213.05,5433618.43,9481.87,Owner,34
SYN-01921,synthetic,https://example.com/pune-listing/1921,3 BHK,935.17,1088.98,13,13,11,1,Semi-Furnished,0,5,3,2,4,Vitrified,1,1,0,0,1,Covered,0,Corporation + Borewell,3109.68,Wakad,411057,Society,4.78,2.11,1.99,2.42,28710.53,6502919.02,6953.73,Owner,52
SYN-01922,synthetic,https://example.com/pune-listing/1922,4 BHK,1163.43,1298.26,5,6,8,1,Semi-Furnished,1,4,4,4,5,Vitrified,0,0,1,1,1,Open,1,Corporation + Borewell,5111.24,Koregaon Park,411001,Standalone,2.36,6.58,1.41,1.74,64492.08,12923298.28,11107.97,Broker,22
SYN-01923,synthetic,https://example.com/pune-listing/1923,2 BHK,550.25,696.55,14,14,7,1,Semi-Furnished,1,2,1,1,3,Marble,1,1,0,1,0,Covered,1,Borewell,2403.49,Wakad,411057,Society,4.06,3.55,1.96,1.93,12202.92,5726080.61,10406.35,Owner,20
SYN-01924,synthetic,https://example.com/pune-listing/1924,2 BHK,573.09,638.88,9,13,9,1,Semi-Furnished,1,3,1,0,3,Vitrified,1,1,0,0,0,Covered,0,Corporation + Borewell,800.0,Pimple Saudagar,411027,Society,4.66,4.21,1.1,2.05,17345.75,3574431.01,6237.08,Broker,17
SYN-01925,synthetic,https://example.com/pune-listing/1925,1 BHK,428.69,527.54,3,16,4,1,Semi-Furnished,1,2,2,0,2,,1,1,0,0,0,Bike,0,Tanker,800.0,Wakad,411057,Society,5.71,3.21,2.1,2.4,18560.7,3812354.63,8893.1,Builder,18
SYN-01926,synthetic,https://example.com/pune-listing/1926,1 BHK,326.67,375.99,1,12,7,1,Fully Furnished,1,1,1,1,2,Vitrified,1,1,1,1,0,Covered,1,Borewell,800.0,Baner,411045,Society,3.17,2.79,2.21,2.04,13116.02,10867354.58,33266.91,Owner,9
SYN-01927,synthetic,https://example.com/pune-listing/1927,2 BHK,488.51,564.08,1,17,10,1,Unfurnished,1,3,2,1,3,Vitrified,1,1,1,0,0,Covered,1,Corporation + Borewell,800.0,Wakad,411057,Society,4.79,3.27,1.26,2.66,15421.09,2800000.0,5731.76,Builder,16
SYN-01928,synthetic,https://example.com/pune-listing/1928,1 BHK,431.97,492.74,8,14,4,1,Fully Furnished,1,1,1,1,1,Vitrified,0,0,0,0,0,Covered,1,Municipal,2312.02,Kalyani Nagar,411006,Standalone,1.95,4.08,0.87,1.14,38339.97,10041376.07,23245.32,Broker,54
SYN-01929,synthetic,https://example.com/pune-listing/1929,5 BHK,1358.55,,4,12,1,1,Semi-Furnished,1,5,4,3,7,Ceramic,0,0,0,0,0,Covered,0,Municipal,4431.88,Hadapsar,411028,Standalone,6.25,2.62,2.14,2.25,50689.52,10851618.56,7987.65,Broker,65
SYN-01930,synthetic,https://example.com/pune-listing/1930,2 BHK,660.94,817.52,6,9,0,1,Fully Furnished,1,2,2,2,3,Granite,1,1,1,0,1,Open,1,Municipal,4364.05,Baner,411045,Standalone,2.25,3.2,1.75,1.87,62399.84,20962205.6,31715.54,Broker,19
SYN-01931,synthetic,https://example.com/pune-listing/1931,2 BHK,626.24,789.61,0,12,10,1,Unfurnished,0,2,2,1,4,Vitrified,1,0,1,0,1,Covered,1,Municipal,3345.35,Kothrud,411038,Society,0.71,7.73,1.09,1.62,29359.04,8629776.79,13780.29,Owner,66
SYN-01932,synthetic,https://example.com/pune-listing/1932,2 BHK,681.81,771.67,12,12,5,1,Semi-Furnished,1,2,2,2,3,Vitrified,1,0,1,1,0,Stilt,0,Borewell,3357.24,Koregaon Park,411001,Society,1.38,6.13,1.85,1.43,48211.84,14675594.26,21524.52,Owner,11
SYN-01933,synthetic,https://example.com/pune-listing/1933,3 BHK,967.62,1181.46,5,7,7,1,Unfurnished,0,4,4,1,6,Wooden,1,1,0,0,0,Covered,1,Corporation + Borewell,3939.64,Kharadi,411014,Society,4.23,1.42,2.04,2.23,35633.39,14435786.23,14918.92,Broker,28
SYN-01934,synthetic,https://example.com/pune-listing/1934,2 BHK,837.7,923.02,6,9,8,1,Semi-Furnished,1,2,4,1,3,Ceramic,1,1,0,0,1,Covered,0,Corporation + Borewell,3810.88,Aundh,411007,Society,5.06,3.67,2.04,1.67,43119.96,7636738.21,9116.37,Owner,17
SYN-01935,synthetic,https://example.com/pune-listing/1935,4 BHK,1509.5,1890.17,3,8,16,1,Semi-Furnished,1,4,4,3,6,Marble,1,1,1,1,1,Bike,1,Municipal,6936.51,Baner,411045,Society,3.59,4.33,2.15,2.28,67341.95,17974206.62,11907.41,Owner,25
SYN-01936,synthetic,https://example.com/pune-listing/1936,3 BHK,1036.97,1325.76,0,18,12,1,Semi-Furnished,1,3,2,2,5,Ceramic,1,0,0,1,0,Covered,0,Tanker,2834.71,Magarpatta,411013,Society,5.15,1.71,2.53,2.61,21103.83,6654305.84,6417.04,Owner,50
SYN-01937,synthetic,https://example.com/pune-listing/1937,1 BHK,472.28,527.43,3,18,3,1,Semi-Furnished,1,2,0,0,2,Vitrified,1,1,0,0,0,,0,,1797.28,Wakad,411057,Society,4.81,2.28,2.51,2.09,7500.0,2800000.0,5928.71,Broker,17
SYN-01938,synthetic,https://example.com/pune-listing/1938,2 BHK,756.01,873.45,11,12,7,1,Semi-Furnished,1,2,2,1,3,Marble,1,1,0,0,0,Stilt,1,Borewell,1972.34,Pimple Saudagar,411027,Society,3.92,5.71,1.57,2.27,28517.4,6610536.08,8743.93,Owner,13
SYN-01939,synthetic,https://example.com/pune-listing/1939,3 BHK,1013.22,1288.42,7,13,8,1,Semi-Furnished,1,3,2,2,6,Marble,1,1,1,0,0,Covered,1,Corporation + Borewell,2210.47,Hinjewadi,411057,Society,5.87,0.52,2.12,3.13,23238.02,7332121.88,7236.47,Owner,20
SYN-01940,synthetic,https://example.com/pune-listing/1940,1 BHK,375.13,420.62,8,13,11,1,Semi-Furnished,1,1,1,0,2,Granite,0,0,1,1,0,Open,1,Corporation + Borewell,1384.77,Kharadi,411014,Society,4.49,1.64,2.11,1.57,15576.53,5539511.32,14766.76,Broker,15
SYN-01941,synthetic,https://example.com/pune-listing/1941,2 BHK,671.02,802.36,10,13,8,1,Unfurnished,0,2,2,1,3,Granite,1,1,0,0,0,Covered,1,Tanker,1759.22,Pimple Saudagar,411027,Society,3.66,5.8,1.71,1.96,15255.87,4357089.0,6493.21,Owner,32
SYN-01942,synthetic,https://example.com/pune-listing/1942,2 BHK,519.53,615.65,1,10,12,1,Unfurnished,0,3,2,1,2,Marble,1,1,0,0,0,Covered,0,Borewell,1839.62,Pimple Saudagar,411027,Society,4.07,3.72,1.41,1.77,16736.77,4273230.53,8225.25,Broker,22
SYN-01943,synthetic,https://example.com/pune-listing/1943,2 BHK,740.24,863.26,0,11,11,1,Fully Furnished,1,3,1,1,3,,1,1,1,1,1,Stilt,0,Tanker,2859.33,Kothrud,411038,Society,2.42,7.42,1.34,1.17,29522.98,7435038.99,10044.03,Broker,10
SYN-01944,synthetic,https://example.com/pune-listing/1944,1 BHK,416.36,473.61,12,16,14,1,Semi-Furnished,1,1,1,0,2,Vitrified,0,0,0,0,0,Covered,0,Borewell,800.0,Hadapsar,411028,Society,5.36,1.4,1.58,2.03,7500.0,2800000.0,6725.01,,30
SYN-01945,synthetic,https://example.com/pune-listing/1945,1 BHK,444.98,497.07,4,15,9,1,Semi-Furnished,0,1,1,0,2,Vitrified,1,1,0,1,0,Covered,0,Borewell,1437.84,Wakad,411057,Standalone,5.53,2.71,2.28,1.61,10419.67,3124463.8,7021.51,Owner,21
SYN-01946,synthetic,https://example.com/pune-listing/1946,1 BHK,401.07,508.43,10,15,10,1,Unfurnished,1,1,0,1,2,Marble,1,1,1,0,1,Open,1,Municipal,1614.26,Koregaon Park,411001,Society,2.76,5.57,1.82,1.4,25586.32,9474867.63,23624.0,Broker,3
SYN-01947,synthetic,https://example.com/pune-listing/1947,1 RK,368.41,402.25,1,9,12,1,Semi-Furnished,1,2,0,0,2,Wooden,0,0,1,1,0,Stilt,0,Municipal,800.0,Kharadi,411014,Standalone,3.56,0.2,2.22,1.63,13891.9,5241693.93,14227.99,Broker,7
SYN-01948,synthetic,https://example.com/pune-listing/1948,4 BHK,1467.82,1836.61,4,4,7,1,Semi-Furnished,1,4,3,4,8,Vitrified,0,1,0,1,1,None,1,Municipal,7034.39,Koregaon Park,411001,Standalone,2.94,4.99,1.22,1.23,91522.63,41372487.64,28186.34,Owner,73
SYN-01949,synthetic,https://example.com/pune-listing/1949,1 RK,334.65,366.28,2,13,11,1,Fully Furnished,1,2,2,0,2,Marble,1,1,0,0,0,Covered,1,Municipal,1044.1,Hadapsar,411028,Society,5.13,2.03,1.65,2.08,11962.34,2800000.0,8367.04,Owner,25
SYN-01950,synthetic,https://example.com/pune-listing/1950,1 RK,391.84,451.0,7,11,15,1,Semi-Furnished,1,1,1,0,1,,1,1,0,1,0,None,0,Municipal,1245.64,Kothrud,411038,Society,0.87,7.26,0.86,1.64,9268.64,5744466.38,14660.25,Builder,33
SYN-01951,synthetic,https://example.com/pune-listing/1951,1 BHK,384.68,424.27,3,10,11,1,Unfurnished,0,2,0,1,2,Vitrified,0,0,1,1,1,Covered,1,,1583.97,Koregaon Park,411001,Standalone,3.75,5.71,1.8,1.16,24644.52,9867202.88,25650.11,Broker,7
SYN-01952,synthetic,https://example.com/pune-listing/1952,3 BHK,891.12,991.0,11,17,3,1,Semi-Furnished,1,3,3,2,5,Vitrified,1,1,1,1,1,Open,0,Corporation + Borewell,2816.76,Shivajinagar,411005,Society,0.24,7.37,1.26,1.48,40961.15,7946234.76,8917.13,Broker,12
SYN-01953,synthetic,https://example.com/pune-listing/1953,3 BHK,938.07,1174.13,10,16,13,1,Fully Furnished,1,3,3,2,5,Marble,0,1,0,1,0,Stilt,0,Borewell,2535.58,Wakad,411057,Standalone,4.9,2.76,1.77,2.19,30081.21,6176673.01,6584.48,Broker,40
SYN-01954,synthetic,https://example.com/pune-listing/1954,2 BHK,702.45,826.01,11,15,9,1,Semi-Furnished,1,3,2,1,2,Marble,0,0,0,1,0,Covered,0,Corporation + Borewell,2736.18,Kothrud,411038,Standalone,2.09,7.22,1.21,1.23,22501.36,5863897.19,8347.81,Broker,16
SYN-01955,synthetic,https://example.com/pune-listing/1955,1 BHK,522.75,643.4,6,8,18,1,Unfurnished,0,1,0,0,2,Vitrified,1,1,0,0,0,Bike,0,Corporation + Borewell,800.0,Pune Camp,411001,Society,2.38,6.95,1.09,1.51,7500.0,2800000.0,5356.34,Owner,10
SYN-01956,synthetic,https://example.com/pune-listing/1956,3 BHK,884.78,982.52,3,9,10,1,Unfurnished,1,3,3,1,6,Wooden,0,1,0,1,0,Covered,0,Municipal,2989.67,Kharadi,411014,Society,4.03,2.0,2.17,1.83,24356.03,10698241.75,12091.47,Broker,4
SYN-01957,synthetic,https://example.com/pune-listing/1957,2 BHK,588.21,668.15,5,12,4,1,Fully Furnished,1,2,2,1,3,Marble,1,1,0,1,0,Bike,1,Municipal,2159.15,Kothrud,411038,Standalone,1.72,6.68,0.96,1.24,25645.01,12107070.72,20582.76,Broker,86
SYN-01958,synthetic,https://example.com/pune-listing/1958,1 BHK,449.53,558.26,6,11,9,1,Unfurnished,0,1,1,0,1,Marble,1,1,0,0,0,Covered,1,Corporation + Borewell,1031.85,Nigdi,411044,Society,4.15,9.82,1.79,2.78,16092.84,3105404.19,6908.08,Broker,26
SYN-01959,synthetic,https://example.com/pune-listing/1959,2 BHK,967.08,1074.57,5,18,5,1,Semi-Furnished,1,2,1,0,4,Marble,1,0,0,0,0,Covered,0,,2084.7,Wakad,411057,Standalone,4.83,2.66,1.76,2.34,25342.09,6024632.45,6229.72,Broker,49
SYN-01960,synthetic,https://example.com/pune-listing/1960,2 BHK,734.57,897.2,9,14,5,1,Unfurnished,1,2,2,1,2,Marble,1,1,0,0,0,Covered,1,Borewell,,Pimple Saudagar,411027,Society,4.21,4.57,1.56,1.49,12891.36,6018468.13,8193.22,Owner,30
SYN-01961,synthetic,https://example.com/pune-listing/1961,1 BHK,461.11,535.17,5,8,6,1,Unfurnished,1,2,1,0,2,Granite,1,0,1,0,0,Covered,1,Tanker,1372.95,Magarpatta,411013,Society,5.01,3.1,2.06,1.92,10064.48,3502186.09,7595.09,Owner,6
SYN-01962,synthetic,https://example.com/pune-listing/1962,2 BHK,953.79,1093.14,1,14,20,1,Unfurnished,1,2,1,0,4,Vitrified,1,1,1,0,0,Open,1,Municipal,2657.1,Kharadi,411014,Society,4.58,0.2,2.12,2.24,31292.94,9291001.0,9741.15,Owner,12
SYN-01963,synthetic,https://example.com/pune-listing/1963,2 BHK,489.74,578.44,15,16,6,1,Semi-Furnished,0,2,2,1,4,Marble,1,1,0,1,0,Covered,0,Municipal,2040.65,Pimple Saudagar,411027,Society,4.31,4.03,1.83,1.68,13284.13,4345257.97,8872.65,Owner,14
SYN-01964,synthetic,https://example.com/pune-listing/1964,2 BHK,739.62,922.09,15,18,10,1,Semi-Furnished,1,2,1,0,3,Ceramic,1,1,0,0,0,Covered,1,,2344.65,Magarpatta,411013,Society,4.53,1.95,1.81,2.01,22445.56,5086263.88,6876.88,Broker,17
SYN-01965,synthetic,https://example.com/pune-listing/1965,2 BHK,606.01,733.89,12,13,11,1,Semi-Furnished,1,2,1,1,4,Ceramic,1,1,1,0,0,,0,Municipal,1812.96,Nigdi,411044,Society,3.24,9.81,1.89,2.42,23869.95,4615074.47,7615.54,Owner,44
SYN-01966,synthetic,https://example.com/pune-listing/1966,3 BHK,810.02,916.52,14,15,8,1,Unfurnished,0,3,3,2,5,Vitrified,0,1,0,1,0,Open,0,Municipal,2247.97,Viman Nagar,411014,Standalone,2.26,6.33,1.74,1.44,32481.31,7705333.9,9512.48,Owner,34
SYN-01967,synthetic,https://example.com/pune-listing/1967,1 RK,332.02,374.46,7,7,4,1,Semi-Furnished,1,1,2,1,2,Wooden,0,0,1,1,1,Stilt,1,Municipal,1203.99,Koregaon Park,411001,Standalone,2.07,5.24,1.82,0.85,19214.61,4924752.73,14832.66,Owner,29
SYN-01968,synthetic,https://example.com/pune-listing/1968,2 BHK,738.09,878.56,0,8,11,1,Semi-Furnished,1,3,3,2,3,Vitrified,1,1,1,1,1,None,1,Municipal,,Koregaon Park,411001,Society,2.6,4.13,1.68,1.15,44087.31,19139967.94,25931.87,Owner,9
SYN-01969,synthetic,https://example.com/pune-listing/1969,2 BHK,687.75,800.6,4,10,4,1,Fully Furnished,1,2,4,2,4,Vitrified,1,1,0,1,0,Open,1,Borewell,2156.2,Kalyani Nagar,411006,Society,2.37,5.58,1.1,0.88,55594.9,8797416.67,12791.66,Owner,30
SYN-01970,synthetic,https://example.com/pune-listing/1970,1 RK,425.45,510.92,10,10,3,1,Unfurnished,0,1,0,0,1,Marble,1,1,0,0,1,Covered,1,Municipal,2308.18,Kothrud,411038,Society,2.99,6.89,1.15,1.46,17767.97,3550226.15,8344.6,Owner,16
SYN-01971,synthetic,https://example.com/pune-listing/1971,1 BHK,446.83,489.18,11,11,5,1,Fully Furnished,1,1,2,0,2,Vitrified,0,0,1,1,1,None,1,Borewell,800.0,Kothrud,411038,Standalone,2.15,6.65,1.43,1.52,23576.63,8360864.44,18711.38,Owner,15
SYN-01972,synthetic,https://example.com/pune-listing/1972,1 BHK,385.08,479.0,8,17,11,1,Unfurnished,0,1,2,0,2,Marble,0,0,0,0,0,Covered,0,Corporation + Borewell,890.96,Hadapsar,411028,Society,6.05,3.05,2.15,1.77,11063.37,2800000.0,7271.28,Owner,10
SYN-01973,synthetic,https://example.com/pune-listing/1973,3 BHK,957.38,1057.74,11,12,7,1,Unfurnished,1,3,3,1,6,Marble,1,1,1,1,0,Covered,1,Municipal,3183.54,Viman Nagar,411014,Society,1.45,5.42,2.02,1.58,39872.67,8702494.56,9089.91,Owner,6
SYN-01974,synthetic,https://example.com/pune-listing/1974,3 BHK,756.15,961.65,2,18,7,1,Fully Furnished,1,4,4,2,5,Vitrified,0,0,0,1,1,Covered,1,Municipal,2093.29,Aundh,411007,Standalone,4.57,2.03,1.03,2.04,22685.48,8567201.37,11329.98,Owner,10
SYN-01975,synthetic,https://example.com/pune-listing/1975,1 BHK,422.3,474.48,7,9,9,1,Fully Furnished,1,1,0,0,1,Granite,1,1,1,1,0,Covered,1,Municipal,,Shivajinagar,411005,Standalone,2.08,6.35,0.96,0.98,22785.35,4903203.47,11610.61,Broker,33
SYN-01976,synthetic,https://example.com/pune-listing/1976,1 BHK,390.16,498.47,13,15,11,1,Unfurnished,0,2,0,0,1,Vitrified,1,1,0,1,0,Covered,1,Borewell,800.0,Wakad,411057,Society,4.35,2.31,2.1,2.3,14081.47,5041562.91,12921.91,Broker,57
SYN-01977,synthetic,https://example.com/pune-listing/1977,3 BHK,1248.9,1547.21,7,11,8,1,Unfurnished,1,4,3,2,4,Vitrified,1,1,0,0,0,None,0,Municipal,1960.51,Pimple Saudagar,411027,Society,4.05,5.6,1.2,2.55,37562.34,9632777.48,7713.02,Broker,21
SYN-01978,synthetic,https://example.com/pune-listing/1978,2 BHK,588.78,663.61,3,10,6,1,Fully Furnished,1,3,2,2,4,Marble,0,0,1,1,0,Covered,1,Corporation + Borewell,2855.04,Baner,411045,Standalone,3.05,3.84,1.5,2.01,47413.17,14293792.82,24277.01,,28
SYN-01979,synthetic,https://example.com/pune-listing/1979,2 BHK,644.8,746.77,10,14,6,1,Fully Furnished,1,2,2,2,4,Ceramic,1,1,1,1,1,Covered,1,Municipal,2363.89,Koregaon Park,411001,Standalone,2.6,5.59,1.89,1.19,54667.5,21635037.59,33553.09,Owner,13
SYN-01980,synthetic,https://example.com/pune-listing/1980,3 BHK,1170.82,1479.46,15,15,6,1,Semi-Furnished,1,3,2,2,5,Marble,1,0,0,0,0,Covered,1,Municipal,4562.8,Viman Nagar,411014,Society,3.94,5.24,1.84,1.45,56958.94,15382669.39,13138.39,Broker,17
SYN-01981,synthetic,https://example.com/pune-listing/1981,2 BHK,726.4,785.57,9,13,0,1,Semi-Furnished,1,2,2,2,2,Granite,1,1,1,0,0,Covered,1,Municipal,3102.5,Kalyani Nagar,411006,Society,1.51,4.03,1.29,1.74,37275.21,13221917.59,18202.08,Builder,30
SYN-01982,synthetic,https://example.com/pune-listing/1982,4 BHK,1724.1,2126.27,12,15,9,1,Semi-Furnished,1,3,4,2,4,Wooden,1,1,0,0,0,None,1,Municipal,5958.56,Shivajinagar,411005,Society,1.19,7.87,1.68,1.11,79356.15,14656497.26,8500.97,Broker,36
SYN-01983,synthetic,https://example.com/pune-listing/1983,5 BHK,2375.91,2863.82,11,11,8,1,Semi-Furnished,1,5,4,5,9,Granite,1,1,1,1,0,Open,1,,9069.88,Kothrud,411038,Society,1.54,8.46,1.18,1.53,79894.21,38842137.78,16348.35,Builder,5
SYN-01984,synthetic,https://example.com/pune-listing/1984,2 BHK,549.03,693.03,7,10,12,1,Unfurnished,1,2,2,1,4,Granite,1,1,0,1,0,Covered,1,Tanker,800.0,Wakad,411057,Society,4.32,3.39,1.61,2.34,11377.41,2800000.0,5099.86,Owner,31
SYN-01985,synthetic,https://example.com/pune-listing/1985,5 BHK,1889.62,2395.6,21,21,13,1,Semi-Furnished,1,6,5,5,8,Ceramic,1,1,1,1,0,Covered,1,Municipal,6426.63,Hadapsar,411028,Society,6.4,0.42,2.31,1.8,55064.56,12409193.03,6567.02,Broker,48
SYN-01986,synthetic,https://example.com/pune-listing/1986,1 BHK,448.04,541.14,15,15,3,1,Semi-Furnished,1,2,1,0,2,Vitrified,1,1,0,0,0,Covered,1,Tanker,1286.67,Wakad,411057,Society,4.31,2.6,1.85,2.08,7958.29,4165845.03,9297.91,Owner,38
SYN-01987,synthetic,https://example.com/pune-listing/1987,2 BHK,564.64,672.06,2,10,7,1,Semi-Furnished,1,2,1,2,3,Marble,1,1,1,1,0,Stilt,0,Municipal,3302.4,Baner,411045,Society,2.69,2.87,1.21,2.43,26812.43,16211876.47,28712.03,Owner,7
SYN-01988,synthetic,https://example.com/pune-listing/1988,1 BHK,369.07,402.17,4,13,8,1,Unfurnished,0,2,1,0,1,Vitrified,0,0,0,1,0,,0,Corporation + Borewell,800.0,Pimple Saudagar,411027,Standalone,3.95,3.28,1.82,1.61,12614.98,3348108.23,9071.78,Owner,13
SYN-01989,synthetic,https://example.com/pune-listing/1989,2 BHK,471.74,592.06,17,22,15,1,Semi-Furnished,1,3,2,1,4,Wooden,1,1,0,0,0,Stilt,0,Municipal,800.0,Hinjewadi,411057,Society,7.4,0.2,2.05,1.99,11382.62,3359994.3,7122.59,Builder,5
SYN-01990,synthetic,https://example.com/pune-listing/1990,1 BHK,391.44,441.31,1,13,3,1,Semi-Furnished,1,1,0,0,1,Vitrified,0,0,1,0,0,Stilt,0,Corporation + Borewell,1582.71,Nigdi,411044,Standalone,3.76,10.07,1.2,2.77,15047.54,4830828.31,12341.3,Owner,56
SYN-01991,synthetic,https://example.com/pune-listing/1991,1 RK,402.03,456.67,5,21,12,1,Unfurnished,1,1,1,0,1,Wooden,1,1,1,0,0,Bike,0,,2043.91,Shivajinagar,411005,Society,0.38,6.56,0.75,0.91,16031.18,3719185.94,9250.92,Broker,26
SYN-01992,synthetic,https://example.com/pune-listing/1992,1 BHK,427.54,464.58,10,13,11,1,Semi-Furnished,1,1,1,0,2,Wooden,0,0,0,0,0,Covered,0,Borewell,1192.54,Aundh,411007,Standalone,3.27,3.81,1.38,1.74,13436.45,6736828.57,15757.35,Owner,25
SYN-01993,synthetic,https://example.com/pune-listing/1993,3 BHK,1046.06,1312.85,8,13,11,1,Unfurnished,0,4,2,1,4,Marble,0,1,0,1,0,,0,Corporation + Borewell,,Hadapsar,411028,Standalone,4.52,1.71,2.11,2.09,27506.51,8252238.45,7888.87,Builder,15
SYN-01994,synthetic,https://example.com/pune-listing/1994,2 BHK,658.44,760.01,0,15,14,1,Fully Furnished,1,3,1,1,3,Granite,1,1,0,0,0,Covered,0,Municipal,2383.93,Wakad,411057,Society,6.07,2.83,2.31,1.99,25194.39,5668310.79,8608.67,Builder,15
SYN-01995,synthetic,https://example.com/pune-listing/1995,3 BHK,961.24,1180.56,11,13,6,1,Fully Furnished,1,4,2,2,4,Vitrified,1,1,0,0,0,Bike,0,Tanker,1370.51,Pimple Saudagar,411027,Society,4.33,6.2,1.2,2.43,31382.95,7755704.78,8068.46,Owner,26
SYN-01996,synthetic,https://example.com/pune-listing/1996,3 BHK,866.14,1041.63,6,11,12,1,Semi-Furnished,1,4,3,2,4,Ceramic,0,0,1,0,0,Bike,0,Municipal,1801.15,Hadapsar,411028,Standalone,5.94,3.52,2.67,2.19,22469.68,4872848.39,5625.95,Owner,28
SYN-01997,synthetic,https://example.com/pune-listing/1997,2 BHK,648.18,729.19,0,9,2,1,Unfurnished,0,3,2,2,3,Vitrified,1,0,0,0,0,Covered,0,Corporation + Borewell,3440.09,Koregaon Park,411001,Society,3.4,5.02,1.33,1.07,30198.19,15468273.54,23864.08,Owner,32
SYN-01998,synthetic,https://example.com/pune-listing/1998,1 BHK,470.38,600.72,11,12,2,1,Unfurnished,1,1,3,0,1,Marble,1,0,0,1,0,Covered,1,Municipal,2594.21,Shivajinagar,411005,Society,0.81,7.25,0.39,1.3,17462.99,7474880.89,15890.98,Broker,73
SYN-01999,synthetic,https://example.com/pune-listing/1999,2 BHK,522.97,593.55,3,9,9,1,Semi-Furnished,1,2,2,0,4,Vitrified,1,1,0,0,0,Covered,1,Borewell,2683.07,Viman Nagar,411014,Society,3.03,5.83,1.79,1.3,17671.5,4138815.33,7913.99,Broker,43
SYN-02000,synthetic,https://example.com/pune-listing/2000,1 BHK,463.67,530.67,7,9,12,1,Fully Furnished,1,1,1,0,2,Granite,0,0,0,0,0,Covered,0,,1518.7,Wakad,411057,Society,3.93,1.48,2.06,2.42,16323.31,3890967.17,8391.61,Broker,42
SYN-02001,synthetic,https://example.com/pune-listing/2001,2 BHK,610.72,737.41,5,11,2,1,Fully Furnished,0,2,1,2,2,Ceramic,1,1,1,1,1,Covered,1,Corporation + Borewell,3434.61,Kalyani Nagar,411006,Society,1.97,5.85,1.44,0.96,31430.49,8082585.89,13234.53,Owner,14
SYN-02002,synthetic,https://example.com/pune-listing/2002,2 BHK,596.54,677.53,6,10,7,1,Semi-Furnished,1,3,1,1,3,Marble,1,1,0,1,0,Covered,1,Municipal,2036.27,Kharadi,411014,Society,4.94,2.51,2.16,1.93,29576.31,10955916.16,18365.69,Owner,28
SYN-02003,synthetic,https://example.com/pune-listing/2003,4 BHK,1416.83,1770.39,3,10,8,1,Semi-Furnished,1,5,4,4,5,Ceramic,1,0,1,1,1,Covered,1,Corporation + Borewell,6581.07,Kalyani Nagar,411006,Society,2.5,6.37,1.03,1.55,104734.32,32705497.92,23083.5,Broker,26
SYN-02004,synthetic,https://example.com/pune-listing/2004,1 BHK,414.75,487.88,13,16,6,1,Semi-Furnished,1,1,2,0,1,Vitrified,1,1,1,1,0,Covered,1,Municipal,,Kothrud,411038,Society,1.84,7.53,1.5,1.49,15848.25,4851990.66,11698.71,Owner,14
SYN-02005,synthetic,https://example.com/pune-listing/2005,1 BHK,451.7,502.95,4,18,20,1,Unfurnished,0,1,0,0,2,Ceramic,1,1,1,0,1,Covered,0,Municipal,877.18,Pimple Saudagar,411027,Standalone,3.19,4.33,0.9,2.31,10357.52,3383285.77,7490.13,Owner,22
SYN-02006,synthetic,https://example.com/pune-listing/2006,5 BHK,1648.05,1861.92,4,10,7,1,Semi-Furnished,1,6,5,3,9,Vitrified,1,1,0,0,0,Covered,1,Tanker,2814.96,Magarpatta,411013,Society,4.72,2.16,2.12,1.89,27938.05,13122768.64,7962.6,Broker,14
SYN-02007,synthetic,https://example.com/pune-listing/2007,1 RK,373.56,418.87,15,16,13,1,Semi-Furnished,1,1,1,0,2,Vitrified,1,1,0,1,0,Bike,0,Corporation + Borewell,2182.73,Hadapsar,411028,Standalone,5.72,2.58,2.15,2.09,11691.5,2800000.0,7495.48,Owner,20
SYN-02008,synthetic,https://example.com/pune-listing/2008,1 RK,438.48,529.81,8,8,10,1,Fully Furnished,0,2,0,1,1,Vitrified,0,1,0,1,1,Bike,1,Municipal,1544.11,Koregaon Park,411001,Standalone,1.75,5.2,1.57,0.67,27539.28,10798121.74,24626.05,Broker,38
SYN-02009,synthetic,https://example.com/pune-listing/2009,3 BHK,767.28,854.49,6,11,7,1,Unfurnished,0,3,2,1,6,Marble,1,1,1,1,0,Covered,1,Corporation + Borewell,1551.32,Pimple Saudagar,411027,Standalone,3.62,7.01,2.1,1.59,21950.5,5343604.48,6964.33,,30
SYN-02010,synthetic,https://example.com/pune-listing/2010,3 BHK,848.17,1015.78,7,10,6,1,Unfurnished,1,3,1,2,4,Marble,1,1,1,1,0,Covered,0,Tanker,4260.07,Baner,411045,Society,3.28,2.69,1.38,2.13,37787.24,22875462.39,26970.24,Broker,27
SYN-02011,synthetic,https://example.com/pune-listing/2011,3 BHK,782.29,978.69,7,15,7,1,Semi-Furnished,1,4,4,2,5,Marble,1,0,0,0,0,Stilt,1,Municipal,3061.7,Kharadi,411014,Society,4.06,2.28,2.47,2.26,30542.84,12292303.01,15713.24,Broker,38
SYN-02012,synthetic,https://example.com/pune-listing/2012,3 BHK,1195.74,1457.82,2,11,11,1,Semi-Furnished,1,4,2,2,4,Vitrified,1,1,1,1,0,Open,0,Corporation + Borewell,5203.7,Shivajinagar,411005,Society,1.3,8.46,0.78,1.12,47821.74,11106763.01,9288.61,Broker,30
SYN-02013,synthetic,https://example.com/pune-listing/2013,1 BHK,260.0,324.21,2,14,7,1,Unfurnished,1,1,0,0,2,Vitrified,0,1,1,0,1,Covered,1,Corporation + Borewell,800.0,Kothrud,411038,Standalone,1.78,7.3,1.15,1.47,8177.53,3619491.69,13921.12,Owner,19
SYN-02014,synthetic,https://example.com/pune-listing/2014,2 BHK,491.97,614.25,17,17,6,1,Semi-Furnished,1,2,1,1,4,Vitrified,1,1,0,1,1,Covered,1,Municipal,1576.71,Shivajinagar,411005,Society,1.51,6.57,0.99,1.23,20418.33,4988316.54,10139.49,Owner,27
SYN-02015,synthetic,https://example.com/pune-listing/2015,2 BHK,362.67,437.74,5,14,10,1,Semi-Furnished,1,2,1,1,3,Granite,1,1,0,0,0,Covered,1,Municipal,1469.62,Hadapsar,411028,Standalone,4.79,2.63,1.95,1.95,7858.72,2800000.0,7720.57,Broker,20
SYN-02016,synthetic,https://example.com/pune-listing/2016,3 BHK,691.13,855.94,5,13,10,1,Fully Furnished,1,3,3,2,3,Vitrified,0,1,0,1,0,None,1,Municipal,1070.51,Pimple Saudagar,411027,Society,4.29,5.86,1.29,2.09,15808.58,5858081.0,8476.14,Broker,30
SYN-02017,synthetic,https://example.com/pune-listing/2017,2 BHK,605.13,735.12,12,13,6,1,Semi-Furnished,1,2,2,1,3,Ceramic,0,0,0,0,0,Covered,0,Tanker,1825.61,Pimple Saudagar,411027,Standalone,3.66,5.39,1.43,1.89,20374.48,5780314.14,9552.23,Broker,14
SYN-02018,synthetic,https://example.com/pune-listing/2018,2 BHK,659.6,813.99,19,20,13,1,Unfurnished,1,1,1,0,2,Marble,0,0,0,1,0,Bike,0,Municipal,2407.06,Hadapsar,411028,Standalone,5.41,1.83,2.17,1.96,17498.22,6254448.64,9482.23,Broker,51
SYN-02019,synthetic,https://example.com/pune-listing/2019,2 BHK,757.58,890.26,10,12,13,1,Semi-Furnished,0,3,1,1,3,Marble,1,0,0,0,0,Covered,0,Municipal,3570.84,Shivajinagar,411005,Society,0.97,6.85,1.56,1.27,28625.12,5652365.36,7461.05,Broker,15
SYN-02020,synthetic,https://example.com/pune-listing/2020,2 BHK,567.46,713.27,8,11,4,1,Unfurnished,0,2,1,1,3,Marble,0,0,0,0,0,Covered,0,Municipal,2183.84,Magarpatta,411013,Standalone,5.69,1.08,2.17,2.09,17328.76,2903630.55,5116.85,Owner,7
SYN-02021,synthetic,https://example.com/pune-listing/2021,2 BHK,650.83,711.86,6,11,14,1,Semi-Furnished,1,3,2,1,4,Granite,0,1,1,1,0,Covered,0,Municipal,,Kharadi,411014,Standalone,3.45,1.61,2.21,2.04,23606.95,9843878.85,15125.11,Owner,16
SYN-02022,synthetic,https://example.com/pune-listing/2022,2 BHK,665.82,761.15,10,16,15,1,Semi-Furnished,1,3,2,1,4,Ceramic,1,1,0,0,0,Stilt,0,,2125.75,Wakad,411057,Society,4.59,1.81,1.73,2.04,9252.49,5372649.63,8069.21,Broker,15
SYN-02023,synthetic,https://example.com/pune-listing/2023,2 BHK,675.84,766.36,7,14,11,1,Unfurnished,1,2,3,1,3,Vitrified,1,1,1,1,0,Covered,0,Municipal,2912.27,Kharadi,411014,Society,4.54,0.6,1.85,2.07,19274.54,6346095.77,9389.97,Broker,51
SYN-02024,synthetic,https://example.com/pune-listing/2024,2 BHK,526.1,631.55,9,12,8,1,Semi-Furnished,1,2,1,1,4,Granite,1,1,0,0,1,Covered,1,Municipal,2361.72,Viman Nagar,411014,Society,1.76,5.57,1.83,1.66,19613.13,4382494.23,8330.08,Owner,7
SYN-02025,synthetic,https://example.com/pune-listing/2025,1 RK,397.01,446.86,4,9,4,1,Fully Furnished,1,1,1,1,1,Marble,1,1,1,1,1,Covered,1,Municipal,1842.02,Koregaon Park,411001,Society,1.76,4.53,1.1,1.17,28207.48,5588850.39,14077.25,Broker,14
SYN-02026,synthetic,https://example.com/pune-listing/2026,1 BHK,541.34,661.24,1,13,14,1,Unfurnished,0,2,1,0,2,Vitrified,1,1,0,0,0,Covered,0,Corporation + Borewell,819.7,Wakad,411057,Society,3.99,3.0,1.62,1.88,8035.96,4802684.27,8871.79,Broker,9
SYN-02027,synthetic,https://example.com/pune-listing/2027,3 BHK,1013.08,1170.04,7,11,8,1,Unfurnished,1,4,3,1,4,Vitrified,1,1,1,0,0,Covered,1,Borewell,4559.39,Kharadi,411014,Society,5.41,0.26,2.1,1.79,37092.13,10423103.43,10288.55,Owner,35
SYN-02028,synthetic,https://example.com/pune-listing/2028,3 BHK,944.83,1127.53,9,10,3,1,Semi-Furnished,1,3,2,2,6,Vitrified,1,1,1,1,1,Covered,1,Corporation + Borewell,3335.56,Aundh,411007,Society,2.72,5.05,1.5,1.65,31813.79,13987091.66,14803.89,Owner,41
SYN-02029,synthetic,https://example.com/pune-listing/2029,1 BHK,505.7,559.87,5,10,6,1,Fully Furnished,1,1,1,0,2,Ceramic,0,0,0,0,0,Covered,0,Corporation + Borewell,868.75,Wakad,411057,Society,4.55,2.31,2.24,2.22,14860.39,3369786.78,6663.61,Owner,32
SYN-02030,synthetic,https://example.com/pune-listing/2030,2 BHK,646.22,715.32,2,11,5,1,Unfurnished,1,3,2,1,2,Vitrified,1,1,0,0,0,Covered,0,Tanker,2568.77,Hadapsar,411028,Society,5.56,1.25,2.29,2.22,18312.14,4530270.39,7010.46,Broker,37
SYN-02031,synthetic,https://example.com/pune-listing/2031,5 BHK,2280.31,2905.1,7,10,16,1,Semi-Furnished,1,5,4,5,8,Wooden,1,1,1,1,0,Bike,1,Municipal,11323.22,Baner,411045,Society,3.8,3.08,1.86,2.29,125178.81,50912743.53,22327.13,Builder,11
SYN-02032,synthetic,https://example.com/pune-listing/2032,3 BHK,807.25,955.72,13,13,11,1,Fully Furnished,1,4,3,1,4,Vitrified,0,0,0,0,0,Bike,0,Borewell,2953.68,Hinjewadi,411057,Standalone,6.24,0.75,2.75,2.37,28114.75,6128196.68,7591.49,Broker,19
SYN-02033,synthetic,https://example.com/pune-listing/2033,2 BHK,635.63,788.37,2,6,6,1,Unfurnished,0,3,1,0,4,Marble,0,1,0,1,1,Covered,1,Corporation + Borewell,2836.27,Kothrud,411038,Society,1.57,7.41,0.94,1.55,29710.77,6433886.44,10122.14,Owner,12
SYN-02034,synthetic,https://example.com/pune-listing/2034,2 BHK,657.63,827.2,1,14,2,1,Semi-Furnished,1,2,2,1,3,Marble,1,0,0,0,0,None,1,Municipal,1793.2,Viman Nagar,411014,Society,2.04,5.12,1.96,1.49,25879.43,6543694.06,9950.39,,50
SYN-02035,synthetic,https://example.com/pune-listing/2035,1 BHK,471.81,565.08,9,10,9,1,Unfurnished,1,1,2,0,2,Vitrified,1,0,0,1,0,Stilt,1,Municipal,1812.08,Kharadi,411014,Society,4.93,1.06,2.27,1.83,13385.51,3583548.63,7595.33,Broker,43
SYN-02036,synthetic,https://example.com/pune-listing/2036,2 BHK,842.48,,3,11,3,1,Semi-Furnished,1,2,3,1,4,Granite,0,1,0,1,0,Covered,0,Borewell,3349.93,Aundh,411007,Society,3.07,5.13,1.78,1.62,25582.29,8815175.88,10463.37,Owner,34
SYN-02037,synthetic,https://example.com/pune-listing/2037,4 BHK,917.19,1123.26,0,15,12,1,Semi-Furnished,1,4,3,1,6,Vitrified,1,0,0,0,0,Covered,1,Borewell,2160.37,Aundh,411007,Standalone,3.84,4.06,2.25,1.25,33626.17,13370914.7,14578.16,Owner,20
SYN-02038,synthetic,https://example.com/pune-listing/2038,3 BHK,1080.46,1328.08,0,15,11,1,Unfurnished,0,4,4,2,4,Wooden,0,1,0,1,0,Covered,1,Tanker,3891.15,Hadapsar,411028,Standalone,5.45,0.2,2.43,1.9,30111.51,5633078.55,5213.59,Broker,19
SYN-02039,synthetic,https://example.com/pune-listing/2039,1 BHK,440.1,489.01,8,14,26,1,Fully Furnished,1,1,1,0,2,Vitrified,0,0,1,1,0,Open,0,Municipal,1404.39,Pimple Saudagar,411027,Standalone,3.75,4.5,1.19,1.75,7588.65,3376571.44,7672.3,Broker,7
SYN-02040,synthetic,https://example.com/pune-listing/2040,3 BHK,942.02,1170.92,8,10,13,1,Unfurnished,1,4,4,2,5,Granite,0,0,0,1,0,Stilt,0,Municipal,2076.82,Hinjewadi,411057,Standalone,6.44,2.19,2.04,2.13,28820.64,6287211.65,6674.17,Builder,19
SYN-02041,synthetic,https://example.com/pune-listing/2041,4 BHK,1219.77,1535.46,3,19,9,1,Unfurnished,0,4,3,2,7,Ceramic,1,0,0,0,0,Covered,0,Corporation + Borewell,3146.4,Hadapsar,411028,Society,5.14,1.1,2.84,1.64,32100.33,8730174.7,7157.23,Broker,4
SYN-02042,synthetic,https://example.com/pune-listing/2042,1 BHK,383.09,465.3,0,11,11,1,Semi-Furnished,1,2,0,0,1,Vitrified,1,1,0,1,1,Open,1,Borewell,1426.07,Kharadi,411014,Society,3.92,0.96,2.6,1.95,13442.35,5425519.36,14162.65,Broker,26
SYN-02043,synthetic,https://example.com/pune-listing/2043,2 BHK,529.89,,13,14,11,1,Semi-Furnished,1,2,2,1,3,Vitrified,1,1,0,1,0,Open,0,Borewell,1422.02,Hadapsar,411028,Society,6.71,2.08,1.67,2.15,10801.34,4001187.78,7550.95,Owner,45
SYN-02044,synthetic,https://example.com/pune-listing/2044,2 BHK,965.7,1166.61,4,16,0,1,Semi-Furnished,0,3,2,1,3,Vitrified,1,1,0,0,0,Covered,1,Municipal,2380.75,Hadapsar,411028,Society,6.06,1.55,2.23,2.1,28469.59,9647942.59,9990.6,Builder,22
SYN-02045,synthetic,https://example.com/pune-listing/2045,2 BHK,656.49,773.39,0,12,6,1,Semi-Furnished,1,2,1,1,4,Granite,0,0,0,1,0,Covered,0,Tanker,1713.62,Kharadi,411014,Society,4.27,2.23,2.27,2.35,29798.42,5439962.76,8286.44,Broker,10
SYN-02046,synthetic,https://example.com/pune-listing/2046,3 BHK,778.49,990.38,4,10,8,1,Semi-Furnished,1,3,2,2,6,,1,1,1,0,1,Covered,0,Municipal,2789.91,Shivajinagar,411005,Society,0.98,6.39,0.29,1.66,40971.06,7350027.66,9441.39,Broker,35
SYN-02047,synthetic,https://example.com/pune-listing/2047,2 BHK,670.04,743.82,7,10,7,1,Semi-Furnished,1,2,2,1,2,Granite,0,0,0,1,0,Covered,0,Corporation + Borewell,1909.63,Pimple Saudagar,411027,Standalone,3.72,4.05,1.57,1.92,26986.22,4743444.7,7079.37,Broker,26
SYN-02048,synthetic,https://example.com/pune-listing/2048,2 BHK,510.17,557.3,4,5,6,1,Fully Furnished,1,3,3,2,4,Vitrified,0,0,0,0,1,Covered,1,Corporation + Borewell,2171.88,Koregaon Park,411001,Society,2.37,4.03,1.48,0.91,39678.52,11449158.67,22441.83,Builder,55
SYN-02049,synthetic,https://example.com/pune-listing/2049,2 BHK,662.08,763.56,4,11,9,1,Unfurnished,1,2,2,1,3,Vitrified,1,1,1,0,0,Stilt,1,Corporation + Borewell,1875.46,Aundh,411007,Society,3.34,4.58,1.56,1.19,23799.15,10387956.66,15689.88,Owner,7
SYN-02050,synthetic,https://example.com/pune-listing/2050,2 BHK,688.17,789.02,0,13,7,1,Semi-Furnished,1,2,2,0,3,Granite,1,1,0,0,0,,1,Municipal,986.22,Hinjewadi,411057,Society,6.59,1.4,2.27,2.86,11611.7,5215909.41,7579.35,,29
SYN-02051,synthetic,https://example.com/pune-listing/2051,2 BHK,642.97,812.91,10,13,15,1,Unfurnished,1,2,2,1,2,Marble,1,1,0,1,0,Covered,0,Borewell,3210.07,Pimple Saudagar,411027,Society,3.97,6.29,1.41,1.81,8081.17,4193170.78,6521.53,Broker,5
SYN-02052,synthetic,https://example.com/pune-listing/2052,3 BHK,955.89,1162.48,4,15,8,1,Semi-Furnished,1,3,3,2,5,Vitrified,1,1,1,1,1,Covered,1,Corporation + Borewell,4735.67,Koregaon Park,411001,Society,2.23,5.27,1.82,0.94,52132.47,11327592.12,11850.27,Owner,22
SYN-02053,synthetic,https://example.com/pune-listing/2053,3 BHK,1015.39,1197.34,4,15,4,1,Unfurnished,0,3,3,2,3,Vitrified,1,1,0,0,0,Open,1,Municipal,2126.18,Pimple Saudagar,411027,Society,4.42,5.19,1.52,2.18,30885.61,6148146.55,6054.99,Broker,25
SYN-02054,synthetic,https://example.com/pune-listing/2054,4 BHK,1369.72,1674.24,15,16,11,1,Semi-Furnished,0,5,3,3,8,Ceramic,0,1,0,0,0,Stilt,0,Municipal,4195.85,Hadapsar,411028,Standalone,4.87,2.33,2.17,2.09,34091.93,8141393.98,5943.86,Broker,25
SYN-02055,synthetic,https://example.com/pune-listing/2055,1 BHK,368.6,,2,9,12,1,Semi-Furnished,1,1,2,0,1,Granite,0,0,1,1,0,Covered,0,Tanker,1797.87,Aundh,411007,Standalone,3.38,2.63,1.71,1.64,15034.61,6150634.92,16686.54,Broker,67
SYN-02056,synthetic,https://example.com/pune-listing/2056,1 BHK,362.58,424.83,12,12,10,1,Fully Furnished,1,2,1,0,1,Vitrified,0,0,0,0,0,Covered,0,Tanker,800.0,Pimple Saudagar,411027,Standalone,3.83,5.52,1.16,1.92,7500.0,2800000.0,7722.41,Owner,27
SYN-02057,synthetic,https://example.com/pune-listing/2057,2 BHK,710.32,830.09,0,6,11,1,Semi-Furnished,1,3,2,1,3,Granite,1,1,0,1,0,Covered,1,,2458.99,Kothrud,411038,Society,1.84,7.42,1.28,1.67,29751.13,6110928.07,8603.08,Owner,45
SYN-02058,synthetic,https://example.com/pune-listing/2058,4 BHK,1707.43,2081.72,1,9,12,1,Semi-Furnished,1,4,3,3,7,Wooden,1,1,1,1,1,Covered,1,Tanker,5112.46,Kharadi,411014,Society,4.16,1.67,2.33,1.67,52767.09,17407424.9,10195.07,Owner,21
SYN-02059,synthetic,https://example.com/pune-listing/2059,1 BHK,343.4,427.07,12,15,5,1,Semi-Furnished,1,1,1,0,1,Vitrified,1,1,0,1,0,Covered,1,,800.0,Pimple Saudagar,411027,Society,4.59,4.94,1.33,2.18,7500.0,2800000.0,8153.68,Owner,25
SYN-02060,synthetic,https://example.com/pune-listing/2060,2 BHK,582.13,693.67,9,14,10,1,Unfurnished,0,2,3,1,3,Granite,1,1,0,0,0,Stilt,0,,2038.17,Wakad,411057,Society,5.98,3.12,2.02,2.22,11144.36,3553567.26,6104.43,Owner,28
SYN-02061,synthetic,https://example.com/pune-listing/2061,3 BHK,1118.3,1417.13,4,17,17,1,Semi-Furnished,1,3,3,2,6,Granite,1,1,0,0,1,Covered,0,Borewell,3839.19,Hadapsar,411028,Society,6.35,1.73,2.39,2.21,23148.04,11499120.0,10282.69,Broker,4
SYN-02062,synthetic,https://example.com/pune-listing/2062,1 BHK,450.91,514.36,2,13,10,1,Semi-Furnished,1,2,0,0,2,Ceramic,1,1,0,0,0,Covered,1,Municipal,1290.38,Pune Camp,411001,Society,2.33,5.44,1.75,1.88,9424.49,2800000.0,6209.67,Broker,24
SYN-02063,synthetic,https://example.com/pune-listing/2063,1 BHK,326.6,412.39,4,11,11,1,Unfurnished,1,1,0,0,2,Ceramic,1,1,0,0,0,Bike,1,Tanker,837.02,Kharadi,411014,Society,3.86,1.36,1.47,2.07,12301.88,4870710.05,14913.44,Owner,8
SYN-02064,synthetic,https://example.com/pune-listing/2064,2 BHK,702.47,874.24,2,15,6,1,Semi-Furnished,1,2,2,0,3,Ceramic,1,1,1,0,0,Covered,0,Municipal,1996.45,Viman Nagar,411014,Society,1.99,5.54,1.56,0.98,23516.4,6594852.17,9388.04,Broker,16
SYN-02065,synthetic,https://example.com/pune-listing/2065,1 BHK,417.94,526.04,5,11,6,1,Fully Furnished,1,2,2,1,1,Wooden,1,1,0,1,1,Open,1,Municipal,2682.55,Kalyani Nagar,411006,Society,3.12,5.63,0.94,1.62,22848.95,8103796.48,19390.08,Owner,14
SYN-02066,synthetic,https://example.com/pune-listing/2066,2 BHK,694.07,888.34,8,12,15,1,Semi-Furnished,1,3,2,2,3,Granite,1,0,0,1,1,None,1,Corporation + Borewell,3715.19,Kalyani Nagar,411006,Society,1.48,5.31,1.11,1.24,41461.42,16715801.51,24083.57,Owner,39
SYN-02067,synthetic,https://example.com/pune-listing/2067,3 BHK,666.3,721.88,1,13,6,1,Semi-Furnished,1,3,3,2,3,Vitrified,1,1,0,0,0,Open,0,Municipal,2485.83,Hinjewadi,411057,Society,5.95,0.2,2.33,2.56,28730.49,5137694.04,7710.78,Owner,32
SYN-02068,synthetic,https://example.com/pune-listing/2068,1 BHK,376.87,437.72,0,11,10,1,Semi-Furnished,1,2,2,0,2,Wooden,1,1,0,0,0,Covered,1,Municipal,886.92,Hinjewadi,411057,Society,6.32,1.73,2.06,2.26,7500.0,2806266.53,7446.23,Owner,22
SYN-02069,synthetic,https://example.com/pune-listing/2069,2 BHK,682.6,848.08,2,16,10,1,Semi-Furnished,1,2,1,1,4,Vitrified,0,0,0,0,1,None,0,Corporation + Borewell,1990.22,Hinjewadi,411057,Standalone,6.05,1.44,2.52,2.62,11631.4,7698596.02,11278.3,Owner,46
SYN-02070,synthetic,https://example.com/pune-listing/2070,3 BHK,1007.1,1192.4,6,9,11,1,Fully Furnished,1,3,4,2,4,Wooden,1,1,1,0,0,Bike,1,Corporation + Borewell,4541.58,Viman Nagar,411014,Society,1.97,5.17,1.97,1.68,36781.01,20449056.14,20304.88,Owner,32
SYN-02071,synthetic,https://example.com/pune-listing/2071,2 BHK,700.06,877.48,3,4,15,0,Unfurnished,0,3,3,1,2,Granite,1,1,1,1,1,None,1,Tanker,1818.48,Kharadi,411014,Society,3.69,0.56,1.78,2.04,23394.87,4484715.9,6406.2,Broker,44
SYN-02072,synthetic,https://example.com/pune-listing/2072,1 BHK,401.43,445.2,5,14,6,1,Semi-Furnished,1,1,0,0,1,Wooden,1,1,1,1,0,Covered,1,Tanker,2236.35,Kharadi,411014,Standalone,3.89,1.64,1.61,1.87,15671.64,3560637.73,8869.92,Builder,23
SYN-02073,synthetic,https://example.com/pune-listing/2073,4 BHK,1727.11,2109.98,8,14,10,1,Semi-Furnished,1,5,2,2,6,Granite,1,0,0,0,0,Covered,1,Tanker,5227.97,Hinjewadi,411057,Society,5.8,0.21,2.52,2.53,47538.91,12925337.89,7483.79,Owner,31
SYN-02074,synthetic,https://example.com/pune-listing/2074,3 BHK,1174.35,1395.27,8,11,4,1,Fully Furnished,1,3,3,2,3,Marble,1,0,1,0,0,Covered,1,Corporation + Borewell,4540.78,Kothrud,411038,Society,1.49,7.91,1.62,1.72,51598.26,12754481.68,10860.88,,24
SYN-02075,synthetic,https://example.com/pune-listing/2075,4 BHK,1283.33,1480.21,11,15,15,1,Unfurnished,0,4,3,2,5,Ceramic,1,1,1,0,0,Bike,0,Tanker,5452.32,Viman Nagar,411014,Society,2.27,5.66,1.69,1.48,46962.03,11960067.76,9319.53,Owner,7
SYN-02076,synthetic,https://example.com/pune-listing/2076,2 BHK,525.13,657.65,1,15,16,1,Semi-Furnished,1,3,1,1,3,Ceramic,0,0,1,1,0,Covered,0,Corporation + Borewell,2620.94,Kharadi,411014,Standalone,4.78,1.11,1.7,2.36,20532.17,4353812.21,8290.95,Owner,7
SYN-02077,synthetic,https://example.com/pune-listing/2077,1 BHK,446.05,506.59,9,14,8,1,Semi-Furnished,1,1,0,0,1,Ceramic,1,0,0,1,0,Bike,0,Municipal,1098.01,Nigdi,411044,Society,3.49,11.15,2.0,2.55,14901.95,4914325.81,11017.31,Owner,6
SYN-02078,synthetic,https://example.com/pune-listing/2078,2 BHK,556.21,695.37,1,9,1,1,Semi-Furnished,1,3,2,1,3,Vitrified,0,0,1,0,0,Bike,1,Borewell,2793.59,Kothrud,411038,Standalone,2.73,7.2,1.56,1.54,12894.27,7928860.15,14255.05,Owner,7
SYN-02079,synthetic,https://example.com/pune-listing/2079,2 BHK,479.14,558.28,4,12,4,1,Fully Furnished,1,2,0,2,3,Wooden,1,0,1,1,0,Open,1,Corporation + Borewell,1612.51,Koregaon Park,411001,Society,2.33,4.04,1.69,1.26,41469.38,11316031.92,23617.23,Broker,78
SYN-02080,synthetic,https://example.com/pune-listing/2080,2 BHK,357.8,391.82,6,11,4,1,Semi-Furnished,1,3,1,2,3,Granite,1,1,0,1,0,Covered,1,Municipal,1227.47,Koregaon Park,411001,Society,2.4,5.49,1.61,1.37,22312.02,5686375.76,15892.7,Builder,8
SYN-02081,synthetic,https://example.com/pune-listing/2081,1 BHK,400.7,483.04,0,7,10,1,Fully Furnished,0,2,1,0,2,Vitrified,1,1,0,0,0,Covered,1,Corporation + Borewell,800.0,Kothrud,411038,Society,1.51,8.13,1.2,1.44,17473.14,4776674.23,11920.81,Broker,5
SYN-02082,synthetic,https://example.com/pune-listing/2082,1 RK,321.48,392.38,5,13,7,1,Fully Furnished,1,2,1,0,2,Marble,0,1,1,1,0,Covered,1,Tanker,1609.89,Pimple Saudagar,411027,Standalone,4.35,4.9,1.44,1.46,13167.14,2800000.0,8709.71,Builder,12
SYN-02083,synthetic,https://example.com/pune-listing/2083,2 BHK,589.25,677.56,7,9,14,1,Fully Furnished,1,2,2,2,3,Vitrified,1,1,1,1,1,Covered,1,Corporation + Borewell,1719.74,Koregaon Park,411001,Society,2.58,4.97,1.34,0.7,36308.43,15619858.37,26508.03,Builder,40
SYN-02084,synthetic,https://example.com/pune-listing/2084,3 BHK,1307.53,1559.08,9,12,6,1,Semi-Furnished,1,3,3,1,4,Granite,1,0,0,1,0,Covered,1,Corporation + Borewell,4942.85,Shivajinagar,411005,Society,0.58,8.25,0.65,1.19,58272.58,13338662.23,10201.39,Owner,13
SYN-02085,synthetic,https://example.com/pune-listing/2085,2 BHK,721.53,845.61,9,12,2,1,Fully Furnished,1,2,2,2,2,Wooden,1,0,0,1,0,Open,0,Borewell,3478.27,Baner,411045,Society,3.18,3.24,1.57,1.92,54011.16,23086902.22,31996.94,Builder,16
SYN-02086,synthetic,https://example.com/pune-listing/2086,4 BHK,1545.29,1728.92,6,11,8,1,Semi-Furnished,1,5,5,3,4,Ceramic,0,0,0,1,0,Covered,1,Tanker,3914.59,Hadapsar,411028,Standalone,5.72,2.43,1.73,1.56,54300.1,9477120.4,6132.92,Broker,38
SYN-02087,synthetic,https://example.com/pune-listing/2087,1 BHK,353.52,436.77,12,13,8,1,Semi-Furnished,1,2,0,0,1,Vitrified,1,1,0,1,0,Covered,1,Tanker,800.0,Aundh,411007,Society,3.96,3.91,1.57,1.29,14515.97,3096793.69,8759.89,Owner,38
SYN-02088,synthetic,https://example.com/pune-listing/2088,1 BHK,501.33,598.14,6,12,13,1,Fully Furnished,1,2,1,1,2,Vitrified,1,0,0,1,1,Covered,1,Tanker,3988.53,Koregaon Park,411001,Society,2.51,6.57,1.56,1.47,27399.46,11596861.16,23131.97,Broker,18
SYN-02089,synthetic,https://example.com/pune-listing/2089,1 BHK,405.07,440.32,7,15,15,1,Fully Furnished,1,1,1,1,2,Wooden,1,0,1,1,1,Covered,1,Tanker,2407.4,Koregaon Park,411001,Society,2.12,4.73,1.69,1.38,32476.52,11846598.52,29245.56,Broker,2
SYN-02090,synthetic,https://example.com/pune-listing/2090,1 BHK,417.79,530.13,10,10,5,1,Semi-Furnished,1,1,0,0,1,Wooden,1,1,1,1,0,Covered,0,Municipal,1700.41,Pune Camp,411001,Society,3.15,5.49,1.52,1.71,8222.22,2800000.0,6701.95,Owner,18
SYN-02091,synthetic,https://example.com/pune-listing/2091,2 BHK,576.04,694.16,7,9,2,1,Semi-Furnished,1,3,3,1,3,Vitrified,0,0,1,0,0,Covered,0,Corporation + Borewell,2535.88,Pune Camp,411001,Society,2.74,7.51,1.35,1.56,14150.82,6019956.2,10450.57,Broker,20
SYN-02092,synthetic,https://example.com/pune-listing/2092,2 BHK,677.28,861.17,7,9,9,1,Fully Furnished,1,3,2,1,3,Ceramic,1,1,0,0,0,Covered,1,Borewell,,Magarpatta,411013,Society,4.52,2.0,2.33,2.03,11751.99,5836295.41,8617.28,Broker,47
SYN-02093,synthetic,https://example.com/pune-listing/2093,4 BHK,1293.21,1541.29,13,13,8,1,Semi-Furnished,1,4,4,4,5,Vitrified,0,0,0,1,1,Bike,1,Tanker,5083.94,Kothrud,411038,Standalone,2.02,6.98,0.99,1.52,40938.52,21797820.05,16855.62,Builder,32
SYN-02094,synthetic,https://example.com/pune-listing/2094,2 BHK,790.03,963.16,10,18,13,1,Semi-Furnished,1,2,4,1,2,Vitrified,1,1,0,0,0,Covered,0,Borewell,1072.02,Hadapsar,411028,Society,4.7,1.55,2.18,2.07,19613.25,5297008.55,6704.81,Broker,29
SYN-02095,synthetic,https://example.com/pune-listing/2095,1 BHK,396.75,487.05,0,10,7,1,Unfurnished,1,2,2,0,1,Marble,0,0,0,1,0,,1,Municipal,1416.44,Nigdi,411044,Society,3.22,11.02,1.98,2.26,7500.0,3573873.64,9007.97,Owner,41
SYN-02096,synthetic,https://example.com/pune-listing/2096,2 BHK,732.63,839.03,1,14,4,1,Unfurnished,1,2,2,1,3,Wooden,0,1,0,0,0,None,0,Municipal,1942.26,Pimple Saudagar,411027,Society,4.66,3.78,1.31,1.52,22920.69,5192524.31,7087.55,,7
SYN-02097,synthetic,https://example.com/pune-listing/2097,2 BHK,561.45,716.1,3,13,10,1,Fully Furnished,1,3,1,1,4,Vitrified,0,0,0,1,0,Covered,0,Municipal,914.58,Viman Nagar,411014,Standalone,2.05,4.59,1.6,1.96,18575.02,8966124.8,15969.61,Owner,30
SYN-02098,synthetic,https://example.com/pune-listing/2098,1 RK,447.29,536.62,13,15,9,1,Unfurnished,1,1,2,0,2,Granite,1,1,0,0,0,Covered,0,Corporation + Borewell,1428.88,Wakad,411057,Society,5.19,1.96,2.19,2.59,12925.98,3247178.77,7259.6,Broker,7
SYN-02099,synthetic,https://example.com/pune-listing/2099,1 BHK,506.6,567.25,7,14,11,1,Semi-Furnished,1,2,0,0,2,Vitrified,1,1,0,1,0,Covered,0,Tanker,2818.25,Aundh,411007,Society,3.98,3.76,1.99,1.47,28824.2,4434763.17,8753.95,Broker,22
SYN-02100,synthetic,https://example.com/pune-listing/2100,1 BHK,348.53,438.15,5,18,10,1,Unfurnished,0,1,2,0,2,Ceramic,0,1,0,0,0,Bike,1,Municipal,906.79,Hinjewadi,411057,Society,5.72,0.86,2.05,2.59,8436.72,2800000.0,8033.83,Builder,23
SYN-02101,synthetic,https://example.com/pune-listing/2101,3 BHK,928.48,1176.23,6,11,13,1,Unfurnished,1,4,3,2,3,Marble,1,1,1,0,0,None,0,Corporation + Borewell,2352.36,Hinjewadi,411057,Society,5.8,0.82,2.59,2.5,18832.52,6428107.07,6923.29,Owner,34
SYN-02102,synthetic,https://example.com/pune-listing/2102,2 BHK,708.26,798.1,6,6,8,1,Semi-Furnished,1,3,2,1,3,Vitrified,1,1,1,0,0,Covered,0,Borewell,2900.75,Kothrud,411038,Standalone,2.27,7.77,1.32,1.52,28883.57,6050122.04,8542.19,Broker,8
SYN-02103,synthetic,https://example.com/pune-listing/2103,3 BHK,1066.44,1193.54,3,11,8,1,Fully Furnished,1,4,3,3,6,Marble,1,1,1,1,0,Stilt,0,Corporation + Borewell,5325.36,Koregaon Park,411001,Society,2.79,4.78,1.5,1.48,58741.87,29773738.82,27918.7,Owner,10
SYN-02104,synthetic,https://example.com/pune-listing/2104,2 BHK,699.27,801.51,1,12,6,1,Semi-Furnished,1,2,2,0,3,Granite,1,1,1,1,0,Covered,1,Corporation + Borewell,2125.42,Shivajinagar,411005,Standalone,1.39,7.11,1.36,1.4,26806.07,5546152.12,7931.33,Builder,21
SYN-02105,synthetic,https://example.com/pune-listing/2105,1 BHK,465.62,537.39,4,11,12,1,Semi-Furnished,1,1,1,0,2,Vitrified,1,1,1,1,0,Covered,1,Municipal,1033.64,Kharadi,411014,Standalone,4.72,0.99,2.22,1.97,19107.89,3475692.73,7464.65,Broker,29
SYN-02106,synthetic,https://example.com/pune-listing/2106,1 BHK,451.62,526.57,7,11,7,1,Semi-Furnished,1,2,1,1,2,Vitrified,0,0,1,1,0,Stilt,1,Municipal,1026.46,Baner,411045,Standalone,3.45,3.1,2.38,2.29,21151.05,5509612.31,12199.74,Broker,37
SYN-02107,synthetic,https://example.com/pune-listing/2107,3 BHK,995.98,1178.99,1,11,7,1,Fully Furnished,0,3,3,1,4,Marble,1,1,1,0,1,Bike,0,Tanker,2739.68,Hadapsar,411028,Society,5.37,2.25,2.43,1.88,40573.51,13629693.75,13684.73,Owner,33
SYN-02108,synthetic,https://example.com/pune-listing/2108,1 BHK,399.43,504.25,2,10,1,1,Unfurnished,0,1,1,0,2,Vitrified,0,0,1,0,1,Stilt,0,Tanker,1348.43,Viman Nagar,411014,Standalone,1.83,5.74,1.87,1.4,14599.12,3321714.73,8316.13,Owner,44
SYN-02109,synthetic,https://example.com/pune-listing/2109,2 BHK,617.57,698.37,1,14,9,1,Fully Furnished,1,2,1,0,2,Vitrified,1,1,0,0,0,Covered,1,Municipal,1355.59,Kharadi,411014,Society,5.06,2.68,1.67,1.5,28474.24,7530995.3,12194.49,Broker,53
SYN-02110,synthetic,https://example.com/pune-listing/2110,2 BHK,809.91,960.86,1,10,7,1,Semi-Furnished,1,3,2,0,3,Vitrified,1,0,0,1,0,Open,1,Borewell,1811.23,Hadapsar,411028,Standalone,6.03,2.34,2.2,2.42,26791.2,6724388.23,8302.61,Broker,18
SYN-02111,synthetic,https://example.com/pune-listing/2111,3 BHK,882.75,1070.08,6,12,10,1,Semi-Furnished,1,4,4,1,3,Vitrified,1,1,0,1,1,None,1,Municipal,4243.0,Kharadi,411014,Society,3.61,1.97,1.98,1.84,41305.25,7306092.18,8276.52,Broker,5
SYN-02112,synthetic,https://example.com/pune-listing/2112,3 BHK,965.46,1114.14,3,12,0,1,Unfurnished,1,2,3,3,5,Marble,1,1,0,1,1,Covered,1,Municipal,4466.24,Koregaon Park,411001,Society,3.8,4.85,1.33,1.06,64492.16,11523697.33,11935.94,Builder,6
SYN-02113,synthetic,https://example.com/pune-listing/2113,4 BHK,1296.07,1658.15,2,12,5,1,Semi-Furnished,1,5,3,2,6,Vitrified,0,1,0,0,0,Covered,1,Municipal,4563.29,Nigdi,411044,Standalone,3.85,11.03,1.66,1.9,37360.67,9226795.3,7119.06,Owner,40
SYN-02114,synthetic,https://example.com/pune-listing/2114,2 BHK,878.56,962.75,6,11,7,1,Semi-Furnished,1,2,1,1,3,Vitrified,1,1,0,0,0,Covered,0,Tanker,2521.14,Kharadi,411014,Society,4.39,1.36,2.06,2.09,31012.33,16639175.53,18939.1,Owner,32
SYN-02115,synthetic,https://example.com/pune-listing/2115,3 BHK,900.22,1052.11,7,18,9,1,Unfurnished,0,3,2,2,3,Vitrified,1,1,1,0,0,Covered,1,Municipal,2676.91,Pimple Saudagar,411027,Society,5.6,5.92,1.34,1.47,17452.85,6650156.21,7387.23,Broker,13
SYN-02116,synthetic,https://example.com/pune-listing/2116,1 BHK,424.62,498.08,12,13,13,1,Fully Furnished,0,2,2,1,2,Granite,1,0,1,1,1,Stilt,1,Municipal,1866.15,Baner,411045,Society,2.76,3.14,1.65,2.1,35240.26,12865075.94,30298.1,Broker,50
SYN-02117,synthetic,https://example.com/pune-listing/2117,3 BHK,896.87,980.36,4,8,11,1,Fully Furnished,0,3,2,3,5,Vitrified,0,0,1,1,1,Covered,1,Municipal,4660.14,Koregaon Park,411001,Society,2.16,4.55,1.76,1.67,67308.89,11265872.43,12561.28,Owner,25
SYN-02118,synthetic,https://example.com/pune-listing/2118,2 BHK,551.09,683.12,3,14,5,1,Fully Furnished,1,2,1,1,4,Vitrified,1,1,1,1,1,Bike,0,Municipal,2706.88,Kothrud,411038,Society,1.75,7.94,1.01,1.45,25542.61,5466624.78,9919.63,Owner,31
SYN-02119,synthetic,https://example.com/pune-listing/2119,4 BHK,1320.63,1496.36,8,10,13,1,Semi-Furnished,1,5,3,4,5,,0,0,0,1,1,Stilt,0,Tanker,3421.98,Pimple Saudagar,411027,Standalone,4.51,5.01,1.94,1.92,24316.46,9246082.13,7001.27,Builder,9
SYN-02120,synthetic,https://example.com/pune-listing/2120,2 BHK,469.25,513.88,2,9,11,1,Semi-Furnished,1,2,1,0,2,Marble,1,1,1,1,0,Stilt,0,Corporation + Borewell,1208.23,Aundh,411007,Society,3.45,2.99,1.83,1.88,12503.34,3110719.0,6629.07,Owner,21
SYN-02121,synthetic,https://example.com/pune-listing/2121,1 RK,317.86,352.31,2,7,9,1,Semi-Furnished,1,1,2,0,2,Wooden,1,1,1,0,0,Open,0,Municipal,2135.31,Kharadi,411014,Society,3.66,1.3,2.35,1.87,15644.31,2800000.0,8809.05,Broker,39
SYN-02122,synthetic,https://example.com/pune-listing/2122,4 BHK,1634.25,1809.3,6,15,16,1,Fully Furnished,1,4,4,3,7,Marble,1,1,0,0,0,Covered,0,Municipal,3886.55,Hadapsar,411028,Standalone,5.03,1.72,2.16,2.03,54354.9,14185065.99,8679.88,Owner,37
SYN-02123,synthetic,https://example.com/pune-listing/2123,3 BHK,992.2,1185.12,8,16,16,1,Semi-Furnished,0,3,3,2,5,Vitrified,1,1,0,1,0,Stilt,0,Corporation + Borewell,3126.64,Magarpatta,411013,Society,5.11,0.93,2.57,2.02,31929.18,5360431.41,5402.59,,39
SYN-02124,synthetic,https://example.com/pune-listing/2124,1 BHK,518.93,582.65,17,20,17,1,Semi-Furnished,1,1,0,0,2,Vitrified,1,1,0,1,0,Covered,1,Municipal,1343.63,Pimple Saudagar,411027,Society,4.23,5.44,1.57,2.12,13391.09,3008617.29,5797.73,Owner,44
SYN-02125,synthetic,https://example.com/pune-listing/2125,2 BHK,714.12,846.28,10,10,13,1,Semi-Furnished,1,3,2,1,4,Vitrified,1,1,1,0,1,Stilt,1,Corporation + Borewell,3218.16,Aundh,411007,Society,3.77,3.93,1.39,1.69,26082.11,9266339.64,12975.81,Broker,34
SYN-02126,synthetic,https://example.com/pune-listing/2126,2 BHK,532.59,640.41,0,9,6,1,Fully Furnished,1,2,1,1,3,Vitrified,1,1,0,0,0,Bike,0,Corporation + Borewell,1384.86,Shivajinagar,411005,Society,0.2,7.8,0.9,1.32,27775.79,10167792.25,19091.14,Broker,20
SYN-02127,synthetic,https://example.com/pune-listing/2127,4 BHK,1744.71,1995.9,11,16,11,1,Fully Furnished,1,4,5,2,6,Vitrified,1,0,0,0,0,Covered,1,Tanker,4561.77,Pimple Saudagar,411027,Society,3.76,5.09,1.19,1.53,58530.25,11976268.08,6864.34,Broker,27
SYN-02128,synthetic,https://example.com/pune-listing/2128,1 BHK,436.63,519.67,6,12,4,1,Fully Furnished,1,1,1,0,2,Marble,1,1,0,1,0,Covered,1,Municipal,2538.77,Viman Nagar,411014,Society,1.84,4.87,1.51,1.48,25361.23,6972369.68,15968.76,Broker,26
SYN-02129,synthetic,https://example.com/pune-listing/2129,3 BHK,1139.3,1453.7,7,11,1,1,Fully Furnished,1,4,2,2,5,Vitrified,0,0,1,0,1,Covered,1,Municipal,5961.32,Koregaon Park,411001,Society,1.45,4.32,1.27,1.57,87924.36,31464329.95,27617.34,Broker,10
SYN-02130,synthetic,https://example.com/pune-listing/2130,2 BHK,633.79,717.78,9,9,8,1,Fully Furnished,0,3,2,2,4,Vitrified,1,0,0,1,0,Stilt,1,Corporation + Borewell,3372.3,Koregaon Park,411001,Society,2.8,4.14,1.28,1.38,34655.0,16173586.35,25518.89,Broker,25
SYN-02131,synthetic,https://example.com/pune-listing/2131,2 BHK,576.17,692.67,4,8,5,1,Semi-Furnished,1,2,2,2,2,Granite,1,1,1,1,0,Covered,1,Municipal,2863.77,Koregaon Park,411001,Society,2.93,4.64,1.55,1.21,40456.24,9148390.24,15877.84,Owner,38
SYN-02132,synthetic,https://example.com/pune-listing/2132,2 BHK,943.76,1151.8,0,11,12,1,Semi-Furnished,1,2,2,1,3,Vitrified,1,1,1,1,0,Stilt,0,Corporation + Borewell,3592.73,Kothrud,411038,Society,1.12,6.94,1.31,0.92,31424.37,8167563.42,8654.29,Builder,57
SYN-02133,synthetic,https://example.com/pune-listing/2133,3 BHK,944.69,1080.18,7,14,6,1,Unfurnished,1,4,2,1,5,Vitrified,0,1,1,0,1,Covered,0,,3107.67,Kothrud,411038,Standalone,2.22,7.0,1.34,1.74,38789.36,9163341.03,9699.81,Owner,21
SYN-02134,synthetic,https://example.com/pune-listing/2134,2 BHK,726.05,908.64,7,13,8,1,Semi-Furnished,1,2,2,0,2,Marble,0,0,0,0,0,Covered,0,Municipal,2810.18,Wakad,411057,Standalone,5.2,2.23,1.9,2.1,13269.28,5356496.05,7377.56,Builder,13
SYN-02135,synthetic,https://example.com/pune-listing/2135,3 BHK,792.42,890.73,10,12,4,1,Unfurnished,1,4,2,2,3,Vitrified,1,0,0,0,0,Covered,0,Municipal,2119.07,Hadapsar,411028,Society,5.72,2.56,2.0,2.41,27974.34,8850436.68,11168.81,Broker,25
SYN-02136,synthetic,https://example.com/pune-listing/2136,1 BHK,321.5,,11,12,10,1,Fully Furnished,1,2,2,0,2,Wooden,0,0,0,0,1,None,1,Municipal,800.0,Kharadi,411014,Standalone,4.9,1.33,2.07,1.67,12637.61,3060685.02,9520.16,Broker,25
SYN-02137,synthetic,https://example.com/pune-listing/2137,2 BHK,354.02,400.13,13,14,10,1,Fully Furnished,1,2,3,1,4,Wooden,0,1,0,1,0,Stilt,0,Borewell,1013.15,Kharadi,411014,Standalone,4.59,1.66,1.73,2.21,10208.68,5207841.12,14710.52,Owner,33
SYN-02138,synthetic,https://example.com/pune-listing/2138,3 BHK,1276.43,1500.44,17,19,13,1,Semi-Furnished,1,4,4,2,6,Marble,1,1,0,0,0,Covered,0,Corporation + Borewell,5256.68,Magarpatta,411013,Society,4.74,2.12,1.72,1.87,29141.24,8322289.03,6519.96,Owner,24
SYN-02139,synthetic,https://example.com/pune-listing/2139,3 BHK,948.22,1095.36,6,9,13,1,Semi-Furnished,1,4,4,2,4,Ceramic,0,1,1,1,0,Open,1,Borewell,3953.31,Koregaon Park,411001,Standalone,1.9,4.93,1.54,1.37,59698.33,18323091.22,19323.7,Builder,21
SYN-02140,synthetic,https://example.com/pune-listing/2140,3 BHK,1275.74,1459.2,9,12,0,1,Semi-Furnished,1,3,4,3,5,Vitrified,1,1,1,0,1,None,1,Borewell,6275.95,Baner,411045,Society,3.17,1.91,1.71,2.39,102567.41,41923767.31,32862.42,Builder,23
SYN-02141,synthetic,https://example.com/pune-listing/2141,3 BHK,731.51,822.4,5,14,4,1,Semi-Furnished,1,3,2,2,5,Ceramic,0,1,0,0,1,Open,0,Municipal,2717.4,Pune Camp,411001,Standalone,1.86,6.22,1.19,2.15,22086.15,5135059.43,7019.85,Broker,52
SYN-02142,synthetic,https://example.com/pune-listing/2142,2 BHK,755.7,960.28,4,13,10,1,Fully Furnished,1,2,1,2,4,Granite,1,1,0,1,1,Covered,1,Municipal,4583.73,Kalyani Nagar,411006,Society,1.35,3.44,1.43,1.35,62245.27,11407541.76,15095.36,Broker,9
SYN-02143,synthetic,https://example.com/pune-listing/2143,5 BHK,1711.99,2076.99,7,13,8,1,Fully Furnished,1,5,4,5,7,Granite,1,1,0,0,0,Covered,0,Borewell,4620.63,Wakad,411057,Society,5.04,2.2,2.43,2.37,57356.25,12881978.95,7524.55,Broker,1
SYN-02144,synthetic,https://example.com/pune-listing/2144,4 BHK,1479.15,1608.76,5,13,3,1,Unfurnished,0,5,5,3,5,Ceramic,1,1,0,0,1,Open,0,Municipal,5592.18,Shivajinagar,411005,Society,0.46,6.74,1.32,1.24,51988.45,25494049.45,17235.55,Broker,33
SYN-02145,synthetic,https://example.com/pune-listing/2145,3 BHK,1128.44,1231.58,13,14,7,1,Semi-Furnished,1,4,2,1,5,Vitrified,1,1,0,1,1,Open,0,Corporation + Borewell,4388.54,Shivajinagar,411005,Society,1.08,7.88,1.4,1.25,38376.87,12440509.05,11024.55,Broker,15
SYN-02146,synthetic,https://example.com/pune-listing/2146,1 BHK,434.26,476.27,7,14,6,1,Semi-Furnished,1,1,1,0,1,Vitrified,1,1,1,1,0,None,0,Municipal,1612.48,Hadapsar,411028,Society,4.83,2.53,2.98,1.79,13459.76,3973565.78,9150.15,Broker,19
SYN-02147,synthetic,https://example.com/pune-listing/2147,1 BHK,443.1,525.14,16,18,14,1,Unfurnished,0,1,1,0,1,Wooden,0,0,1,0,0,Covered,0,Corporation + Borewell,800.0,Pimple Saudagar,411027,Standalone,2.89,4.93,1.28,2.06,16868.92,2877775.72,6494.71,Broker,14
SYN-02148,synthetic,https://example.com/pune-listing/2148,3 BHK,643.31,723.57,9,10,6,1,Semi-Furnished,1,3,4,2,3,Ceramic,0,1,1,1,0,Covered,1,Municipal,4558.03,Koregaon Park,411001,Society,2.24,5.04,1.59,0.91,25912.3,9356008.43,14543.5,Broker,45
SYN-02149,synthetic,https://example.com/pune-listing/2149,4 BHK,1244.2,1567.65,3,5,3,1,Fully Furnished,1,4,4,2,7,Vitrified,0,1,1,0,1,Covered,1,Municipal,5958.33,Baner,411045,Standalone,4.53,2.5,2.05,2.25,81199.28,31827692.32,25580.81,Broker,17
SYN-02150,synthetic,https://example.com/pune-listing/2150,2 BHK,416.84,529.54,14,17,7,1,Semi-Furnished,1,2,2,1,2,Vitrified,0,0,1,1,1,Stilt,1,Corporation + Borewell,,Viman Nagar,411014,Standalone,3.42,5.87,1.51,1.68,13455.43,3358968.64,8058.11,Builder,17
SYN-02151,synthetic,https://example.com/pune-listing/2151,1 BHK,436.54,486.24,6,15,12,1,Semi-Furnished,1,1,1,0,1,Vitrified,1,1,0,0,1,Covered,1,Municipal,2631.47,Kharadi,411014,Society,5.19,1.31,2.29,2.01,12643.01,4843968.78,11096.34,Owner,19
SYN-02152,synthetic,https://example.com/pune-listing/2152,5 BHK,1972.81,2137.29,4,10,15,1,Fully Furnished,1,5,5,4,8,Ceramic,1,1,1,0,1,Covered,1,Corporation + Borewell,8136.11,Shivajinagar,411005,Society,2.11,8.11,0.65,1.13,78162.37,22510306.63,11410.3,Broker,11
SYN-02153,synthetic,https://example.com/pune-listing/2153,2 BHK,610.07,698.05,7,14,9,1,Semi-Furnished,1,3,3,1,3,Wooden,1,1,0,0,0,Covered,1,Municipal,1291.29,Pimple Saudagar,411027,Society,3.31,4.65,1.39,1.72,25089.8,4114080.03,6743.64,Owner,28
SYN-02154,synthetic,https://example.com/pune-listing/2154,2 BHK,602.66,677.44,4,13,5,1,Fully Furnished,0,2,2,1,4,Marble,0,1,0,1,0,Covered,1,Municipal,3219.91,Aundh,411007,Standalone,3.09,4.54,1.51,1.54,33266.74,6738023.48,11180.43,Owner,24
SYN-02155,synthetic,https://example.com/pune-listing/2155,1 BHK,264.89,301.66,0,14,10,1,Semi-Furnished,1,1,1,0,1,Granite,0,0,0,0,0,Bike,0,Municipal,1509.08,Kharadi,411014,Standalone,3.79,0.95,1.68,2.07,13719.23,4218421.21,15925.38,Broker,34
SYN-02156,synthetic,https://example.com/pune-listing/2156,1 BHK,363.09,415.6,9,12,8,1,Unfurnished,0,2,2,0,2,Vitrified,1,1,1,0,0,Covered,0,Borewell,800.0,Hinjewadi,411057,Society,6.51,1.37,2.18,2.82,10049.22,2800000.0,7711.65,Owner,34
SYN-02157,synthetic,https://example.com/pune-listing/2157,2 BHK,559.16,663.05,6,16,10,1,Semi-Furnished,1,2,0,1,3,Wooden,1,1,0,0,0,Covered,1,Borewell,2134.42,Aundh,411007,Society,3.51,3.61,1.61,1.67,17596.84,5189088.71,9280.13,Owner,36
SYN-02158,synthetic,https://example.com/pune-listing/2158,2 BHK,395.08,497.97,12,15,13,1,Semi-Furnished,1,3,2,1,4,Marble,1,1,0,0,0,Covered,0,Borewell,1414.96,Hadapsar,411028,Standalone,5.07,2.0,2.12,1.76,13652.38,2923948.03,7400.88,Builder,7
SYN-02159,synthetic,https://example.com/pune-listing/2159,3 BHK,1047.6,1300.71,9,10,8,1,Unfurnished,1,3,4,1,4,Wooden,0,1,0,0,0,Covered,1,Corporation + Borewell,2990.89,Hinjewadi,411057,Society,6.67,1.16,2.15,2.96,23758.87,10097289.08,9638.46,Owner,24
SYN-02160,synthetic,https://example.com/pune-listing/2160,3 BHK,1167.83,1298.96,7,14,10,1,Fully Furnished,1,4,3,2,6,Vitrified,0,1,0,1,0,Stilt,0,Municipal,3045.71,Hadapsar,411028,Standalone,5.87,2.12,1.51,2.64,22396.77,8174951.4,7000.13,Owner,33
SYN-02161,synthetic,https://example.com/pune-listing/2161,2 BHK,443.67,563.75,4,14,9,1,Semi-Furnished,1,2,2,1,3,Granite,1,1,1,1,0,Bike,0,Tanker,1742.82,Shivajinagar,411005,Society,0.57,6.15,1.31,1.48,12683.49,3662121.15,8254.08,Owner,49
SYN-02162,synthetic,https://example.com/pune-listing/2162,2 BHK,673.67,817.53,2,10,5,1,Semi-Furnished,1,3,1,0,4,Wooden,1,1,0,0,0,Open,0,Corporation + Borewell,1323.83,Viman Nagar,411014,Society,2.5,6.08,1.71,1.48,14176.06,11151522.57,16553.46,Owner,17
SYN-02163,synthetic,https://example.com/pune-listing/2163,1 RK,480.33,524.67,0,15,6,1,Semi-Furnished,1,1,2,0,1,Marble,1,1,1,0,0,Covered,0,Corporation + Borewell,2045.35,Magarpatta,411013,Society,4.43,1.61,1.59,2.14,9943.87,4959982.1,10326.11,Owner,17
SYN-02164,synthetic,https://example.com/pune-listing/2164,4 BHK,1106.02,1196.25,1,8,12,1,Semi-Furnished,1,5,2,4,5,Vitrified,0,0,1,0,1,Covered,1,Corporation + Borewell,5844.59,Kalyani Nagar,411006,Standalone,1.92,4.39,0.86,1.32,48956.46,10570812.14,9557.56,Broker,26
SYN-02165,synthetic,https://example.com/pune-listing/2165,4 BHK,1555.2,1882.54,7,11,4,1,Semi-Furnished,1,4,4,3,5,Granite,0,0,1,0,0,Covered,0,Borewell,4390.2,Hadapsar,411028,Standalone,6.11,1.7,2.28,2.37,32152.09,9581315.77,6160.81,Owner,10
SYN-02166,synthetic,https://example.com/pune-listing/2166,1 RK,392.21,498.0,10,11,4,1,Unfurnished,1,1,2,0,2,Marble,1,1,0,0,0,,0,Municipal,1024.92,Wakad,411057,Society,4.83,3.76,2.1,2.35,7512.95,2800000.0,7139.05,Owner,80
SYN-02167,synthetic,https://example.com/pune-listing/2167,2 BHK,449.76,507.07,11,12,1,1,Unfurnished,0,2,1,1,4,Wooden,1,1,0,0,0,Open,0,Municipal,1865.55,Pimple Saudagar,411027,Society,4.39,5.48,0.93,1.79,10282.1,2968581.36,6600.3,Owner,1
SYN-02168,synthetic,https://example.com/pune-listing/2168,2 BHK,725.37,826.93,11,13,10,1,Unfurnished,0,2,2,1,3,Vitrified,1,1,0,0,0,Covered,1,Borewell,1655.4,Pimple Saudagar,411027,Society,4.36,4.51,1.78,2.14,16165.92,6840586.31,9430.45,Owner,28
SYN-02169,synthetic,https://example.com/pune-listing/2169,2 BHK,556.49,601.8,7,12,4,1,Fully Furnished,1,2,2,1,2,Granite,1,1,1,1,1,Bike,0,Corporation + Borewell,4003.02,Aundh,411007,Society,3.58,3.87,1.75,1.87,25341.55,5445775.73,9785.96,Owner,13
SYN-02170,synthetic,https://example.com/pune-listing/2170,3 BHK,1141.69,1338.28,2,16,7,1,Unfurnished,1,3,4,1,3,Vitrified,1,1,0,0,0,Covered,1,Corporation + Borewell,3978.11,Hadapsar,411028,Society,5.72,2.45,2.23,2.56,19138.54,6716885.7,5883.3,Owner,9
SYN-02171,synthetic,https://example.com/pune-listing/2171,2 BHK,473.53,548.79,11,13,12,1,Fully Furnished,1,1,2,1,4,Ceramic,1,0,0,1,0,Open,0,Borewell,3352.84,Koregaon Park,411001,Society,2.16,5.96,1.6,1.29,24028.41,14637552.74,30911.49,Broker,5
SYN-02172,synthetic,https://example.com/pune-listing/2172,2 BHK,631.4,787.29,13,13,5,1,Unfurnished,1,2,2,1,4,Granite,1,1,0,1,0,Stilt,0,Corporation + Borewell,2010.63,Wakad,411057,Society,4.15,2.47,1.42,2.01,18061.28,5401489.37,8554.85,Owner,26
SYN-02173,synthetic,https://example.com/pune-listing/2173,2 BHK,473.77,604.77,5,19,8,1,Unfurnished,0,2,0,1,3,Granite,1,1,1,0,0,Covered,0,Borewell,1075.38,Hadapsar,411028,Society,6.22,2.94,2.12,2.01,10689.47,5740433.81,12116.43,Broker,4
SYN-02174,synthetic,https://example.com/pune-listing/2174,3 BHK,948.75,1027.35,0,22,9,1,Unfurnished,0,3,3,1,5,Vitrified,1,1,0,0,0,Open,0,Municipal,2297.05,Hadapsar,411028,Society,5.96,1.81,2.73,2.12,27806.34,6011386.8,6336.08,Broker,45
SYN-02175,synthetic,https://example.com/pune-listing/2175,4 BHK,928.94,1098.18,4,18,10,1,Fully Furnished,1,4,3,2,6,Vitrified,1,1,0,0,1,Bike,0,Tanker,2997.39,Kharadi,411014,Society,4.3,0.93,2.0,2.54,56101.27,8519685.56,9171.41,Broker,21
SYN-02176,synthetic,https://example.com/pune-listing/2176,1 BHK,393.75,429.69,6,13,7,1,Semi-Furnished,1,1,1,0,2,Marble,1,1,1,0,0,Stilt,0,Tanker,1844.59,Kharadi,411014,Society,3.8,2.47,2.33,2.07,14583.37,3437224.72,8729.48,Owner,62
SYN-02177,synthetic,https://example.com/pune-listing/2177,4 BHK,1922.82,2349.6,7,9,10,1,Unfurnished,0,5,2,3,8,Wooden,1,1,1,0,0,Covered,0,Municipal,7643.66,Aundh,411007,Society,3.31,5.0,1.62,1.37,71730.14,23179252.3,12054.79,Builder,27
SYN-02178,synthetic,https://example.com/pune-listing/2178,1 BHK,456.7,526.22,4,14,12,1,Semi-Furnished,1,1,0,0,2,Vitrified,0,1,0,1,0,,1,Municipal,2161.7,Kharadi,411014,Society,4.03,1.87,1.95,1.48,20852.86,4855424.76,10631.6,Broker,70
SYN-02179,synthetic,https://example.com/pune-listing/2179,3 BHK,1026.03,1116.0,7,17,5,1,Semi-Furnished,1,3,3,1,6,Vitrified,0,0,0,1,0,Stilt,0,Corporation + Borewell,4510.92,Kothrud,411038,Standalone,1.72,8.0,1.17,1.51,38668.64,9902696.57,9651.43,Broker,32
SYN-02180,synthetic,https://example.com/pune-listing/2180,3 BHK,866.27,975.43,3,14,1,1,Unfurnished,1,4,3,3,3,Vitrified,1,1,1,1,1,Bike,0,Tanker,4588.77,Baner,411045,Society,3.4,3.9,1.61,1.8,55928.51,20015155.53,23104.87,Owner,18
SYN-02181,synthetic,https://example.com/pune-listing/2181,1 RK,330.93,394.76,7,13,11,1,Semi-Furnished,1,1,2,0,1,Granite,0,0,0,0,0,Open,0,Municipal,800.0,Wakad,411057,Standalone,4.73,3.01,2.19,2.01,7500.0,2800000.0,8460.89,Broker,26
SYN-02182,synthetic,https://example.com/pune-listing/2182,4 BHK,1208.3,1387.29,3,13,13,1,Unfurnished,0,4,5,2,6,Granite,1,1,0,1,1,None,0,Borewell,3590.54,Magarpatta,411013,Society,5.17,1.94,1.78,2.19,39522.84,14423750.3,11937.25,Broker,28
SYN-02183,synthetic,https://example.com/pune-listing/2183,1 BHK,390.01,421.52,6,12,14,1,Fully Furnished,1,2,1,1,1,Vitrified,0,0,1,1,0,Covered,1,Tanker,2380.98,Kalyani Nagar,411006,Standalone,2.34,3.74,1.56,1.44,27941.94,10908368.95,27969.6,Builder,37
SYN-02184,synthetic,https://example.com/pune-listing/2184,2 BHK,443.39,496.66,6,15,13,1,Semi-Furnished,1,3,2,1,2,Marble,1,1,1,0,0,Covered,0,Tanker,1023.18,Pune Camp,411001,Society,2.13,6.66,1.16,1.98,15438.34,2800000.0,6314.99,Owner,19
SYN-02185,synthetic,https://example.com/pune-listing/2185,1 BHK,424.08,495.55,5,15,13,1,Fully Furnished,1,2,1,1,2,Granite,0,0,0,0,0,,1,Corporation + Borewell,1881.62,Baner,411045,Standalone,3.66,1.94,1.51,2.52,26084.93,10490720.63,24737.43,Broker,36
SYN-02186,synthetic,https://example.com/pune-listing/2186,1 BHK,489.23,559.44,8,8,8,1,Fully Furnished,1,2,1,1,2,Vitrified,0,0,1,1,0,Covered,1,Municipal,2845.75,Baner,411045,Standalone,3.04,3.5,1.77,1.94,29313.69,11844963.18,24211.64,Builder,45
SYN-02187,synthetic,https://example.com/pune-listing/2187,3 BHK,1120.05,1356.03,10,12,9,1,Semi-Furnished,1,3,3,2,5,Vitrified,1,1,0,0,0,Open,1,Borewell,3033.99,Pune Camp,411001,Society,2.13,6.58,1.9,1.78,22589.67,7221395.17,6447.4,Broker,32
SYN-02188,synthetic,https://example.com/pune-listing/2188,2 BHK,699.78,793.66,7,7,6,1,Fully Furnished,1,2,2,2,2,Granite,1,1,1,1,1,Covered,1,Tanker,3139.13,Koregaon Park,411001,Society,1.6,6.04,1.45,1.45,62492.89,24231827.67,34627.86,Owner,17
SYN-02189,synthetic,https://example.com/pune-listing/2189,1 RK,477.28,583.52,1,13,12,1,Semi-Furnished,1,2,1,0,1,Granite,1,1,0,0,0,Covered,0,Tanker,1592.15,Shivajinagar,411005,Society,2.04,6.65,0.54,1.15,23297.7,3955977.42,8288.51,,16
SYN-02190,synthetic,https://example.com/pune-listing/2190,4 BHK,1657.6,2090.68,2,8,12,1,Fully Furnished,1,4,3,3,4,Ceramic,1,1,0,1,1,Covered,1,Corporation + Borewell,6678.8,Kharadi,411014,Society,4.42,1.94,1.95,1.86,89296.29,18914214.22,11410.59,Owner,22
SYN-02191,synthetic,https://example.com/pune-listing/2191,4 BHK,1374.15,1586.68,1,9,3,1,Unfurnished,1,5,4,4,6,Marble,0,1,1,1,1,Covered,1,Corporation + Borewell,6748.63,Baner,411045,Society,3.1,2.83,2.04,2.03,92727.98,40449085.38,29435.64,Owner,29
SYN-02192,synthetic,https://example.com/pune-listing/2192,1 RK,435.09,553.29,1,6,12,1,Fully Furnished,1,1,0,1,1,Wooden,0,0,0,0,0,Covered,0,Tanker,1745.63,Koregaon Park,411001,Standalone,2.02,5.61,1.91,1.08,24486.51,11963405.43,27496.45,Builder,23
SYN-02193,synthetic,https://example.com/pune-listing/2193,1 BHK,344.48,396.37,9,10,9,1,Semi-Furnished,1,2,3,0,1,Vitrified,1,1,1,0,1,Covered,0,Tanker,1406.47,Kothrud,411038,Society,1.85,7.27,1.53,1.84,12794.82,3645561.23,10582.91,Broker,73
SYN-02194,synthetic,https://example.com/pune-listing/2194,3 BHK,1082.65,1195.68,1,13,8,1,Semi-Furnished,1,3,1,2,3,Granite,1,1,0,0,0,Covered,0,,1294.86,Wakad,411057,Society,4.56,3.7,2.64,2.4,24465.3,9020181.34,8331.56,Owner,24
SYN-02195,synthetic,https://example.com/pune-listing/2195,2 BHK,686.36,855.88,4,16,10,1,Unfurnished,1,2,2,1,4,Marble,0,1,0,1,0,Covered,0,Municipal,2034.85,Hadapsar,411028,Standalone,5.88,1.45,2.05,1.74,11288.84,6173564.84,8994.68,Owner,18
SYN-02196,synthetic,https://example.com/pune-listing/2196,2 BHK,598.36,650.05,4,11,0,1,Unfurnished,0,2,2,1,2,Marble,1,1,1,1,0,Covered,1,Corporation + Borewell,1941.86,Kharadi,411014,Society,4.16,1.61,1.89,1.81,29351.02,4889090.94,8170.88,Broker,22
SYN-02197,synthetic,https://example.com/pune-listing/2197,2 BHK,626.27,740.81,9,13,2,1,Semi-Furnished,1,3,1,1,3,Ceramic,0,0,0,1,0,Covered,1,Municipal,1696.53,Nigdi,411044,Standalone,3.17,10.51,2.25,2.17,10615.24,4528372.68,7230.69,Owner,4
SYN-02198,synthetic,https://example.com/pune-listing/2198,2 BHK,930.45,1021.26,0,16,4,1,Fully Furnished,1,2,3,0,4,Vitrified,0,0,0,1,0,Covered,0,Municipal,3923.5,Nigdi,411044,Society,3.57,10.05,1.8,2.28,26712.25,7315543.51,7862.38,Owner,11
SYN-02199,synthetic,https://example.com/pune-listing/2199,4 BHK,1132.05,1265.52,9,12,6,1,Semi-Furnished,1,4,4,3,6,Vitrified,0,1,0,0,1,Covered,1,Municipal,3547.63,Kharadi,411014,Society,3.56,1.21,2.66,1.58,46620.74,11068245.91,9777.15,Owner,36
SYN-02200,synthetic,https://example.com/pune-listing/2200,1 RK,600.99,703.06,8,12,7,1,Unfurnished,1,1,0,0,2,Wooden,1,1,0,0,0,Covered,1,Municipal,1479.4,Kharadi,411014,Society,4.92,1.2,2.0,2.13,19948.52,7078278.06,11777.61,,11
SYN-01452-DUP,synthetic,https://example.com/pune-listing/1452,2 BHK,595.63,665.05,7,12,8,1,Semi-Furnished,1,3,2,1,2,Vitrified,1,1,0,1,0,Covered,1,Municipal,800.0,Aundh,411007,Society,4.37,2.93,1.38,1.22,25676.939340542824,4993408.156359034,8314.6,Broker,18
SYN-01335-DUP,synthetic,https://example.com/pune-listing/1335,1 BHK,386.81,493.89,0,6,8,1,Fully Furnished,1,1,0,1,1,Ceramic,1,1,0,1,1,Covered,1,Borewell,1725.68,Koregaon Park,411001,Society,3.3,4.35,1.6,1.54,27007.12016130051,10399236.693251528,26500.78,Owner,36
SYN-01762-DUP,synthetic,https://example.com/pune-listing/1762,1 BHK,578.93,718.88,14,17,10,1,Semi-Furnished,1,1,0,0,1,Marble,1,1,0,0,0,Covered,1,Tanker,800.0,Wakad,411057,Society,4.66,3.8,1.99,2.14,12599.284231114641,4337943.424733104,7407.09,Owner,25
SYN-01736-DUP,synthetic,https://example.com/pune-listing/1736,2 BHK,640.35,750.52,11,15,15,1,Semi-Furnished,1,3,2,1,4,Granite,0,0,1,0,1,Covered,0,Corporation + Borewell,2099.48,Kharadi,411014,Standalone,4.61,1.57,2.31,1.84,20221.883631043,5587837.79557035,8709.68,Owner,18
SYN-01577-DUP,synthetic,https://example.com/pune-listing/1577,1 BHK,470.32,525.14,15,15,3,1,Semi-Furnished,1,1,0,0,1,Marble,1,1,1,0,1,Open,1,Municipal,971.64,Aundh,411007,Society,3.89,3.9,1.11,1.94,25307.868184312476,4289178.283200952,8978.56,Owner,66
SYN-01111-DUP,synthetic,https://example.com/pune-listing/1111,3 BHK,809.58,900.82,6,12,9,1,Semi-Furnished,0,3,2,2,6,Granite,0,0,1,1,1,,0,Municipal,3587.42,Aundh,411007,Society,3.65,4.15,1.28,1.7,25476.043862162427,8584714.09215427,10474.66,Owner,73
SYN-01595-DUP,synthetic,https://example.com/pune-listing/1595,2 BHK,734.24,911.97,17,17,12,1,Semi-Furnished,1,2,1,1,4,Wooden,0,0,0,1,1,Covered,0,Borewell,2417.45,Magarpatta,411013,Society,4.99,1.81,1.88,2.1,7633.6172060750905,6063711.51639013,8277.71,Owner,17
SYN-00531-DUP,synthetic,https://example.com/pune-listing/531,3 BHK,1417.93,1551.59,7,7,8,1,Semi-Furnished,1,4,2,3,5,Wooden,0,0,1,1,0,Open,0,Municipal,6032.46,Koregaon Park,411001,Society,2.58,4.58,1.7,1.33,83007.81665410881,34390332.16455142,23962.95,Broker,64
SYN-00652-DUP,synthetic,https://example.com/pune-listing/652,2 BHK,530.23,633.69,11,14,7,1,Semi-Furnished,1,2,1,1,4,Vitrified,0,0,0,1,0,Covered,0,Municipal,1836.58,Hinjewadi,411057,Society,6.04,1.37,2.76,2.41,11021.624518295192,6480641.9074478205,12223.3,Owner,45
SYN-00820-DUP,synthetic,https://example.com/pune-listing/820,5 BHK,2144.14,2624.38,3,9,11,1,Unfurnished,1,5,5,4,7,Ceramic,0,0,0,0,0,,0,Municipal,8744.87,Kothrud,411038,Standalone,1.17,7.34,1.93,1.42,78745.75308784306,28915134.538954575,13514.07,Builder,17
SYN-00772-DUP,synthetic,https://example.com/pune-listing/772,2 BHK,884.31,990.5,7,11,16,1,Unfurnished,1,2,2,1,2,Vitrified,1,1,0,1,1,Covered,0,Municipal,2438.76,Hinjewadi,411057,Society,5.69,1.12,2.57,2.39,22113.991847199362,5383628.295117996,6079.55,Owner,10
SYN-01879-DUP,synthetic,https://example.com/pune-listing/1879,2 BHK,767.86,982.63,11,13,11,1,Semi-Furnished,1,3,2,0,3,Vitrified,0,0,0,1,0,Covered,0,Municipal,3334.51,Viman Nagar,411014,Society,2.02,6.15,1.53,1.54,25597.427752123862,9682925.07815967,12585.29,Owner,4
SYN-00916-DUP,synthetic,https://example.com/pune-listing/916,3 BHK,1396.84,1629.03,8,14,5,1,Unfurnished,1,3,3,2,4,Marble,1,1,0,0,0,Bike,0,Municipal,,Kothrud,411038,Society,1.78,7.09,1.18,1.64,45203.57806701206,13098118.085059915,9467.69,Broker,20
SYN-02016-DUP,synthetic,https://example.com/pune-listing/2016,3 BHK,691.13,855.94,5,13,10,1,Fully Furnished,1,3,3,2,3,Vitrified,0,1,0,1,0,None,1,Municipal,1070.51,Pimple Saudagar,411027,Society,4.29,5.86,1.29,2.09,15869.311610131606,5845737.978676331,8476.14,Broker,30
SYN-01877-DUP,synthetic,https://example.com/pune-listing/1877,2 BHK,723.26,854.07,8,8,10,1,Fully Furnished,1,2,1,1,4,Granite,1,1,1,0,0,Covered,1,Borewell,2023.09,Aundh,411007,Standalone,3.7,4.16,1.63,1.51,39365.93763288356,8111741.068729857,11098.76,Broker,27
SYN-00938-DUP,synthetic,https://example.com/pune-listing/938,1 RK,463.59,522.41,7,14,17,1,Semi-Furnished,1,2,0,0,1,Marble,0,0,0,0,0,Covered,0,Municipal,1288.37,Magarpatta,411013,Standalone,5.48,1.75,2.29,2.31,17423.39962401373,3463303.167135808,7461.62,Builder,27
SYN-01563-DUP,synthetic,https://example.com/pune-listing/1563,2 BHK,618.41,754.73,1,13,13,1,Unfurnished,1,2,2,1,2,Granite,1,1,1,0,0,Covered,1,Borewell,2396.36,Nigdi,411044,Society,3.71,10.12,2.02,3.12,14914.827489930673,7686518.317318663,12318.93,Owner,6
SYN-00180-DUP,synthetic,https://example.com/pune-listing/180,2 BHK,767.18,939.68,0,14,4,1,Fully Furnished,1,2,2,2,2,Vitrified,1,1,1,1,0,Open,1,Borewell,3715.99,Koregaon Park,411001,Society,1.93,5.3,1.84,1.18,55893.12216200785,26242640.699879706,33879.57,Builder,21
SYN-01724-DUP,synthetic,https://example.com/pune-listing/1724,1 BHK,321.74,394.86,4,9,3,1,Fully Furnished,1,1,0,1,2,Granite,1,1,0,1,1,Bike,0,Tanker,2008.72,Baner,411045,Society,2.61,2.96,1.41,2.41,33314.48473976604,7285571.569221821,22214.36,Broker,19
SYN-01473-DUP,synthetic,https://example.com/pune-listing/1473,4 BHK,1410.5,1751.19,0,13,10,1,Semi-Furnished,1,4,4,3,6,Vitrified,1,1,0,1,0,Stilt,0,Corporation + Borewell,7206.88,Shivajinagar,411005,Society,1.25,7.64,1.08,1.46,60260.67087461741,17212095.9284489,12168.61,Broker,5
SYN-02168-DUP,synthetic,https://example.com/pune-listing/2168,2 BHK,725.37,826.93,11,13,10,1,Unfurnished,0,2,2,1,3,Vitrified,1,1,0,0,0,Covered,1,Borewell,1655.4,Pimple Saudagar,411027,Society,4.36,4.51,1.78,2.14,16282.655675690581,6893648.936803321,9430.45,Owner,30
SYN-01717-DUP,synthetic,https://example.com/pune-listing/1717,2 BHK,658.87,820.72,6,7,3,1,Semi-Furnished,1,3,0,1,2,Ceramic,1,1,1,0,1,Covered,1,Corporation + Borewell,2362.61,Kalyani Nagar,411006,Standalone,1.95,4.31,1.55,1.27,35547.76751337507,7288995.793912337,10936.81,Broker,24
SYN-01647-DUP,synthetic,https://example.com/pune-listing/1647,2 BHK,448.87,486.99,0,9,5,1,Fully Furnished,1,3,3,1,2,Vitrified,0,0,1,0,1,Covered,0,Corporation + Borewell,1646.52,Kalyani Nagar,411006,Society,2.32,5.56,1.32,1.4,39987.07375542715,13540054.670133563,29857.71,Owner,82
SYN-01709-DUP,synthetic,https://example.com/pune-listing/1709,2 BHK,839.89,958.94,3,6,6,1,Fully Furnished,1,2,2,1,4,Vitrified,1,0,1,0,0,,1,Corporation + Borewell,2493.11,Kothrud,411038,Society,1.68,7.92,1.31,2.14,42715.24554852981,8731448.889069747,10334.72,Owner,27
SYN-00252-DUP,synthetic,https://example.com/pune-listing/252,2 BHK,735.15,887.86,4,10,3,1,Semi-Furnished,0,3,2,1,3,Ceramic,1,1,0,0,0,None,1,Municipal,2643.25,Hadapsar,411028,Society,5.68,2.32,2.71,2.4,21933.770456567057,8544024.210378237,11463.7,Broker,48
SYN-02010-DUP,synthetic,https://example.com/pune-listing/2010,3 BHK,848.17,1015.78,7,10,6,1,Unfurnished,1,3,1,2,4,Marble,1,1,1,1,0,Covered,0,Tanker,4260.07,Baner,411045,Society,3.28,2.69,1.38,2.13,38053.7985518398,23096180.237691954,26970.24,Broker,27
SYN-00603-DUP,synthetic,https://example.com/pune-listing/603,2 BHK,828.92,997.0,6,6,7,1,Fully Furnished,1,3,3,2,3,Marble,1,1,0,1,1,Open,1,Municipal,2605.67,Kalyani Nagar,411006,Society,1.48,5.01,1.1,1.32,64383.49119607254,23104606.44383579,27595.5,Broker,35
SYN-01612-DUP,synthetic,https://example.com/pune-listing/1612,2 BHK,464.86,546.35,0,10,9,1,Fully Furnished,1,3,2,1,3,Wooden,1,1,0,1,0,Covered,1,Corporation + Borewell,1563.86,Pimple Saudagar,411027,Society,4.23,4.71,1.4,1.65,11062.43666914322,3208849.1093948414,6912.59,Owner,44
SYN-00487-DUP,synthetic,https://example.com/pune-listing/487,2 BHK,447.15,548.14,1,16,9,1,Semi-Furnished,1,3,2,1,3,Marble,0,0,0,1,0,Bike,1,Corporation + Borewell,1456.91,Kothrud,411038,Society,2.06,8.21,1.43,1.68,24890.069297862407,3790518.972524693,8361.77,Owner,7
SYN-00030-DUP,synthetic,https://example.com/pune-listing/30,3 BHK,682.08,770.3,7,7,8,1,Semi-Furnished,1,4,1,3,5,Vitrified,1,1,0,1,0,Covered,1,Tanker,2930.85,Baner,411045,Society,3.1,3.69,1.63,2.4,41355.78543292722,16809165.305964366,24474.75,Owner,38
SYN-00901-DUP,synthetic,https://example.com/pune-listing/901,3 BHK,1169.55,1458.02,11,13,3,1,Unfurnished,0,3,2,2,3,Granite,1,1,0,1,1,Covered,1,Municipal,4701.71,Kharadi,411014,Society,4.41,1.56,1.9,2.17,50521.06309513596,9623369.034161538,8103.92,Owner,18
SYN-00509-DUP,synthetic,https://example.com/pune-listing/509,1 BHK,491.3,540.68,8,13,6,1,Semi-Furnished,1,1,1,1,1,Vitrified,0,0,1,1,1,Open,1,Tanker,1705.28,Koregaon Park,411001,Society,2.17,5.09,1.57,0.72,30016.52595575309,9986434.865039863,20434.57,Owner,36
SYN-02083-DUP,synthetic,https://example.com/pune-listing/2083,2 BHK,589.25,677.56,7,9,14,1,Fully Furnished,1,2,2,2,3,Vitrified,1,1,1,1,1,Covered,1,Corporation + Borewell,1719.74,Koregaon Park,411001,Society,2.58,4.97,1.34,0.7,36730.350709093334,15646191.614058089,26508.03,Builder,42
SYN-00890-DUP,synthetic,https://example.com/pune-listing/890,2 BHK,548.72,651.28,7,10,16,1,Unfurnished,0,1,2,2,3,,0,1,0,1,1,Covered,1,Tanker,2299.13,Koregaon Park,411001,Standalone,2.87,4.76,1.54,1.15,29211.896832370636,12066165.575170346,21750.12,Broker,16
SYN-02058-DUP,synthetic,https://example.com/pune-listing/2058,4 BHK,1707.43,2081.72,1,9,12,1,Semi-Furnished,1,4,3,3,7,Wooden,1,1,1,1,1,Covered,1,Tanker,5112.46,Kharadi,411014,Society,4.16,1.67,2.33,1.67,53338.3240171315,17707372.7983272,10195.07,Owner,21
SYN-00793-DUP,synthetic,https://example.com/pune-listing/793,2 BHK,462.45,539.8,1,14,7,1,Semi-Furnished,1,3,2,1,4,Vitrified,1,1,0,1,0,Covered,0,Tanker,1986.69,Aundh,411007,Society,4.84,5.03,1.18,1.47,21261.002733460566,4936619.8587199515,10507.07,Owner,5
SYN-02096-DUP,synthetic,https://example.com/pune-listing/2096,2 BHK,732.63,839.03,1,14,4,1,Unfurnished,1,2,2,1,3,Wooden,0,1,0,0,0,None,0,Municipal,1942.26,Pimple Saudagar,411027,Society,4.66,3.78,1.31,1.52,22830.13544633462,5235747.146736907,7087.55,,8
SYN-00276-DUP,synthetic,https://example.com/pune-listing/276,4 BHK,1701.88,1910.24,14,16,10,1,Unfurnished,1,4,4,2,5,Granite,1,1,0,0,0,Covered,1,Municipal,,Hinjewadi,411057,Society,5.71,0.64,2.07,2.73,29637.854455875662,21548272.68832594,12509.6,Owner,25
SYN-00255-DUP,synthetic,https://example.com/pune-listing/255,1 BHK,339.02,401.85,8,8,7,1,Semi-Furnished,1,2,0,1,1,Wooden,1,1,1,1,0,Covered,1,Municipal,1066.58,Kalyani Nagar,411006,Society,3.05,3.73,0.87,1.54,26911.400590707268,8494744.790001713,24998.35,Broker,64
SYN-00307-DUP,synthetic,https://example.com/pune-listing/307,3 BHK,1115.06,1420.67,7,11,4,1,Fully Furnished,1,3,3,2,5,Vitrified,1,1,0,1,0,Stilt,1,Corporation + Borewell,4640.19,Aundh,411007,Society,4.08,4.29,1.21,1.4,35374.41621775263,21502823.144918304,19377.89,Broker,18
SYN-01784-DUP,synthetic,https://example.com/pune-listing/1784,1 BHK,466.38,549.52,8,12,10,1,Semi-Furnished,1,1,1,0,2,Vitrified,0,1,0,0,0,Open,1,Corporation + Borewell,800.0,Pimple Saudagar,411027,Standalone,3.91,5.18,1.41,2.06,12090.876498492375,3105204.6550426357,6627.53,Owner,21
SYN-01190-DUP,synthetic,https://example.com/pune-listing/1190,4 BHK,1736.06,1901.96,14,14,1,1,Fully Furnished,1,5,3,3,5,Vitrified,1,1,0,0,0,Covered,0,Corporation + Borewell,3704.0,Pimple Saudagar,411027,Standalone,4.35,5.1,1.43,1.52,73541.47399892668,15755096.196586296,8909.1,Owner,5
SYN-00760-DUP,synthetic,https://example.com/pune-listing/760,1 BHK,424.72,473.8,8,15,20,1,Unfurnished,0,1,1,0,2,Granite,1,1,0,1,0,Covered,0,Municipal,1920.07,Pimple Saudagar,411027,Society,4.11,4.82,0.99,2.1,9314.516649652895,2803412.385462505,6592.52,Broker,13
SYN-00169-DUP,synthetic,https://example.com/pune-listing/169,3 BHK,1218.45,1506.7,7,19,18,1,Unfurnished,1,4,4,2,6,Vitrified,0,0,0,1,1,None,0,Municipal,4355.66,Kharadi,411014,Society,4.61,2.69,2.7,2.3,37926.258588880104,13883593.82843629,11328.1,Broker,24
SYN-00669-DUP,synthetic,https://example.com/pune-listing/669,2 BHK,412.41,493.23,0,13,1,1,Semi-Furnished,1,2,1,1,3,Marble,0,0,1,1,0,Covered,1,Corporation + Borewell,2424.99,Kharadi,411014,Standalone,4.81,1.63,2.48,1.87,12842.803109709643,4425878.042857092,10538.93,Owner,97
SYN-00185-DUP,synthetic,https://example.com/pune-listing/185,3 BHK,954.35,1122.13,8,14,12,1,Semi-Furnished,1,4,3,1,4,Vitrified,1,1,1,0,1,Covered,0,Borewell,3499.4,Hadapsar,411028,Society,5.8,2.32,2.67,2.08,24824.62469352875,6452090.689837889,6808.1,Broker,26
SYN-00415-DUP,synthetic,https://example.com/pune-listing/415,3 BHK,1080.93,,13,14,14,1,Fully Furnished,1,3,2,1,4,Ceramic,1,1,1,1,0,Covered,1,Corporation + Borewell,3125.8,Wakad,411057,Society,3.76,3.91,2.29,2.09,21809.10160598185,8036729.465244264,7498.29,Owner,10
SYN-01842-DUP,synthetic,https://example.com/pune-listing/1842,3 BHK,733.31,904.46,9,10,12,1,Semi-Furnished,1,3,4,1,3,Vitrified,1,1,0,1,0,Bike,1,Tanker,1998.48,Kothrud,411038,Society,2.2,7.17,0.85,1.55,30342.849684414796,8068344.928286839,10908.86,Owner,25
SYN-01464-DUP,synthetic,https://example.com/pune-listing/1464,2 BHK,737.36,892.6,9,15,9,1,Fully Furnished,1,3,1,2,4,Marble,0,0,1,1,0,Covered,0,Municipal,3559.1,Baner,411045,Society,2.89,3.41,1.92,1.96,41611.854227748634,23558445.450786192,31935.33,Broker,28
SYN-00112-DUP,synthetic,https://example.com/pune-listing/112,4 BHK,1485.2,1759.04,10,15,9,1,Semi-Furnished,1,4,3,3,5,Vitrified,1,1,0,0,0,Covered,1,Corporation + Borewell,7546.49,Baner,411045,Society,3.43,1.93,1.73,1.8,88041.35093701578,41460076.128916465,27640.88,Owner,93
SYN-00743-DUP,synthetic,https://example.com/pune-listing/743,1 BHK,311.46,354.52,14,17,5,1,Fully Furnished,1,2,2,0,1,Vitrified,1,1,0,0,1,Covered,1,Municipal,1039.54,Pune Camp,411001,Society,2.67,6.94,1.35,1.82,13936.781948027925,4613323.256206013,14784.52,Owner,23
SYN-02111-DUP,synthetic,https://example.com/pune-listing/2111,3 BHK,882.75,1070.08,6,12,10,1,Semi-Furnished,1,4,4,1,3,Vitrified,1,1,0,1,1,None,1,Municipal,4243.0,Kharadi,411014,Society,3.61,1.97,1.98,1.84,41251.82735470696,7344950.229799505,8276.52,Broker,7
SYN-01272-DUP,synthetic,https://example.com/pune-listing/1272,4 BHK,1187.1,1367.53,15,16,13,1,Semi-Furnished,1,4,3,3,6,Ceramic,1,1,1,1,0,Covered,1,Municipal,4608.31,Kharadi,411014,Society,4.4,1.78,1.95,2.41,67835.31157400968,18649938.6034419,15417.93,Owner,32
SYN-00619-DUP,synthetic,https://example.com/pune-listing/619,1 BHK,496.54,633.18,0,11,4,1,Semi-Furnished,1,1,1,1,2,Ceramic,0,1,0,1,1,Covered,1,Tanker,1390.58,Baner,411045,Standalone,4.14,3.34,1.85,1.91,35474.70058081829,11378133.382366328,22823.12,Owner,24
SYN-02105-DUP,synthetic,https://example.com/pune-listing/2105,1 BHK,465.62,537.39,4,11,12,1,Semi-Furnished,1,1,1,0,2,Vitrified,1,1,1,1,0,Covered,1,Municipal,1033.64,Kharadi,411014,Standalone,4.72,0.99,2.22,1.97,19415.782535409668,3511636.41803086,7464.65,Broker,31
SYN-00355-DUP,synthetic,https://example.com/pune-listing/355,1 BHK,388.33,443.3,7,16,11,1,Unfurnished,1,1,0,0,1,Ceramic,1,1,0,0,0,Covered,0,Municipal,984.89,Hinjewadi,411057,Society,6.09,1.14,2.19,2.55,10433.756544241325,2855722.754909366,7210.43,Owner,50
SYN-01965-DUP,synthetic,https://example.com/pune-listing/1965,2 BHK,606.01,733.89,12,13,11,1,Semi-Furnished,1,2,1,1,4,Ceramic,1,1,1,0,0,,0,Municipal,1812.96,Nigdi,411044,Society,3.24,9.81,1.89,2.42,24086.191161529398,4624061.699477988,7615.54,Owner,46
SYN-01542-DUP,synthetic,https://example.com/pune-listing/1542,3 BHK,1009.03,1125.19,9,14,14,1,Unfurnished,1,4,2,1,5,Marble,0,1,0,0,0,Covered,0,Corporation + Borewell,3093.96,Hadapsar,411028,Society,5.77,1.27,2.39,2.34,20852.764336404416,7251289.864925661,7256.95,Owner,35
SYN-01034-DUP,synthetic,https://example.com/pune-listing/1034,2 BHK,818.35,1005.5,9,21,3,1,Unfurnished,0,3,2,1,3,Vitrified,1,1,0,0,0,Bike,0,Corporation + Borewell,2784.66,Pimple Saudagar,411027,Society,3.5,4.64,1.73,2.05,20383.604950131223,6241973.370946837,7543.72,Owner,55
SYN-00747-DUP,synthetic,https://example.com/pune-listing/747,5 BHK,1946.82,2310.09,10,17,3,1,Semi-Furnished,1,5,5,4,10,Granite,1,1,0,0,0,Covered,0,Municipal,5950.97,Nigdi,411044,Society,3.87,11.07,2.0,2.42,67532.0512249081,16796668.42616778,8548.59,Broker,3
SYN-01318-DUP,synthetic,https://example.com/pune-listing/1318,1 BHK,458.44,525.15,13,16,8,1,Unfurnished,0,1,2,0,2,Ceramic,1,1,0,1,0,Covered,1,Municipal,991.59,Hadapsar,411028,Society,5.67,1.68,2.51,2.15,14603.27793298346,3297336.684127863,7187.96,Owner,12
SYN-01831-DUP,synthetic,https://example.com/pune-listing/1831,1 BHK,415.32,473.79,2,14,10,1,Semi-Furnished,1,2,1,0,2,Granite,0,0,0,1,0,Covered,0,Borewell,800.0,Kothrud,411038,Standalone,1.5,8.7,1.32,1.6,12632.961475829563,3493372.173238086,8311.9,Owner,20
SYN-00818-DUP,synthetic,https://example.com/pune-listing/818,1 BHK,378.43,418.59,6,8,0,1,Fully Furnished,0,2,1,1,2,Vitrified,1,1,0,0,1,Covered,1,Corporation + Borewell,1657.45,Koregaon Park,411001,Society,1.87,6.81,1.09,1.18,25903.78348266055,12794309.803150712,33377.08,Broker,13
SYN-01671-DUP,synthetic,https://example.com/pune-listing/1671,3 BHK,997.01,1270.93,2,11,10,1,Semi-Furnished,1,3,4,1,6,Ceramic,1,1,0,1,0,Covered,0,Tanker,2456.15,Wakad,411057,Society,5.14,1.7,2.08,2.16,35225.1132405716,6896516.89244151,6938.63,Broker,23
SYN-01789-DUP,synthetic,https://example.com/pune-listing/1789,3 BHK,1289.97,1567.09,1,15,10,1,Fully Furnished,1,3,4,1,3,Marble,0,1,1,0,1,Open,0,Municipal,3019.06,Wakad,411057,Standalone,5.12,2.96,2.51,2.0,41284.75580619661,11567297.42978674,9004.85,Broker,9
SYN-00409-DUP,synthetic,https://example.com/pune-listing/409,3 BHK,831.61,900.07,10,16,10,1,Fully Furnished,0,4,3,2,5,Vitrified,1,1,0,0,0,Open,1,Municipal,3504.87,Shivajinagar,411005,Society,0.62,6.14,0.85,1.22,40591.132297924916,16001486.969376516,19042.78,Owner,78
SYN-01695-DUP,synthetic,https://example.com/pune-listing/1695,3 BHK,846.48,1064.72,7,11,15,1,Fully Furnished,1,4,3,2,3,Marble,1,1,0,0,0,Stilt,1,Borewell,2156.78,Nigdi,411044,Society,3.28,10.96,1.47,2.39,24451.964160769963,11774164.674860489,13870.72,Owner,8
SYN-00097-DUP,synthetic,https://example.com/pune-listing/97,2 BHK,639.87,691.97,2,6,5,1,Unfurnished,1,2,1,1,3,Ceramic,1,0,0,0,0,Covered,1,Corporation + Borewell,2578.71,Shivajinagar,411005,Society,1.94,6.53,0.98,1.41,18487.03200009261,4585320.731473157,7210.97,Broker,24
SYN-01462-DUP,synthetic,https://example.com/pune-listing/1462,1 RK,397.84,435.05,14,15,7,1,Unfurnished,0,1,2,0,1,Vitrified,1,1,0,1,0,None,1,Municipal,800.0,Hinjewadi,411057,Society,6.1,0.7,2.29,2.75,10010.841922373505,2781393.583370599,7037.92,Owner,28
SYN-00423-DUP,synthetic,https://example.com/pune-listing/423,2 BHK,558.02,705.77,2,7,8,1,Fully Furnished,1,3,1,2,4,Granite,1,1,1,1,1,Covered,1,Borewell,2715.43,Koregaon Park,411001,Society,2.3,5.77,1.57,1.44,50273.04833242332,18462140.442099877,33412.53,Broker,35
SYN-01402-DUP,synthetic,https://example.com/pune-listing/1402,1 BHK,335.66,401.65,16,18,11,1,Fully Furnished,1,1,1,0,1,Vitrified,1,1,0,0,0,Bike,0,Tanker,800.0,Hadapsar,411028,Society,5.19,2.14,2.44,2.23,7594.871146963381,3823616.251551451,11478.35,Owner,27
SYN-01846-DUP,synthetic,https://example.com/pune-listing/1846,1 RK,463.05,513.54,3,15,12,1,Semi-Furnished,1,1,1,0,1,Marble,0,1,1,0,0,Stilt,0,Municipal,1810.74,Hadapsar,411028,Standalone,4.82,1.24,2.77,1.58,13302.581070449145,4066565.662990415,8693.59,Broker,54
SYN-02029-DUP,synthetic,https://example.com/pune-listing/2029,1 BHK,505.7,559.87,5,10,6,1,Fully Furnished,1,1,1,0,2,Ceramic,0,0,0,0,0,Covered,0,Corporation + Borewell,868.75,Wakad,411057,Society,4.55,2.31,2.24,2.22,15076.842512262992,3430868.893387038,6663.61,Owner,33
SYN-01002-DUP,synthetic,https://example.com/pune-listing/1002,2 BHK,700.26,781.97,11,17,11,1,Unfurnished,0,2,2,1,3,Ceramic,1,1,0,0,0,Covered,1,Corporation + Borewell,2866.15,Hadapsar,411028,Society,5.16,1.14,1.76,2.25,13820.136323570787,5174034.27940238,7287.68,Broker,25
SYN-00742-DUP,synthetic,https://example.com/pune-listing/742,1 BHK,442.84,538.79,14,14,10,1,Semi-Furnished,1,1,0,0,2,Marble,1,1,1,1,1,Open,0,Municipal,800.0,Kothrud,411038,Society,2.23,7.85,1.21,1.93,15803.957919662334,4792165.437538294,10773.53,Builder,68
SYN-01733-DUP,synthetic,https://example.com/pune-listing/1733,3 BHK,921.11,,3,15,3,1,Semi-Furnished,1,3,4,1,5,Vitrified,0,0,1,1,1,Covered,1,Borewell,3478.43,Aundh,411007,Standalone,3.32,4.4,1.27,1.37,33595.22354626615,8803549.446346663,9455.02,Broker,25
SYN-01076-DUP,synthetic,https://example.com/pune-listing/1076,1 BHK,458.13,514.14,0,8,4,1,Semi-Furnished,1,3,0,0,2,,0,0,0,1,0,Bike,1,Municipal,2923.82,Kharadi,411014,Standalone,3.9,0.81,2.1,1.79,19467.265929855916,7868762.121741645,17044.43,Owner,6
SYN-01994-DUP,synthetic,https://example.com/pune-listing/1994,2 BHK,658.44,760.01,0,15,14,1,Fully Furnished,1,3,1,1,3,Granite,1,1,0,0,0,Covered,0,Municipal,2383.93,Wakad,411057,Society,6.07,2.83,2.31,1.99,25327.66012304928,5651069.366358892,8608.67,Builder,16
SYN-01338-DUP,synthetic,https://example.com/pune-listing/1338,1 BHK,450.11,,9,10,7,1,Fully Furnished,1,1,0,0,2,Vitrified,1,1,0,1,1,Covered,1,Municipal,1841.26,Aundh,411007,Society,3.8,3.37,1.27,1.72,22245.53799220624,4434145.77168101,9831.8,Broker,14
SYN-01627-DUP,synthetic,https://example.com/pune-listing/1627,4 BHK,1591.76,1984.9,12,14,6,1,Semi-Furnished,1,5,4,3,6,Wooden,1,1,0,0,0,Covered,0,Tanker,4108.95,Hadapsar,411028,Society,5.54,3.1,1.65,2.29,36634.68101551496,12875611.365224386,8053.87,Broker,17
SYN-02134-DUP,synthetic,https://example.com/pune-listing/2134,2 BHK,726.05,908.64,7,13,8,1,Semi-Furnished,1,2,2,0,2,Marble,0,0,0,0,0,Covered,0,Municipal,2810.18,Wakad,411057,Standalone,5.2,2.23,1.9,2.1,13295.92261818432,5346602.559118658,7377.56,Builder,14
SYN-00248-DUP,synthetic,https://example.com/pune-listing/248,3 BHK,845.23,1030.24,7,13,10,1,Unfurnished,1,3,2,1,3,Granite,1,1,1,0,0,Covered,1,Corporation + Borewell,1478.93,Hadapsar,411028,Society,4.9,2.3,1.96,1.71,20157.923542593704,9014342.535828944,10474.29,Broker,35
SYN-00074-DUP,synthetic,https://example.com/pune-listing/74,2 BHK,368.1,412.08,1,19,15,1,Fully Furnished,1,2,2,1,3,Ceramic,1,1,0,0,0,Covered,0,Tanker,800.0,Wakad,411057,Standalone,5.43,3.76,1.7,2.44,13070.601001402276,3004716.2234940347,8176.38,Broker,22
SYN-00553-DUP,synthetic,https://example.com/pune-listing/553,1 BHK,477.91,565.09,1,10,9,1,Semi-Furnished,1,2,1,1,1,Vitrified,0,0,1,1,1,Covered,0,Corporation + Borewell,2071.1,Koregaon Park,411001,Society,1.71,5.15,1.91,1.35,32994.16782120216,11529708.660943234,23866.68,Broker,9
SYN-01617-DUP,synthetic,https://example.com/pune-listing/1617,1 RK,415.09,477.84,15,15,11,1,Unfurnished,1,2,1,0,2,Vitrified,1,1,0,0,0,Open,1,Municipal,1727.68,Hadapsar,411028,Standalone,5.57,3.04,1.77,1.95,9840.203399945489,2982883.370666114,7187.26,Broker,20
SYN-01195-DUP,synthetic,https://example.com/pune-listing/1195,3 BHK,724.17,823.68,11,11,2,1,Unfurnished,1,4,4,2,5,Ceramic,1,1,0,0,0,Stilt,1,Municipal,2578.4,Shivajinagar,411005,Society,0.48,6.74,1.28,1.67,36584.85256381881,7595654.799646768,10443.31,Owner,74
SYN-02191-DUP,synthetic,https://example.com/pune-listing/2191,4 BHK,1374.15,1586.68,1,9,3,1,Unfurnished,1,5,4,4,6,Marble,0,1,1,1,1,Covered,1,Corporation + Borewell,6748.63,Baner,411045,Society,3.1,2.83,2.04,2.03,94574.0390970548,40901210.03377269,29435.64,Owner,31
SYN-00556-DUP,synthetic,https://example.com/pune-listing/556,2 BHK,519.12,592.16,8,12,13,1,Semi-Furnished,1,3,2,2,3,Vitrified,1,1,1,1,1,Covered,1,Municipal,2421.59,Baner,411045,Society,2.51,2.23,1.84,1.8,16194.724645124206,6328187.332555288,12035.61,Owner,68
